BSCName,CELLNAME,CELLID,FileName,Parameter,Parameter-Value
HLHRBSC08,17209_Quyyum Park Lahore-Z1 (3G-CI-4844),165,GCELLPSCHM,ABISTSFREETM,10
HLHRBSC09,17421_MCB Building (Micro) Lahore-Z0,102,GCELLPWR2,AMRDLLEVFTLEN,7
HLHRBSC09,17421_MCB Building (Micro) Lahore-Z0,102,GCELLPWR2,AMRDLQUAFTLEN,7
HLHRBSC14,13002_PTCL Exchange Egerton Lahore-Z1 (3G-CI-4001),62,GCELLPWR2,AMRDLQUALBADTRIG,0
HDGKBSC05,CII-2651-2_Basti Malan DG Khan (3G-CII-4107),30,GCELLPWR2,AMRDLQUALBADUPLEV,32
HFSDBSC06,24029_FESCO Office Canal Road Faisalabad-Z1 (3G-CII-3036),94,GCELLPWR2,AMRDLSSHTHRED,37
HMLTBSC08,24141_Mumtazabad Multan (3G-CII-3921),60,GCELLPWR2,AMRDLSSHTHRED,38
HRYKBSC03,21502_Azizabad Behari Colony RY Khan (3G-CII-3383),271,GCELLPWR2,AMRDLSSHTHRED,42
HRYKBSC03,21502_Azizabad Behari Colony RY Khan (3G-CII-3383),271,GCELLPWR2,AMRDLSSLTHRED,32
HSKTBSC03,CI-1308-1_Jandiala Narowal (3G-CI-3880),57,GCELLHOBASIC,AMRFULLTOHALFHOALLOW,YES
HMLTBSC06,34480_PTCL Exchange Kotadu (Gold) Muzaffargarh (3G-CII-3656),206,GCELLPWR2,AMRMAXADJPCVAL,9
HFSDBSC05,CII-2719-3_Gulistan Colony Faisalabad-Z1 (3G-CII-2015),150,GCELLPWR2,AMRMAXADJPCVAL,10
HTTSBSC03,24794_Chak No 186 GB Toba Tek Singh,85,GCELLPWR2,AMRMAXADJPCVAL,12
HSKTBSC03,37703_Shahzada Sialkot,247,GCELLPWR2,AMRMAXVALADJRX,32
HSKTBSC02,37751_Godhpur Sialkot (3G-CI-4461),43,GCELLCHMGAD,AMRTCHHPRIORLOAD,3
HKNWBSC02,24427_Husnain Abad Khanewal (3G-CII-4477),110,GCELLCHMGAD,AMRTCHHPRIORLOAD,5
HDIKBSC03,N-4964-3_Khoi Bukhara Tribal Area adj DIK (3G-N-2578),135,GCELLCHMGAD,AMRTCHHPRIORLOAD,8
HKASBSC03,27952_Bhaipheru Bazar (Gold) Kasur (3G-CI-4991),265,GCELLCHMGAD,AMRTCHHPRIORLOAD,13
HGJWBSC04,33351_Nisbet Road Daska City Sialkot (3G-CI-4916),94,GCELLCHMGAD,AMRTCHHPRIORLOAD,22
HMLTBSC06,34447_Faisal Colony Muzaffargarh (3G-CII-3655),50,GCELLCHMGAD,AMRTCHHPRIORLOAD,23
HTTSBSC02,24228_Bilal Colony Jhang (3G-CII-3415),64,GCELLCHMGAD,AMRTCHHPRIORLOAD,25
HSKTBSC03,23708_Zafarwal Road Narowal (3G-CI-2113),25,GCELLCHMGAD,AMRTCHHPRIORLOAD,27
HLHRBSC09,17421_MCB Building (Micro) Lahore-Z0,102,GCELLPWR2,AMRULLEVFTLEN,7
HLHRBSC09,17421_MCB Building (Micro) Lahore-Z0,102,GCELLPWR2,AMRULQUAFTLEN,7
HGJWBSC03,33327_Chamra Mandi Gujranwala (3G-CI-4761),142,GCELLPWR2,AMRULSSHTHRED,32
HDIKBSC02,24356_Darya Khan Bhakkar (3G-CII-4406),116,GCELLPWR2,AMRULSSHTHRED,40
HGJWBSC03,33327_Chamra Mandi Gujranwala (3G-CI-4761),142,GCELLPWR2,AMRULSSLTHRED,22
HDGKBSC03,14888_Bhatti Chowk Rajanpur (3G-CII-3809),5,GCELLPWR2,AMRULSSLTHRED,24
HDIKBSC02,24356_Darya Khan Bhakkar (3G-CII-4406),116,GCELLPWR2,AMRULSSLTHRED,30
HLHRBSC15,CI-1011-2_Ismail Town Altaf Colony Lahore-Z2 (3G-CI-4480),63,GCELLHOAD,ASSIGNBETTERCELLEN,ON
HLHRBSC08,33964_Madhu Lal Hussain Shrine Lahore-Z1 (3G-CI-1632),19,GCELLCHMGAD,ASSOLRXLEVOFFSET,48
HSKTBSC02,33400_Qila (Gold) Sialkot (3G-CI-4151),61,GCELLTMR,ASSTIMER,15000
HMWLBSC03,14308_Eidgah Mianwali (3G-CII-3758),93,GCELLCHMGBASIC,CELLMAXSD,88
HLHRBSC09,37082_Rasul Park Ichra Lahore-Z3 (3G-CI-4328),28,GCELLPRIVATEOPTPARA,CELLPSRESERVEPARA4,262144
HDGKBSC05,25673_Talpur DG Khan (3G-CII-4439),176,GCELLOTHEXT,CELLWEAKCVGTALTH,20
HMLTBSC06,15191_Mahala Munshi Muzaffargarh (3G-CII-4493),51,GCELLSBC,CHANID,53
HKNWBSC02,25293_Chak No 99 L Sahiwal (3G-CII-4185),56,GCELLEGPRSPARA,CHOOSEBEPMAP,Original_Map
HLHRBSC14,13262_Falletis Hotel 2 (Micro) Lahore-Z0,190,GCELLGPRS,CLASS11DTM,UNSUPPORT
HLHRBSC16,33084_Telecard Office Garden Town Lahore-Z3 (3G-CI-1018),130,GCELLHOCTRL,CONTHOMININTV,8
HTTSBSC02,CII-2272-1_Porani Chownge Jhang (3G-CII-3430),209,GCELLHOAD,CONTINTV,3
HSKTBSC04,13403_PTCL Exchange Sambrial (Gold) Sialkot (3G-CI-4803),199,GCELLIDLEBASIC,CRO,9
HFSDBSC08,24084_Chak No 266 RB Faisalabad-Z2 (3G-CII-4543),89,GCELLHOFITPEN,DATAQUAFLTLEN,5
HLHRBSC10,27234_Allah Hoo Chowk (Gold) Lahore-Z3 (3G-CI-4414),616,GCELLOTHEXT,DATATRAFFSET,101111110
HDGKBSC05,CII-2651-2_Basti Malan DG Khan (3G-CII-4107),30,GCELLOTHEXT,DATATRAFFSET,110000000
HMLTBSC08,35040_Makhdoom Rashid Multan,136,GCELLPSCHM,DEGRADEEGPRS,0
HLHRBSC08,13010_PTCL Exchange Baghban (Gold) Lahore-Z1 (3G-CI-4184),102,GCELLTMR,DELAYSENDRFCHREL,2000
HMLTBSC08,35040_Makhdoom Rashid Multan,136,GCELLPSCHM,DIFFCALCCELLLOADSW,ON
HRYKBSC03,31533_Shah Wali (Gold) Rajanpur (3G-CII-4367),183,GCELLPWR3,DLAFSREXQUALLOWTHRED,12
HRYKBSC03,31533_Shah Wali (Gold) Rajanpur (3G-CII-4367),183,GCELLPWR3,DLAHSREXQUALLOWTHRED,12
HDIKBSC02,35111_Khanser Road Bhakkar (3G-CII-1006),132,GCELLHOBASIC,DLEDGETHRES,27
HRYKBSC03,31533_Shah Wali (Gold) Rajanpur (3G-CII-4367),183,GCELLPWR3,DLFSREXQUALLOWTHRED,12
HRYKBSC03,31533_Shah Wali (Gold) Rajanpur (3G-CII-4367),183,GCELLPWR3,DLHSREXQUALLOWTHRED,12
HLHRBSC09,17421_MCB Building (Micro) Lahore-Z0,102,GCELLPWR2,DLLEVFILTLEN,7
HMLTBSC05,24146_BZU University Multan (3G-CII-3925),170,GCELLPWR3,DLMAXDOWNSTEP,3
HDIKBSC02,35110_Kotla Jam (Gold) Bhakkar (3G-CII-4382),123,GCELLPWRBASIC,DLQLOWTHRED,4
HGJTBSC04,23685_Thikrian (Gold) Gujrat (3G-CI-4955),132,GCELLPWRBASIC,DLQLOWTHRED,5
HLHRBSC09,27048_Firdos Market (Gold) Lahore-Z3 (3G-CI-4057),66,GCELLAMRQUL,DLQUALIMITAMRFR,56
HDGKBSC03,11578_Rural Health Center Muhammadpur Rajanpur (3G-CII-3917),185,GCELLPWR3,DLREXLEVHIGHTHRED,16
HGJWBSC04,33779_Mandiala Taga Gujranwala (3G-CI-2128),134,GCELLPWR3,DLREXLEVHIGHTHRED,29
HBWNBSC02,24634_Gulab Ali Road Bahawalnagar,35,GCELLPWR3,DLREXLEVHIGHTHRED,40
HDGKBSC03,11578_Rural Health Center Muhammadpur Rajanpur (3G-CII-3917),185,GCELLPWR3,DLREXLEVLOWTHRED,16
HTTSBSC03,24248_PAF Base Shorkot Cantt Jhang (3G-CII-4301),318,GCELLPWR3,DLREXLEVLOWTHRED,29
HBWNBSC02,24634_Gulab Ali Road Bahawalnagar,35,GCELLPWR3,DLREXLEVLOWTHRED,35
HMLTBSC06,34196_Shah Garh Shah Jamal Muzaffargarh,111,GCELLPWR3,DLREXQUALADJFCTR,3
HLHRBSC10,CI-1660-2_Sector A1 Township (Gold) Lahore-Z3 (3G-CI-1904),52,GCELLPWR3,DLRXLEVPROTECTFACTOR,55
HLHRBSC09,27192_Makka Colony (Gold) Lahore-Z3 (3G-CI-4084),6,GCELLPWR3,DLRXLEVPROTECTFACTOR,75
HFSDBSC07,15372_Saloni Jhal Faisalabad-Z2 (3G-CII-4667),103,GCELLPWR3,DLRXQUALPROTECTFACTOR,35
HGJTBSC04,23685_Thikrian (Gold) Gujrat (3G-CI-4955),132,GCELLPWRBASIC,DLSSHIGHTHRED,20
HLHRBSC09,17230_Zafar Ali Road Lahore-Z0 (3G-CI-4088),141,GCELLPWRBASIC,DLSSHIGHTHRED,38
HDGKBSC03,26954_Adi Wala (Gold) Rajanpur (3G-CII-3916),192,GCELLPWRBASIC,DLSSLOWTHRED,35
HDIKBSC03,35112_Basti Khandan Bhakkar (3G-CII-4457),0,GCELLCCAMR,DLTHH1,15
HFSDBSC06,34045_Allama Iqbal Colony Faisalabad-Z2 (3G-CII-3051),56,GCELLCCAMR,DLTHH1,25
HDIKBSC03,35112_Basti Khandan Bhakkar (3G-CII-4457),0,GCELLCCAMR,DLTHH2,30
HFSDBSC06,34045_Allama Iqbal Colony Faisalabad-Z2 (3G-CII-3051),56,GCELLCCAMR,DLTHH2,33
HHFZBSC02,26970_Mustafabad Motorway M3 Hafizabad (3G-CII-4708),30,GCELLEGPRSPARA,DNDEFAULTMCS,MCS5
HGJTBSC04,33629_Mohalla Sardarpura (Gold) Gujrat (3G-CI-4949),148,GCELLEGPRSPARA,DNFIXMCS,MCS6
HDGKBSC05,11666_Market Area (Gold) Barkhan (3G-S-4612),346,GCELLCCBASIC,DTLOADTHRED,50
HDIKBSC03,24324_Imamia Road (Gold) DI Khan (3G-CII-3536),100,GCELLCCBASIC,DTLOADTHRED,80
HLHRBSC14,13262_Falletis Hotel 2 (Micro) Lahore-Z0,190,GCELLGPRS,DTMOPTISWITCH,OFF
HLHRBSC14,13262_Falletis Hotel 2 (Micro) Lahore-Z0,190,GCELLGPRS,DTMTCHALLOCOPTSW,ON
HSKTBSC03,13764_Sebz Kot Kingra Sialkot,290,GCELLPSCHM,DWNDYNCHNTRANLEV,35
HMLTBSC08,35040_Makhdoom Rashid Multan,136,GCELLPSCHM,E64KPRISWITCH,OFF
HDGKBSC03,14888_Bhatti Chowk Rajanpur (3G-CII-3809),5,GCELLHOBASIC,EDGESTAT1,5
HLHRBSC16,37174_Jumber Khurd Lahore-Z3 (3G-CI-4376),42,GCELLHOBASIC,EDGESTAT1,16
HLHRBSC08,23908_Kala Khatai Mor Lahore-Z1 (3G-CI-1630),51,GCELLHOBASIC,EDGESTAT1,20
HMLTBSC08,35040_Makhdoom Rashid Multan,136,GCELLPSCHM,ENCONVT4PD,NO
HMLTBSC08,35040_Makhdoom Rashid Multan,136,GCELLPSCHM,ENEDGEPRIGPRS,NO
HLHRBSC12,17022_Kot Lakhpat Lahore-Z3 (3G-CI-4297),242,GCELLHOIUO,ENGOVERLDTHRSH,15
HMWLBSC03,CII-2082-1_Kalur Shareef Mianwali,48,GCELLHOIUO,ENGOVERLDTHRSH,35
HDGKBSC02,14187_Gaddai (Gold) DG Khan (3G-CII-3813),62,GCELLHOIUO,ENGOVERLDTHRSH,88
HSGDBSC03,25385_Lalian Chiniot (3G-CII-4174),57,GCELLHOIUO,ENGOVERLDTHRSH,89
HTTSBSC03,14797_Chak No 194 GB Toba Tek Singh (3G-CII-4168),54,GCELLHOIUO,ENGOVERLDTHRSH,94
HDIKBSC02,35130_Tiba Niana Bhakkar (3G-CII-4643),129,GCELLHOIUO,ENGOVERLDTHRSH,95
HDIKBSC02,35130_Tiba Niana Bhakkar (3G-CII-4643),129,GCELLHOIUO,ENLOWLDTHRSH,4
HLHRBSC13,CI-1416-3_Lytton Road Lahore-Z0 (3G-CI-1805),351,GCELLHOIUO,ENLOWLDTHRSH,12
HDIKBSC03,24926_Jhoke Budhu (Gold) DG Khan (3G-CII-4435),70,GCELLHOIUO,ENLOWLDTHRSH,14
HLHRBSC14,17226_Qasoorpura Lahore-Z1 (3G-CI-4409),70,GCELLHOIUO,ENLOWLDTHRSH,40
HDIKBSC03,14320_PTCL Colony (Gold) DI Khan (3G-CII-3533),33,GCELLHOIUO,ENLOWLDTHRSH,80
HMLTBSC08,35040_Makhdoom Rashid Multan,136,GCELLPSCHM,ENPDADMINOPT,ON
HDIKBSC02,35130_Tiba Niana Bhakkar (3G-CII-4643),129,GCELLHOIUO,ENSOVERLDTHRSH,96
HGJWBSC04,43363_Alipur Chattha Gujranwala (3G-CI-3871),270,GCELLBASICPARA,ENUMAISSWITCH,OFF
HMLTBSC05,34107_Gulgasht Colony Multan (3G-CII-3121),122,GCELLTMR,ESTABINDTIMER,2000
HLHRBSC14,17663_Matti Chowk Lahore-Z0 (3G-CI-4460),261,GCELLCHMGBASIC,FACTORYMODE,ON
HLHRBSC10,27160_Township Lahore-Z3 (3G-CI-4369),159,GCELLHOFITPEN,FAILSIGSTRPUNISH,63
HLHRBSC12,CI-1516-2_DHA Office (Micro) Lahore-Z0,276,GCELLCCUTRANSYS,FDDQOFF,1
HBWNBSC02,34580_PTCL Exchange (Gold) Bahawalnagar (3G-CII-3643),61,GCELLCCUTRANSYS,FDDRSCPMIN,2
HLHRBSC09,17598_Gulberg Plaza (Micro) Lahore-Z0,175,GCELLCCUTRANSYS,FDDRSCPMIN,4
HRYKBSC03,CII-2228-3_Near Shahi Road RY Khan (3G-CII-3400),96,GCELLCCUTRANSYS,FDDRSCPMIN,7
HDGKBSC03,14833_Shikar Pur (Gold) Rajanpur (3G-CII-3961),0,GCELLFREQSCAN,FREQLST,550&551&552&553&554&555&556&557&558&559&560&561&562&563&564&565&566&567&568&569&570&571&572&573&574&575&576&577&578&579&580&581&582&583&584&585&589&590&591&592&593&594&595&596&597&598&599&600
HFSDBSC05,24812_Munshi Mohallah Faisalabad-Z2 (3G-CII-3089),213,GCELLFREQSCAN,FREQLST,558&559&560&561&562&563&564&565&566&567&568&569&570&571&572&573&574&575&576&577&578&579&580
HLHRBSC14,13262_Falletis Hotel 2 (Micro) Lahore-Z0,190,GCELLGPRS,HMCDTM,UNSUPPORT
HLHRBSC12,17962_A Block DHA Complaint Office Lahore-Z2 (3G-CI-1765),205,GCELLHOBASIC,HOCDCMINDWPWR,14
HLHRBSC08,33125_Landa Bazar Lahore-Z1 (3G-CI-4037),329,GCELLHOBASIC,HOCDCMINDWPWR,43
HGJWBSC04,43709_Sadhoki Gujranwala (3G-CI-4963),271,GCELLHOBASIC,HOCDCMINUPPWR,3
HLHRBSC16,37236_Jinah Hospital (Gold) Lahore-Z3 (3G-CI-4089),97,GCELLHOBASIC,HOCDCMINUPPWR,29
HGJTBSC06,13600_Bus Stand Gujrat (3G-CI-4701),203,GCELLCHMGAD,HOOLRXLEVOFFSET,11
HLHRBSC16,37040_Block G Link Road Model Town Lahore-Z3 (3G-CI-4053),181,GCELLCHMGAD,HOOLRXLEVOFFSET,42
HMLTBSC05,24132_Ittehad Colony Multan (3G-CII-3135),139,GCELLHOUTRANFDD,HOOPTSEL,Pre_3G_Cell
HMLTBSC05,24132_Ittehad Colony Multan (3G-CII-3135),139,GCELLHOUTRANFDD,HORSCPTH3G,46
HDGKBSC03,24654_Muhala Shekhanwala Rajanpur (3G-CII-3950),129,GCELLHOBASIC,HOTHRES,10
HSGDBSC03,34703_Satellite Town Sargodha (3G-CII-3356),97,GCELLHOBASIC,HOTHRES,32
HLHRBSC08,33125_Landa Bazar Lahore-Z1 (3G-CI-4037),329,GCELLHOBASIC,HOTHRES,46
HSWLBSC02,34526_College Chowk Sahiwal (JA) (3G-CII-3582),65,GCELLCHMGBASIC,IDLESDTHRES,0
HGJTBSC05,23637_GPO Road Mandi Bahauddin (3G-CI-4820),79,GCELLHOIUO,IMMASSTAALLOW,YES
HLHRBSC12,CI-1662-1_Eden Cottages II Walton Lahore-Z2 (3G-CI-4132),97,GCELLPSBASE,INACTSCHPERIOD,19
HLHRBSC12,CI-1662-2_Eden Cottages II Walton Lahore-Z2 (3G-CI-4132),98,GCELLPSBASE,INACTSCHPERIOD,20
HLHRBSC12,CI-1662-3_Eden Cottages II Walton Lahore-Z2 (3G-CI-4132),123,GCELLPSBASE,INACTSCHPERIOD,21
HLHRBSC10,CI-1547-1_Dream Garden (Micro) Lahore-Z3,48,GCELLPSBASE,INACTSCHPERIOD,61
HLHRBSC10,CI-1700-1_Kahna Lahore-Z3 (3G-CI-1947),62,GCELLPSBASE,INACTSCHPERIOD,65
HLHRBSC10,CI-1700-2_Kahna Lahore-Z3 (3G-CI-1947),63,GCELLPSBASE,INACTSCHPERIOD,66
HLHRBSC10,CI-1700-3_Kahna Lahore-Z3 (3G-CI-1947),64,GCELLPSBASE,INACTSCHPERIOD,67
HLHRBSC12,37261_Gohawa Village Lahore-Z2 (3G-CI-4430),104,GCELLHOBASIC,INHOF2HTH,22
HLHRBSC14,17290_Al Habib Park Lahore-Z1 (3G-CI-4444),90,GCELLHOBASIC,INHOF2HTH,32
HKASBSC03,17621_Rehman Pura (Gold) Kasur (3G-CI-4983),86,GCELLHOBASIC,INHOF2HTH,38
HFSDBSC06,25760_Umer Homes Satiana Road Faisalabad-Z2 (3G-CII-3096),150,GCELLHOBASIC,INHOH2FTH,7
HTTSBSC03,25327_Darbar Pir Salahuddin Faisalabad (3G-CII-4254),28,GCELLCHMGAD,INNAMRTCHHPRIORLOAD,16
HGJWBSC04,27914_Amir Shaheed Road Gujranwala (3G-CI-2204),268,GCELLHOCTRL,INRBSCSDHOEN,YES
HGJWBSC04,CI-1032-2_Jandu Sahi Sialkot,333,GCELLTMR,INTRABSCHOTIMER,3000
HSKTBSC04,33530_Airport (Gold) Sialkot (3G-CI-1051),140,GCELLTMR,INTRABSCHOTIMER,13000
HSKTBSC04,33530_Airport (Gold) Sialkot (3G-CI-1051),140,GCELLTMR,INTRACELLHOTIMER,13000
HDGKBSC05,15482_Pai Gah (Gold) DG Khan (3G-CII-4014),16,GCELLPSCHM,IOUMAXPDCHRATE,30
HDGKBSC05,15482_Pai Gah (Gold) DG Khan (3G-CII-4014),16,GCELLPSCHM,IOUPDCHSWTICH,ON
HLHRBSC14,13262_Falletis Hotel 2 (Micro) Lahore-Z0,190,GCELLGPRS,IUODTMACCPOLICY,AllLayers
HKNWBSC02,25293_Chak No 99 L Sahiwal (3G-CII-4185),56,GCELLPSOTHERPARA,LLCPDUREORDER,ON
HDGKBSC02,25103_Kasba Kala DG Khan (3G-CII-1007),118,GCELLHOAD,LOADACCTHRES,50
HLHRBSC14,17289_Abdali Chowk (Gold) Lahore-Z0 (3G-CI-4443),320,GCELLHOAD,LOADACCTHRES,78
HLHRBSC16,17110_Ataturk Block Lahore-Z3 (3G-CI-4072),134,GCELLHOAD,LOADHOPERIOD,8
HGJWBSC03,23302_Model Town Gujranwala (3G-CI-4487),9,GCELLHOAD,LOADOFFSET,12
HLHRBSC14,17289_Abdali Chowk (Gold) Lahore-Z0 (3G-CI-4443),320,GCELLHOAD,LOADOFFSET,13
HRYKBSC03,31533_Shah Wali (Gold) Rajanpur (3G-CII-4367),183,GCELLOTHEXT,MAINBCCHPWRDTETIME,23:59
HRYKBSC03,31533_Shah Wali (Gold) Rajanpur (3G-CII-4367),183,GCELLOTHEXT,MAINBCCHPWRDTRANGE,5
HFSDBSC06,34807_Yousaf Abad Faisalabad-Z2 (3G-CII-3086),110,GCELLPWR2,MAXADJPCVAL,10
HTTSBSC03,24794_Chak No 186 GB Toba Tek Singh,85,GCELLPWR2,MAXADJPCVAL,12
HLHRBSC10,27135_Block G3 Wapda Town (Gold) Lahore-Z3 (3G-CI-4356),187,GCELLPWR2,MAXADJPCVAL,20
HDGKBSC03,26954_Adi Wala (Gold) Rajanpur (3G-CII-3916),192,GCELLPWR2,MAXADJPCVAL,32
HDGKBSC04,34829_Bangla Hidayat (Gold) Rajanpur (3G-CII-4346),17,GCELLPSCHM,MAXPDCHRATE,15
HGJTBSC05,13643_Textile Mills Mandi Bahauddin (3G-CI-3979),30,GCELLPSCHM,MAXPDCHRATE,25
HDGKBSC03,34883_Highway Jampur Rajanpur (3G-CII-3971),232,GCELLHOAD,MAXRESEND,100
HDGKBSC04,25629_Head Hamid (Gold) Rajanpur (3G-CII-4353),34,GCELLBASICPARA,MAXTA,37
HLHRBSC11,13800_Farooqabad Sheikhupura (3G-CI-2262),117,GCELLBASICPARA,MAXTA,46
HLHRBSC11,23501_Bashir Cement Corporation Sheikhupura (3G-CI-4724),9,GCELLBASICPARA,MAXTA,48
HLHRBSC09,17223_Ichra Bazaar Lahore-Z2 (3G-CI-4087),104,GCELLBASICPARA,MAXTA,49
HLHRBSC14,13008_Badami Bagh Lahore-Z1 (3G-CI-4182),122,GCELLBASICPARA,MAXTA,53
HLHRBSC10,23038_Maraka Lahore-Z3 (3G-CI-1562),281,GCELLBASICPARA,MAXTA,58
HKASBSC02,23563_Shaheed Colony Kasur (3G-CI-4940),15,GCELLHOCTRL,MINPWRLEVDIRTRY,12
HLHRBSC15,37648_Muslimabad Lahore-Z2 (3G-CI-4459),40,GCELLCCTMR,N200ESTAB,14
HLHRBSC15,37648_Muslimabad Lahore-Z2 (3G-CI-4459),40,GCELLCCTMR,N200FFULL,105.0
HLHRBSC15,37648_Muslimabad Lahore-Z2 (3G-CI-4459),40,GCELLCCTMR,N200FHALF,100
HLHRBSC15,37648_Muslimabad Lahore-Z2 (3G-CI-4459),40,GCELLCCTMR,N200REL,14
HLHRBSC15,37648_Muslimabad Lahore-Z2 (3G-CI-4459),40,GCELLCCTMR,N200SACCH,14
HTTSBSC03,35339_Chak No 215 Hamza Faisalabad,171,GCELLCCTMR,N200SDCCH,30
HLHRBSC14,27254_Nasir Park Lahore-Z1 (3G-CI-4426),112,GCELLSTANDARDOPTPARA,N3105,15
HLHRBSC15,33295_Mohalla Shahpur Lahore-Z1 (3G-CI-4270),386,GCELLHOFITPEN,NCELLFLTLEN,5
HHFZBSC01,13802_PD Khan Lilla Road Jhelum (3G-N-4558),1,GCELLHOFITPEN,NCELLFLTLEN,8
HLHRBSC13,17186_Sabzazar Scheme Lahore-Z2 (3G-CI-4383),145,GCELLHOEMG,NODLMRHOQUALLIMIT,20
HRYKBSC03,31533_Shah Wali (Gold) Rajanpur (3G-CII-4367),183,GCELLPWR3,OLDLREXLEVTHREDOFF,5
HRYKBSC03,31533_Shah Wali (Gold) Rajanpur (3G-CII-4367),183,GCELLPWR3,OLULREXLEVTHREDOFF,5
HGJTBSC06,17802_Mohalla Qutababad (Gold) Gujrat (3G-CI-4716),214,GCELLHOIUO,OPTILEVTHRES,9
HLHRBSC14,23098_Jalandar Moti Choor Lahore-Z1 (3G-CI-4032),315,GCELLHOIUO,OPTILEVTHRES,12
HTTSBSC02,14350_Hospital Road Ahmedpur Sial Jhang (3G-CII-4204),0,GCELLHOIUO,OPTILEVTHRES,44
HHFZBSC02,33978_Kalekee Mandi Hafizabad (3G-CI-3983),56,GCELLHOIUO,OPTILEVTHRES,47
HDGKBSC05,25673_Talpur DG Khan (3G-CII-4439),176,GCELLHOIUO,OPTITATHRES,6
HMLTBSC06,25789_Main Bazar Ghazi Ghat Muzaffargarh (3G-CII-4035),322,GCELLHOIUO,OPTITATHRES,10
HSKTBSC04,13449_Sambrial Dry Port (Gold) Sialkot (3G-CI-4804),190,GCELLHOIUO,OTOURECEIVETH,31
HBWNBSC02,14582_Al Faiz Colony Bahawalnagar (3G-CII-3645),72,GCELLHOIUO,OTOURECEIVETH,36
HDGKBSC02,CII-2558-2_Hazara Khel (Gold) DG Khan (3G-CII-3844),330,GCELLHOIUO,OTOURECEIVETH,38
HSKTBSC02,33404_Cantt Sialkot (3G-CI-1034),85,GCELLHOIUO,OTOURECEIVETH,41
HKASBSC03,23555_Bhai Pheru Road Kasur,84,GCELLHOIUO,OTOURECEIVETH,45
HDIKBSC02,25106_Chak No 45 Khan Da Vehra Bhakkar (3G-CII-4417),175,GCELLHOIUO,OTOURECEIVETH,50
HTTSBSC03,25327_Darbar Pir Salahuddin Faisalabad (3G-CII-4254),28,GCELLCHMGAD,OUTAMRTCHHPRIORLOAD,16
HSKTBSC04,33403_PTCL Exchange Sambrial (Gold) Sialkot (3G-CI-4803),201,GCELLTMR,OUTBSCHOCLEARTIMER,20000
HLHRBSC14,23046_Garhi Shahu Lahore-Z2 (3G-CI-4201),218,GCELLTMR,OUTBSCHOCLEARTIMER,30000
HBWPBSC01,35031_Zakheera Mailsi Lodhran,126,GCELLHOEDBPARA,OUTLOADHOPERIOD,10
HKASBSC03,27644_Gajjan Singh Kasur (3G-CI-3919),155,GCELLPSBASE,PANMAX,Pan_24
HDIKBSC03,N-4961-3_Darazinda Tribal Area adj DIK (3G-N-3087),145,GCELLPSCHM,PDCHDWNLEV,130
HMLTBSC08,35040_Makhdoom Rashid Multan,136,GCELLPSCHM,PDCHRECLAIMPOLICY,LOADFIRST
HFSDBSC08,35727_Bukahari Town Chiniot (3G-CII-3736),227,GCELLHOCTRL,PENALTYEN,NO
HSWLBSC03,35930_Jandi Muhalla Okara (3G-CII-4383),203,GCELLPSCHM,PSSERVICEBUSYTHRESHOLD,160
HRYKBSC03,11641_Opp AC House Kahnpur RY Khan (3G-CII-4464),114,GCELLIDLEAD,PT,2
HBWNBSC02,35251_Noorsar Bahawalnagar,135,GCELLIDLEAD,PT,30
HLHRBSC13,37092_Asif Block AIT Lahore-Z2 (3G-CI-4066),115,GCELLHOAD,QCKSTATCNT,4
HLHRBSC13,37092_Asif Block AIT Lahore-Z2 (3G-CI-4066),115,GCELLHOAD,QCKTRUECNT,3
HTTSBSC03,34796_PTCL Exchange Killanwali Faisalabad (3G-CII-4233),74,GCELLCHMGAD,QLENSD,8
HLHRBSC10,13271_NoorudDin and Son (Micro) P3 Lahore-Micro (3G-CI-4612),150,GCELLPSCHM,RADIORESADAADJDLLOADTHD,150
HLHRBSC10,13271_NoorudDin and Son (Micro) P3 Lahore-Micro (3G-CI-4612),150,GCELLPSCHM,RADIORESADAADJSWITCH,ON
HBWNBSC02,14581_Fort Abbas Road Bahawalnagar (3G-CII-3644),29,GCELLCCACCESS,RANERRTHRED,246
HLHRBSC09,33028_Miraj Building Ichra Lahore-Z2 (3G-CI-4191),80,GCELLHOIUO,RECEIVEQUALTHRSHAMRFR,45
HFSDBSC08,34752_Circular Road Faisalabad-Z2 (3G-CII-3710),224,GCELLHOIUO,RECEIVEQUALTHRSHAMRFR,70
HLHRBSC09,33028_Miraj Building Ichra Lahore-Z2 (3G-CI-4191),80,GCELLHOIUO,RECEIVEQUALTHRSHAMRHR,45
HDIKBSC03,15119_Mohallah Qadir Bakhish DI Khan (3G-CII-3997),233,GCELLHOIUO,RECEIVEQUALTHRSHAMRHR,50
HSKTBSC04,17779_Khorta Syidain (Gold) Sialkot (3G-CI-1067),338,GCELLHOIUO,RECLEVTHRES,28
HDIKBSC03,24277_Mohallah Nazimabad (Gold) DG Khan (3G-CII-4270),88,GCELLHOIUO,RECLEVTHRES,50
HLHRBSC14,33001_Shahalam Lahore-Z1 (3G-CI-4178),77,GCELLHOIUO,RECLEVTHRES,62
HSKTBSC04,27778_Khorta Syidain Sialkot (3G-CI-1066),336,GCELLHOIUO,RECQUALTH,70
HFSDBSC08,14084_Chak No 266 RB Faisalabad-Z2 (3G-CII-4543),88,GCELLHOFITPEN,RSCPENALTYTIMER,25
HGJTBSC05,13675_Qasianwala Gujrat (3G-CI-3944),100,GCELLHOFITPEN,RSCPENALTYTIMER,60
HDGKBSC05,34961_Gamuli Qasba (Gold) DG Khan (3G-CII-1028),49,GCELLSERVPARA,RXLEVACCMIN,6
HLHRBSC11,17682_Manawala Nankana Sahib,238,GCELLBASICPARA,RXMIN,4
HRYKBSC03,15871_Jinnah Park RY Khan (3G-CII-3396),7,GCELLAMRQUL,RXQUAL10,43
HDGKBSC02,34973_Samina Chowk (Gold) DG Khan (3G-CII-3805),145,GCELLAMRQUL,RXQUAL5,48
HDGKBSC02,24185_PTCL Exchange (Gold) DG Khan (3G-CII-3812),42,GCELLBASICPARA,SDDYN,NO
HMLTBSC08,35040_Makhdoom Rashid Multan,136,GCELLPSCHM,SEQSELPDCONVT,SEQCONS
HBRWBSC03,35282_Masum Colony Vehari (3G-CII-3524),42,GCELLHOAD,SPEEDPUNISH,27
HDGKBSC03,14833_Shikar Pur (Gold) Rajanpur (3G-CII-3961),0,GCELLFREQSCAN,STRTM,11:37:39
HBWPBSC02,34616_Murad Pur Channi Goth RY Khan,43,GCELLFREQSCAN,STRTM,13:00:15
HBWPBSC02,14470_Khairpur Road Alipur Muzaffargarh (3G-CII-4225),38,GCELLFREQSCAN,STRTM,13:03:26
HBWPBSC02,24470_Khairpur Road Alipur Muzaffargarh (3G-CII-4225),39,GCELLFREQSCAN,STRTM,13:05:08
HBWPBSC02,34470_Khairpur Road Alipur Muzaffargarh (3G-CII-4225),40,GCELLFREQSCAN,STRTM,13:05:40
HMWLBSC04,14369_Quaid Abad Khushab (3G-CII-4265),26,GCELLFREQSCAN,STRTM,16:43:15
HFSDBSC05,24812_Munshi Mohallah Faisalabad-Z2 (3G-CII-3089),213,GCELLFREQSCAN,STRTM,18:19:07
HLHRBSC14,13262_Falletis Hotel 2 (Micro) Lahore-Z0,190,GCELLGPRS,SUPPORTDTM,SUPPORT
HLHRBSC14,13262_Falletis Hotel 2 (Micro) Lahore-Z0,190,GCELLGPRS,SUPPORTENDTM,UNSUPPORT
HSKTBSC03,23461_Rupo Chak Narowal (3G-CI-2080),298,GCELLCCTMR,T200FACCHF,60
HSKTBSC03,23461_Rupo Chak Narowal (3G-CI-2080),298,GCELLCCTMR,T200FACCHH,60
HLHRBSC13,17020_Pakki Thathi Graveyard Lahore-Z2 (3G-CI-4295),103,GCELLCCTMR,T200SACCH3,225
HLHRBSC14,37132_Taj Company Saggian Pull Lahore-Z2 (3G-CI-1648),247,GCELLCCTMR,T200SACCHS,100
HLHRBSC13,17020_Pakki Thathi Graveyard Lahore-Z2 (3G-CI-4295),103,GCELLCCTMR,T200SACCT0,225
HLHRBSC11,17262_Arban Da Dera Sheikhupura (3G-CI-1665),365,GCELLCCTMR,T200SDCCH,110
HLHRBSC14,37132_Taj Company Saggian Pull Lahore-Z2 (3G-CI-1648),247,GCELLCCTMR,T200SDCCH3,100
HDGKBSC03,34883_Highway Jampur Rajanpur (3G-CII-3971),232,GCELLHOAD,T3105,2
HLHRBSC16,33499_Ali Town Raiwand Road (Gold) Lahore-Z3 (3G-CI-4792),128,GCELLPRIVATEOPTPARA,T3169,20
HLHRBSC09,CI-1606-4_Near Old Airport Lahore-Z2 (3G-CI-1850),210,GCELLIDLEBASIC,T3212,20
HHFZBSC01,13802_PD Khan Lilla Road Jhelum (3G-N-4558),1,GCELLHOFITPEN,TAFLTLEN,8
HSGDBSC02,CII-2308-3_Khushab Road Sargodha,402,GCELLHOBASIC,TAHOEN,NO
HSWLBSC03,25593_Gaddar Kay Puli Okara (3G-CII-4684),170,GCELLHOEMG,TALIMIT,8
HSKTBSC03,CI-1510-1_Bari Minahassan Narowal (3G-CI-3888),64,GCELLHOEMG,TALIMIT,12
HBWNBSC02,24634_Gulab Ali Road Bahawalnagar,35,GCELLHOEMG,TALIMIT,13
HBWNBSC02,15226_Khatian Bahawalnagar,106,GCELLHOEMG,TALIMIT,21
HBWNBSC02,15227_Jandawala Bahawalnagar,103,GCELLHOEMG,TALIMIT,36
HBWNBSC02,35210_PTCL Exchange Faqirwali Bahawalnagar (3G-CII-4654),102,GCELLHOEMG,TALIMIT,41
HBWNBSC01,25484_Adda Thakat Mahalk Bahawalnagar,76,GCELLHOEMG,TALIMIT,42
HBWNBSC02,25202_Ada Yateemwala Bahawalnagar,82,GCELLHOEMG,TALIMIT,45
HDGKBSC04,26952_Bungla Dhengun (Gold) Rajanpur (3G-CII-4349),19,GCELLHOEMG,TALIMIT,60
HSKTBSC04,23385_Jhai Sialkot (3G-CI-1033),315,GCELLHOIUO,TATHRES,10
HSKTBSC03,13462_Amral Narowal (3G-CI-3962),122,GCELLHOIUO,TATHRES,16
HLHRBSC08,17268_China Scheme Lahore-Z1 (3G-CI-4434),146,GCELLHOIUO,TATHRES,19
HLHRBSC08,13544_Fathay Riyan Sheikhupura,162,GCELLHOIUO,TATHRES,20
HGJTBSC05,27834_Ranmal Shareef Mandi Bahauddin,166,GCELLHOIUO,TATHRES,32
HSKTBSC02,37751_Godhpur Sialkot (3G-CI-4461),43,GCELLCHMGAD,TCHBUSYTHRES,4
HKNWBSC02,24427_Husnain Abad Khanewal (3G-CII-4477),110,GCELLCHMGAD,TCHBUSYTHRES,6
HDIKBSC03,N-4964-3_Khoi Bukhara Tribal Area adj DIK (3G-N-2578),135,GCELLCHMGAD,TCHBUSYTHRES,9
HKASBSC03,27952_Bhaipheru Bazar (Gold) Kasur (3G-CI-4991),265,GCELLCHMGAD,TCHBUSYTHRES,14
HTTSBSC03,34684_Masjid Pir Mahal Toba Tek Singh (3G-CII-3780),83,GCELLCHMGAD,TCHBUSYTHRES,16
HGJWBSC04,33351_Nisbet Road Daska City Sialkot (3G-CI-4916),94,GCELLCHMGAD,TCHBUSYTHRES,23
HMLTBSC06,34447_Faisal Colony Muzaffargarh (3G-CII-3655),50,GCELLCHMGAD,TCHBUSYTHRES,24
HTTSBSC02,24228_Bilal Colony Jhang (3G-CII-3415),64,GCELLCHMGAD,TCHBUSYTHRES,26
HSKTBSC03,23708_Zafarwal Road Narowal (3G-CI-2113),25,GCELLCHMGAD,TCHBUSYTHRES,28
HHFZBSC01,13802_PD Khan Lilla Road Jhelum (3G-N-4558),1,GCELLHOCTRL,TCHHOMININTV,5
HLHRBSC15,37088_PTCL Exchange Gulgasht Town Lahore-Z2 (3G-CI-4333),251,GCELLHOCTRL,TCHHOMININTV,6
HKASBSC03,23070_Multan Road Kasur (3G-CI-3947),293,GCELLHOCTRL,TCHHOMININTV,10
HDIKBSC02,15110_Kotla Jam (Gold) Bhakkar (3G-CII-4382),121,GCELLHOCTRL,TCHHOMININTV,50
HLHRBSC09,17246_CAA Office Walton Complex Road Lahore-Z3 (3G-CI-4422),325,GCELLCHMGAD,TCHTRIBUSYUNDERLAYTHR,100
HLHRBSC09,37246_CAA Office Walton Complex Road Lahore-Z3 (3G-CI-4422),217,GCELLCHMGAD,TCHTRICBUSYOVERLAYTHR,100
HMWLBSC04,14369_Quaid Abad Khushab (3G-CII-4265),26,GCELLFREQSCAN,TIME,5
HFSDBSC05,24812_Munshi Mohallah Faisalabad-Z2 (3G-CII-3089),213,GCELLFREQSCAN,TIME,15
HHFZBSC01,33817_Lilla Interchage Jhelum (3G-CI-2140),36,GCELLHOFITPEN,TIMEBQPUNISH,1
HLHRBSC10,13133_Block R2 Johar Town Lahore-Z3 (3G-CI-4238),513,GCELLHOIUO,TIMEOTOUFAILPUN,5
HMLTBSC05,14113_Old Bahawalpur Road Multan (3G-CII-3125),115,GCELLHOAD,TRIGTHRES,78
HLHRBSC14,17289_Abdali Chowk (Gold) Lahore-Z0 (3G-CI-4443),320,GCELLHOAD,TRIGTHRES,88
HLHRBSC09,17421_MCB Building (Micro) Lahore-Z0,102,GCELLPWR2,ULLEVFILTLEN,7
HSGDBSC03,35403_Mateela Sargodha,115,GCELLPWR3,ULMAXDOWNSTEP,23
HGJTBSC04,23685_Thikrian (Gold) Gujrat (3G-CI-4955),132,GCELLPWRBASIC,ULQLOWTHRED,5
HLHRBSC13,27257_Ali Street Ittefaq Colony Lahore-Z2 (3G-CI-4428),18,GCELLHOEMG,ULQUALIMIT,57
HLHRBSC10,17168_EIP Town Rohi Drain Lahore-Z3 (3G-CI-1650),122,GCELLAMRQUL,ULQUALIMITAMRFR,56
HLHRBSC13,27257_Ali Street Ittefaq Colony Lahore-Z2 (3G-CI-4428),18,GCELLAMRQUL,ULQUALIMITAMRHR,57
HLHRBSC14,23025_Madina Center Bilal Ganj Lahore-Z1 (3G-CI-4189),104,GCELLAMRQUL,ULQUALIMITAMRHR,58
HSKTBSC03,33446_Railway Station Sialkot (3G-CI-3974),223,GCELLPWR3,ULREXLEVLOWTHRED,31
HDIKBSC03,25109_Kaneri Bhakkar (3G-CII-4401),266,GCELLPWR3,ULRXLEVPROTECTFACTOR,7
HFSDBSC08,14020_Chak No 266 RB Faisalabad-Z2 (3G-CII-3749),27,GCELLPWRBASIC,ULSSHIGHTHRED,29
HDIKBSC02,24356_Darya Khan Bhakkar (3G-CII-4406),116,GCELLPWRBASIC,ULSSHIGHTHRED,40
HLHRBSC09,17230_Zafar Ali Road Lahore-Z0 (3G-CI-4088),141,GCELLPWRBASIC,ULSSLOWTHRED,23
HDGKBSC04,34834_Ward No 15 (Gold) Rajanpur (3G-CII-3570),53,GCELLPWRBASIC,ULSSLOWTHRED,27
HDIKBSC02,24356_Darya Khan Bhakkar (3G-CII-4406),116,GCELLPWRBASIC,ULSSLOWTHRED,30
HFSDBSC06,34045_Allama Iqbal Colony Faisalabad-Z2 (3G-CII-3051),56,GCELLCCAMR,ULTHH2,28
HLHRBSC15,27039_Jallo Morr Lahore-Z1 (3G-CI-1637),303,GCELLHOFITPEN,UMPENALTYTIMER,30
HSKTBSC03,13764_Sebz Kot Kingra Sialkot,290,GCELLPSCHM,UPDYNCHNTRANLEV,35
HLHRBSC11,13818_Shahkot Sheikhupura (3G-CI-2141),5,GCELLPRIVATEOPTPARA,UPEXTTBFINACTDELAY,700
HMLTBSC05,15854_CMH Multan (3G-CII-3855),39,GCELLPRIVATEOPTPARA,UPEXTTBFINACTDELAY,1400
HLHRBSC09,CI-1606-2_Near Old Airport Lahore-Z2 (3G-CI-1850),173,GCELLPRIVATEOPTPARA,UPTBFRELDELAY,800
HLHRBSC09,CI-1606-1_Near Old Airport Lahore-Z2 (3G-CI-1850),172,GCELLPRIVATEOPTPARA,UPTBFRELDELAY,1000
HSKTBSC02,13414_Rung Pura (Gold) Sialkot (3G-CI-4793),77,GCELLHOIUO,UTOOHOPENTIME,20
HGJTBSC06,17802_Mohalla Qutababad (Gold) Gujrat (3G-CI-4716),214,GCELLHOIUO,UTOORECTH,13
HLHRBSC14,CI-1376-1_Texali Gate Lahore-Z0 (3G-CI-1796),194,GCELLHOIUO,UTOORECTH,14
HDGKBSC05,34953_Jal Wala (Gold) DG Khan (3G-CII-3768),114,GCELLHOIUO,UTOORECTH,43
HHFZBSC02,33978_Kalekee Mandi Hafizabad (3G-CI-3983),56,GCELLHOIUO,UTOORECTH,47
HSKTBSC02,33404_Cantt Sialkot (3G-CI-1034),85,GCELLHOIUO,UTOORECTH,51
HKASBSC03,23555_Bhai Pheru Road Kasur,84,GCELLHOIUO,UTOORECTH,55
HDIKBSC02,25106_Chak No 45 Khan Da Vehra Bhakkar (3G-CII-4417),175,GCELLHOIUO,UTOORECTH,60
HMLTBSC08,25733_Phatta Stop Piran Ghaib Multan (3G-CII-3458),219,GCELLHOIUO,UTRAFHOSTEP,45
HDGKBSC05,25483_Basti Chhina (Gold) Rajanpur (3G-CII-4015),20,GCELLVAMOS,VAMOSIUOINNERLOADTHD,25
HDGKBSC05,15669_Samina Sadat (Gold) DG Khan (3G-CII-3831),183,GCELLVAMOS,VAMOSIUOINNERLOADTHD,50
HLHRBSC10,17367_Azgard 9 (Micro) Kasur,268,GCELLOTHEXT,VSWRERRTHRES,4
HLHRBSC10,17367_Azgard 9 (Micro) Kasur,268,GCELLOTHEXT,VSWRUNJUSTTHRES,5
HLHRBSC08,13010_PTCL Exchange Baghban (Gold) Lahore-Z1 (3G-CI-4184),102,GCELLTMR,WAITFORRELIND,22000
HSGDBSC03,CII-2040-1_Faisal Colony Siraj Sargodha (3G-CII-3372),157,GCELLTMR,WAITFORRELIND,31570
HSGDBSC03,CII-2040-2_Faisal Colony Siraj Sargodha (3G-CII-3372),158,GCELLTMR,WAITFORRELIND,31580
HSGDBSC03,CII-2040-3_Faisal Colony Siraj Sargodha (3G-CII-3372),159,GCELLTMR,WAITFORRELIND,31590
HSKTBSC02,13489_Hussaini Road Muzaffarpur Sialkot (3G-CI-1050),187,GCELLTMR,WAITFORRELIND,31870
HSKTBSC02,23489_Hussaini Road Muzaffarpur Sialkot (3G-CI-1050),188,GCELLTMR,WAITFORRELIND,31880
HSKTBSC02,33489_Hussaini Road Muzaffarpur Sialkot (3G-CI-1050),189,GCELLTMR,WAITFORRELIND,31890
HLHRBSC08,23044_Shahdra Town Lahore-Z1 (3G-CI-4829),93,GCELLTMR,WAITFORRELINDAMRHR,30000
HSGDBSC03,CII-2040-1_Faisal Colony Siraj Sargodha (3G-CII-3372),157,GCELLTMR,WAITFORRELINDAMRHR,31570
HSGDBSC03,CII-2040-2_Faisal Colony Siraj Sargodha (3G-CII-3372),158,GCELLTMR,WAITFORRELINDAMRHR,31580
HSGDBSC03,CII-2040-3_Faisal Colony Siraj Sargodha (3G-CII-3372),159,GCELLTMR,WAITFORRELINDAMRHR,31590
HSKTBSC02,13489_Hussaini Road Muzaffarpur Sialkot (3G-CI-1050),187,GCELLTMR,WAITFORRELINDAMRHR,31870
HSKTBSC02,23489_Hussaini Road Muzaffarpur Sialkot (3G-CI-1050),188,GCELLTMR,WAITFORRELINDAMRHR,31880
HSKTBSC02,33489_Hussaini Road Muzaffarpur Sialkot (3G-CI-1050),189,GCELLTMR,WAITFORRELINDAMRHR,31890
