No.,NeName,LogicRncId,UlReportMode,DlMeasRprtPeriod,DlThdE1,DlThdE2,DlThdF1,DlThdF2,UlModeChangeTimerLen,DlModeChangeTimerLen,GoldMaxMode,SilverMaxMode,CopperMaxMode,QoSAMRCWBMinMode,CrystalAMRAdptSw,CrystalAdptEcN0Thld,CrystalAdptTCPThld
1,RNC18,18,AM,480,50,50,120,120,1000,3000,WBAMR_BITRATE_12.65K,WBAMR_BITRATE_12.65K,WBAMR_BITRATE_12.65K,WBAMR_BITRATE_6.60K,OFF,21,90
2,RNC2,,AM,480,50,50,120,120,1000,3000,WBAMR_BITRATE_12.65K,WBAMR_BITRATE_12.65K,WBAMR_BITRATE_12.65K,WBAMR_BITRATE_6.60K,OFF,21,90
3,RNC5,,AM,480,50,50,120,120,1000,3000,WBAMR_BITRATE_12.65K,WBAMR_BITRATE_12.65K,WBAMR_BITRATE_12.65K,WBAMR_BITRATE_6.60K,OFF,21,90
4,RNC6,,AM,480,50,50,120,120,1000,3000,WBAMR_BITRATE_12.65K,WBAMR_BITRATE_12.65K,WBAMR_BITRATE_12.65K,WBAMR_BITRATE_6.60K,OFF,21,90
5,RNC7,,AM,480,50,50,120,120,1000,3000,WBAMR_BITRATE_12.65K,WBAMR_BITRATE_12.65K,WBAMR_BITRATE_12.65K,WBAMR_BITRATE_6.60K,OFF,21,90
6,RNC13,,AM,480,50,50,120,120,1000,3000,WBAMR_BITRATE_12.65K,WBAMR_BITRATE_12.65K,WBAMR_BITRATE_12.65K,WBAMR_BITRATE_6.60K,OFF,21,90
7,RNC14,,AM,480,50,50,120,120,1000,3000,WBAMR_BITRATE_12.65K,WBAMR_BITRATE_12.65K,WBAMR_BITRATE_12.65K,WBAMR_BITRATE_6.60K,OFF,21,90
8,RNC19,19,AM,480,50,50,120,120,1000,3000,WBAMR_BITRATE_12.65K,WBAMR_BITRATE_12.65K,WBAMR_BITRATE_12.65K,WBAMR_BITRATE_6.60K,OFF,21,90
9,RNC3,,AM,480,50,50,120,120,1000,3000,WBAMR_BITRATE_12.65K,WBAMR_BITRATE_12.65K,WBAMR_BITRATE_12.65K,WBAMR_BITRATE_6.60K,OFF,21,90
10,RNC8,,AM,480,50,50,120,120,1000,3000,WBAMR_BITRATE_12.65K,WBAMR_BITRATE_12.65K,WBAMR_BITRATE_12.65K,WBAMR_BITRATE_6.60K,OFF,21,90
11,RNC16,16,AM,480,50,50,120,120,1000,3000,WBAMR_BITRATE_12.65K,WBAMR_BITRATE_12.65K,WBAMR_BITRATE_12.65K,WBAMR_BITRATE_6.60K,OFF,21,90
12,RNC1,,AM,480,50,50,120,120,1000,3000,WBAMR_BITRATE_12.65K,WBAMR_BITRATE_12.65K,WBAMR_BITRATE_12.65K,WBAMR_BITRATE_6.60K,OFF,21,90
13,RNC15,15,AM,480,50,50,120,120,1000,3000,WBAMR_BITRATE_12.65K,WBAMR_BITRATE_12.65K,WBAMR_BITRATE_12.65K,WBAMR_BITRATE_6.60K,OFF,21,90
14,RNC17,17,AM,480,50,50,120,120,1000,3000,WBAMR_BITRATE_12.65K,WBAMR_BITRATE_12.65K,WBAMR_BITRATE_12.65K,WBAMR_BITRATE_6.60K,OFF,21,90
15,RNC4,,AM,480,50,50,120,120,1000,3000,WBAMR_BITRATE_12.65K,WBAMR_BITRATE_12.65K,WBAMR_BITRATE_12.65K,WBAMR_BITRATE_6.60K,OFF,21,90
