No.,NeName,AuditTimeIntervalTimerLen,AuditTimerLen,CellSetupTimerLen,CellRecfgTimerLen,CellDeleteTimerLen,NbCchSetupTimerLen,NbCchRecfgTimerLen,NbCchDeleteTimerLen,IubSaalEstTimerLen,SysinfoUpdtRspTimerLen,CommMeasReSetupTimerLen,CommMeasInitRspTimerLen,CchAal2EstTimerLen,CchFpCfgTimerLen,CchFpNodeSynTimerLen,CellRrRsltTimerLen,CmRsltTimerLen,SabpMsgRspTimerLen,FpSyncMonRspTimerLen,FpSyncMonPrtctTimerLen,HspaRecfgRspTimerLen,HspaRecfgIntervalTimerLen,CchReEstTimerLen,IubResetTimerLen,IubSaalInstReEstTimerLen,CellRrRelWaitTimerLen,PeriodSysInfoUpdtTimerLen,PeriodAuditReqTimerLen,IubSctpEstTimerLen,IubSctpInstReEstTimerLen,CellLoadBroadCastTimerLen,CellNoneUeTimerLen,AuditSetupIntervalTimerLen
1,RNC18,10,20,30,5,5,30,5,4,5,6,60,10,10,10,30,30,30,1000,30,300,30,30,15,5,5,10,10,10,5,5,3,0,1
2,RNC2,10,20,30,5,5,30,5,4,5,6,60,10,10,10,30,30,30,1000,30,300,30,30,15,5,5,10,10,10,5,5,3,0,1
3,RNC5,10,20,30,5,5,30,5,4,5,6,60,10,10,10,30,30,30,1000,30,300,30,30,15,5,5,10,10,10,5,5,3,0,1
4,RNC6,10,20,30,5,5,30,5,4,5,6,60,10,10,10,30,30,30,1000,30,300,30,30,15,5,5,10,10,10,5,5,3,0,1
5,RNC7,10,20,30,5,5,30,5,4,5,6,60,10,10,10,30,30,30,1000,30,300,30,30,15,5,5,10,10,10,5,5,3,0,1
6,RNC13,10,20,30,5,5,30,5,4,5,6,60,10,10,10,30,30,30,1000,30,300,30,30,15,5,5,10,10,10,5,5,3,0,1
7,RNC14,10,20,30,5,5,30,5,4,5,6,60,10,10,10,30,30,30,1000,30,300,30,30,15,5,5,10,10,10,5,5,3,0,1
8,RNC19,10,20,30,5,5,30,5,4,5,6,60,10,10,10,30,30,30,1000,30,300,30,30,15,5,5,10,10,10,5,5,3,0,1
9,RNC3,10,20,30,5,5,30,5,4,5,6,60,10,10,10,30,30,30,1000,30,300,30,30,15,5,5,10,10,10,5,5,3,0,1
10,RNC8,10,20,30,5,5,30,5,4,5,6,60,10,10,10,30,30,30,1000,30,300,30,30,15,5,5,10,10,10,5,5,3,0,1
11,RNC16,10,20,30,5,5,30,5,4,5,6,60,10,10,10,30,30,30,1000,30,300,30,30,15,5,5,10,10,10,5,5,3,0,1
12,RNC1,10,20,30,5,5,30,5,4,5,6,60,10,10,10,30,30,30,1000,30,300,30,30,15,5,5,10,10,10,5,5,3,0,1
13,RNC15,10,20,30,5,5,30,5,4,5,6,60,10,10,10,30,30,30,1000,30,300,30,30,15,5,5,10,10,10,5,5,3,0,1
14,RNC17,10,20,30,5,5,30,5,4,5,6,60,10,10,10,30,30,30,1000,30,300,30,30,15,5,5,10,10,10,5,5,3,0,1
15,RNC4,10,20,30,5,5,30,5,4,5,6,60,10,10,10,30,30,30,1000,30,300,30,30,15,5,5,10,10,10,5,5,3,0,1
