No.,NeName,LogicRncId,BeTTI2msRscpThd,BeTTI10msRscpThd,BeTTI2msRscpUpThd,BeTTI10msRscpUpThd,RrcRscpPeriodTimer,RabRscpPeriodTimer,RscpEffectAlgoSwitch,LittleRetranRabRscpPrd,SrbOverHsdpaRscpDownThd,SrbOverHsdpaRscpUpThd,SrbOverHsdpaEcn0DownThd,SrbOverHsdpaEcn0UpThd,SrbH2DRabRscpPeriodTimer,SrbH2DNonHLoadState,IntraPeriodTimerforCSPS,SrbOverHsdpaEcn0AccessThd,RscpThdForR99CqiPo,EcN0ThdForR99CqiPo,SrbH2DULActualLoadState,SrbH2DDCHNumLoadState,EdgePathlossThld,SrbOverHsupaRscpDownThd,SrbOverHsupaRscpUpThd,BeTTI2msRscpThdCsPs,BeTTI10msRscpThdCsPs,BeTTI2msRscpUpThdCsPs,BeTTI10msRscpUpThdCsPs
1,RNC18,18,-95,-105,-90,-100,D500,D2000,BASE_RSCP_BE_TTI_E2D_INITSEL_SWITCH-0&BASE_RSCP_BE_TTI_E2D_RECFG_SWITCH-0&BASE_RSCP_RTWP_LITRETNUM_AUTOADJ_SWITCH-1&BASE_RSCP_UlR99_CQIPO_SWITCH-0,D2000,-88,-80,25,31,D2000,DL_OVERRLOAD_STATE,D2000,25,-110,21,LOADED_STATE,LOADED_STATE,138,-105,-100,-95,-105,-90,-100
2,RNC2,,-95,-105,-90,-100,D500,D2000,BASE_RSCP_BE_TTI_E2D_INITSEL_SWITCH-0&BASE_RSCP_BE_TTI_E2D_RECFG_SWITCH-0&BASE_RSCP_RTWP_LITRETNUM_AUTOADJ_SWITCH-1&BASE_RSCP_UlR99_CQIPO_SWITCH-0,D2000,-88,-80,25,31,D2000,DL_OVERRLOAD_STATE,D2000,25,-110,21,LOADED_STATE,LOADED_STATE,138,-105,-100,-95,-105,-90,-100
3,RNC5,,-95,-105,-90,-100,D500,D2000,BASE_RSCP_BE_TTI_E2D_INITSEL_SWITCH-0&BASE_RSCP_BE_TTI_E2D_RECFG_SWITCH-0&BASE_RSCP_RTWP_LITRETNUM_AUTOADJ_SWITCH-1&BASE_RSCP_UlR99_CQIPO_SWITCH-0,D2000,-88,-80,25,31,D2000,DL_OVERRLOAD_STATE,D2000,25,-110,21,LOADED_STATE,LOADED_STATE,138,-105,-100,-95,-105,-90,-100
4,RNC6,,-95,-105,-90,-100,D500,D2000,BASE_RSCP_BE_TTI_E2D_INITSEL_SWITCH-0&BASE_RSCP_BE_TTI_E2D_RECFG_SWITCH-0&BASE_RSCP_RTWP_LITRETNUM_AUTOADJ_SWITCH-0&BASE_RSCP_UlR99_CQIPO_SWITCH-0,D2000,-88,-80,25,31,D2000,DL_OVERRLOAD_STATE,D2000,25,-110,21,LOADED_STATE,LOADED_STATE,138,-105,-100,-95,-105,-90,-100
5,RNC7,,-95,-105,-90,-100,D500,D2000,BASE_RSCP_BE_TTI_E2D_INITSEL_SWITCH-0&BASE_RSCP_BE_TTI_E2D_RECFG_SWITCH-0&BASE_RSCP_RTWP_LITRETNUM_AUTOADJ_SWITCH-1&BASE_RSCP_UlR99_CQIPO_SWITCH-0,D2000,-88,-80,25,31,D2000,DL_OVERRLOAD_STATE,D2000,25,-110,21,LOADED_STATE,LOADED_STATE,138,-105,-100,-95,-105,-90,-100
6,RNC13,,-95,-105,-90,-100,D500,D2000,BASE_RSCP_BE_TTI_E2D_INITSEL_SWITCH-0&BASE_RSCP_BE_TTI_E2D_RECFG_SWITCH-0&BASE_RSCP_RTWP_LITRETNUM_AUTOADJ_SWITCH-0&BASE_RSCP_UlR99_CQIPO_SWITCH-0,D2000,-83,-80,33,37,D2000,DL_LOADED_STATE,D2000,33,-110,21,LOADED_STATE,LOADED_STATE,138,-105,-100,-95,-105,-90,-100
7,RNC14,,-95,-105,-90,-100,D500,D2000,BASE_RSCP_BE_TTI_E2D_INITSEL_SWITCH-0&BASE_RSCP_BE_TTI_E2D_RECFG_SWITCH-0&BASE_RSCP_RTWP_LITRETNUM_AUTOADJ_SWITCH-1&BASE_RSCP_UlR99_CQIPO_SWITCH-0,D2000,-83,-80,33,37,D2000,DL_LOADED_STATE,D2000,33,-110,21,LOADED_STATE,LOADED_STATE,138,-105,-100,-95,-105,-90,-100
8,RNC19,19,-105,-115,-100,-110,D500,D2000,BASE_RSCP_BE_TTI_E2D_INITSEL_SWITCH-1&BASE_RSCP_BE_TTI_E2D_RECFG_SWITCH-1&BASE_RSCP_RTWP_LITRETNUM_AUTOADJ_SWITCH-1&BASE_RSCP_UlR99_CQIPO_SWITCH-0,D2000,-83,-80,33,37,D2000,DL_LOADED_STATE,D2000,33,-110,21,LOADED_STATE,LOADED_STATE,138,-105,-100,-105,-115,-100,-110
9,RNC3,,-95,-105,-90,-100,D500,D2000,BASE_RSCP_BE_TTI_E2D_INITSEL_SWITCH-0&BASE_RSCP_BE_TTI_E2D_RECFG_SWITCH-0&BASE_RSCP_RTWP_LITRETNUM_AUTOADJ_SWITCH-1&BASE_RSCP_UlR99_CQIPO_SWITCH-0,D2000,-83,-80,33,37,D2000,DL_LOADED_STATE,D2000,33,-110,21,LOADED_STATE,LOADED_STATE,138,-105,-100,-95,-105,-90,-100
10,RNC8,,-105,-115,-100,-110,D500,D2000,BASE_RSCP_BE_TTI_E2D_INITSEL_SWITCH-1&BASE_RSCP_BE_TTI_E2D_RECFG_SWITCH-1&BASE_RSCP_RTWP_LITRETNUM_AUTOADJ_SWITCH-1&BASE_RSCP_UlR99_CQIPO_SWITCH-0,D2000,-83,-80,33,37,D2000,DL_LOADED_STATE,D2000,33,-110,21,LOADED_STATE,LOADED_STATE,138,-105,-100,-105,-115,-100,-110
11,RNC16,16,-95,-105,-90,-100,D500,D2000,BASE_RSCP_BE_TTI_E2D_INITSEL_SWITCH-0&BASE_RSCP_BE_TTI_E2D_RECFG_SWITCH-0&BASE_RSCP_RTWP_LITRETNUM_AUTOADJ_SWITCH-1&BASE_RSCP_UlR99_CQIPO_SWITCH-0,D2000,-83,-80,33,37,D2000,DL_LOADED_STATE,D2000,33,-110,21,LOADED_STATE,LOADED_STATE,138,-105,-100,-95,-105,-90,-100
12,RNC1,,-105,-115,-100,-110,D500,D2000,BASE_RSCP_BE_TTI_E2D_INITSEL_SWITCH-0&BASE_RSCP_BE_TTI_E2D_RECFG_SWITCH-1&BASE_RSCP_RTWP_LITRETNUM_AUTOADJ_SWITCH-0&BASE_RSCP_UlR99_CQIPO_SWITCH-0,D2000,-88,-80,25,31,D2000,DL_OVERRLOAD_STATE,D2000,25,-110,21,LOADED_STATE,LOADED_STATE,138,-105,-100,-105,-115,-100,-110
13,RNC15,15,-105,-115,-100,-110,D500,D2000,BASE_RSCP_BE_TTI_E2D_INITSEL_SWITCH-0&BASE_RSCP_BE_TTI_E2D_RECFG_SWITCH-1&BASE_RSCP_RTWP_LITRETNUM_AUTOADJ_SWITCH-0&BASE_RSCP_UlR99_CQIPO_SWITCH-0,D2000,-88,-80,25,31,D2000,DL_OVERRLOAD_STATE,D2000,25,-110,21,LOADED_STATE,LOADED_STATE,138,-105,-100,-105,-115,-100,-110
14,RNC17,17,-95,-105,-90,-100,D500,D2000,BASE_RSCP_BE_TTI_E2D_INITSEL_SWITCH-0&BASE_RSCP_BE_TTI_E2D_RECFG_SWITCH-0&BASE_RSCP_RTWP_LITRETNUM_AUTOADJ_SWITCH-1&BASE_RSCP_UlR99_CQIPO_SWITCH-0,D2000,-88,-80,25,31,D2000,DL_OVERRLOAD_STATE,D2000,25,-110,21,LOADED_STATE,LOADED_STATE,138,-105,-100,-95,-105,-90,-100
15,RNC4,,-95,-105,-90,-100,D500,D2000,BASE_RSCP_BE_TTI_E2D_INITSEL_SWITCH-0&BASE_RSCP_BE_TTI_E2D_RECFG_SWITCH-0&BASE_RSCP_RTWP_LITRETNUM_AUTOADJ_SWITCH-1&BASE_RSCP_UlR99_CQIPO_SWITCH-0,D2000,-88,-80,25,31,D2000,DL_OVERRLOAD_STATE,D2000,25,-110,21,LOADED_STATE,LOADED_STATE,138,-105,-100,-95,-105,-90,-100
