No.,NeName,LogicRncId,ZeroRateUpFailToRelTimerLen,ChannelRetryTimerLen,ChannelRetryHoTimerLen,RabModifyTimerLen,AdapRetranPunTimer,SrbFastHRetryTimerLen,ParkingRelTimer,DCHsupaHRetryPenaltyTime,DelayTrigAmrRbrecfgTimer,TfcCtrlFailTimer
1,RNC18,18,180,5,2,5,10,20,300,10,50,5
2,RNC2,,180,5,2,5,10,20,300,10,50,5
3,RNC5,,180,5,2,5,10,20,300,10,50,5
4,RNC6,,180,5,2,5,10,20,300,10,50,5
5,RNC7,,180,5,2,5,10,20,300,10,50,5
6,RNC13,,180,5,2,5,10,20,300,10,50,5
7,RNC14,,180,5,2,5,10,20,300,10,50,5
8,RNC19,19,180,5,2,5,10,20,300,10,50,5
9,RNC3,,180,5,2,5,10,20,300,10,50,5
10,RNC8,,180,5,2,5,10,20,300,10,50,5
11,RNC16,16,180,5,2,5,10,20,300,10,50,5
12,RNC1,,180,5,2,5,10,20,300,10,50,5
13,RNC15,15,180,5,2,5,10,20,300,10,50,5
14,RNC17,17,180,5,2,5,10,20,300,10,50,5
15,RNC4,,180,5,2,5,10,20,300,10,50,5
