No.,NeName,LogicRncId,UlDcccRateThd,DlDcccRateThd,LittleRateThd,DcccStg,HsupaDcccStg,BePwrMargin,CombPwrMargin,UlRateUpAdjLevel,UlRateDnAdjLevel,UlMidRateCalc,UlMidRateThd,DlRateUpAdjLevel,DlRateDnAdjLevel,DlMidRateCalc,DlMidRateThd,FailTimeTh,MoniTimeLen,DcccUpPenaltyLen,UlFullCvrRate,DlFullCvrRate,DchThrouMeasPeriod,HsupaBeShoRateThd,E2DThrou4BThd,ChannelRetryPenaltyNum,BaseCoverD2E6AThd,BaseCoverD2E6BThd,LittleRateChlFlBkForCSPS,CsPs0kDlRateUpThld,CsPs0kUlRateUpThld,TimetoTrigger4AforCsPsCmb,TrigTimeForPsDch0KRateUp,DCHCongStateThd,CsPsBeDcccProhTimer,DlMidRate2Thd,UlMidRate2Thd,DchThrouEnhMeasPeriod,DchThrouEnhTimeToTrig4A,DchThrouEnhTimeToTrig4B,DchThrouEnhUpThdRatio,DchThrouEnhDnThdRatio
1,RNC18,18,D64,D64,D64,RATE_UP_AND_DOWN_ON_DCH,RATE_UP_AND_DOWN_ON_EDCH,10,20,3_Rates,3_Rates,HAND_APPOINT,D128,3_Rates,3_Rates,HAND_APPOINT,D128,4,60,30,D64,D64,100,D11480,30,0,15,16,OFF,0,0,D0,400,HEAVY_STATE,90,D128,D128,50,1,4,90,80
2,RNC2,,D64,D64,D64,RATE_UP_AND_DOWN_ON_DCH,RATE_UP_AND_DOWN_ON_EDCH,10,20,3_Rates,3_Rates,HAND_APPOINT,D128,3_Rates,3_Rates,HAND_APPOINT,D128,4,60,30,D64,D64,100,D11480,30,0,15,16,OFF,0,0,D0,400,HEAVY_STATE,90,D128,D128,50,1,4,90,80
3,RNC5,,D64,D64,D64,RATE_UP_AND_DOWN_ON_DCH,RATE_UP_AND_DOWN_ON_EDCH,10,20,3_Rates,3_Rates,HAND_APPOINT,D128,3_Rates,3_Rates,HAND_APPOINT,D128,4,60,30,D64,D64,100,D11480,30,0,15,16,OFF,0,0,D0,400,HEAVY_STATE,90,D128,D128,50,1,4,90,80
4,RNC6,,D64,D64,D64,RATE_UP_AND_DOWN_ON_DCH,RATE_UP_AND_DOWN_ON_EDCH,10,20,3_Rates,3_Rates,HAND_APPOINT,D128,3_Rates,3_Rates,HAND_APPOINT,D128,4,60,30,D64,D64,100,D11480,30,0,15,16,OFF,0,0,D0,400,HEAVY_STATE,90,D128,D128,50,1,4,90,80
5,RNC7,,D32,D32,D32,RATE_UP_AND_DOWN_ON_DCH,RATE_UP_AND_DOWN_ON_EDCH,10,20,3_Rates,3_Rates,HAND_APPOINT,D128,3_Rates,3_Rates,HAND_APPOINT,D128,4,60,30,D64,D64,100,D11480,30,0,15,16,OFF,0,0,D0,400,HEAVY_STATE,90,D128,D128,50,1,4,90,80
6,RNC13,,D32,D64,D64,RATE_UP_AND_DOWN_ON_DCH,RATE_UP_AND_DOWN_ON_EDCH,10,20,3_Rates,3_Rates,HAND_APPOINT,D64,3_Rates,3_Rates,HAND_APPOINT,D128,4,60,30,D64,D64,100,D11480,30,0,15,16,HSPA_FALLBACK,1024,200,D0,400,HEAVY_STATE,90,D128,D64,50,1,4,90,80
7,RNC14,,D32,D64,D64,RATE_UP_AND_DOWN_ON_DCH,RATE_UP_AND_DOWN_ON_EDCH,10,20,3_Rates,3_Rates,HAND_APPOINT,D64,3_Rates,3_Rates,HAND_APPOINT,D128,4,60,30,D64,D64,100,D11480,30,0,15,16,OFF,0,0,D0,400,HEAVY_STATE,90,D128,D64,50,1,4,90,80
8,RNC19,19,D32,D32,D32,RATE_UP_AND_DOWN_ON_DCH,RATE_UP_AND_DOWN_ON_EDCH,10,20,3_Rates,3_Rates,HAND_APPOINT,D64,3_Rates,3_Rates,HAND_APPOINT,D64,4,60,30,D64,D64,100,D11480,30,0,15,16,OFF,0,0,D0,400,HEAVY_STATE,90,D64,D64,50,1,4,90,80
9,RNC3,,D32,D64,D64,RATE_UP_AND_DOWN_ON_DCH,RATE_UP_AND_DOWN_ON_EDCH,10,20,3_Rates,3_Rates,HAND_APPOINT,D64,3_Rates,3_Rates,HAND_APPOINT,D128,4,60,30,D64,D64,100,D11480,30,0,15,16,OFF,0,0,D0,400,HEAVY_STATE,90,D128,D64,50,1,4,90,80
10,RNC8,,D32,D32,D32,RATE_UP_AND_DOWN_ON_DCH,RATE_UP_AND_DOWN_ON_EDCH,10,20,3_Rates,3_Rates,HAND_APPOINT,D64,3_Rates,3_Rates,HAND_APPOINT,D64,4,60,30,D64,D64,100,D11480,30,0,15,16,OFF,0,0,D0,400,HEAVY_STATE,90,D64,D64,50,1,4,90,80
11,RNC16,16,D32,D64,D64,RATE_UP_AND_DOWN_ON_DCH,RATE_UP_AND_DOWN_ON_EDCH,10,20,3_Rates,3_Rates,HAND_APPOINT,D64,3_Rates,3_Rates,HAND_APPOINT,D128,4,60,30,D64,D64,100,D11480,30,0,15,16,OFF,0,0,D0,400,HEAVY_STATE,90,D128,D64,50,1,4,90,80
12,RNC1,,D32,D32,D32,RATE_UP_AND_DOWN_ON_DCH,RATE_UP_AND_DOWN_ON_EDCH,10,20,3_Rates,3_Rates,HAND_APPOINT,D64,3_Rates,3_Rates,HAND_APPOINT,D64,4,60,30,D64,D64,100,D11480,30,0,15,16,OFF,0,0,D0,400,HEAVY_STATE,90,D64,D64,50,1,4,90,80
13,RNC15,15,D32,D32,D32,RATE_UP_AND_DOWN_ON_DCH,RATE_UP_AND_DOWN_ON_EDCH,10,20,3_Rates,3_Rates,HAND_APPOINT,D64,3_Rates,3_Rates,HAND_APPOINT,D64,4,60,30,D64,D64,100,D11480,30,0,15,16,OFF,0,0,D0,400,HEAVY_STATE,90,D64,D64,50,1,4,90,80
14,RNC17,17,D32,D32,D32,RATE_UP_AND_DOWN_ON_DCH,RATE_UP_AND_DOWN_ON_EDCH,10,20,3_Rates,3_Rates,HAND_APPOINT,D64,3_Rates,3_Rates,HAND_APPOINT,D64,4,60,30,D64,D64,100,D11480,30,0,15,16,OFF,0,0,D0,400,HEAVY_STATE,90,D64,D64,50,1,4,90,80
15,RNC4,,D32,D32,D32,RATE_UP_AND_DOWN_ON_DCH,RATE_UP_AND_DOWN_ON_EDCH,10,20,3_Rates,3_Rates,HAND_APPOINT,D64,3_Rates,3_Rates,HAND_APPOINT,D64,4,60,30,D64,D64,100,D11480,30,0,15,16,OFF,0,0,D0,400,HEAVY_STATE,90,D64,D64,50,1,4,90,80
