No.,NeName,LogicRncId,DRMaxGSMNum,ServiceDiffDrdSwitch,LdbDRDSwitchDCH,LdbDRDSwitchHSDPA,LdbDRDchoice,SecCellLdbDrdChoice,ConnectFailRrcRedirSwitch,LdbDRDOffsetDCH,LdbDRDOffsetHSDPA,LdbDRDLoadRemainThdDCH,LdbDRDLoadRemainThdHSDPA,LdbDRDTotalPwrProThd,CodeBalancingDrdSwitch,DeltaCodeOccupiedRate,CodeBalancingDrdMinSFThd,CodeBalancingDrdCodeRateThd,ReDirBandInd,ReDirUARFCNUplinkInd,ReDirUARFCNUplink,ReDirUARFCNDownlink,ULLdbDRDSwitchDcHSDPA,ULLdbDRDOffsetDcHSDPA,ULLdbDRDLoadRemainThdDcHSDPA,BasedOnMeasHRetryDRDSwitch,DPGDRDSwitch,HSPAPlusSatisSwitch,PowLoadDRDOptSwitch,HRetryTargCellLoadStusInd,BasedUELocDRDSwitch,RT@TraffTypeForBasedUELoc,NRT@TraffTypeForBasedUELoc,PathlossThdForEdge,PathlossThdForCenter,BasedUELocDRDRemainThd,HSDPALoadDRDOptSwitch,COMacroMicroIFRedirSwitch,DlSFThdForRrcDrdPreCAC,UlCEThdForRrcDrdPreCAC,PWRThdForRrcDrdPreCAC,DCHAdvDRDSwitch,HSDPAAdvDRDSwitch,HRTServiceDiffDRDSwitch,RRCRedirConsiderBarSwitch,SecCellRefBHFlagSwitch,UELocBasedDRDForC2DSwitch,ResCongDrdOptSwitch,HSPAPlusLoadDiffSwitch,HSPAPlusDRDLoadOffsetMC,MBDRDBasedGridSwitch,GridBasedDRDSRThd
1,RNC18,18,2,OFF,OFF,OFF,UserNumber,USER_NUMBER,Allowed_To_Inter_RAT,10,10,35,100,30,OFF,7,SF8,13,DependOnNCell,,,,OFF,10,25,OFF,OFF,ON,OFF,FALSE,OFF,0,1,133,98,30,OFF,OFF,5,2,2,ON,ON,OFF,OFF,OFF,OFF,OFF,OFF,10,OFF,90
2,RNC2,,2,OFF,OFF,OFF,UserNumber,USER_NUMBER,Allowed_To_Inter_RAT,10,10,35,100,30,OFF,7,SF8,13,DependOnNCell,,,,OFF,10,25,OFF,OFF,ON,OFF,FALSE,OFF,0,1,133,98,30,OFF,OFF,5,2,2,ON,ON,OFF,OFF,OFF,OFF,OFF,OFF,10,OFF,90
3,RNC5,,2,OFF,OFF,OFF,UserNumber,USER_NUMBER,Allowed_To_Inter_RAT,10,10,35,100,30,OFF,7,SF8,13,DependOnNCell,,,,OFF,10,25,OFF,OFF,ON,OFF,FALSE,OFF,0,1,133,98,30,OFF,OFF,5,2,2,ON,ON,OFF,OFF,OFF,OFF,OFF,OFF,10,OFF,90
4,RNC6,,2,OFF,OFF,OFF,UserNumber,USER_NUMBER,Allowed_To_Inter_RAT,10,10,35,100,30,OFF,7,SF8,13,DependOnNCell,,,,OFF,10,25,OFF,OFF,ON,OFF,FALSE,OFF,0,1,133,98,30,OFF,OFF,5,2,2,ON,ON,OFF,OFF,OFF,OFF,OFF,OFF,10,OFF,90
5,RNC7,,2,OFF,OFF,OFF,UserNumber,USER_NUMBER,Allowed_To_Inter_RAT,10,10,35,100,30,OFF,7,SF8,13,DependOnNCell,,,,OFF,10,25,OFF,OFF,ON,OFF,FALSE,OFF,0,1,133,98,30,OFF,OFF,5,2,2,ON,ON,OFF,OFF,OFF,OFF,OFF,OFF,10,OFF,90
6,RNC13,,2,OFF,OFF,OFF,UserNumber,USER_NUMBER,Allowed_To_Inter_RAT,10,10,35,100,30,OFF,7,SF8,13,DependOnNCell,,,,OFF,10,25,OFF,OFF,ON,OFF,FALSE,OFF,0,1,133,98,30,OFF,OFF,5,2,2,ON,ON,OFF,OFF,OFF,OFF,OFF,OFF,10,OFF,90
7,RNC14,,2,OFF,OFF,ON,UserNumber,USER_NUMBER,Allowed_To_Inter_RAT,10,5,35,100,30,OFF,7,SF8,13,DependOnNCell,,,,OFF,10,25,OFF,OFF,ON,OFF,FALSE,OFF,0,1,133,113,30,OFF,OFF,5,2,2,ON,ON,OFF,OFF,OFF,OFF,OFF,OFF,10,OFF,90
8,RNC19,19,2,OFF,OFF,OFF,UserNumber,USER_NUMBER,Allowed_To_Inter_RAT,10,10,35,100,30,OFF,7,SF8,13,DependOnNCell,,,,OFF,10,25,OFF,OFF,ON,OFF,FALSE,OFF,0,1,133,98,30,ON,OFF,5,2,2,ON,ON,OFF,OFF,OFF,OFF,OFF,OFF,10,OFF,90
9,RNC3,,2,OFF,OFF,OFF,UserNumber,USER_NUMBER,Allowed_To_Inter_RAT,10,10,35,100,30,OFF,7,SF8,13,DependOnNCell,,,,OFF,10,25,OFF,OFF,ON,OFF,FALSE,OFF,0,1,133,98,30,OFF,OFF,5,2,2,ON,ON,OFF,OFF,OFF,OFF,OFF,OFF,10,OFF,90
10,RNC8,,2,OFF,OFF,OFF,UserNumber,USER_NUMBER,Allowed_To_Inter_RAT,10,10,35,100,30,OFF,7,SF8,13,DependOnNCell,,,,OFF,10,25,OFF,OFF,ON,OFF,FALSE,OFF,0,1,133,98,30,ON,OFF,5,2,2,ON,ON,OFF,OFF,OFF,OFF,OFF,OFF,10,OFF,90
11,RNC16,16,2,OFF,OFF,OFF,UserNumber,USER_NUMBER,Allowed_To_Inter_RAT,10,10,35,100,30,OFF,7,SF8,13,DependOnNCell,,,,OFF,10,25,OFF,OFF,ON,OFF,FALSE,OFF,0,1,133,98,30,OFF,OFF,5,2,2,ON,ON,OFF,OFF,OFF,OFF,OFF,OFF,10,OFF,90
12,RNC1,,2,OFF,OFF,OFF,UserNumber,USER_NUMBER,Allowed_To_Inter_RAT,10,10,35,100,30,OFF,7,SF8,13,DependOnNCell,,,,OFF,10,25,OFF,OFF,ON,OFF,FALSE,OFF,0,1,133,98,30,OFF,OFF,5,2,2,ON,ON,OFF,OFF,OFF,OFF,OFF,OFF,10,OFF,90
13,RNC15,15,2,OFF,OFF,OFF,UserNumber,USER_NUMBER,Allowed_To_Inter_RAT,10,10,35,100,30,OFF,7,SF8,13,DependOnNCell,,,,OFF,10,25,OFF,OFF,ON,OFF,FALSE,OFF,0,1,133,98,30,OFF,OFF,5,2,2,ON,ON,OFF,OFF,OFF,OFF,OFF,OFF,10,OFF,90
14,RNC17,17,2,OFF,OFF,OFF,UserNumber,USER_NUMBER,Allowed_To_Inter_RAT,10,10,35,100,30,OFF,7,SF8,13,DependOnNCell,,,,OFF,10,25,OFF,OFF,ON,OFF,FALSE,OFF,0,1,133,98,30,OFF,OFF,5,2,2,ON,ON,OFF,OFF,OFF,OFF,OFF,OFF,10,OFF,90
15,RNC4,,2,OFF,OFF,OFF,UserNumber,USER_NUMBER,Allowed_To_Inter_RAT,10,10,35,100,30,OFF,7,SF8,13,DependOnNCell,,,,OFF,10,25,OFF,OFF,ON,OFF,FALSE,OFF,0,1,133,98,30,OFF,OFF,5,2,2,ON,ON,OFF,OFF,OFF,OFF,OFF,OFF,10,OFF,90
