No.,NeName,LogicRncId,FdpchMaxRefPwr,FdpchMinRefPwr,ShoLinkIniPO,FdpchInitTxPwrOptSwitch,SCCExtraFdpchTxPwrSwitch,SCCExtraFdpchTxPwr
1,RNC18,18,60,-90,15,OFF,OFF,30
2,RNC2,,60,-90,15,OFF,OFF,30
3,RNC5,,60,-90,15,OFF,OFF,30
4,RNC6,,60,-90,15,OFF,OFF,30
5,RNC7,,60,-90,15,OFF,OFF,30
6,RNC13,,-30,-200,15,OFF,OFF,30
7,RNC14,,-30,-200,15,OFF,OFF,30
8,RNC19,19,-30,-200,15,OFF,OFF,30
9,RNC3,,-30,-200,15,OFF,OFF,30
10,RNC8,,-30,-200,15,OFF,OFF,30
11,RNC16,16,-30,-200,15,OFF,OFF,30
12,RNC1,,60,-90,15,OFF,OFF,30
13,RNC15,15,60,-90,15,OFF,OFF,30
14,RNC17,17,60,-90,15,OFF,OFF,30
15,RNC4,,60,-90,15,OFF,OFF,30
