No.,NeName,LogicRncId,DefaultConstantValue,PwrCtrlAlg,UlTpcStepSize,FddTpcDlStepSize,DpcMode,TfciPo,TpcPo,PilotPo,DlDpchSf256PilotBit,DlSaveCodeResourceSwitch,DlDpchPlSaveMode,DrxCycleLenCoef,UlBeTraffInitBitrate,DlBeTraffInitBitrate,UlDchBeUpperLimitforAmr,DlDchBeUpperLimitforAmr,UlDchBeUpperLimitforOther,DlDchBeUpperLimitforOther,UlStrTransModeOnHsupa,EDpdchPlnonMax,EDpcchPoFor2msTTI,EDpcchPoFor10msTTI,Hsupa10msSchPrdForNonGrant,Hsupa2msSchPrdForNonGrant,Hsupa10msSchPrdForGrant,Hsupa2msSchPrdForGrant,HsupaInitialRate,DlBeH2DInitialRate,ImsBearEnhancedSwitch,ImsInitialAccessRate,VoipHsupaTti,StreamHsupa2msTtiRateThs,BeHsupa2msTtiRateThs,EcN0Ths,EcN0EffectTime,MacPduMaxSizeForDlL2Enhance,RlcPduMaxSizeForUlL2Enhance,RlcPduMinSizeForUlL2Enhance,MacPduMaxSizeForEFach,MIMOor64QAMSwitch,DtxDrxEnablingDelay,SRB_OVER_HSDPA@RetryCapability,SRB_OVER_HSUPA@RetryCapability,TTI_2MS@RetryCapability,MIMO@RetryCapability,64QAM@RetryCapability,DL_L2_ENHANCE@RetryCapability,DTX_DRX@RetryCapability,HSSCCH_LESS_OPERATION@RetryCapability,MIMO_64QAM@RetryCapability,DC_HSDPA@RetryCapability,UL_L2_ENHANCE@RetryCapability,UL_16QAM@RetryCapability,EDPCCH_BOOSTING@RetryCapability,DCMIMO_HSDPA@RetryCapability,DC_HSUPA@RetryCapability,HSDPA_4C_MIMO@RetryCapability,HSDPA_4C@RetryCapability,DBMIMO_HSDPA@RetryCapability,DB_HSDPA@RetryCapability,HSDPA_SFDC@RetryCapability,HSDPA_DF3C@RetryCapability,DpcchSlotFmtForHspa,CSVoiceHsupaTti,CSVoiceHspaUlRelDelay,CSVoiceHspaDlRelDelay,UlIMSTransModeOnHsupa,UlSRBTransModeOnHsupa,MIMO64QAMorDCHSDPASwitch,HsupaUl16QamTotalRateThs,PTTArpPriorityLevel,PTTArpPreEmptCap,PTTArpPreEmptVuln,PTTArpQueuingAllowed,PTTDrxCycleLenCoef,PTTHsupaTti,DefaultSPIWeight,DeltaT2tp,EcBoostingTotalRateThd,DCMIMOMacHsWinSize,EPCHDLEL2MaxRlcPduSize,ERACHMaxPDUSizeforEUL2,ERACHMinPDUSizeforEUL2,UlPttTransModeOnHsupa,SecCellTcpThd,SecCellHUserNumThd,UlDchBeC2DBitRateforAmr,DlDchBeC2DBitRateforAmr,ActtimeAdjustQualThd,CSFBSRBRate,EcN0ThsFor2msTo10ms,WeakCovRrcRedirEcNoThs,NonCsOptiPilotPo,CsOptiPilotPo,DlDpchSf256OptiPilotBit,DCMIMOor4CHSDPASwitch,MacPduMaxSizeForDlHighRate,MbrThdForDlHighRate,EcN0ThdForBaseCoverE2D,BeInitBitrateTypeforCsPs,DftSpiWtFactorForHsupaSho,LoadStateForPilotPwrAdj,PsRcsTHP,PsRcsARP,PsRcsDlDchRate,PsRcsUlDchRate,PsRcsUlChlType,FakeEcNo,EDpcchPoForExtLRate10msTTI,EDpcchPoForExtLRate2msTTI,NRTInitRateforL2U,L2USRVCCEmerCallARP,UltraFlashCSFBSRBRate,SysInBeHsupaToDchThd,SysInBeHsdpaToDchThd,CsPsRelocInBeDownwardRate,UlStrGbr,DlStrGbr,ReorderTimerForMF,G2UEmerCallARP,CSPSRecfgSwBaseRF,PsRecfgEcNOThdforCsPs,PsRecfgRSCPThdforCsPs,PsUlInitLimitRateForPt,DLPwrLoadStaForPtPrior,ULActulLoadStaForPtPrior,DchUserLoadStaForPtPrior,PsDlInitLimitRateForPt,P2DEcNoThd,MultiRABDlSaveCodeSwitch,P2FRedirECN0Ths,RrcSigChTypeOptNonHLdState,FakeEcNoH2D,IubUserAMRFrameMuxNumber,ECN0THDForSRBE2D,UlSRBTransModeOnHsupa10ms,EcN0ThdForBaseCoverE2DCsPs,EcN0ThsFor2msTo10msCsPs,FakeRSCP
1,RNC18,18,-22,ALGORITHM1,1,STEPSIZE_1DB,SINGLE_TPC,0,12,12,D4,ON,11,6,D64,D64,D8,D8,D16,D64,NON-SCHEDULED,11,PO_15/15,PO_9/15,D50,D50,D100,D100,D256,D128,OFF,,EDCH_TTI_10ms,D384,D1280,41,5000,502,302,42,42,64QAM,D32,0,1,1,1,1,1,1,1,0,0,0,1,1,0,0,0,0,0,0,0,0,SLOT_FORMAT_1,EDCH_TTI_10ms,5,5,SCHEDULED,SCHEDULED,DC_HSDPA,3640,1,NOT_TRIGGER,NOT_PRE_EMPTABLE,NOT_ALLOWED,5,EDCH_TTI_2ms,100,PO_12,40,D128,60,302,42,NON-SCHEDULED,80,4,D8,D8,-24,SRB_3.4K,37,21,0,12,D2,HSDPA_4C,1002,85,0,OFF,70,DL_LOADED_STATE,1,1,D384,D384,DCH,25,PO_9/15,PO_30/15,DCH8K,0,SRB_13.6K,10,10,D0,D384,D384,D100,0,OFF,0,-115,NotLimited,DL_LOADED_STATE,UL_LOADED_STATE,DCHUSER_LOADED_STATE,NotLimited,31,OFF,31,DL_HEAVY_STATE,25,5,33,SCHEDULED,0,37,-116
2,RNC2,,-22,ALGORITHM1,1,STEPSIZE_1DB,SINGLE_TPC,0,12,12,D4,ON,11,6,D64,D64,D8,D8,D16,D64,NON-SCHEDULED,11,PO_15/15,PO_9/15,D50,D50,D100,D100,D256,D128,OFF,,EDCH_TTI_10ms,D384,D1280,41,5000,502,302,42,42,64QAM,D32,0,1,1,1,1,1,1,1,0,0,0,1,1,0,0,0,0,0,0,0,0,SLOT_FORMAT_1,EDCH_TTI_10ms,5,5,SCHEDULED,SCHEDULED,DC_HSDPA,3640,1,NOT_TRIGGER,NOT_PRE_EMPTABLE,NOT_ALLOWED,5,EDCH_TTI_2ms,100,PO_12,40,D128,60,302,42,NON-SCHEDULED,80,4,D8,D8,-24,SRB_3.4K,37,21,0,12,D2,HSDPA_4C,1002,85,0,OFF,70,DL_LOADED_STATE,1,1,D384,D384,DCH,25,PO_9/15,PO_30/15,DCH8K,0,SRB_13.6K,10,10,D0,D384,D384,D100,0,OFF,0,-115,NotLimited,DL_LOADED_STATE,UL_LOADED_STATE,DCHUSER_LOADED_STATE,NotLimited,31,OFF,31,DL_HEAVY_STATE,25,5,33,SCHEDULED,0,37,-116
3,RNC5,,-22,ALGORITHM1,1,STEPSIZE_1DB,SINGLE_TPC,0,12,12,D4,ON,11,6,D32,D32,D8,D8,D16,D64,NON-SCHEDULED,11,PO_15/15,PO_9/15,D50,D50,D100,D100,D256,D128,OFF,,EDCH_TTI_10ms,D384,D1280,41,5000,502,302,42,42,64QAM,D32,0,1,1,1,1,1,1,1,0,0,0,0,0,0,0,0,0,0,0,0,0,SLOT_FORMAT_1,EDCH_TTI_10ms,5,5,SCHEDULED,SCHEDULED,DC_HSDPA,3640,1,NOT_TRIGGER,NOT_PRE_EMPTABLE,NOT_ALLOWED,5,EDCH_TTI_2ms,100,PO_12,10,D128,60,302,42,NON-SCHEDULED,80,4,D8,D8,-24,SRB_3.4K,37,21,0,12,D2,HSDPA_4C,1002,85,0,OFF,70,DL_LOADED_STATE,1,1,D384,D384,DCH,25,PO_9/15,PO_30/15,DCH8K,0,SRB_13.6K,10,10,D0,D384,D384,D100,0,OFF,0,-115,NotLimited,DL_LOADED_STATE,UL_LOADED_STATE,DCHUSER_LOADED_STATE,NotLimited,31,OFF,31,DL_HEAVY_STATE,25,5,33,SCHEDULED,0,37,-116
4,RNC6,,-22,ALGORITHM1,1,STEPSIZE_1DB,SINGLE_TPC,0,12,12,D4,ON,11,6,D32,D32,D8,D8,D16,D64,NON-SCHEDULED,11,PO_15/15,PO_9/15,D50,D50,D100,D100,D256,D128,OFF,,EDCH_TTI_10ms,D384,D1280,41,5000,502,302,42,42,64QAM,D32,0,1,1,1,1,1,1,1,0,0,0,0,0,0,0,0,0,0,0,0,0,SLOT_FORMAT_1,EDCH_TTI_10ms,5,5,SCHEDULED,SCHEDULED,DC_HSDPA,3640,1,NOT_TRIGGER,NOT_PRE_EMPTABLE,NOT_ALLOWED,5,EDCH_TTI_2ms,100,PO_12,10,D128,60,302,42,NON-SCHEDULED,80,4,D8,D8,-24,SRB_3.4K,37,21,0,12,D2,HSDPA_4C,1002,85,0,OFF,70,DL_LOADED_STATE,1,1,D384,D384,DCH,25,PO_9/15,PO_30/15,DCH8K,0,SRB_13.6K,10,10,D0,D384,D384,D100,0,OFF,0,-115,NotLimited,DL_LOADED_STATE,UL_LOADED_STATE,DCHUSER_LOADED_STATE,NotLimited,31,OFF,31,DL_HEAVY_STATE,25,5,33,SCHEDULED,0,37,-116
5,RNC7,,-22,ALGORITHM1,1,STEPSIZE_1DB,SINGLE_TPC,0,12,12,D4,ON,11,6,D32,D32,D8,D8,D16,D64,NON-SCHEDULED,11,PO_15/15,PO_9/15,D50,D50,D100,D100,D256,D128,OFF,,EDCH_TTI_10ms,D384,D1280,41,5000,502,302,42,42,64QAM,D32,0,1,1,1,1,1,1,1,0,0,0,0,0,0,0,0,0,0,0,0,0,SLOT_FORMAT_1,EDCH_TTI_10ms,5,5,SCHEDULED,SCHEDULED,DC_HSDPA,3640,1,NOT_TRIGGER,NOT_PRE_EMPTABLE,NOT_ALLOWED,5,EDCH_TTI_2ms,100,PO_12,10,D128,60,302,42,NON-SCHEDULED,80,4,D8,D8,-24,SRB_3.4K,37,13,0,12,D2,HSDPA_4C,1002,85,0,OFF,70,DL_LOADED_STATE,1,1,D384,D384,DCH,25,PO_9/15,PO_30/15,DCH8K,0,SRB_13.6K,10,10,D0,D384,D384,D100,0,OFF,0,-115,NotLimited,DL_LOADED_STATE,UL_LOADED_STATE,DCHUSER_LOADED_STATE,NotLimited,31,OFF,31,DL_HEAVY_STATE,25,5,33,SCHEDULED,0,37,-116
6,RNC13,,-22,ALGORITHM1,1,STEPSIZE_1DB,SINGLE_TPC,0,12,12,D4,ON,11,6,D32,D64,D64,D384,D16,D64,NON-SCHEDULED,11,PO_15/15,PO_9/15,D50,D50,D100,D100,D256,D128,OFF,,EDCH_TTI_10ms,D384,D1280,41,5000,502,302,42,42,64QAM,D32,1,1,0,1,1,1,1,1,0,0,0,0,0,0,0,0,0,0,0,0,0,SLOT_FORMAT_1,EDCH_TTI_10ms,5,5,SCHEDULED,SCHEDULED,DC_HSDPA,3640,1,NOT_TRIGGER,NOT_PRE_EMPTABLE,NOT_ALLOWED,5,EDCH_TTI_2ms,100,PO_12,10,D128,60,302,42,NON-SCHEDULED,80,4,D8,D8,-24,SRB_3.4K,20,13,0,12,D2,HSDPA_4C,1002,85,0,DCH8KHSDPA,70,DL_HEAVY_STATE,1,1,D384,D384,DCH,29,PO_9/15,PO_30/15,DCH8K,0,SRB_13.6K,10,10,D0,D384,D384,D100,0,OFF,21,-95,NotLimited,DL_LOADED_STATE,UL_LOADED_STATE,DCHUSER_LOADED_STATE,NotLimited,31,OFF,31,DL_HEAVY_STATE,29,5,33,SCHEDULED,0,20,-116
7,RNC14,,-22,ALGORITHM1,1,STEPSIZE_1DB,SINGLE_TPC,0,12,12,D4,ON,11,6,D32,D64,D8,D8,D16,D64,NON-SCHEDULED,11,PO_15/15,PO_9/15,D50,D50,D100,D100,D256,D128,OFF,,EDCH_TTI_10ms,D384,D1280,41,5000,502,302,42,42,64QAM,D32,1,1,0,1,1,1,1,1,0,0,0,0,0,0,0,0,0,0,0,0,0,SLOT_FORMAT_1,EDCH_TTI_10ms,5,5,SCHEDULED,SCHEDULED,DC_HSDPA,3640,1,NOT_TRIGGER,NOT_PRE_EMPTABLE,NOT_ALLOWED,5,EDCH_TTI_2ms,100,PO_12,10,D128,60,302,42,NON-SCHEDULED,80,4,D8,D8,-24,SRB_3.4K,16,13,0,12,D2,HSDPA_4C,1002,85,0,OFF,70,DL_LOADED_STATE,1,1,D384,D384,DCH,29,PO_9/15,PO_30/15,DCH8K,0,SRB_13.6K,10,10,D0,D384,D384,D100,0,OFF,0,-115,NotLimited,DL_LOADED_STATE,UL_LOADED_STATE,DCHUSER_LOADED_STATE,NotLimited,31,OFF,31,DL_HEAVY_STATE,29,5,33,SCHEDULED,0,16,-116
8,RNC19,19,-22,ALGORITHM1,1,STEPSIZE_1DB,SINGLE_TPC,0,12,12,D4,ON,11,6,D32,D64,D8,D8,D16,D64,NON-SCHEDULED,11,PO_15/15,PO_9/15,D50,D50,D100,D100,D256,D128,OFF,,EDCH_TTI_10ms,D384,D1280,37,5000,502,302,42,42,64QAM,D32,1,1,0,1,1,1,1,1,0,0,0,0,0,0,0,0,0,0,0,0,0,SLOT_FORMAT_1,EDCH_TTI_10ms,5,5,SCHEDULED,SCHEDULED,DC_HSDPA,3640,1,NOT_TRIGGER,NOT_PRE_EMPTABLE,NOT_ALLOWED,5,EDCH_TTI_2ms,100,PO_12,10,D128,60,302,42,NON-SCHEDULED,80,4,D8,D8,-24,SRB_3.4K,28,13,2,12,D2,HSDPA_4C,1002,85,0,OFF,70,DL_LOADED_STATE,1,1,D384,D384,DCH,29,PO_9/15,PO_30/15,DCH8K,0,SRB_13.6K,10,10,D0,D384,D384,D100,0,OFF,0,-115,NotLimited,DL_LOADED_STATE,UL_LOADED_STATE,DCHUSER_LOADED_STATE,NotLimited,31,OFF,31,DL_HEAVY_STATE,29,5,33,SCHEDULED,0,28,-116
9,RNC3,,-22,ALGORITHM1,1,STEPSIZE_1DB,SINGLE_TPC,0,12,12,D4,ON,11,6,D32,D64,D8,D8,D16,D64,NON-SCHEDULED,11,PO_15/15,PO_9/15,D50,D50,D100,D100,D256,D128,OFF,,EDCH_TTI_10ms,D384,D1280,41,5000,502,302,42,42,64QAM,D32,1,1,0,1,1,1,1,1,0,0,0,1,1,0,0,0,0,0,0,0,0,SLOT_FORMAT_1,EDCH_TTI_10ms,5,5,SCHEDULED,SCHEDULED,DC_HSDPA,3640,1,NOT_TRIGGER,NOT_PRE_EMPTABLE,NOT_ALLOWED,5,EDCH_TTI_2ms,100,PO_12,40,D128,60,302,42,NON-SCHEDULED,80,4,D8,D8,-24,SRB_3.4K,37,13,0,12,D2,HSDPA_4C,1002,85,0,OFF,70,DL_LOADED_STATE,1,1,D384,D384,DCH,29,PO_9/15,PO_30/15,DCH8K,0,SRB_13.6K,10,10,D0,D384,D384,D100,0,OFF,0,-115,NotLimited,DL_LOADED_STATE,UL_LOADED_STATE,DCHUSER_LOADED_STATE,NotLimited,31,OFF,31,DL_HEAVY_STATE,29,5,33,SCHEDULED,0,37,-116
10,RNC8,,-22,ALGORITHM1,1,STEPSIZE_1DB,SINGLE_TPC,0,12,12,D4,ON,11,6,D32,D64,D8,D8,D16,D64,NON-SCHEDULED,11,PO_15/15,PO_9/15,D50,D50,D100,D100,D256,D128,OFF,,EDCH_TTI_10ms,D384,D1280,37,5000,502,302,42,42,64QAM,D32,1,1,0,1,1,1,1,1,0,0,0,0,0,0,0,0,0,0,0,0,0,SLOT_FORMAT_1,EDCH_TTI_10ms,5,5,SCHEDULED,SCHEDULED,DC_HSDPA,3640,1,NOT_TRIGGER,NOT_PRE_EMPTABLE,NOT_ALLOWED,5,EDCH_TTI_2ms,100,PO_12,10,D128,60,302,42,NON-SCHEDULED,80,4,D8,D8,-24,SRB_3.4K,28,13,2,12,D2,HSDPA_4C,1002,85,0,OFF,70,DL_LOADED_STATE,1,1,D384,D384,DCH,29,PO_9/15,PO_30/15,DCH8K,0,SRB_13.6K,10,10,D0,D384,D384,D100,0,OFF,0,-115,NotLimited,DL_LOADED_STATE,UL_LOADED_STATE,DCHUSER_LOADED_STATE,NotLimited,31,OFF,31,DL_HEAVY_STATE,29,5,33,SCHEDULED,0,28,-116
11,RNC16,16,-22,ALGORITHM1,1,STEPSIZE_1DB,SINGLE_TPC,0,12,12,D4,ON,11,6,D32,D64,D8,D8,D16,D64,NON-SCHEDULED,11,PO_15/15,PO_9/15,D50,D50,D100,D100,D256,D128,OFF,,EDCH_TTI_10ms,D384,D1280,41,5000,502,302,42,42,64QAM,D32,1,1,0,1,1,1,1,1,0,0,0,0,0,0,0,0,0,0,0,0,0,SLOT_FORMAT_1,EDCH_TTI_10ms,5,5,SCHEDULED,SCHEDULED,DC_HSDPA,3640,1,NOT_TRIGGER,NOT_PRE_EMPTABLE,NOT_ALLOWED,5,EDCH_TTI_2ms,100,PO_12,10,D128,60,302,42,NON-SCHEDULED,80,4,D8,D8,-24,SRB_3.4K,16,13,0,12,D2,HSDPA_4C,1002,85,0,OFF,70,DL_LOADED_STATE,1,1,D384,D384,DCH,29,PO_9/15,PO_30/15,DCH8K,0,SRB_13.6K,10,10,D0,D384,D384,D100,0,OFF,0,-115,NotLimited,DL_LOADED_STATE,UL_LOADED_STATE,DCHUSER_LOADED_STATE,NotLimited,31,OFF,31,DL_HEAVY_STATE,29,5,33,SCHEDULED,0,16,-116
12,RNC1,,-22,ALGORITHM1,1,STEPSIZE_1DB,SINGLE_TPC,0,12,12,D4,ON,11,6,D32,D32,D8,D8,D16,D64,NON-SCHEDULED,11,PO_15/15,PO_9/15,D50,D50,D100,D100,D256,D128,OFF,,EDCH_TTI_10ms,D384,D1280,41,5000,502,302,42,42,64QAM,D32,0,1,0,1,1,1,1,1,0,0,0,1,1,0,0,0,0,0,0,0,0,SLOT_FORMAT_1,EDCH_TTI_10ms,5,5,SCHEDULED,SCHEDULED,DC_HSDPA,3640,1,NOT_TRIGGER,NOT_PRE_EMPTABLE,NOT_ALLOWED,5,EDCH_TTI_2ms,100,PO_12,40,D128,60,302,42,NON-SCHEDULED,80,4,D8,D8,-24,SRB_3.4K,26,13,0,12,D2,HSDPA_4C,1002,85,0,OFF,70,DL_LOADED_STATE,1,1,D384,D384,DCH,27,PO_9/15,PO_30/15,DCH8K,0,SRB_13.6K,10,10,D0,D384,D384,D100,0,OFF,0,-115,NotLimited,DL_LOADED_STATE,UL_LOADED_STATE,DCHUSER_LOADED_STATE,NotLimited,31,OFF,31,DL_HEAVY_STATE,27,5,33,SCHEDULED,0,26,-116
13,RNC15,15,-22,ALGORITHM1,1,STEPSIZE_1DB,SINGLE_TPC,0,12,12,D4,ON,11,6,D32,D32,D8,D8,D16,D64,NON-SCHEDULED,11,PO_15/15,PO_9/15,D50,D50,D100,D100,D256,D128,OFF,,EDCH_TTI_10ms,D384,D1280,41,5000,502,302,42,42,64QAM,D32,0,1,0,1,1,1,1,1,0,0,0,1,1,0,0,0,0,0,0,0,0,SLOT_FORMAT_1,EDCH_TTI_10ms,5,5,SCHEDULED,SCHEDULED,DC_HSDPA,3640,1,NOT_TRIGGER,NOT_PRE_EMPTABLE,NOT_ALLOWED,5,EDCH_TTI_2ms,100,PO_12,40,D128,60,302,42,NON-SCHEDULED,80,4,D8,D8,-24,SRB_3.4K,26,13,0,12,D2,HSDPA_4C,1002,85,0,OFF,70,DL_LOADED_STATE,1,1,D384,D384,DCH,27,PO_9/15,PO_30/15,DCH8K,0,SRB_13.6K,10,10,D0,D384,D384,D100,0,OFF,0,-115,NotLimited,DL_LOADED_STATE,UL_LOADED_STATE,DCHUSER_LOADED_STATE,NotLimited,31,OFF,31,DL_HEAVY_STATE,27,5,33,SCHEDULED,0,26,-116
14,RNC17,17,-22,ALGORITHM1,1,STEPSIZE_1DB,SINGLE_TPC,0,12,12,D4,ON,11,6,D16,D16,D8,D8,D16,D64,NON-SCHEDULED,11,PO_15/15,PO_9/15,D50,D50,D100,D100,D256,D128,OFF,,EDCH_TTI_10ms,D384,D1280,41,5000,502,302,42,42,64QAM,D32,0,1,0,1,1,1,1,1,0,0,0,0,0,0,0,0,0,0,0,0,0,SLOT_FORMAT_1,EDCH_TTI_10ms,5,5,SCHEDULED,SCHEDULED,DC_HSDPA,3640,1,NOT_TRIGGER,NOT_PRE_EMPTABLE,NOT_ALLOWED,5,EDCH_TTI_2ms,100,PO_12,10,D128,60,302,42,NON-SCHEDULED,80,4,D8,D8,-24,SRB_3.4K,37,13,0,12,D2,HSDPA_4C,1002,85,0,OFF,70,DL_LOADED_STATE,1,1,D384,D384,DCH,50,PO_9/15,PO_30/15,DCH8K,0,SRB_13.6K,10,10,D0,D384,D384,D100,0,OFF,0,-115,NotLimited,DL_LOADED_STATE,UL_LOADED_STATE,DCHUSER_LOADED_STATE,NotLimited,31,OFF,31,DL_HEAVY_STATE,50,5,33,SCHEDULED,0,37,-116
15,RNC4,,-22,ALGORITHM1,1,STEPSIZE_1DB,SINGLE_TPC,0,12,12,D4,ON,11,6,D16,D16,D8,D8,D16,D64,NON-SCHEDULED,11,PO_15/15,PO_9/15,D50,D50,D100,D100,D256,D128,OFF,,EDCH_TTI_10ms,D384,D1280,41,5000,502,302,42,42,64QAM,D32,0,1,0,1,1,1,1,1,0,0,0,0,0,0,0,0,0,0,0,0,0,SLOT_FORMAT_1,EDCH_TTI_10ms,5,5,SCHEDULED,SCHEDULED,DC_HSDPA,3640,1,NOT_TRIGGER,NOT_PRE_EMPTABLE,NOT_ALLOWED,5,EDCH_TTI_2ms,100,PO_12,10,D128,60,302,42,NON-SCHEDULED,80,4,D8,D8,-24,SRB_3.4K,37,13,0,12,D2,HSDPA_4C,1002,85,0,OFF,70,DL_LOADED_STATE,1,1,D384,D384,DCH,50,PO_9/15,PO_30/15,DCH8K,0,SRB_13.6K,10,10,D0,D384,D384,D100,0,OFF,0,-115,NotLimited,DL_LOADED_STATE,UL_LOADED_STATE,DCHUSER_LOADED_STATE,NotLimited,31,OFF,31,DL_HEAVY_STATE,50,5,33,SCHEDULED,0,37,-116
