No.,NeName,LogicRncId,FilterCoef,IntraFreqMeasQuantity,PeriodMRReportNumfor1A,ReportIntervalfor1A,PeriodMRReportNumfor1C,ReportIntervalfor1C,PeriodMRReportNumfor1J,ReportIntervalfor1J,IntraRelThdFor1ACSVP,IntraRelThdFor1ACSNVP,IntraRelThdFor1APS,IntraRelThdFor1BCSVP,IntraRelThdFor1BCSNVP,IntraRelThdFor1BPS,IntraAblThdFor1FEcNo,IntraAblThdFor1FRSCP,HystFor1A,HystFor1B,HystFor1C,HystFor1D,HystFor1F,HystFor1J,Weight,TrigTime1A,TrigTime1B,TrigTime1C,TrigTime1D,TrigTime1F,TrigTime1J,ShoFailPeriod,ShoFailNumForDwnGrd,RelThdForDwnGrd,DcccShoPenaltyTime,SHOQualmin,MaxCellInActiveSet,BlindHORSCP1FThreshold,BlindHOIntrafreqMRInterval,BlindHOIntrafreqMRAmount,SoftFailD2FSwitch,SoftFailF2DPunishTimer,SoftFailD2FOffset,SoftFailE2DSwitch,Hyst1AOr1CTrigSCC,Hyst1DJudgeTrigSCC,HystFor1DRSCP,TrigTime1DRSCP,DetSetCellFrameOffsetThd,SecIntraAblThdFor1FEcNo,SecIntraAblThdFor1FRSCP,SecHystFor1F,SecTrigTime1F,SecPeriodMRReportNumfor1A,SecReportIntervalfor1A,SecIntraRelThdFor1APS,SecHystFor1A,SecTrigTime1A,SecIntraRelThdFor1BPS,SecHystFor1B,SecTrigTime1B,SecPeriodMRReportNumfor1C,SecReportIntervalfor1C,SecHystFor1C,SecTrigTime1C,TrigTime1DForSrbOverHsdpa,IntraRelThldFor1APre,PeriodMRReportNumfor1APre,ReportIntervalfor1APre,TrigTime1APre,HystFor1APre,ShoEcNoOffsetForPSRej,ShoBCellEcNoThldForPSRej,ShoBCellEcNoThldForPSAdd,DynActiveSetMaxCellThld,PtUserRSCPOffsetFor2D2F,PtUserRelThdOffsetFor1A1B,PtUserMaxActiveSetOffset,PtUserEcN0OffsetFor2D2F
1,RNC18,18,D3,CPICH_EC/NO,D16,D4000,D16,D4000,D64,D1000,6,6,6,12,12,12,-24,,0,0,8,8,8,8,0,D640,D640,D640,D640,D640,D640,60,3,2,30,-18,3,-115,D250,D2,OFF,10,0,OFF,14,14,2,D640,30,-24,-115,8,D640,D16,D4000,6,0,D160,12,0,D1280,D16,D4000,8,D640,D640,13,D4,D4000,D640,2,4,-4,-14,6,0,0,0,0
2,RNC2,,D3,CPICH_EC/NO,D16,D4000,D16,D4000,D64,D1000,6,6,6,12,12,12,-24,,0,0,8,8,8,8,0,D320,D640,D640,D640,D640,D640,60,3,2,30,-18,3,-115,D250,D2,OFF,10,0,OFF,14,14,2,D640,30,-24,-115,8,D640,D16,D4000,6,0,D160,12,0,D1280,D16,D4000,8,D640,D640,13,D4,D4000,D640,2,4,-4,-14,6,0,0,0,0
3,RNC5,,D3,CPICH_EC/NO,D16,D4000,D16,D4000,D64,D1000,6,6,6,12,12,12,-24,,0,0,8,8,8,8,0,D320,D640,D640,D640,D640,D640,60,3,2,30,-18,3,-115,D250,D2,OFF,10,0,OFF,14,14,2,D640,30,-24,-115,8,D640,D16,D4000,6,0,D160,12,0,D1280,D16,D4000,8,D640,D640,13,D4,D4000,D640,2,4,-4,-14,6,0,0,0,0
4,RNC6,,D3,CPICH_EC/NO,D16,D4000,D16,D4000,D64,D1000,6,6,6,12,12,12,-24,,0,0,8,8,8,8,0,D320,D640,D640,D640,D640,D640,60,3,2,30,-18,3,-115,D250,D2,OFF,10,0,OFF,14,14,2,D640,30,-24,-115,8,D640,D16,D4000,6,0,D160,12,0,D1280,D16,D4000,8,D640,D640,13,D4,D4000,D640,2,4,-4,-14,6,0,0,0,0
5,RNC7,,D3,CPICH_EC/NO,D16,D4000,D16,D4000,D64,D1000,6,6,6,12,12,12,-24,,0,0,8,8,8,8,0,D320,D640,D640,D640,D640,D640,60,3,2,30,-18,3,-115,D250,D2,OFF,10,0,OFF,14,14,2,D640,30,-24,-115,8,D640,D16,D4000,6,0,D160,12,0,D1280,D16,D4000,8,D640,D640,13,D4,D4000,D640,2,4,-4,-14,6,0,0,0,0
6,RNC13,,D3,CPICH_EC/NO,D16,D4000,D16,D4000,D64,D1000,6,6,6,12,12,12,-24,,0,0,8,8,8,8,0,D320,D640,D640,D640,D640,D640,60,3,2,30,-18,3,-115,D250,D2,OFF,10,0,OFF,14,14,2,D640,30,-24,-115,8,D640,D16,D4000,6,0,D160,12,0,D1280,D16,D4000,8,D640,D640,13,D4,D4000,D640,2,4,-4,-14,6,0,0,0,0
7,RNC14,,D3,CPICH_EC/NO,D16,D4000,D16,D4000,D64,D1000,6,6,6,12,12,12,-24,,0,0,8,8,8,8,0,D320,D640,D640,D640,D640,D640,60,3,2,30,-18,3,-115,D250,D2,OFF,10,0,OFF,14,14,2,D640,30,-24,-115,8,D640,D16,D4000,6,0,D160,12,0,D1280,D16,D4000,8,D640,D640,13,D4,D4000,D640,2,4,-4,-14,6,0,0,0,0
8,RNC19,19,D3,CPICH_EC/NO,D16,D4000,D16,D4000,D64,D1000,6,6,6,12,12,12,-24,,0,0,8,8,8,8,0,D320,D640,D640,D640,D640,D640,60,3,2,30,-20,3,-115,D250,D2,OFF,10,4,OFF,14,14,2,D640,30,-24,-115,8,D640,D16,D4000,6,0,D160,12,0,D1280,D16,D4000,8,D640,D320,13,D4,D4000,D640,2,4,-4,-14,6,0,0,0,0
9,RNC3,,D3,CPICH_EC/NO,D16,D4000,D16,D4000,D64,D1000,6,6,6,12,12,12,-24,,0,0,8,8,8,8,0,D320,D640,D640,D640,D640,D640,60,3,2,30,-18,3,-115,D250,D2,OFF,10,0,OFF,14,14,2,D640,30,-24,-115,8,D640,D16,D4000,6,0,D160,12,0,D1280,D16,D4000,8,D640,D640,13,D4,D4000,D640,2,4,-4,-14,6,0,0,0,0
10,RNC8,,D3,CPICH_EC/NO,D16,D4000,D16,D4000,D64,D1000,6,6,6,12,12,12,-24,,0,0,8,8,8,8,0,D320,D640,D640,D640,D640,D640,60,3,2,30,-18,3,-115,D250,D2,OFF,10,0,OFF,14,14,2,D640,30,-24,-115,8,D640,D16,D4000,6,0,D160,12,0,D1280,D16,D4000,8,D640,D640,13,D4,D4000,D640,2,4,-4,-14,6,0,0,0,0
11,RNC16,16,D3,CPICH_EC/NO,D16,D4000,D16,D4000,D64,D1000,6,6,6,12,12,12,-24,,0,0,8,8,8,8,0,D320,D640,D640,D640,D640,D640,60,3,2,30,-18,3,-115,D250,D2,OFF,10,0,OFF,14,14,2,D640,30,-24,-115,8,D640,D16,D4000,6,0,D160,12,0,D1280,D16,D4000,8,D640,D640,13,D4,D4000,D640,2,4,-4,-14,6,0,0,0,0
12,RNC1,,D3,CPICH_EC/NO,D16,D4000,D16,D4000,D64,D1000,6,6,6,12,12,12,-24,,0,0,8,8,8,8,0,D320,D640,D640,D640,D640,D640,60,3,2,30,-18,3,-115,D250,D2,OFF,10,0,OFF,14,14,2,D640,30,-24,-115,8,D640,D16,D4000,6,0,D160,12,0,D1280,D16,D4000,8,D640,D640,13,D4,D4000,D640,2,4,-4,-14,6,0,0,0,0
13,RNC15,15,D3,CPICH_EC/NO,D16,D4000,D16,D4000,D64,D1000,6,6,6,12,12,12,-24,,0,0,8,8,8,8,0,D320,D640,D640,D640,D640,D640,60,3,2,30,-18,3,-115,D250,D2,OFF,10,0,OFF,14,14,2,D640,30,-24,-115,8,D640,D16,D4000,6,0,D160,12,0,D1280,D16,D4000,8,D640,D640,13,D4,D4000,D640,2,4,-4,-14,6,0,0,0,0
14,RNC17,17,D3,CPICH_EC/NO,D16,D4000,D16,D4000,D64,D1000,6,6,6,12,12,12,-24,,0,0,8,8,8,8,0,D320,D640,D640,D640,D640,D640,60,3,2,30,-18,3,-115,D250,D2,OFF,10,0,OFF,14,14,2,D640,30,-24,-115,8,D640,D16,D4000,6,0,D160,12,0,D1280,D16,D4000,8,D640,D640,13,D4,D4000,D640,2,4,-4,-14,6,0,0,0,0
15,RNC4,,D3,CPICH_EC/NO,D16,D4000,D16,D4000,D64,D1000,6,6,6,12,12,12,-24,,0,0,8,8,8,8,0,D320,D640,D640,D640,D640,D640,60,3,2,30,-18,3,-115,D250,D2,OFF,10,0,OFF,14,14,2,D640,30,-24,-115,8,D640,D16,D4000,6,0,D160,12,0,D1280,D16,D4000,8,D640,D640,13,D4,D4000,D640,2,4,-4,-14,6,0,0,0,0
