No.,NeName,LogicRncId,InterFreqFilterCoef,Hystfor2C,TrigTime2C,InterFreqNCovHOThdEcN0,InterFreqMeasTime,PeriodFor2C,AmntOfRpt2C
1,RNC18,18,D3,6,D640,-16,15,4,1
2,RNC2,,D3,6,D640,-16,15,4,1
3,RNC5,,D3,6,D640,-16,15,4,1
4,RNC6,,D3,6,D640,-16,15,4,1
5,RNC7,,D3,6,D640,-16,15,4,1
6,RNC13,,D3,6,D640,-16,15,4,1
7,RNC14,,D3,6,D640,-16,15,4,1
8,RNC19,19,D3,6,D640,-16,15,4,1
9,RNC3,,D3,6,D640,-16,15,4,1
10,RNC8,,D3,6,D640,-16,15,4,1
11,RNC16,16,D3,6,D640,-16,15,4,1
12,RNC1,,D3,6,D640,-16,15,4,1
13,RNC15,15,D3,6,D640,-16,15,4,1
14,RNC17,17,D3,6,D640,-16,15,4,1
15,RNC4,,D3,6,D640,-16,15,4,1
