No.,NeName,LogicRncId,InterRatReportMode,FilterCoefOf2D2F,MeasQuantityOf3A,InterRATFilterCoef,WeightForUsedFreq,InterRATPeriodReportInterval,Hystfor2D,Hystfor2F,Hystfor3A,HystforInterRAT,TrigTime2D,TrigTime2F,TrigTime3A,TimeToTrigForNonVerify,TimeToTrigForVerify,BSICVerify,InterRATCSThd2DEcN0,InterRATCSThd2FEcN0,InterRATR99PsThd2DEcN0,InterRATHThd2DEcN0,InterRATR99PsThd2FEcN0,InterRATHThd2FEcN0,InterRATCSThd2DRSCP,InterRATCSThd2FRSCP,InterRATR99PsThd2DRSCP,InterRATHThd2DRSCP,InterRATR99PsThd2FRSCP,InterRATHThd2FRSCP,TargetRatCsThd,TargetRatR99PsThd,TargetRatHThd,UsedFreqCsThdEcN0,UsedFreqR99PsThdEcN0,UsedFreqHThdEcN0,UsedFreqCsThdRscp,UsedFreqR99PsThdRscp,UsedFreqHThdRscp,InterRATMeasTime,InterRATPingPongTimer,InterRATPingPongHyst,PeriodFor3A,AmntOfRpt3A,InterRatPhyChFailNum,PenaltyTimeForPhyChFail,UsedIRATHOUpperThdEcNo,UsedIRATHOLowerThdEcNo,CsBSICVerifyIndication,PsBSICVerifyIndication,InterRATHO2DEventType,InterRATCovPenaltyTime,InterRATHO2DPSR99EventType,InterRATHO2DPSHEventType
1,RNC18,18,PERIODICAL_REPORTING,D3,,D3,0,D1000,4,4,,0,D320,D1280,,0,0,REQUIRED,-14,-12,-15,-15,-13,-13,-100,-97,-110,-110,-107,-107,16,16,16,,,,,,,60,0,0,,,3,30,0,-18,BSICINIT_AND_RECONFIRM,BSICINIT_AND_RECONFIRM,ECNOANDRSCP,50,ECNOANDRSCP,ECNOANDRSCP
2,RNC2,,PERIODICAL_REPORTING,D3,,D3,0,D1000,4,4,,0,D320,D1280,,0,0,REQUIRED,-14,-12,-15,-15,-13,-13,-100,-97,-110,-110,-107,-107,16,16,16,,,,,,,60,0,0,,,3,30,0,-18,BSICINIT_AND_RECONFIRM,BSICINIT_AND_RECONFIRM,ECNOANDRSCP,50,ECNOANDRSCP,ECNOANDRSCP
3,RNC5,,PERIODICAL_REPORTING,D3,,D3,0,D1000,4,4,,0,D320,D1280,,0,0,REQUIRED,-14,-12,-15,-15,-13,-13,-100,-97,-110,-110,-107,-107,26,26,16,,,,,,,60,0,0,,,1,90,0,-18,BSICINIT_AND_RECONFIRM,BSICINIT_AND_RECONFIRM,ECNOANDRSCP,50,ECNOANDRSCP,ECNOANDRSCP
4,RNC6,,PERIODICAL_REPORTING,D3,,D3,0,D1000,4,4,,0,D320,D1280,,0,0,REQUIRED,-14,-12,-15,-15,-13,-13,-100,-97,-110,-110,-107,-107,16,16,16,,,,,,,60,0,0,,,3,30,0,-18,BSICINIT_AND_RECONFIRM,BSICINIT_AND_RECONFIRM,ECNOANDRSCP,50,ECNOANDRSCP,ECNOANDRSCP
5,RNC7,,PERIODICAL_REPORTING,D3,,D3,0,D1000,4,4,,0,D320,D1280,,0,0,REQUIRED,-14,-12,-15,-15,-13,-13,-100,-97,-110,-110,-107,-107,16,16,16,,,,,,,60,0,0,,,3,30,0,-18,BSICINIT_AND_RECONFIRM,BSICINIT_AND_RECONFIRM,ECNOANDRSCP,50,ECNOANDRSCP,ECNOANDRSCP
6,RNC13,,PERIODICAL_REPORTING,D3,,D3,0,D1000,4,4,,0,D320,D1280,,0,0,REQUIRED,-14,-12,-15,-15,-13,-13,-100,-97,-110,-110,-107,-107,16,16,16,,,,,,,60,0,0,,,3,30,0,-16,BSICINIT_AND_RECONFIRM,BSICINIT_AND_RECONFIRM,ECNOANDRSCP,50,ECNOANDRSCP,ECNOANDRSCP
7,RNC14,,PERIODICAL_REPORTING,D3,,D3,0,D1000,4,4,,0,D320,D1280,,0,0,REQUIRED,-14,-12,-15,-15,-13,-13,-100,-97,-110,-110,-107,-107,16,16,16,,,,,,,60,0,0,,,3,30,0,-16,BSICINIT_AND_RECONFIRM,BSICINIT_AND_RECONFIRM,ECNOANDRSCP,50,ECNOANDRSCP,ECNOANDRSCP
8,RNC19,19,PERIODICAL_REPORTING,D3,,D3,0,D1000,4,4,,0,D320,D1280,,0,0,REQUIRED,-14,-12,-15,-15,-13,-13,-100,-97,-110,-110,-107,-107,16,16,16,,,,,,,60,0,0,,,3,30,0,-16,BSICINIT_AND_RECONFIRM,BSICINIT_AND_RECONFIRM,ECNOANDRSCP,50,ECNOANDRSCP,ECNOANDRSCP
9,RNC3,,PERIODICAL_REPORTING,D3,,D3,0,D1000,4,4,,0,D1280,D640,,0,0,REQUIRED,-16,-14,-15,-15,-13,-13,-100,-97,-110,-110,-107,-107,16,16,16,,,,,,,60,0,0,,,3,30,0,-16,BSICINIT_AND_RECONFIRM,BSICINIT_AND_RECONFIRM,ECNOANDRSCP,50,ECNOANDRSCP,ECNOANDRSCP
10,RNC8,,PERIODICAL_REPORTING,D3,,D3,0,D1000,4,4,,0,D320,D1280,,0,0,REQUIRED,-14,-12,-15,-15,-13,-13,-100,-97,-110,-110,-107,-107,16,16,16,,,,,,,60,0,0,,,3,30,0,-16,BSICINIT_AND_RECONFIRM,BSICINIT_AND_RECONFIRM,ECNOANDRSCP,50,ECNOANDRSCP,ECNOANDRSCP
11,RNC16,16,PERIODICAL_REPORTING,D3,,D3,0,D1000,4,4,,0,D1280,D640,,0,0,REQUIRED,-16,-14,-15,-15,-13,-13,-100,-97,-110,-110,-107,-107,16,16,16,,,,,,,60,0,0,,,3,30,0,-16,BSICINIT_AND_RECONFIRM,BSICINIT_AND_RECONFIRM,ECNOANDRSCP,50,ECNOANDRSCP,ECNOANDRSCP
12,RNC1,,PERIODICAL_REPORTING,D3,,D3,0,D1000,4,4,,0,D1280,D640,,0,0,REQUIRED,-16,-14,-15,-15,-13,-13,-100,-97,-110,-110,-107,-107,16,16,16,,,,,,,60,0,0,,,3,30,0,-18,BSICINIT_AND_RECONFIRM,BSICINIT_AND_RECONFIRM,ECNOANDRSCP,50,ECNOANDRSCP,ECNOANDRSCP
13,RNC15,15,PERIODICAL_REPORTING,D3,,D3,0,D1000,4,4,,0,D1280,D640,,0,0,REQUIRED,-16,-14,-15,-15,-13,-13,-100,-97,-110,-110,-107,-107,16,16,16,,,,,,,60,0,0,,,3,30,0,-18,BSICINIT_AND_RECONFIRM,BSICINIT_AND_RECONFIRM,ECNOANDRSCP,50,ECNOANDRSCP,ECNOANDRSCP
14,RNC17,17,PERIODICAL_REPORTING,D3,,D3,0,D1000,4,4,,0,D320,D1280,,0,0,REQUIRED,-14,-12,-15,-15,-13,-13,-100,-97,-110,-110,-107,-107,16,16,16,,,,,,,60,0,0,,,3,30,0,-18,BSICINIT_AND_RECONFIRM,BSICINIT_AND_RECONFIRM,ECNOANDRSCP,50,ECNOANDRSCP,ECNOANDRSCP
15,RNC4,,PERIODICAL_REPORTING,D3,,D3,0,D1000,4,4,,0,D320,D1280,,0,0,REQUIRED,-14,-12,-15,-15,-13,-13,-100,-97,-110,-110,-107,-107,16,16,16,,,,,,,60,0,0,,,3,30,0,-18,BSICINIT_AND_RECONFIRM,BSICINIT_AND_RECONFIRM,ECNOANDRSCP,50,ECNOANDRSCP,ECNOANDRSCP
