No.,NeName,LogicRncId,InterFreqReportMode,InterFreqFilterCoef,PrdReportInterval,HystFor2B,HystFor2D,HystFor2F,HystForPrdInterFreq,WeightForUsedFreq,TimeToTrig2B,TimeToTrig2D,TimeToTrig2F,TimeToTrigForPrdInterFreq,InterFreqCSThd2DEcN0,InterFreqCSThd2FEcN0,InterFreqR99PsThd2DEcN0,InterFreqHThd2DEcN0,InterFreqR99PsThd2FEcN0,InterFreqHThd2FEcN0,InterFreqCSThd2DRSCP,InterFreqCSThd2FRSCP,InterFreqR99PsThd2DRSCP,InterFreqHThd2DRSCP,InterFreqR99PsThd2FRSCP,InterFreqHThd2FRSCP,TargetFreqCsThdEcN0,TargetFreqR99PsThdEcN0,TargetFreqHThdEcN0,TargetFreqCsThdRscp,TargetFreqR99PsThdRscp,TargetFreqHThdRscp,UsedFreqCSThdEcN0,UsedFreqR99PsThdEcN0,UsedFreqHThdEcN0,UsedFreqCSThdRSCP,UsedFreqR99PsThdRSCP,UsedFreqHThdRSCP,HHOEcNomin,HHORSCPmin,InterFreqMeasTime,PeriodFor2B,AmntOfRpt2B,TimeToInterfreqHO,UsedFreqLowerThdEcNo,UsedFreqUpperThdEcNo,InterfreqMcMode,PenaltyTimerForIFHoFail,UEPenaltyTimerForIFHoFail,IFHoFailNum,IFHoPingPongTimer,InterFreqHO2DEventType,IFHO2DPSR99EventType,IFHO2DPSHEventType
1,RNC18,18,PERIODICAL_REPORTING,D3,D500,,4,4,0,0,,D320,D1280,0,-12,-10,-14,-14,-12,-12,-95,-92,-95,-95,-92,-92,-12,-12,-12,-92,-92,-92,-12,-12,-12,-92,-92,-92,-16,-115,60,,,0,-18,0,OFF,0,0,3,0,ECNOANDRSCP,ECNOANDRSCP,ECNOANDRSCP
2,RNC2,,PERIODICAL_REPORTING,D3,D500,,4,4,0,0,,D320,D1280,0,-12,-10,-14,-14,-12,-12,-95,-92,-95,-95,-92,-92,-12,-12,-12,-92,-92,-92,-12,-12,-12,-92,-92,-92,-16,-115,60,,,0,-18,0,OFF,0,0,3,0,ECNOANDRSCP,ECNOANDRSCP,ECNOANDRSCP
3,RNC5,,PERIODICAL_REPORTING,D3,D500,,4,4,0,0,,D320,D1280,0,-12,-10,-14,-14,-12,-12,-95,-92,-95,-95,-92,-92,-12,-12,-12,-92,-92,-92,-12,-12,-12,-92,-92,-92,-16,-115,60,,,0,-18,0,OFF,0,0,3,0,ECNOANDRSCP,ECNOANDRSCP,ECNOANDRSCP
4,RNC6,,PERIODICAL_REPORTING,D3,D500,,4,4,0,0,,D320,D1280,0,-12,-10,-14,-14,-12,-12,-95,-92,-95,-95,-92,-92,-12,-12,-12,-92,-92,-92,-12,-12,-12,-92,-92,-92,-16,-115,60,,,0,-18,0,OFF,0,0,3,0,ECNOANDRSCP,ECNOANDRSCP,ECNOANDRSCP
5,RNC7,,PERIODICAL_REPORTING,D3,D500,,4,4,0,0,,D320,D1280,0,-12,-10,-14,-14,-12,-12,-95,-92,-95,-95,-92,-92,-12,-12,-12,-92,-92,-92,-12,-12,-12,-92,-92,-92,-16,-115,60,,,0,-18,0,OFF,0,0,3,0,ECNOANDRSCP,ECNOANDRSCP,ECNOANDRSCP
6,RNC13,,PERIODICAL_REPORTING,D3,D500,,4,4,0,0,,D320,D1280,0,-12,-10,-15,-15,-13,-13,-95,-92,-110,-110,-107,-107,-12,-12,-12,-92,-92,-92,-12,-12,-12,-92,-92,-92,-16,-115,60,,,0,-18,0,OFF,0,0,3,0,ECNOANDRSCP,ECNOANDRSCP,ECNOANDRSCP
7,RNC14,,PERIODICAL_REPORTING,D3,D500,,4,4,0,0,,D320,D1280,0,-12,-10,-15,-15,-13,-13,-95,-92,-110,-110,-107,-107,-12,-12,-12,-92,-92,-92,-12,-12,-12,-92,-92,-92,-16,-115,60,,,0,-18,-5,OFF,0,0,3,0,ECNOANDRSCP,ECNOANDRSCP,ECNOANDRSCP
8,RNC19,19,PERIODICAL_REPORTING,D3,D500,,4,4,0,0,,D320,D1280,0,-12,-10,-15,-15,-13,-13,-95,-92,-110,-110,-107,-107,-12,-12,-12,-92,-92,-92,-12,-12,-12,-92,-92,-92,-16,-115,60,,,0,-18,0,OFF,0,0,3,0,ECNOANDRSCP,ECNOANDRSCP,ECNOANDRSCP
9,RNC3,,PERIODICAL_REPORTING,D3,D500,,4,4,0,0,,D320,D1280,0,-12,-10,-15,-15,-13,-13,-95,-92,-110,-110,-107,-107,-12,-12,-12,-92,-92,-92,-12,-12,-12,-92,-92,-92,-16,-115,60,,,0,-18,0,OFF,0,0,3,0,ECNOANDRSCP,ECNOANDRSCP,ECNOANDRSCP
10,RNC8,,PERIODICAL_REPORTING,D3,D500,,4,4,0,0,,D320,D1280,0,-12,-10,-15,-15,-13,-13,-95,-92,-110,-110,-107,-107,-12,-12,-12,-92,-92,-92,-12,-12,-12,-92,-92,-92,-16,-115,60,,,0,-18,0,OFF,0,0,3,0,ECNOANDRSCP,ECNOANDRSCP,ECNOANDRSCP
11,RNC16,16,PERIODICAL_REPORTING,D3,D500,,4,4,0,0,,D320,D1280,0,-12,-10,-15,-15,-13,-13,-95,-92,-110,-110,-107,-107,-12,-12,-12,-92,-92,-92,-12,-12,-12,-92,-92,-92,-16,-115,60,,,0,-18,0,OFF,0,0,3,0,ECNOANDRSCP,ECNOANDRSCP,ECNOANDRSCP
12,RNC1,,PERIODICAL_REPORTING,D3,D500,,4,4,0,0,,D320,D1280,0,-12,-10,-14,-14,-12,-12,-95,-92,-95,-95,-92,-92,-12,-12,-12,-92,-92,-92,-12,-12,-12,-92,-92,-92,-16,-115,60,,,0,-18,0,OFF,0,0,3,0,ECNOANDRSCP,ECNOANDRSCP,ECNOANDRSCP
13,RNC15,15,PERIODICAL_REPORTING,D3,D500,,4,4,0,0,,D320,D1280,0,-12,-10,-14,-14,-12,-12,-95,-92,-95,-95,-92,-92,-12,-12,-12,-92,-92,-92,-12,-12,-12,-92,-92,-92,-16,-115,60,,,0,-18,0,OFF,0,0,3,0,ECNOANDRSCP,ECNOANDRSCP,ECNOANDRSCP
14,RNC17,17,PERIODICAL_REPORTING,D3,D500,,4,4,0,0,,D320,D1280,0,-12,-10,-14,-14,-12,-12,-95,-92,-95,-95,-92,-92,-12,-12,-12,-92,-92,-92,-12,-12,-12,-92,-92,-92,-16,-115,60,,,0,-18,0,OFF,0,0,3,0,ECNOANDRSCP,ECNOANDRSCP,ECNOANDRSCP
15,RNC4,,PERIODICAL_REPORTING,D3,D500,,4,4,0,0,,D320,D1280,0,-12,-10,-14,-14,-12,-12,-95,-92,-95,-95,-92,-92,-12,-12,-12,-92,-92,-92,-12,-12,-12,-92,-92,-92,-16,-115,60,,,0,-18,0,OFF,0,0,3,0,ECNOANDRSCP,ECNOANDRSCP,ECNOANDRSCP
