No.,NeName,LogicRncId,InterRATFilterCoef,Hystfor3C,TrigTime3C,BSICVerify,InterRATNCovHOCSThd,InterRATNCovHOPSThd,InterRATHOAttempts,InterRATMeasTime,SndLdInfo2GsmInd,NcovHoOn2GldInd,CSHOOut2GloadThd,PSHOOut2GloadThd,PeriodFor3C,AmntOfRpt3C,InterRatPhyChFailNum,PenaltyTimeForPhyChFail,TrigTime3CForCSLimit,InterRATTarThldForCSLimit
1,RNC18,18,D3,0,D640,REQUIRED,21,21,16,15,ON,ON,80,60,4,1,3,30,D640,21
2,RNC2,,D3,0,D640,REQUIRED,21,21,16,15,ON,ON,80,60,4,1,3,30,D640,21
3,RNC5,,D3,0,D640,REQUIRED,21,21,16,15,ON,ON,80,60,4,1,3,30,D640,21
4,RNC6,,D3,0,D640,REQUIRED,21,21,16,15,ON,ON,80,60,4,1,3,30,D640,21
5,RNC7,,D3,0,D640,REQUIRED,21,21,16,15,ON,ON,80,60,4,1,3,30,D640,21
6,RNC13,,D3,0,D640,REQUIRED,21,21,16,15,ON,ON,80,60,4,1,3,30,D640,21
7,RNC14,,D3,0,D640,REQUIRED,21,21,16,15,ON,ON,80,60,4,1,3,30,D640,21
8,RNC19,19,D3,0,D640,REQUIRED,21,21,16,15,ON,ON,80,60,4,1,3,30,D640,21
9,RNC3,,D3,0,D640,REQUIRED,21,21,16,15,ON,ON,80,60,4,1,3,30,D640,21
10,RNC8,,D3,0,D640,REQUIRED,21,21,16,15,ON,ON,80,60,4,1,3,30,D640,21
11,RNC16,16,D3,0,D640,REQUIRED,21,21,16,15,ON,ON,80,60,4,1,3,30,D640,21
12,RNC1,,D3,0,D640,REQUIRED,21,21,16,15,ON,ON,80,60,4,1,3,30,D640,21
13,RNC15,15,D3,0,D640,REQUIRED,21,21,16,15,ON,ON,80,60,4,1,3,30,D640,21
14,RNC17,17,D3,0,D640,REQUIRED,21,21,16,15,ON,ON,80,60,4,1,3,30,D640,21
15,RNC4,,D3,0,D640,REQUIRED,21,21,16,15,ON,ON,80,60,4,1,3,30,D640,21
