No.,NeName,LogicRncId,HoForIubCgstSwitch,HoForIubCgstPrd,CellHighLoadThd,CandidateUserNum,MoniTimeLen,CellLowLoadThd,TrafVolThld,HOThldForIubCgst
1,RNC18,18,OFF,10,70,2,5,50,D16K,4
2,RNC2,,OFF,10,70,2,5,50,D16K,4
3,RNC5,,OFF,10,70,2,5,50,D16K,4
4,RNC6,,OFF,10,70,2,5,50,D16K,4
5,RNC7,,OFF,10,70,2,5,50,D16K,4
6,RNC13,,OFF,10,70,2,5,50,D16K,4
7,RNC14,,OFF,10,70,2,5,50,D16K,4
8,RNC19,19,OFF,10,70,2,5,50,D16K,4
9,RNC3,,OFF,10,70,2,5,50,D16K,4
10,RNC8,,OFF,10,70,2,5,50,D16K,4
11,RNC16,16,OFF,10,70,2,5,50,D16K,4
12,RNC1,,OFF,10,70,2,5,50,D16K,4
13,RNC15,15,OFF,10,70,2,5,50,D16K,4
14,RNC17,17,OFF,10,70,2,5,50,D16K,4
15,RNC4,,OFF,10,70,2,5,50,D16K,4
