No.,NeName,KpiAlarmSwitch,KpiAlarmChkTimes,RrcConnEstabSuccRatioThd,RrcConnEstabAttMinNum,AmrRabEstabSuccRatioThd,AmrRabEstabAttMinNum,VpRabEstSuccRatioThd,VpRabEstAttMinNum,HsdpaRabEstSuccRatioThd,HsdpaRabEstAttMinNum,HsupaRabEstSuccRatioThd,HsupaRabEstAttMinNum,PsRabEstSuccRatioThd,PsRabEstAttMinNum,AmrRabAbnormRelRatioThd,AmrRabRelMinNum,VpRabAbnormRelRatioThd,VpRabRelMinNum,PsRabAbnormRelRatioThd,PsRabRelMinNum,DpuReliabilityAlgoSwitch,DpuSelfCureSwitch,DspKpiAbnormalRatio,KpiAbnormalDspRatio,DspErrPacketRatio,TransErrorDspRatio,RncKpiAlarmSwitch,RncKpiAlarmChkTimes,RncRrcConEstabSuccRatioThd,RncRrcConEstabAttMinNum,RncAmrRabEstabSuccRatioThd,RncAmrRabEstabAttMinNum,RncVpRabEstSuccRatioThd,RncVpRabEstAttMinNum,RncHsdpaRabEstSuccRatioThd,RncHsdpaRabEstAttMinNum,RncHsupaRabEstSuccRatioThd,RncHsupaRabEstAttMinNum,RncPsRabEstSuccRatioThd,RncPsRabEstAttMinNum,RncAmrRabAbnormRelRatioThd,RncAmrRabRelMinNum,RncVpRabAbnormRelRatioThd,RncVpRabRelMinNum,RncPsRabAbnormRelRatioThd,RncPsRabRelMinNum,CnFCAlarmSwitch,CnFCALarmReportThd,CnFCALarmRestoreThd,CnFCCHKPrd,RncNASKpiAlarmSwitch,RncNASKpiAlarmChkTimes,RncCSSecModeSuccRatioThld,RncCSSecModeAttMinNum,RncPSSecModeSuccRatioThld,RncPSSecModeAttMinNum,RncCSAuthSuccRatioThld,RncCSAuthAttMinNum,RncPSAuthSuccRatioThld,RncPSAuthAttMinNum,RncLocUpdSuccRatioThld,RncLocUpdAttMinNum,RncRAUSuccRatioThld,RncRAUAttMinNum,RncAttachSuccRatioThld,RncAttachAttMinNum,RncPDPActSuccRatioThld,RncPDPActAttMinNum,RncCSServReqSuccRatioThld,RncCSServReqAttMinNum,RncPSServReqSuccRatioThld,RncPSServReqAttMinNum,RncKpiAlarmThdAdaptSwitch,RncRrcEstSuccRateOffset,RncAmrEstSuccRateOffset,RncVpEstSuccRateOffset,RncHsdpaEstSuccRateOffset,RncHsupaEstSuccRateOffset,RncPsEstSuccRateOffset,RncAmrAbnormRelRateOffset,RncVpAbnormRelRateOffset,RncPsAbnormRelRateOffset,RncCSSecModeSuccRateOffset,RncPSSecModeSuccRateOffset,RncCSAuthSuccRateOffset,RncPSAuthSuccRateOffset,RncLocUpdSuccRateOffset,RncRAUSuccRateOffset,RncAttachSuccRateOffset,RncPDPActSuccRateOffset,RncCSServReqSuccRateOffset,RncPSServReqSuccRateOffset,UpKpiSelfCureEnhanceSwitch,CnInhibitedAlarmSwitch,UpKpiSelfCureSwitch,DspKpiSelfCureEForMacc,DspKpiSelfCureForCallDrop
1,RNC18,ON,D6,60,200,60,100,60,100,60,100,60,100,60,100,40,200,40,200,40,200,ON,OFF,50,100,,,OFF,,,,,,,,,,,,,,,,,,,,ON,10,1,2,OFF,,,,,,,,,,,,,,,,,,,,,,OFF,,,,,,,,,,,,,,,,,,,,ON,OFF,,,
2,RNC2,ON,D6,60,200,60,100,60,100,60,100,60,100,60,100,40,200,40,200,40,200,ON,OFF,50,100,,,OFF,,,,,,,,,,,,,,,,,,,,ON,10,1,2,OFF,,,,,,,,,,,,,,,,,,,,,,OFF,,,,,,,,,,,,,,,,,,,,ON,ON,ON,OFF,ON
3,RNC5,ON,D6,60,200,60,100,60,100,60,100,60,100,60,100,40,200,40,200,40,200,ON,OFF,50,100,,,OFF,,,,,,,,,,,,,,,,,,,,ON,10,1,2,OFF,,,,,,,,,,,,,,,,,,,,,,OFF,,,,,,,,,,,,,,,,,,,,ON,ON,ON,OFF,ON
4,RNC6,ON,D6,60,200,60,100,60,100,60,100,60,100,60,100,40,200,40,200,40,200,ON,OFF,50,100,,,OFF,,,,,,,,,,,,,,,,,,,,ON,10,1,2,OFF,,,,,,,,,,,,,,,,,,,,,,OFF,,,,,,,,,,,,,,,,,,,,ON,ON,ON,OFF,ON
5,RNC7,ON,D6,60,200,60,100,60,100,60,100,60,100,60,100,40,200,40,200,40,200,ON,OFF,50,100,,,OFF,,,,,,,,,,,,,,,,,,,,ON,10,1,2,OFF,,,,,,,,,,,,,,,,,,,,,,OFF,,,,,,,,,,,,,,,,,,,,ON,ON,ON,OFF,ON
6,RNC13,ON,D6,60,200,60,100,60,100,60,100,60,100,60,100,40,200,40,200,40,200,ON,OFF,50,100,,,OFF,,,,,,,,,,,,,,,,,,,,ON,10,1,2,OFF,,,,,,,,,,,,,,,,,,,,,,OFF,,,,,,,,,,,,,,,,,,,,ON,ON,ON,OFF,ON
7,RNC14,ON,D6,60,200,60,100,60,100,60,100,60,100,60,100,40,200,40,200,40,200,ON,OFF,50,100,,,OFF,,,,,,,,,,,,,,,,,,,,ON,10,1,2,OFF,,,,,,,,,,,,,,,,,,,,,,OFF,,,,,,,,,,,,,,,,,,,,ON,ON,ON,OFF,ON
8,RNC19,ON,D6,60,200,60,100,60,100,60,100,60,100,60,100,40,200,40,200,40,200,ON,OFF,50,100,,,OFF,,,,,,,,,,,,,,,,,,,,ON,10,1,2,OFF,,,,,,,,,,,,,,,,,,,,,,OFF,,,,,,,,,,,,,,,,,,,,ON,ON,,,
9,RNC3,ON,D6,60,200,60,100,60,100,60,100,60,100,60,100,40,200,40,200,40,200,ON,OFF,50,100,,,OFF,,,,,,,,,,,,,,,,,,,,ON,10,1,2,OFF,,,,,,,,,,,,,,,,,,,,,,OFF,,,,,,,,,,,,,,,,,,,,ON,ON,ON,OFF,ON
10,RNC8,ON,D6,60,200,60,100,60,100,60,100,60,100,60,100,40,200,40,200,40,200,ON,OFF,50,100,,,OFF,,,,,,,,,,,,,,,,,,,,ON,10,1,2,OFF,,,,,,,,,,,,,,,,,,,,,,OFF,,,,,,,,,,,,,,,,,,,,ON,ON,ON,OFF,ON
11,RNC16,ON,D6,60,200,60,100,60,100,60,100,60,100,60,100,40,200,40,200,40,200,ON,OFF,50,100,,,OFF,,,,,,,,,,,,,,,,,,,,ON,10,1,2,OFF,,,,,,,,,,,,,,,,,,,,,,OFF,,,,,,,,,,,,,,,,,,,,ON,ON,,,
12,RNC1,ON,D6,60,200,60,100,60,100,60,100,60,100,60,100,40,200,40,200,40,200,ON,OFF,50,100,,,OFF,,,,,,,,,,,,,,,,,,,,ON,10,1,2,OFF,,,,,,,,,,,,,,,,,,,,,,OFF,,,,,,,,,,,,,,,,,,,,ON,ON,ON,OFF,ON
13,RNC15,ON,D6,60,200,60,100,60,100,60,100,60,100,60,100,40,200,40,200,40,200,ON,OFF,50,100,,,OFF,,,,,,,,,,,,,,,,,,,,ON,10,1,2,OFF,,,,,,,,,,,,,,,,,,,,,,OFF,,,,,,,,,,,,,,,,,,,,ON,ON,,,
14,RNC17,ON,D6,60,200,60,100,60,100,60,100,60,100,60,100,40,200,40,200,40,200,ON,OFF,50,100,,,OFF,,,,,,,,,,,,,,,,,,,,ON,10,1,2,OFF,,,,,,,,,,,,,,,,,,,,,,OFF,,,,,,,,,,,,,,,,,,,,ON,ON,,,
15,RNC4,ON,D6,60,200,60,100,60,100,60,100,60,100,60,100,40,200,40,200,40,200,ON,OFF,50,100,,,OFF,,,,,,,,,,,,,,,,,,,,ON,10,1,2,OFF,,,,,,,,,,,,,,,,,,,,,,OFF,,,,,,,,,,,,,,,,,,,,ON,ON,ON,OFF,ON
