No.,NeName,LogicRncId,UlBasicCommMeasFilterCoeff,ChoiceRprtUnitForUlBasicMeas,TenMsecForUlBasicMeas,MinForUlBasicMeas,DlBasicCommMeasFilterCoeff,ChoiceRprtUnitForDlBasicMeas,TenMsecForDlBasicMeas,MinForDlBasicMeas,PeriodProtectTimerCoeff,LdbAvgFilterLen,PucAvgFilterLen,UlLdrAvgFilterLen,DlLdrAvgFilterLen,UlOlcAvgFilterLen,DlOlcAvgFilterLen,UlCacAvgFilterLen,DlCacAvgFilterLen,ChoiceRprtUnitForHsdpaPwrMeas,TenMsecForHsdpaPwrMeas,MinForHsdpaPwrMeas,HsdpaNeedPwrFilterLen,ChoiceRprtUnitForHsdpaRateMeas,TenMsecForHsdpaPrvidRateMeas,MinForHsdpaPrvidRateMeas,HsdpaPrvidBitRateFilterLen,MaxMeasContInvalidTimes,UlOlcMeasFilterCoeff,ChoiceRprtUnitForUlOlcMeas,TenMsecForUlOlcMeas,MinForUlOlcMeas,UlOlcTrigHyst,DlOlcMeasFilterCoeff,ChoiceRprtUnitForDlOlcMeas,TenMsecForDlOlcMeas,MinForDlOlcMeas,DlOlcTrigHyst,ChoiceRprtUnitForHsupaRateMeas,TenMsecForHsupaPrvidRateMeas,MinForHsupaPrvidRateMeas,HsupaPrvidBitRateFilterLen,UlbAvgFilterLen,APPreamMeasRptPeriod,APPreamAvgFilterLen,WLANInterworkingSwitch,RTWPMeasMaxIncrease,LoadLevelForLTE,LoadUptForLTETimerLen,ULUniVidStAlgoSwitch,SerExpSatisEvalPeriod,SerExpSatisAvgFilterLen,PreamFilterCoef,IRatReselParaAdjRRCThld,UlInterUpdatePrdForRIM
1,RNC18,18,D6,TEN_MSEC,100,,D6,TEN_MSEC,100,,150,6,6,5,5,5,5,5,5,TEN_MSEC,100,,5,TEN_MSEC,100,,5,3,D3,TEN_MSEC,20,,100,D3,TEN_MSEC,20,,100,TEN_MSEC,100,,5,32,10,5,OFF,0,D3,0,OFF,20,6,D13,15,60
2,RNC2,,D6,TEN_MSEC,100,,D6,TEN_MSEC,100,,150,6,6,5,5,5,5,5,5,TEN_MSEC,100,,5,TEN_MSEC,100,,5,3,D3,TEN_MSEC,20,,100,D3,TEN_MSEC,20,,100,TEN_MSEC,100,,5,32,10,5,OFF,0,D3,0,OFF,20,6,D13,15,60
3,RNC5,,D6,TEN_MSEC,100,,D6,TEN_MSEC,100,,150,6,6,5,5,5,5,5,5,TEN_MSEC,100,,5,TEN_MSEC,100,,5,3,D3,TEN_MSEC,20,,100,D3,TEN_MSEC,20,,100,TEN_MSEC,100,,5,32,10,5,OFF,0,D3,0,OFF,20,6,D13,15,60
4,RNC6,,D6,TEN_MSEC,100,,D6,TEN_MSEC,100,,150,6,6,5,5,5,5,5,5,TEN_MSEC,100,,5,TEN_MSEC,100,,5,3,D3,TEN_MSEC,20,,100,D3,TEN_MSEC,20,,100,TEN_MSEC,100,,5,32,10,5,OFF,0,D3,0,OFF,20,6,D13,15,60
5,RNC7,,D6,TEN_MSEC,100,,D6,TEN_MSEC,100,,150,6,6,5,5,5,5,5,5,TEN_MSEC,100,,5,TEN_MSEC,100,,5,3,D3,TEN_MSEC,20,,100,D3,TEN_MSEC,20,,100,TEN_MSEC,100,,5,32,10,5,OFF,0,D3,0,OFF,20,6,D13,15,60
6,RNC13,,D6,TEN_MSEC,100,,D6,TEN_MSEC,100,,150,6,6,5,5,5,5,5,5,TEN_MSEC,100,,5,TEN_MSEC,100,,5,3,D3,TEN_MSEC,20,,100,D3,TEN_MSEC,20,,100,TEN_MSEC,100,,5,32,10,5,OFF,0,D3,0,OFF,20,6,D13,15,60
7,RNC14,,D6,TEN_MSEC,100,,D6,TEN_MSEC,100,,150,6,6,5,5,5,5,5,5,TEN_MSEC,100,,5,TEN_MSEC,100,,5,3,D3,TEN_MSEC,20,,100,D3,TEN_MSEC,20,,100,TEN_MSEC,100,,5,32,10,5,OFF,0,D3,0,OFF,20,6,D13,15,60
8,RNC19,19,D6,TEN_MSEC,100,,D6,TEN_MSEC,100,,150,6,6,5,5,5,5,5,5,TEN_MSEC,100,,5,TEN_MSEC,100,,5,3,D3,TEN_MSEC,20,,100,D3,TEN_MSEC,20,,100,TEN_MSEC,100,,5,32,10,5,OFF,0,D3,0,OFF,20,6,D13,15,60
9,RNC3,,D6,TEN_MSEC,100,,D6,TEN_MSEC,100,,150,6,6,5,5,5,5,5,5,TEN_MSEC,100,,5,TEN_MSEC,100,,5,3,D3,TEN_MSEC,20,,100,D3,TEN_MSEC,20,,100,TEN_MSEC,100,,5,32,10,5,OFF,0,D3,0,OFF,20,6,D13,15,60
10,RNC8,,D6,TEN_MSEC,100,,D6,TEN_MSEC,100,,150,6,6,5,5,5,5,5,5,TEN_MSEC,100,,5,TEN_MSEC,100,,5,3,D3,TEN_MSEC,20,,100,D3,TEN_MSEC,20,,100,TEN_MSEC,100,,5,32,10,5,OFF,0,D3,0,OFF,20,6,D13,15,60
11,RNC16,16,D6,TEN_MSEC,100,,D6,TEN_MSEC,100,,150,6,6,5,5,5,5,5,5,TEN_MSEC,100,,5,TEN_MSEC,100,,5,3,D3,TEN_MSEC,20,,100,D3,TEN_MSEC,20,,100,TEN_MSEC,100,,5,32,10,5,OFF,0,D3,0,OFF,20,6,D13,15,60
12,RNC1,,D6,TEN_MSEC,100,,D6,TEN_MSEC,100,,150,6,6,5,5,5,5,5,5,TEN_MSEC,100,,5,TEN_MSEC,100,,5,3,D3,TEN_MSEC,20,,100,D3,TEN_MSEC,20,,100,TEN_MSEC,100,,5,32,10,5,OFF,0,D3,0,OFF,20,6,D13,15,60
13,RNC15,15,D6,TEN_MSEC,100,,D6,TEN_MSEC,100,,150,6,6,5,5,5,5,5,5,TEN_MSEC,100,,5,TEN_MSEC,100,,5,3,D3,TEN_MSEC,20,,100,D3,TEN_MSEC,20,,100,TEN_MSEC,100,,5,32,10,5,OFF,0,D3,0,OFF,20,6,D13,15,60
14,RNC17,17,D6,TEN_MSEC,100,,D6,TEN_MSEC,100,,150,6,6,5,5,5,5,5,5,TEN_MSEC,100,,5,TEN_MSEC,100,,5,3,D3,TEN_MSEC,20,,100,D3,TEN_MSEC,20,,100,TEN_MSEC,100,,5,32,10,5,OFF,0,D3,0,OFF,20,6,D13,15,60
15,RNC4,,D6,TEN_MSEC,100,,D6,TEN_MSEC,100,,150,6,6,5,5,5,5,5,5,TEN_MSEC,100,,5,TEN_MSEC,100,,5,3,D3,TEN_MSEC,20,,100,D3,TEN_MSEC,20,,100,TEN_MSEC,100,,5,32,10,5,OFF,0,D3,0,OFF,20,6,D13,15,60
