No.,NeName,LogicRncId,TRAFFIC_AMR@MrTrafficType,TRAFFIC_VP@MrTrafficType,TRAFFIC_BE@MrTrafficType,TRAFFIC_OTHER@MrTrafficType,MrIntraFreqPeriod,MR_PRD_INTRA_FREQ_MEAS_SWITCH_1@MrRprtCfgSwitch,MR_EVT_INTRA_FREQ_MEAS_SWITCH_2@MrRprtCfgSwitch,MR_PRD_INTER_FREQ_MEAS_SWITCH_3@MrRprtCfgSwitch,MR_EVT_INTER_FREQ_MEAS_SWITCH_4@MrRprtCfgSwitch,MR_PRD_INTER_RAT_MEAS_SWITCH_5@MrRprtCfgSwitch,MR_EVT_INTER_RAT_MEAS_SWITCH_6@MrRprtCfgSwitch,MR_DL_BLER_MEAS_SWITCH_7@MrRprtCfgSwitch,MR_UE_TX_POWER_MEAS_SWITCH_8@MrRprtCfgSwitch,MR_UL_SIR_MEAS_SWITCH_9@MrRprtCfgSwitch,MR_LCS_MEAS_SWITCH_10@MrRprtCfgSwitch,MR_RACH_MEAS_SWITCH_11@MrRprtCfgSwitch,MR_INTER_FREQ_MEAS_CTRL_SWITCH_12@MrRprtCfgSwitch,MR_INTER_RAT_MEAS_CTRL_SWITCH_13@MrRprtCfgSwitch,MR_PROPAGATION_DELAY_SWITCH@MrRprtCfgSwitch,MR_PRD_LTE_MEAS_SWITCH_14@MrRprtCfgSwitch,MR_EVT_LTE_MEAS_SWITCH_15@MrRprtCfgSwitch,MR_MULTI_RRU_ATN_ENERGY_MEAS_SWITCH@MrRprtCfgSwitch,MR_INTRA_FREQ_MEAS_CTRL_SWITCH@MrRprtCfgSwitch,LCS_AGPS_UEBASED_SWITCH_1@MrLcsMethodSwitch,LCS_AGPS_STANDALONE_SWITCH_2@MrLcsMethodSwitch,LCS_CELLID_RTT_SWITCH_3@MrLcsMethodSwitch,MrDlBlerPeriod,MrUeTPPeriod,MrUlSirPeriod,MrLcsPeriod,IntraFreqAmountOfReport,IntraFreqMrReportRange
1,RNC18,18,1,1,1,1,D12,1,1,0,1,0,1,1,0,0,1,0,0,0,0,0,0,0,0,0,1,0,D6,D12,D12,D12,Infinity,ALL_ACTIVE_PLUS_MONIT_AND_OR_DETCT_SET
2,RNC2,,1,1,1,1,D12,1,1,0,1,0,1,1,0,0,1,0,0,0,0,0,0,0,0,0,1,0,D6,D12,D12,D12,Infinity,ALL_ACTIVE_PLUS_MONIT_AND_OR_DETCT_SET
3,RNC5,,1,1,1,1,D12,1,1,1,1,1,1,1,0,0,0,0,0,0,0,0,0,0,0,0,0,0,D6,D12,D12,D12,Infinity,ALL_ACTIVE_PLUS_MONIT_AND_OR_DETCT_SET
4,RNC6,,1,1,1,1,D12,1,1,1,1,1,1,1,0,0,0,0,0,0,0,0,0,0,0,0,0,0,D6,D12,D12,D12,Infinity,ALL_ACTIVE_PLUS_MONIT_AND_OR_DETCT_SET
5,RNC7,,1,1,1,1,D12,1,1,1,1,1,1,1,0,0,0,0,0,0,0,0,0,0,0,0,0,0,D6,D12,D12,D12,Infinity,ALL_ACTIVE_PLUS_MONIT_AND_OR_DETCT_SET
6,RNC13,,1,1,1,1,D12,1,1,1,1,1,1,0,0,0,0,0,0,0,0,0,0,0,0,0,0,0,D12,D12,D12,D12,Infinity,ALL_ACTIVE_PLUS_MONIT_AND_OR_DETCT_SET
7,RNC14,,1,1,1,1,D12,1,1,1,1,1,1,1,0,0,0,0,0,0,0,0,0,0,0,0,0,0,D6,D12,D12,D12,Infinity,ALL_ACTIVE_PLUS_MONIT_AND_OR_DETCT_SET
8,RNC19,19,0,0,0,0,D12,0,0,0,0,0,0,0,0,0,0,0,0,0,0,0,0,0,0,0,0,0,D12,D12,D12,D12,Infinity,ALL_ACTIVE_PLUS_MONIT_AND_OR_DETCT_SET
9,RNC3,,1,1,1,1,D12,1,1,1,1,1,1,0,0,0,1,0,0,0,0,0,0,0,0,0,1,0,D12,D12,D12,D12,Infinity,ALL_ACTIVE_PLUS_MONIT_AND_OR_DETCT_SET
10,RNC8,,1,1,1,1,D12,1,1,1,1,1,1,0,0,0,1,0,0,0,0,0,0,0,0,0,1,0,D12,D12,D12,D12,Infinity,ALL_ACTIVE_PLUS_MONIT_AND_OR_DETCT_SET
11,RNC16,16,1,1,1,1,D12,1,1,1,1,1,1,0,0,0,0,0,0,0,0,0,0,0,0,0,0,0,D12,D12,D12,D12,Infinity,ALL_ACTIVE_PLUS_MONIT_AND_OR_DETCT_SET
12,RNC1,,1,1,1,1,D12,1,1,1,1,1,1,0,0,0,1,0,0,0,0,0,0,0,0,0,1,0,D12,D12,D12,D12,Infinity,ALL_ACTIVE_PLUS_MONIT_AND_OR_DETCT_SET
13,RNC15,15,1,1,1,1,D12,1,1,1,1,1,1,0,0,0,1,0,0,0,0,0,0,0,0,0,1,0,D12,D12,D12,D12,Infinity,ALL_ACTIVE_PLUS_MONIT_AND_OR_DETCT_SET
14,RNC17,17,1,1,1,1,D12,1,1,1,1,1,1,1,0,0,0,0,0,0,0,0,0,0,0,0,0,0,D6,D12,D12,D12,Infinity,ALL_ACTIVE_PLUS_MONIT_AND_OR_DETCT_SET
15,RNC4,,1,1,1,1,D12,1,1,1,1,1,1,1,0,0,0,0,0,0,0,0,0,0,0,0,0,0,D6,D12,D12,D12,Infinity,ALL_ACTIVE_PLUS_MONIT_AND_OR_DETCT_SET
