No.,NeName,LogicRncId,UlAmrTrigTime6A1,UlAmrTrigTime6A2,UlAmrTrigTime6B1,UlAmrTrigTime6B2,UlAmrTrigTime6D,UlVpTrigTime6A1,UlVpTrigTime6B1,UlVpTrigTime6D,UlBeTrigTime6A1,UlBeTrigTime6B1,UlBeTrigTime6A2,UlBeTrigTime6B2,UlBeTrigTime6D,UlMeasFilterCoef,DlMeasFilterCoef,DlAmrTrigTimeE,ChoiceRptUnitForAmrE,TenMsecForAmrE,MinForAmrE,DlVpTrigTimeE,ChoiceRptUnitForVpE,TenMsecForVpE,MinForVpE,DlBeTrigTimeE,ChoiceRptUnitForBeE,TenMsecForBeE,MinForBeE,DlBeTrigTimeF,ChoiceRptUnitForBeF,TenMsecForBeF,MinForBeF,DlBeAbnEaThd,DlBeAbnEbThd,DlBeAbnTrigTimeE,ThldEaForHsFdpch,ThldEbForHsFdpch,ThldEaForHsDpch,ThldEbForHsDpch
1,RNC18,18,D320,D320,D320,D320,D240,D640,D640,D240,D640,D2560,D1280,D1280,D240,D19,D1,64,TEN_MSEC,480,,64,TEN_MSEC,480,,64,TEN_MSEC,480,,64,TEN_MSEC,480,,2,2,640,10,14,10,14
2,RNC2,,D320,D320,D320,D320,D240,D640,D640,D240,D640,D2560,D1280,D1280,D240,D19,D1,64,TEN_MSEC,480,,64,TEN_MSEC,480,,64,TEN_MSEC,480,,64,TEN_MSEC,480,,2,2,640,10,14,10,14
3,RNC5,,D320,D320,D320,D320,D240,D640,D640,D240,D640,D2560,D1280,D1280,D240,D19,D1,64,TEN_MSEC,480,,64,TEN_MSEC,480,,64,TEN_MSEC,480,,64,TEN_MSEC,480,,2,2,640,10,14,10,14
4,RNC6,,D320,D320,D320,D320,D240,D640,D640,D240,D640,D2560,D1280,D1280,D240,D19,D1,64,TEN_MSEC,480,,64,TEN_MSEC,480,,64,TEN_MSEC,480,,64,TEN_MSEC,480,,2,2,640,10,14,10,14
5,RNC7,,D320,D320,D320,D320,D240,D640,D640,D240,D640,D2560,D1280,D1280,D240,D19,D1,64,TEN_MSEC,480,,64,TEN_MSEC,480,,64,TEN_MSEC,480,,64,TEN_MSEC,480,,2,2,640,10,14,10,14
6,RNC13,,D320,D320,D320,D320,D240,D640,D640,D240,D640,D2560,D1280,D1280,D240,D19,D1,64,TEN_MSEC,480,,64,TEN_MSEC,480,,64,TEN_MSEC,480,,64,TEN_MSEC,480,,2,2,640,10,14,10,14
7,RNC14,,D320,D320,D320,D320,D240,D640,D640,D240,D640,D2560,D1280,D1280,D240,D19,D1,64,TEN_MSEC,480,,64,TEN_MSEC,480,,64,TEN_MSEC,480,,64,TEN_MSEC,480,,2,2,640,10,14,10,14
8,RNC19,19,D320,D320,D320,D320,D240,D640,D640,D240,D640,D2560,D1280,D1280,D240,D19,D1,64,TEN_MSEC,480,,64,TEN_MSEC,480,,64,TEN_MSEC,480,,64,TEN_MSEC,480,,2,2,640,10,14,10,14
9,RNC3,,D320,D320,D320,D320,D240,D640,D640,D240,D640,D2560,D1280,D1280,D240,D19,D1,64,TEN_MSEC,480,,64,TEN_MSEC,480,,64,TEN_MSEC,480,,64,TEN_MSEC,480,,2,2,640,10,14,10,14
10,RNC8,,D320,D320,D320,D320,D240,D640,D640,D240,D640,D2560,D1280,D1280,D240,D19,D1,64,TEN_MSEC,480,,64,TEN_MSEC,480,,64,TEN_MSEC,480,,64,TEN_MSEC,480,,2,2,640,10,14,10,14
11,RNC16,16,D320,D320,D320,D320,D240,D640,D640,D240,D640,D2560,D1280,D1280,D240,D19,D1,64,TEN_MSEC,480,,64,TEN_MSEC,480,,64,TEN_MSEC,480,,64,TEN_MSEC,480,,2,2,640,10,14,10,14
12,RNC1,,D320,D320,D320,D320,D240,D640,D640,D240,D640,D2560,D1280,D1280,D240,D19,D1,64,TEN_MSEC,480,,64,TEN_MSEC,480,,64,TEN_MSEC,480,,64,TEN_MSEC,480,,2,2,640,10,14,10,14
13,RNC15,15,D320,D320,D320,D320,D240,D640,D640,D240,D640,D2560,D1280,D1280,D240,D19,D1,64,TEN_MSEC,480,,64,TEN_MSEC,480,,64,TEN_MSEC,480,,64,TEN_MSEC,480,,2,2,640,10,14,10,14
14,RNC17,17,D320,D320,D320,D320,D240,D640,D640,D240,D640,D2560,D1280,D1280,D240,D19,D1,64,TEN_MSEC,480,,64,TEN_MSEC,480,,64,TEN_MSEC,480,,64,TEN_MSEC,480,,2,2,640,10,14,10,14
15,RNC4,,D320,D320,D320,D320,D240,D640,D640,D240,D640,D2560,D1280,D1280,D240,D19,D1,64,TEN_MSEC,480,,64,TEN_MSEC,480,,64,TEN_MSEC,480,,64,TEN_MSEC,480,,2,2,640,10,14,10,14
