No.,NeName,LogicRncId,PreemptAlgoSwitch,MbmsPreemptAlgoSwitch,PreemptRefArpSwitch,QueueAlgoSwitch,QueueLen,PollTimerLen,MaxQueueTimeLen,EmcPreeRefVulnSwitch,ICR_DEMARC_PREEMPT_SF@DemarcPreemptSwitch,ICR_DEMARC_PREEMPT_GBP@DemarcPreemptSwitch,PTTPreemptAlgoSwitch,PsBERrcPreemptVulnerable,CsP2DPreemptSwitch,PtUserAbsolutePriority,PREEMPT_ENH_NODEB_PREEMPT_CE_SWITCH@PreemptEnhSwitch,PREEMPT_ENH_CSRRC_PREEMPT_PS_SWITCH@PreemptEnhSwitch,PREEMPT_ENH_CSRAB_PREEMPT_PS_SWITCH@PreemptEnhSwitch,PREEMPT_ENH_CPU_HIGHLOAD_CTRL_SWITCH@PreemptEnhSwitch,PREEMPT_ENH_RRC_RAB_COMBINE_SWITCH@PreemptEnhSwitch,PREEMPT_ENH_PT_USER_PREEMPT_ENH_SWITCH@PreemptEnhSwitch,PREEMPT_ENH_DRNC_CS_RAB_PREEMPT_SWITCH@PreemptEnhSwitch,PREEMPT_ENH_CS_PREEMPT_WHEN_OLC_SWITCH@PreemptEnhSwitch,PREEMPT_ENH_MULTIRAB_CS_INCR_PMT_SWITCH@PreemptEnhSwitch,PREEMPT_ENH_MULTIRAB_PRIO_OPT_SWITCH@PreemptEnhSwitch,PREEMPT_ENH_PS_IU_CS_PMTED_SWITCH@PreemptEnhSwitch,PREEMPT_ENH_CS_PREEMPT_CELL_EXT_SWITCH@PreemptEnhSwitch,PREEMPT_ENH_WPS_USER_SWITCH@PreemptEnhSwitch,PREEMPT_ENH_VOIP_IP_PORT_SWITCH@PreemptEnhSwitch,MultCodePreemptAlgoSwitch,PTTPreemptEnhSw
1,RNC18,18,OFF,OFF,ON,ON,5,50,5,ON,0,0,OFF,OFF,OFF,False,0,0,0,1,0,0,0,0,0,0,0,0,1,0,OFF,OFF
2,RNC2,,OFF,OFF,ON,ON,5,50,5,ON,0,0,OFF,OFF,OFF,False,0,0,0,1,0,0,0,0,0,0,0,0,1,0,OFF,OFF
3,RNC5,,OFF,OFF,ON,ON,5,50,5,ON,0,0,OFF,OFF,OFF,False,0,0,0,1,0,0,0,0,0,0,0,0,1,0,OFF,OFF
4,RNC6,,OFF,OFF,ON,ON,5,50,5,ON,0,0,OFF,OFF,OFF,False,0,0,0,1,0,0,0,0,0,0,0,0,1,0,OFF,OFF
5,RNC7,,OFF,OFF,ON,ON,5,50,5,ON,0,0,OFF,OFF,OFF,False,0,0,0,1,0,0,0,0,0,0,0,0,1,0,OFF,OFF
6,RNC13,,OFF,OFF,ON,ON,5,50,5,ON,0,0,OFF,OFF,OFF,False,0,0,0,1,0,0,0,0,0,0,0,0,1,0,OFF,OFF
7,RNC14,,OFF,OFF,ON,ON,5,50,5,ON,0,0,OFF,OFF,OFF,False,0,0,0,1,0,0,0,0,0,0,0,0,1,0,OFF,OFF
8,RNC19,19,OFF,OFF,ON,ON,5,50,5,ON,0,0,OFF,OFF,OFF,False,0,0,0,1,0,0,0,0,0,0,0,0,1,0,OFF,OFF
9,RNC3,,OFF,OFF,ON,ON,5,50,5,ON,0,0,OFF,OFF,OFF,False,0,0,0,1,0,0,0,0,0,0,0,0,1,0,OFF,OFF
10,RNC8,,OFF,OFF,ON,ON,5,50,5,ON,0,0,OFF,OFF,OFF,False,0,0,0,1,0,0,0,0,0,0,0,0,1,0,OFF,OFF
11,RNC16,16,OFF,OFF,ON,ON,5,50,5,ON,0,0,OFF,OFF,OFF,False,0,0,0,1,0,0,0,0,0,0,0,0,1,0,OFF,OFF
12,RNC1,,ON,OFF,ON,ON,5,50,5,ON,0,0,OFF,OFF,OFF,False,0,0,0,1,0,0,0,0,0,0,0,0,1,0,OFF,OFF
13,RNC15,15,ON,OFF,ON,ON,5,50,5,ON,0,0,OFF,OFF,OFF,False,0,0,0,1,0,0,0,0,0,0,0,0,1,0,OFF,OFF
14,RNC17,17,OFF,OFF,ON,OFF,,,,ON,0,0,OFF,OFF,OFF,False,0,0,0,1,0,0,0,0,0,0,0,0,1,0,OFF,OFF
15,RNC4,,OFF,OFF,ON,OFF,,,,ON,0,0,OFF,OFF,OFF,False,0,0,0,1,0,0,0,0,0,0,0,0,1,0,OFF,OFF
