No.,NeName,LogicRncId,CELLID_CENTER@SmlcMethod,CELLID_RTT@SmlcMethod,OTDOA@SmlcMethod,AGPS@SmlcMethod,UTDOA@SmlcMethod,AGPSMethodType,AGPSMeasLongPeriod,AGPSMeasShortPeriod,AGPSAddAssDataSendFlag,REFERENCE_TIME_FOR_GPS@UeAssAgpsAssDataSwitch,REFERENCE_LOCATION_FOR_GPS@UeAssAgpsAssDataSwitch,DGPS_CORRECT@UeAssAgpsAssDataSwitch,GPS_NAVGMODEL@UeAssAgpsAssDataSwitch,GPS_IONOSPHERIC_MODEL@UeAssAgpsAssDataSwitch,GPS_UTC_MODEL@UeAssAgpsAssDataSwitch,GPS_ALMANAC@UeAssAgpsAssDataSwitch,GPS_ACQ_ASSIST@UeAssAgpsAssDataSwitch,GPS_REALTIME_INTEGRITY@UeAssAgpsAssDataSwitch,REFERENCE_TIME_FOR_GPS@UeBasAgpsAssDataSwitch,REFERENCE_LOCATION_FOR_GPS@UeBasAgpsAssDataSwitch,DGPS_CORRECT@UeBasAgpsAssDataSwitch,GPS_NAVGMODEL@UeBasAgpsAssDataSwitch,GPS_IONOSPHERIC_MODEL@UeBasAgpsAssDataSwitch,GPS_UTC_MODEL@UeBasAgpsAssDataSwitch,GPS_ALMANAC@UeBasAgpsAssDataSwitch,GPS_ACQ_ASSIST@UeBasAgpsAssDataSwitch,GPS_REALTIME_INTEGRITY@UeBasAgpsAssDataSwitch,MaxGpsSats,OTDOAMethodType,CELLIDRTTMethodType,EmergLCSSwitch,InterRatHOPermit,InterRatHOType,R5_POSDATA_SWITCH@OptionalIESendSwitch,LAST_KNOWN_SERVICE_AREA_SWITCH@OptionalIESendSwitch,ForcedSHOSwitch,IntraRelThdFor1A,IntraRelThdFor1B,TrigTime1A,TrigTime1B,SHOQualmin,LcsWorkMode,IupcRspTimerLen,ResultGeoType,UtdoaMeasTimerLen,SatElevationCutOffAngle,IntraFreqMeasPeriod,FSHONewRlWaitTime
1,RNC18,18,1,1,0,1,0,UE_BASED,D20000,D12000,DELIVERY,1,1,0,0,0,0,0,1,0,1,1,1,0,1,0,0,0,1,16,UE_ASSISTED,UE_ASSISTED,OFF,,,0,0,OFF,,,,,,RNC_CENTRIC,D1000,AUTOMATIC,D6000,0,D250,40
2,RNC2,,1,1,0,1,0,UE_BASED,D20000,D12000,DELIVERY,1,1,0,0,0,0,0,1,0,1,1,1,0,1,0,0,0,1,16,UE_ASSISTED,UE_ASSISTED,OFF,,,0,0,OFF,,,,,,RNC_CENTRIC,D1000,AUTOMATIC,D6000,0,D250,40
3,RNC5,,1,1,0,1,0,UE_BASED,D20000,D12000,DELIVERY,1,1,0,0,0,0,0,1,0,1,1,1,0,1,0,0,0,1,16,UE_ASSISTED,UE_ASSISTED,OFF,,,0,0,OFF,,,,,,RNC_CENTRIC,D1000,AUTOMATIC,D6000,0,D250,40
4,RNC6,,1,1,0,1,0,UE_BASED,D20000,D12000,DELIVERY,1,1,0,0,0,0,0,1,0,1,1,1,0,1,0,0,0,1,16,UE_ASSISTED,UE_ASSISTED,OFF,,,0,0,OFF,,,,,,RNC_CENTRIC,D1000,AUTOMATIC,D6000,0,D250,40
5,RNC7,,1,1,0,1,0,UE_BASED,D20000,D12000,DELIVERY,1,1,0,0,0,0,0,1,0,1,1,1,0,1,0,0,0,1,16,UE_ASSISTED,UE_ASSISTED,OFF,,,0,0,OFF,,,,,,RNC_CENTRIC,D1000,AUTOMATIC,D6000,0,D250,40
6,RNC13,,1,1,0,1,0,UE_BASED,D20000,D12000,DELIVERY,1,1,0,0,0,0,0,1,0,1,1,1,0,1,0,0,0,1,16,UE_ASSISTED,UE_ASSISTED,OFF,,,0,0,OFF,,,,,,RNC_CENTRIC,D1000,AUTOMATIC,D6000,0,D250,40
7,RNC14,,1,1,0,1,0,UE_BASED,D20000,D12000,DELIVERY,1,1,0,0,0,0,0,1,0,1,1,1,0,1,0,0,0,1,16,UE_ASSISTED,UE_ASSISTED,OFF,,,0,0,OFF,,,,,,RNC_CENTRIC,D1000,AUTOMATIC,D6000,0,D250,40
8,RNC19,19,1,1,0,1,0,UE_ASSISTED_PREFERRED,D20000,D12000,DELIVERY,1,1,0,0,0,0,0,1,1,1,1,1,0,1,0,0,0,1,16,UE_ASSISTED,UE_ASSISTED,OFF,,,0,0,OFF,,,,,,RNC_CENTRIC,D1000,AUTOMATIC,D6000,5,D250,40
9,RNC3,,1,1,0,1,0,UE_BASED,D20000,D12000,DELIVERY,1,1,0,0,0,0,0,1,0,1,1,1,0,1,0,0,0,1,16,UE_ASSISTED,UE_ASSISTED,OFF,,,0,0,OFF,,,,,,RNC_CENTRIC,D1000,AUTOMATIC,D6000,0,D250,40
10,RNC8,,1,1,0,1,0,UE_BASED,D20000,D12000,DELIVERY,1,1,0,0,0,0,0,1,0,1,1,1,0,1,0,0,0,1,16,UE_ASSISTED,UE_ASSISTED,OFF,,,0,0,OFF,,,,,,RNC_CENTRIC,D1000,AUTOMATIC,D6000,0,D250,40
11,RNC16,16,1,1,0,1,0,UE_ASSISTED_PREFERRED,D20000,D12000,DELIVERY,1,1,0,0,0,0,0,1,1,1,1,1,0,1,0,0,0,1,16,UE_ASSISTED,UE_ASSISTED,OFF,,,0,0,OFF,,,,,,RNC_CENTRIC,D1000,AUTOMATIC,D6000,5,D250,40
12,RNC1,,1,1,0,1,0,UE_BASED,D20000,D12000,DELIVERY,1,1,0,0,0,0,0,1,0,1,1,1,0,1,0,0,0,1,16,UE_ASSISTED,UE_ASSISTED,OFF,,,0,0,OFF,,,,,,RNC_CENTRIC,D1000,AUTOMATIC,D6000,0,D250,40
13,RNC15,15,1,1,0,1,0,UE_ASSISTED_PREFERRED,D20000,D12000,DELIVERY,1,1,0,0,0,0,0,1,1,1,1,1,0,1,0,0,0,1,16,UE_ASSISTED,UE_ASSISTED,OFF,,,0,0,OFF,,,,,,RNC_CENTRIC,D1000,AUTOMATIC,D6000,5,D250,40
14,RNC17,17,1,1,0,1,0,UE_BASED,D20000,D12000,DELIVERY,1,1,0,0,0,0,0,1,0,1,1,1,0,1,0,0,0,1,16,UE_ASSISTED,UE_ASSISTED,OFF,,,0,0,OFF,,,,,,RNC_CENTRIC,D1000,AUTOMATIC,D6000,0,D250,40
15,RNC4,,1,1,0,1,0,UE_BASED,D20000,D12000,DELIVERY,1,1,0,0,0,0,0,1,0,1,1,1,0,1,0,0,0,1,16,UE_ASSISTED,UE_ASSISTED,OFF,,,0,0,OFF,,,,,,RNC_CENTRIC,D1000,AUTOMATIC,D6000,0,D250,40
