No.,NeName,LogicRncId,THP1Class,THP2Class,THP3Class,THP4Class,THP5Class,THP6Class,THP7Class,THP8Class,THP9Class,THP10Class,THP11Class,THP12Class,THP13Class,THP14Class,THP15Class
1,RNC18,18,High,High,High,High,High,Medium,Medium,Medium,Medium,Medium,Low,Low,Low,Low,Low
2,RNC2,,High,High,High,High,High,Medium,Medium,Medium,Medium,Medium,Low,Low,Low,Low,Low
3,RNC5,,High,High,High,High,High,Medium,Medium,Medium,Medium,Medium,Low,Low,Low,Low,Low
4,RNC6,,High,High,High,High,High,Medium,Medium,Medium,Medium,Medium,Low,Low,Low,Low,Low
5,RNC7,,High,High,High,High,High,Medium,Medium,Medium,Medium,Medium,Low,Low,Low,Low,Low
6,RNC13,,High,High,High,High,High,Medium,Medium,Medium,Medium,Medium,Low,Low,Low,Low,Low
7,RNC14,,High,High,High,High,High,Medium,Medium,Medium,Medium,Medium,Low,Low,Low,Low,Low
8,RNC19,19,High,High,High,High,High,Medium,Medium,Medium,Medium,Medium,Low,Low,Low,Low,Low
9,RNC3,,High,High,High,High,High,Medium,Medium,Medium,Medium,Medium,Low,Low,Low,Low,Low
10,RNC8,,High,High,High,High,High,Medium,Medium,Medium,Medium,Medium,Low,Low,Low,Low,Low
11,RNC16,16,High,High,High,High,High,Medium,Medium,Medium,Medium,Medium,Low,Low,Low,Low,Low
12,RNC1,,High,Medium,Low,High,High,Medium,Medium,Medium,Medium,Medium,Low,Low,Low,Low,Low
13,RNC15,15,High,Medium,Low,High,High,Medium,Medium,Medium,Medium,Medium,Low,Low,Low,Low,Low
14,RNC17,17,High,High,High,High,High,Medium,Medium,Medium,Medium,Medium,Low,Low,Low,Low,Low
15,RNC4,,High,High,High,High,High,Medium,Medium,Medium,Medium,Medium,Low,Low,Low,Low,Low
