No.,NeName,LogicRncId,LTEReportMode,LTEMeasQuanOf3A,UsedFreqThdRSCP,UsedFreqThdEcNo,Hystfor3A,TrigTime3A,U2LTEFilterCoef,U2LTEMeasTime,TargetRatThdRSRP,TargetRatThdRSRQ,LTEPeriodReportInterval,HystforPeriodLTE,U2LPhyChFailNum,PenaltyTimeForPhyChFail,U2LTEHO2DEventType
1,RNC18,18,PERIODICAL_REPORTING,,,,,,D3,30,36,20,D1000,4,0,30,ECNOANDRSCP
2,RNC2,,PERIODICAL_REPORTING,,,,,,D3,30,36,20,D1000,4,0,30,ECNOANDRSCP
3,RNC5,,PERIODICAL_REPORTING,,,,,,D3,30,36,20,D1000,4,0,30,ECNOANDRSCP
4,RNC6,,PERIODICAL_REPORTING,,,,,,D3,30,36,20,D1000,4,0,30,ECNOANDRSCP
5,RNC7,,PERIODICAL_REPORTING,,,,,,D3,30,36,20,D1000,4,0,30,ECNOANDRSCP
6,RNC13,,PERIODICAL_REPORTING,,,,,,D3,30,36,20,D1000,4,0,30,ECNOANDRSCP
7,RNC14,,PERIODICAL_REPORTING,,,,,,D3,30,36,20,D1000,4,0,30,ECNOANDRSCP
8,RNC19,19,PERIODICAL_REPORTING,,,,,,D3,30,36,20,D1000,4,0,30,ECNOANDRSCP
9,RNC3,,PERIODICAL_REPORTING,,,,,,D3,30,36,20,D1000,4,0,30,ECNOANDRSCP
10,RNC8,,PERIODICAL_REPORTING,,,,,,D3,30,36,20,D1000,4,0,30,ECNOANDRSCP
11,RNC16,16,PERIODICAL_REPORTING,,,,,,D3,30,36,20,D1000,4,0,30,ECNOANDRSCP
12,RNC1,,PERIODICAL_REPORTING,,,,,,D3,30,32,20,D1000,4,0,30,ECNOANDRSCP
13,RNC15,15,EVENT_TRIGGER,RSRP,-107,,4,D0,D3,30,36,20,,,3,30,ECNOANDRSCP
14,RNC17,17,PERIODICAL_REPORTING,,,,,,D3,30,36,20,D1000,4,0,30,ECNOANDRSCP
15,RNC4,,PERIODICAL_REPORTING,,,,,,D3,30,36,20,D1000,4,0,30,ECNOANDRSCP
