No.,NeName,LogicRncId,CellReSelectCounter,StateTransTraffRedundCoef,D2F2PTvmThd,D2FTvmTimeToTrig,D2FTvmPTAT,F2PTvmTimeToTrig,F2PTvmPTAT,BeF2DTvmThd,BeF2DTvmTimeToTrig,BeH2FTvmThd,BeH2FTvmTimeToTrig,BeH2FTvmPTAT,BeF2HTvmThd,BeF2HTvmTimeToTrig,RtDH2FTvmThd,RtDH2FTvmTimeToTrig,RtDH2FTvmPTAT,RtF2DHTvmThd,RtF2DHTvmTimeToTrig,E2FThrouMeasPeriod,E2FThrouThd,E2FThrouTimeToTrig,E2FThrouPTAT,BeF2ETvmThd,BeF2ETvmTimeToTrig,BeF2CpcHTvmThd,BeF2CpcHTvmTimeToTrig,RtF2CpcTvmThd,RtF2CpcTvmTimeToTrig,BeF2CpcETvmThd,BeF2CpcETvmTimeToTrig,BeEFach2DTvmThd,BeEFach2DTvmTimeToTrig,BeEFach2HTvmThd,BeEFach2HTvmTimeToTrig,RtEFach2DHTvmThd,RtEFach2DHTvmTimeToTrig,BeEFach2CpcTvmThd,BeEFach2CpcTvmTimeToTrig,RtEFach2CpcTvmThd,RtEFach2CpcTvmTimeToTrig,FastDormancyF2DHTvmThd,HSDPA4ATvmThd,HSUPA4AThrouThd,TxInterruptAfterTrig,BeF2DHTvmThdForFACHCong,TvmThdForSmartP2D,BasedTimeF2DThd,BasedTimeF2DPT,DlBeAbnH2FHighThrouThd,DlBeAbnH2FLowThrouThd,DlBeAbnH2FHIghTvmThd,DlBeAbnH2FLowTvmThd,AbnH2FPenaltyLen,H2FHsupa4AThrouPAT,ParkingF2DHTvmPTAT,ParkingF2DHTvmTxIAT,ParkingBeF2DHTvmThd,ParkingBeF2PTvmThd,HiLdBeDLF2DHTvmThd,HiLdBeULF2DETvmThd,BasedTimeF2DRlcRetrNumCoef,BasedTimeF2DPTAT,BeERach2EUlTvmThd,BeERach2DTvmThd,BeERach2HDlTvmThd,BeERach2CPCUlTvmThd,BeERach2CPCDlTvmThd,FDERach2DUlTvmThd,BeD2FPThrThd,BeD2FPThrMeasSubPrd,BeD2FPThrPTAT,BeD2FPAbnThrGuardNum,ActualloadStateForP2D,NonHLoadStateForP2D,ICRUE4ATvmThld,HSDPALowThrThd
1,RNC18,18,9,80,D128,D5000,D1000,D5000,D1000,D256,D0,D128,D5000,D1000,D256,D0,D64,D5000,D16000,D1024,D240,30,8,2,4,D1024,D0,D512,D0,D512,D0,D512,D0,D512,D0,D512,D0,D512,D0,D512,D0,D512,D0,D512,D1024,64,D2000,D256,51,0,30,8,8,102,102,60,2,D16000,D16000,D16,D8,D512,D256,0,0,D1024,D512,D512,D512,D512,D512,0,500,10,2,UL_NORMAL_STATE,DL_NORMAL_STATE,D64,0
2,RNC2,,9,80,D128,D5000,D1000,D5000,D1000,D256,D0,D128,D5000,D1000,D256,D0,D64,D5000,D16000,D1024,D240,30,8,2,4,D1024,D0,D512,D0,D512,D0,D512,D0,D512,D0,D512,D0,D512,D0,D512,D0,D512,D0,D512,D1024,64,D2000,D256,51,0,30,8,8,102,102,60,2,D16000,D16000,D16,D8,D512,D256,0,0,D1024,D512,D512,D512,D512,D512,0,500,10,2,UL_NORMAL_STATE,DL_NORMAL_STATE,D64,0
3,RNC5,,9,80,D128,D5000,D1000,D5000,D1000,D256,D0,D128,D5000,D1000,D256,D0,D64,D5000,D16000,D1024,D240,30,8,2,4,D1024,D0,D512,D0,D512,D0,D512,D0,D512,D0,D512,D0,D512,D0,D512,D0,D512,D0,D512,D1024,64,D2000,D256,51,0,30,8,8,102,102,60,2,D16000,D16000,D16,D8,D512,D256,0,0,D1024,D512,D512,D512,D512,D512,0,500,10,2,UL_NORMAL_STATE,DL_NORMAL_STATE,D64,0
4,RNC6,,9,80,D128,D5000,D1000,D5000,D1000,D256,D0,D128,D5000,D1000,D256,D0,D64,D5000,D16000,D1024,D240,30,8,2,4,D1024,D0,D512,D0,D512,D0,D512,D0,D512,D0,D512,D0,D512,D0,D512,D0,D512,D0,D512,D1024,64,D2000,D256,51,0,30,8,8,102,102,60,2,D16000,D16000,D16,D8,D512,D512,0,0,D1024,D512,D512,D512,D512,D512,0,500,10,2,UL_NORMAL_STATE,DL_NORMAL_STATE,D64,0
5,RNC7,,9,80,D128,D5000,D1000,D5000,D1000,D256,D0,D128,D5000,D1000,D256,D0,D64,D5000,D16000,D1024,D240,30,8,2,4,D1024,D0,D512,D0,D512,D0,D512,D0,D512,D0,D512,D0,D512,D0,D512,D0,D512,D0,D512,D1024,64,D2000,D256,51,0,30,8,8,102,102,60,2,D16000,D16000,D16,D8,D512,D256,0,0,D1024,D512,D512,D512,D512,D512,0,500,10,2,UL_NORMAL_STATE,DL_NORMAL_STATE,D64,0
6,RNC13,,9,80,D128,D5000,D1000,D5000,D1000,D256,D0,D128,D5000,D1000,D256,D0,D64,D5000,D16000,D1024,D240,30,8,2,4,D1024,D0,D512,D0,D512,D0,D512,D0,D512,D0,D512,D0,D512,D0,D512,D0,D512,D0,D512,D1024,64,D2000,D256,51,0,30,8,8,102,102,60,2,D16000,D16000,D16,D8,D512,D256,0,0,D1024,D512,D512,D512,D512,D512,0,500,10,2,UL_NORMAL_STATE,DL_NORMAL_STATE,D64,0
7,RNC14,,9,80,D128,D5000,D1000,D5000,D1000,D256,D0,D128,D5000,D1000,D256,D0,D64,D5000,D16000,D1024,D240,30,8,2,4,D1024,D0,D512,D0,D512,D0,D512,D0,D512,D0,D512,D0,D512,D0,D512,D0,D512,D0,D512,D1024,64,D2000,D256,51,0,30,8,8,102,102,60,2,D16000,D16000,D16,D8,D512,D256,0,0,D1024,D512,D512,D512,D512,D512,0,500,10,2,UL_NORMAL_STATE,DL_NORMAL_STATE,D64,0
8,RNC19,19,9,80,D128,D5000,D1000,D5000,D1000,D256,D0,D128,D5000,D1000,D256,D0,D64,D5000,D16000,D1024,D240,30,8,2,4,D1024,D0,D512,D0,D512,D0,D512,D0,D512,D0,D512,D0,D512,D0,D512,D0,D512,D0,D512,D1024,64,D2000,D256,51,0,30,8,8,102,102,60,2,D16000,D16000,D16,D8,D512,D256,0,0,D1024,D512,D512,D512,D512,D512,0,500,10,2,UL_NORMAL_STATE,DL_NORMAL_STATE,D64,0
9,RNC3,,9,80,D128,D5000,D1000,D5000,D1000,D256,D0,D128,D5000,D1000,D256,D0,D64,D5000,D16000,D1024,D240,30,8,2,4,D1024,D0,D512,D0,D512,D0,D512,D0,D512,D0,D512,D0,D512,D0,D512,D0,D512,D0,D512,D1024,64,D2000,D256,51,0,30,8,8,102,102,60,2,D16000,D16000,D16,D8,D512,D256,0,0,D1024,D512,D512,D512,D512,D512,0,500,10,2,UL_NORMAL_STATE,DL_NORMAL_STATE,D64,0
10,RNC8,,9,80,D128,D5000,D1000,D5000,D1000,D256,D0,D128,D5000,D1000,D256,D0,D64,D5000,D16000,D1024,D240,30,8,2,4,D1024,D0,D512,D0,D512,D0,D512,D0,D512,D0,D512,D0,D512,D0,D512,D0,D512,D0,D512,D1024,64,D2000,D256,51,0,30,8,8,102,102,60,2,D16000,D16000,D16,D8,D512,D256,0,0,D1024,D512,D512,D512,D512,D512,0,500,10,2,UL_NORMAL_STATE,DL_NORMAL_STATE,D64,0
11,RNC16,16,9,80,D128,D5000,D1000,D5000,D1000,D256,D0,D128,D5000,D1000,D256,D0,D64,D5000,D16000,D1024,D240,30,8,2,4,D1024,D0,D512,D0,D512,D0,D512,D0,D512,D0,D512,D0,D512,D0,D512,D0,D512,D0,D512,D1024,64,D2000,D256,51,0,30,8,8,102,102,60,2,D16000,D16000,D16,D8,D512,D256,0,0,D1024,D512,D512,D512,D512,D512,0,500,10,2,UL_NORMAL_STATE,DL_NORMAL_STATE,D64,0
12,RNC1,,9,80,D128,D5000,D1000,D5000,D1000,D256,D0,D128,D5000,D1000,D256,D0,D64,D5000,D16000,D1024,D240,30,8,2,4,D1024,D0,D512,D0,D512,D0,D512,D0,D512,D0,D512,D0,D512,D0,D512,D0,D512,D0,D512,D1024,64,D2000,D256,51,0,30,8,8,102,102,60,2,D16000,D16000,D16,D8,D512,D256,0,0,D1024,D512,D512,D512,D512,D512,0,500,10,2,UL_NORMAL_STATE,DL_NORMAL_STATE,D64,0
13,RNC15,15,9,80,D128,D5000,D1000,D5000,D1000,D256,D0,D128,D5000,D1000,D256,D0,D64,D5000,D16000,D1024,D240,30,8,2,4,D1024,D0,D512,D0,D512,D0,D512,D0,D512,D0,D512,D0,D512,D0,D512,D0,D512,D0,D512,D1024,64,D2000,D256,51,0,30,8,8,102,102,60,2,D16000,D16000,D16,D8,D512,D256,0,0,D1024,D512,D512,D512,D512,D512,0,500,10,2,UL_NORMAL_STATE,DL_NORMAL_STATE,D64,0
14,RNC17,17,9,80,D128,D5000,D1000,D5000,D1000,D256,D0,D128,D5000,D1000,D256,D0,D64,D5000,D16000,D1024,D240,30,8,2,4,D1024,D0,D512,D0,D512,D0,D512,D0,D512,D0,D512,D0,D512,D0,D512,D0,D512,D0,D512,D1024,64,D2000,D256,51,0,30,8,8,102,102,60,2,D16000,D16000,D16,D8,D512,D256,0,0,D1024,D512,D512,D512,D512,D512,0,500,10,2,UL_NORMAL_STATE,DL_NORMAL_STATE,D64,0
15,RNC4,,9,80,D128,D5000,D1000,D5000,D1000,D256,D0,D128,D5000,D1000,D256,D0,D64,D5000,D16000,D1024,D240,30,8,2,4,D1024,D0,D512,D0,D512,D0,D512,D0,D512,D0,D512,D0,D512,D0,D512,D0,D512,D0,D512,D1024,64,D2000,D1024,51,0,30,8,8,102,102,60,2,D16000,D16000,D16,D8,D512,D256,0,0,D1024,D512,D512,D512,D512,D512,0,500,10,2,UL_NORMAL_STATE,DL_NORMAL_STATE,D64,0
