No.,NeName,LogicRncId,CellReSelectTimer,BeD2FStateTransTimer,BeF2PStateTransTimer,BeH2FStateTransTimer,RtDH2FStateTransTimer,BeE2FStateTransTimer,BeCpc2FStateTransTimer,RtCpc2FStateTransTimer,BeD2EFachStateTransTimer,BeH2EFachStateTransTimer,RtDH2EFachStateTransTimer,BeCpc2EFachStateTransTimer,RtCpc2EFachStateTransTimer,BeAbnormH2FStateTransTimer,InactF2PStateTransTimer,D2PPsInactTimer,HiLdBeD2FStateTransTimer,Parking4ADiscardTimer,BeThrD2FPStateTransTmr,BeCPCThrD2FPStateTransTmr
1,RNC18,18,180,5,5,5,180,2,5,180,5,5,180,5,180,31,10,2,3,60,2,10
2,RNC2,,180,5,5,5,180,2,5,180,5,5,180,5,180,31,10,2,3,60,2,10
3,RNC5,,180,5,5,5,180,2,5,180,5,5,180,5,180,31,10,2,3,60,2,10
4,RNC6,,180,5,5,5,180,2,5,180,5,5,180,5,180,31,10,2,2,60,2,10
5,RNC7,,180,5,5,5,180,2,5,180,5,5,180,5,180,31,10,2,1,60,2,10
6,RNC13,,180,5,5,5,180,2,5,180,5,5,180,5,180,31,10,2,3,60,2,10
7,RNC14,,180,5,5,5,180,2,5,180,5,5,180,5,180,31,10,2,3,60,2,10
8,RNC19,19,180,5,5,5,180,2,5,180,5,5,180,5,180,31,10,2,3,60,2,10
9,RNC3,,180,5,5,5,180,2,5,180,5,5,180,5,180,31,10,2,3,60,2,10
10,RNC8,,180,5,5,5,180,2,5,180,5,5,180,5,180,31,10,2,3,60,2,10
11,RNC16,16,180,5,5,5,180,2,5,180,5,5,180,5,180,31,10,2,3,60,2,10
12,RNC1,,180,5,5,5,180,2,5,180,5,5,180,5,180,31,10,2,3,60,2,10
13,RNC15,15,180,5,5,5,180,2,5,180,5,5,180,5,180,31,10,2,3,60,2,10
14,RNC17,17,180,5,5,5,180,2,5,180,5,5,180,5,180,31,10,2,2,60,2,10
15,RNC4,,180,5,5,5,180,2,5,180,5,5,180,5,180,31,10,2,2,60,2,10
