NE Name,Cell Index,BTS Name,Cell Name,2021-05-25,2021-05-26,2021-05-27,2021-05-28,2021-05-29,2021-05-30,2021-05-31,2021-06-01
HBWNBSC02,105,5227_Jandawala Bahawalnagar,35227_Jandawala Bahawalnagar,0.0,1.0,0.0,0.0,0.0,0.0,0.0,0.0
HBWNBSC02,106,5226_Khatian Bahawalnagar,15226_Khatian Bahawalnagar,0.0,0.0,1.0,0.0,0.0,0.0,0.0,0.0
HBWNBSC02,108,5226_Khatian Bahawalnagar,35226_Khatian Bahawalnagar,0.0,2.0,0.0,0.0,0.0,0.0,0.0,0.0
HBWNBSC02,143,5214_Shahbaz Wala Bahawalnagar,25214_Shahbaz Wala Bahawalnagar,0.0,0.0,0.0,0.0,0.0,0.0,0.0,1.0
HBWNBSC02,144,5214_Shahbaz Wala Bahawalnagar,35214_Shahbaz Wala Bahawalnagar,0.0,0.0,0.0,0.0,0.0,0.0,4.0,1.0
HBWNBSC02,152,CII-2151_Izafi Basti Bahawalnagar (3G-CII-4523),CII-2151-2_Izafi Basti Bahawalnagar (3G-CII-4523),0.0,0.0,0.0,1.0,0.0,0.0,2.0,0.0
HBWNBSC02,16,5213_Shaheed Chowk Bahawalnagar,15213_Shaheed Chowk Bahawalnagar,0.0,0.0,0.0,0.0,0.0,0.0,0.0,1.0
HBWNBSC02,26,5220_Bangla Road Bahawalnagar (3G-CII-3648),35220_Bangla Road Bahawalnagar (3G-CII-3648),0.0,0.0,0.0,1.0,0.0,0.0,0.0,0.0
HBWNBSC02,30,4581_Fort Abbas Road Bahawalnagar (3G-CII-3644),24581_Fort Abbas Road Bahawalnagar (3G-CII-3644),0.0,0.0,0.0,0.0,0.0,0.0,0.0,1.0
HBWNBSC02,32,5225_Donga Bonga Bahawalnagar,25225_Donga Bonga Bahawalnagar,0.0,0.0,0.0,0.0,1.0,0.0,0.0,0.0
HBWNBSC02,37,5224_Tiba Noor Pura (Gold) Bahawalnagar (3G-CII-3650),15224_Tiba Noor Pura (Gold) Bahawalnagar (3G-CII-3650),0.0,0.0,0.0,0.0,0.0,0.0,1.0,0.0
HBWNBSC02,5,4583_Muslim Colony Bahawalnagar (3G-CII-3646),14583_Muslim Colony Bahawalnagar (3G-CII-3646),0.0,0.0,2.0,0.0,0.0,1.0,0.0,0.0
HBWNBSC02,59,4580_PTCL Exchange (Gold) Bahawalnagar (3G-CII-3643),14580_PTCL Exchange (Gold) Bahawalnagar (3G-CII-3643),0.0,71.0,7.0,0.0,1.0,12.0,3.0,3.0
HBWNBSC02,60,4580_PTCL Exchange (Gold) Bahawalnagar (3G-CII-3643),24580_PTCL Exchange (Gold) Bahawalnagar (3G-CII-3643),1.0,19.0,0.0,0.0,0.0,12.0,4.0,3.0
HBWNBSC02,61,4580_PTCL Exchange (Gold) Bahawalnagar (3G-CII-3643),34580_PTCL Exchange (Gold) Bahawalnagar (3G-CII-3643),1.0,66.0,0.0,0.0,2.0,15.0,5.0,2.0
HBWNBSC02,63,4591_Imitiaz Colony Bahawalnagar (3G-CII-3647),14591_Imitiaz Colony Bahawalnagar (3G-CII-3647),0.0,0.0,1.0,0.0,0.0,0.0,0.0,0.0
HBWNBSC02,65,4591_Imitiaz Colony Bahawalnagar (3G-CII-3647),34591_Imitiaz Colony Bahawalnagar (3G-CII-3647),0.0,1.0,0.0,0.0,0.0,0.0,0.0,0.0
HBWNBSC02,74,4582_Al Faiz Colony Bahawalnagar (3G-CII-3645),34582_Al Faiz Colony Bahawalnagar (3G-CII-3645),0.0,0.0,1.0,0.0,0.0,0.0,0.0,0.0
HDIKBSC03,0,5112_Basti Khandan Bhakkar (3G-CII-4457),35112_Basti Khandan Bhakkar (3G-CII-4457),0.0,0.0,0.0,0.0,0.0,0.0,1.0,2.0
HDIKBSC03,1,6913_Main Rang Pur Adda Chashma Road DI Khan,16913_Main Rang Pur Adda Chashma Road DI Khan,0.0,0.0,0.0,0.0,0.0,2.0,0.0,1.0
HDIKBSC03,100,4324_Imamia Road (Gold) DI Khan (3G-CII-3536),24324_Imamia Road (Gold) DI Khan (3G-CII-3536),0.0,0.0,0.0,0.0,0.0,2.0,0.0,0.0
HDIKBSC03,101,4324_Imamia Road (Gold) DI Khan (3G-CII-3536),34324_Imamia Road (Gold) DI Khan (3G-CII-3536),0.0,0.0,0.0,13.0,5.0,7.0,3.0,1.0
HDIKBSC03,103,5112_Basti Khandan Bhakkar (3G-CII-4457),15112_Basti Khandan Bhakkar (3G-CII-4457),0.0,0.0,0.0,0.0,0.0,0.0,0.0,2.0
HDIKBSC03,104,4344_Bhatta Gul Haider Shah Bhakkar (3G-CII-4272),24344_Bhatta Gul Haider Shah Bhakkar (3G-CII-4272),0.0,0.0,0.0,1.0,0.0,2.0,0.0,0.0
HDIKBSC03,105,4344_Bhatta Gul Haider Shah Bhakkar (3G-CII-4272),34344_Bhatta Gul Haider Shah Bhakkar (3G-CII-4272),0.0,0.0,0.0,0.0,0.0,0.0,0.0,2.0
HDIKBSC03,106,5112_Basti Khandan Bhakkar (3G-CII-4457),25112_Basti Khandan Bhakkar (3G-CII-4457),0.0,0.0,0.0,0.0,0.0,1.0,0.0,2.0
HDIKBSC03,107,6913_Main Rang Pur Adda Chashma Road DI Khan,26913_Main Rang Pur Adda Chashma Road DI Khan,0.0,0.0,0.0,0.0,0.0,1.0,1.0,3.0
HDIKBSC03,108,5091_Noor Ahmed Wali Road DG Khan (3G-CII-4315),15091_Noor Ahmed Wali Road DG Khan (3G-CII-4315),0.0,0.0,0.0,3.0,16.0,12.0,14.0,12.0
HDIKBSC03,109,5091_Noor Ahmed Wali Road DG Khan (3G-CII-4315),25091_Noor Ahmed Wali Road DG Khan (3G-CII-4315),0.0,0.0,0.0,7.0,23.0,11.0,27.0,16.0
HDIKBSC03,110,5091_Noor Ahmed Wali Road DG Khan (3G-CII-4315),35091_Noor Ahmed Wali Road DG Khan (3G-CII-4315),0.0,0.0,0.0,5.0,8.0,5.0,9.0,9.0
HDIKBSC03,111,4334_Mithoo Bindoo Bhakkar (3G-CII-4271),14334_Mithoo Bindoo Bhakkar (3G-CII-4271),0.0,0.0,0.0,0.0,0.0,0.0,1.0,1.0
HDIKBSC03,114,5149_Shorkot DI Khan (3G-CII-4004),15149_Shorkot DI Khan (3G-CII-4004),0.0,0.0,0.0,0.0,0.0,0.0,0.0,2.0
HDIKBSC03,115,5149_Shorkot DI Khan (3G-CII-4004),25149_Shorkot DI Khan (3G-CII-4004),0.0,0.0,0.0,0.0,0.0,2.0,0.0,0.0
HDIKBSC03,117,4279_College Road (Gold) DG Khan (3G-CII-3687),14279_College Road (Gold) DG Khan (3G-CII-3687),0.0,0.0,0.0,1.0,0.0,0.0,0.0,1.0
HDIKBSC03,118,4279_College Road (Gold) DG Khan (3G-CII-3687),24279_College Road (Gold) DG Khan (3G-CII-3687),0.0,0.0,0.0,0.0,0.0,0.0,2.0,0.0
HDIKBSC03,119,4279_College Road (Gold) DG Khan (3G-CII-3687),34279_College Road (Gold) DG Khan (3G-CII-3687),0.0,0.0,0.0,1.0,0.0,2.0,0.0,2.0
HDIKBSC03,120,6913_Main Rang Pur Adda Chashma Road DI Khan,36913_Main Rang Pur Adda Chashma Road DI Khan,0.0,0.0,0.0,0.0,0.0,0.0,0.0,1.0
HDIKBSC03,122,6914_Kat Garh Chashma Road DI Khan,26914_Kat Garh Chashma Road DI Khan,0.0,0.0,0.0,0.0,0.0,0.0,0.0,1.0
HDIKBSC03,124,5090_Nutkani DG Khan,15090_Nutkani DG Khan,0.0,0.0,0.0,25.0,0.0,0.0,0.0,0.0
HDIKBSC03,126,5148_Kokaar DI Khan (3G-CII-4003),15148_Kokaar DI Khan (3G-CII-4003),0.0,0.0,0.0,0.0,0.0,0.0,0.0,2.0
HDIKBSC03,128,4923_Basti Nari DG Khan (3G-CII-4426),14923_Basti Nari DG Khan (3G-CII-4426),0.0,0.0,0.0,0.0,36.0,3.0,0.0,0.0
HDIKBSC03,129,5090_Nutkani DG Khan,25090_Nutkani DG Khan,0.0,0.0,0.0,25.0,0.0,1.0,0.0,2.0
HDIKBSC03,13,4327_Chahikan DI Khan (3G-CII-3937),34327_Chahikan DI Khan (3G-CII-3937),0.0,0.0,0.0,0.0,0.0,0.0,1.0,2.0
HDIKBSC03,130,5090_Nutkani DG Khan,35090_Nutkani DG Khan,0.0,0.0,0.0,127.0,0.0,4.0,0.0,4.0
HDIKBSC03,131,4923_Basti Nari DG Khan (3G-CII-4426),24923_Basti Nari DG Khan (3G-CII-4426),0.0,0.0,0.0,0.0,27.0,2.0,0.0,0.0
HDIKBSC03,132,N-4964_Khoi Bukhara Tribal Area adj DIK (3G-N-2578),N-4964-1_Khoi Bukhara Tribal Area adj DIK (3G-N-2578),0.0,0.0,0.0,0.0,0.0,0.0,0.0,1.0
HDIKBSC03,133,4923_Basti Nari DG Khan (3G-CII-4426),34923_Basti Nari DG Khan (3G-CII-4426),0.0,0.0,0.0,0.0,5.0,0.0,0.0,0.0
HDIKBSC03,134,N-4964_Khoi Bukhara Tribal Area adj DIK (3G-N-2578),N-4964-2_Khoi Bukhara Tribal Area adj DIK (3G-N-2578),0.0,0.0,0.0,0.0,0.0,0.0,1.0,1.0
HDIKBSC03,135,N-4964_Khoi Bukhara Tribal Area adj DIK (3G-N-2578),N-4964-3_Khoi Bukhara Tribal Area adj DIK (3G-N-2578),0.0,0.0,0.0,0.0,2.0,0.0,0.0,1.0
HDIKBSC03,137,4928_Mangrotha DG Khan (3G-CII-4437),14928_Mangrotha DG Khan (3G-CII-4437),0.0,0.0,0.0,0.0,0.0,2.0,0.0,0.0
HDIKBSC03,138,N-4961_Darazinda Tribal Area adj DIK,N-4961-1_Darazinda Tribal Area adj DIK,0.0,0.0,0.0,3.0,0.0,9.0,0.0,0.0
HDIKBSC03,139,N-4961_Darazinda Tribal Area adj DIK,N-4961-2_Darazinda Tribal Area adj DIK,0.0,0.0,0.0,21.0,2.0,63.0,6.0,5.0
HDIKBSC03,14,4921_Raitra DG Khan,14921_Raitra DG Khan,0.0,0.0,0.0,0.0,0.0,0.0,0.0,3.0
HDIKBSC03,142,4924_Phindi DG Khan,34924_Phindi DG Khan,0.0,0.0,0.0,0.0,0.0,0.0,2.0,1.0
HDIKBSC03,143,4928_Mangrotha DG Khan (3G-CII-4437),24928_Mangrotha DG Khan (3G-CII-4437),0.0,0.0,0.0,0.0,0.0,2.0,2.0,3.0
HDIKBSC03,144,4928_Mangrotha DG Khan (3G-CII-4437),34928_Mangrotha DG Khan (3G-CII-4437),0.0,0.0,0.0,0.0,0.0,2.0,2.0,7.0
HDIKBSC03,145,N-4961_Darazinda Tribal Area adj DIK,N-4961-3_Darazinda Tribal Area adj DIK,0.0,0.0,0.0,5.0,0.0,6.0,2.0,0.0
HDIKBSC03,146,CII-2669_Ramak DI Khan,CII-2669-1_Ramak DI Khan,0.0,0.0,0.0,0.0,0.0,2.0,0.0,3.0
HDIKBSC03,147,CII-2669_Ramak DI Khan,CII-2669-2_Ramak DI Khan,0.0,0.0,0.0,0.0,0.0,1.0,3.0,4.0
HDIKBSC03,148,CII-2669_Ramak DI Khan,CII-2669-3_Ramak DI Khan,0.0,0.0,0.0,0.0,0.0,1.0,0.0,1.0
HDIKBSC03,149,5088_Mujahid Road DG Khan,15088_Mujahid Road DG Khan,0.0,0.0,0.0,0.0,0.0,3.0,0.0,3.0
HDIKBSC03,15,4921_Raitra DG Khan,24921_Raitra DG Khan,0.0,0.0,0.0,0.0,0.0,0.0,0.0,1.0
HDIKBSC03,150,5781_College Road DG Khan (3G-CII-4378),15781_College Road DG Khan (3G-CII-4378),0.0,0.0,0.0,11.0,5.0,4.0,4.0,5.0
HDIKBSC03,151,5781_College Road DG Khan (3G-CII-4378),25781_College Road DG Khan (3G-CII-4378),0.0,0.0,0.0,0.0,0.0,8.0,2.0,1.0
HDIKBSC03,152,5781_College Road DG Khan (3G-CII-4378),35781_College Road DG Khan (3G-CII-4378),0.0,0.0,0.0,0.0,0.0,3.0,0.0,2.0
HDIKBSC03,154,5098_Deen Pur Layyah,25098_Deen Pur Layyah,0.0,0.0,0.0,0.0,0.0,1.0,0.0,0.0
HDIKBSC03,156,5782_Kot Mahoi DG Khan,15782_Kot Mahoi DG Khan,0.0,0.0,0.0,1.0,0.0,0.0,0.0,2.0
HDIKBSC03,157,5783_Basti Sokar DG Khan (3G-CII-4510),15783_Basti Sokar DG Khan (3G-CII-4510),0.0,0.0,0.0,64.0,0.0,0.0,2.0,0.0
HDIKBSC03,158,5783_Basti Sokar DG Khan (3G-CII-4510),25783_Basti Sokar DG Khan (3G-CII-4510),0.0,0.0,0.0,12.0,0.0,3.0,0.0,2.0
HDIKBSC03,159,5783_Basti Sokar DG Khan (3G-CII-4510),35783_Basti Sokar DG Khan (3G-CII-4510),0.0,0.0,0.0,20.0,0.0,1.0,0.0,1.0
HDIKBSC03,16,4921_Raitra DG Khan,34921_Raitra DG Khan,0.0,0.0,0.0,0.0,0.0,0.0,3.0,5.0
HDIKBSC03,160,5782_Kot Mahoi DG Khan,25782_Kot Mahoi DG Khan,0.0,0.0,0.0,0.0,0.0,0.0,0.0,1.0
HDIKBSC03,162,4283_Mohallah Shumali (Gold) DG Khan (3G-CII-4343),14283_Mohallah Shumali (Gold) DG Khan (3G-CII-4343),0.0,0.0,0.0,0.0,0.0,0.0,0.0,1.0
HDIKBSC03,163,4283_Mohallah Shumali (Gold) DG Khan (3G-CII-4343),24283_Mohallah Shumali (Gold) DG Khan (3G-CII-4343),0.0,0.0,0.0,0.0,0.0,3.0,0.0,2.0
HDIKBSC03,164,4283_Mohallah Shumali (Gold) DG Khan (3G-CII-4343),34283_Mohallah Shumali (Gold) DG Khan (3G-CII-4343),0.0,0.0,0.0,0.0,0.0,2.0,2.0,0.0
HDIKBSC03,165,CII-2700_Mithe Ali DG Khan (3G-CII-3911),CII-2700-1_Mithe Ali DG Khan (3G-CII-3911),0.0,0.0,0.0,0.0,0.0,0.0,2.0,1.0
HDIKBSC03,166,5107_Tibba Amam DG Khan (3G-CII-4244),15107_Tibba Amam DG Khan (3G-CII-4244),0.0,0.0,0.0,0.0,0.0,0.0,1.0,1.0
HDIKBSC03,167,CII-2700_Mithe Ali DG Khan (3G-CII-3911),CII-2700-2_Mithe Ali DG Khan (3G-CII-3911),0.0,0.0,0.0,0.0,0.0,1.0,0.0,3.0
HDIKBSC03,168,CII-2700_Mithe Ali DG Khan (3G-CII-3911),CII-2700-3_Mithe Ali DG Khan (3G-CII-3911),0.0,0.0,0.0,0.0,0.0,2.0,0.0,2.0
HDIKBSC03,169,5107_Tibba Amam DG Khan (3G-CII-4244),25107_Tibba Amam DG Khan (3G-CII-4244),0.0,0.0,0.0,0.0,0.0,8.0,1.0,9.0
HDIKBSC03,17,4323_Mohallah Awanabad Bannu Road DI Khan (3G-CII-3936),14323_Mohallah Awanabad Bannu Road DI Khan (3G-CII-3936),0.0,0.0,0.0,0.0,0.0,3.0,0.0,0.0
HDIKBSC03,170,5107_Tibba Amam DG Khan (3G-CII-4244),35107_Tibba Amam DG Khan (3G-CII-4244),0.0,0.0,0.0,0.0,0.0,1.0,0.0,1.0
HDIKBSC03,171,5089_Tibbi Kaisrani DG Khan (3G-CII-4405),15089_Tibbi Kaisrani DG Khan (3G-CII-4405),0.0,0.0,0.0,0.0,0.0,0.0,4.0,9.0
HDIKBSC03,172,5089_Tibbi Kaisrani DG Khan (3G-CII-4405),25089_Tibbi Kaisrani DG Khan (3G-CII-4405),0.0,0.0,0.0,0.0,0.0,0.0,3.0,14.0
HDIKBSC03,173,5089_Tibbi Kaisrani DG Khan (3G-CII-4405),35089_Tibbi Kaisrani DG Khan (3G-CII-4405),0.0,0.0,0.0,0.0,1.0,1.0,0.0,6.0
HDIKBSC03,174,5116_Zafarabad DI Khan (3G-CII-3995),15116_Zafarabad DI Khan (3G-CII-3995),0.0,0.0,0.0,117.0,69.0,29.0,88.0,5.0
HDIKBSC03,175,5780_Mohalla Khowajgan DG Khan (3G-CII-4371),15780_Mohalla Khowajgan DG Khan (3G-CII-4371),0.0,0.0,0.0,0.0,0.0,3.0,0.0,9.0
HDIKBSC03,176,5088_Mujahid Road DG Khan,25088_Mujahid Road DG Khan,0.0,0.0,0.0,0.0,0.0,0.0,0.0,2.0
HDIKBSC03,177,5088_Mujahid Road DG Khan,35088_Mujahid Road DG Khan,0.0,0.0,0.0,0.0,0.0,0.0,0.0,3.0
HDIKBSC03,178,5780_Mohalla Khowajgan DG Khan (3G-CII-4371),25780_Mohalla Khowajgan DG Khan (3G-CII-4371),0.0,0.0,0.0,0.0,0.0,0.0,2.0,13.0
HDIKBSC03,179,5780_Mohalla Khowajgan DG Khan (3G-CII-4371),35780_Mohalla Khowajgan DG Khan (3G-CII-4371),0.0,0.0,0.0,1.0,1.0,3.0,0.0,1.0
HDIKBSC03,18,4323_Mohallah Awanabad Bannu Road DI Khan (3G-CII-3936),24323_Mohallah Awanabad Bannu Road DI Khan (3G-CII-3936),0.0,0.0,0.0,0.0,0.0,2.0,0.0,0.0
HDIKBSC03,180,CII-2062_Moza Fatha DI Khan (3G-CII-4714),CII-2062-1_Moza Fatha DI Khan (3G-CII-4714),0.0,0.0,0.0,0.0,0.0,0.0,1.0,3.0
HDIKBSC03,181,CII-2062_Moza Fatha DI Khan (3G-CII-4714),CII-2062-2_Moza Fatha DI Khan (3G-CII-4714),0.0,0.0,0.0,0.0,0.0,0.0,0.0,2.0
HDIKBSC03,182,CII-2062_Moza Fatha DI Khan (3G-CII-4714),CII-2062-3_Moza Fatha DI Khan (3G-CII-4714),0.0,0.0,0.0,0.0,0.0,0.0,0.0,1.0
HDIKBSC03,183,CII-2056_Maara DI Khan,CII-2056-1_Maara DI Khan,0.0,0.0,0.0,0.0,0.0,0.0,6.0,0.0
HDIKBSC03,184,CII-2056_Maara DI Khan,CII-2056-2_Maara DI Khan,0.0,0.0,0.0,0.0,0.0,0.0,3.0,0.0
HDIKBSC03,185,CII-2056_Maara DI Khan,CII-2056-3_Maara DI Khan,0.0,0.0,0.0,0.0,0.0,0.0,2.0,1.0
HDIKBSC03,186,CII-2047_Makwal Kalan DG Khan (3G-CII-4182),CII-2047-1_Makwal Kalan DG Khan (3G-CII-4182),0.0,0.0,0.0,0.0,0.0,2.0,2.0,3.0
HDIKBSC03,187,CII-2047_Makwal Kalan DG Khan (3G-CII-4182),CII-2047-2_Makwal Kalan DG Khan (3G-CII-4182),0.0,0.0,0.0,1.0,0.0,2.0,0.0,3.0
HDIKBSC03,188,CII-2047_Makwal Kalan DG Khan (3G-CII-4182),CII-2047-3_Makwal Kalan DG Khan (3G-CII-4182),0.0,0.0,0.0,0.0,0.0,0.0,0.0,1.0
HDIKBSC03,191,CII-2069_Panyala DI Khan (3G-CII-4085),CII-2069-3_Panyala DI Khan (3G-CII-4085),0.0,0.0,0.0,0.0,0.0,0.0,0.0,1.0
HDIKBSC03,194,CII-2504_Bandkori DI Khan (3G-CII-4094),CII-2504-3_Bandkori DI Khan (3G-CII-4094),0.0,0.0,0.0,0.0,0.0,1.0,0.0,0.0
HDIKBSC03,195,CII-2505_Roari DI Khan,CII-2505-1_Roari DI Khan,0.0,0.0,0.0,2.0,0.0,0.0,1.0,0.0
HDIKBSC03,198,CII-2542_Thana Morr DI Khan (3G-CII-4096),CII-2542-1_Thana Morr DI Khan (3G-CII-4096),0.0,0.0,0.0,268.0,93.0,5.0,53.0,9.0
HDIKBSC03,199,CII-2542_Thana Morr DI Khan (3G-CII-4096),CII-2542-2_Thana Morr DI Khan (3G-CII-4096),0.0,0.0,0.0,167.0,36.0,3.0,46.0,11.0
HDIKBSC03,2,4322_Toyota Motors DI Khan (3G-CII-3535),14322_Toyota Motors DI Khan (3G-CII-3535),0.0,0.0,0.0,96.0,48.0,5.0,35.0,9.0
HDIKBSC03,20,4321_Circular Road DI Khan (3G-CII-3534),14321_Circular Road DI Khan (3G-CII-3534),0.0,0.0,0.0,85.0,49.0,4.0,28.0,12.0
HDIKBSC03,200,CII-2542_Thana Morr DI Khan (3G-CII-4096),CII-2542-3_Thana Morr DI Khan (3G-CII-4096),0.0,0.0,0.0,152.0,35.0,7.0,25.0,10.0
HDIKBSC03,202,CII-2541_Kurai DI Khan (3G-CII-4095),CII-2541-2_Kurai DI Khan (3G-CII-4095),0.0,0.0,0.0,0.0,0.0,0.0,2.0,1.0
HDIKBSC03,203,CII-2541_Kurai DI Khan (3G-CII-4095),CII-2541-3_Kurai DI Khan (3G-CII-4095),0.0,0.0,0.0,0.0,0.0,1.0,0.0,0.0
HDIKBSC03,204,CII-2503_Kot Awan DI Khan (3G-CII-4093),CII-2503-2_Kot Awan DI Khan (3G-CII-4093),0.0,0.0,0.0,0.0,0.0,2.0,0.0,2.0
HDIKBSC03,205,CII-2503_Kot Awan DI Khan (3G-CII-4093),CII-2503-3_Kot Awan DI Khan (3G-CII-4093),0.0,0.0,0.0,0.0,0.0,0.0,0.0,1.0
HDIKBSC03,206,CII-2052_Mangal DI Khan (3G-N-4810),CII-2052-1_Mangal DI Khan (3G-N-4810),0.0,0.0,0.0,0.0,21.0,0.0,4.0,0.0
HDIKBSC03,207,CII-2052_Mangal DI Khan (3G-N-4810),CII-2052-2_Mangal DI Khan (3G-N-4810),0.0,0.0,0.0,0.0,34.0,0.0,0.0,2.0
HDIKBSC03,208,CII-2052_Mangal DI Khan (3G-N-4810),CII-2052-3_Mangal DI Khan (3G-N-4810),0.0,0.0,0.0,0.0,34.0,0.0,0.0,0.0
HDIKBSC03,209,CII-2537_Gomal University DI Khan (3G-CII-3913),CII-2537-1_Gomal University DI Khan (3G-CII-3913),0.0,0.0,0.0,0.0,0.0,2.0,2.0,5.0
HDIKBSC03,21,4321_Circular Road DI Khan (3G-CII-3534),24321_Circular Road DI Khan (3G-CII-3534),0.0,0.0,0.0,78.0,28.0,6.0,11.0,1.0
HDIKBSC03,210,CII-2537_Gomal University DI Khan (3G-CII-3913),CII-2537-2_Gomal University DI Khan (3G-CII-3913),0.0,0.0,0.0,0.0,0.0,0.0,0.0,1.0
HDIKBSC03,212,CII-2316_Vehowa DG Khan (3G-CII-4316),CII-2316-1_Vehowa DG Khan (3G-CII-4316),0.0,0.0,0.0,0.0,0.0,1.0,2.0,11.0
HDIKBSC03,213,CII-2316_Vehowa DG Khan (3G-CII-4316),CII-2316-2_Vehowa DG Khan (3G-CII-4316),0.0,0.0,0.0,2.0,0.0,2.0,2.0,11.0
HDIKBSC03,214,CII-2316_Vehowa DG Khan (3G-CII-4316),CII-2316-3_Vehowa DG Khan (3G-CII-4316),0.0,0.0,0.0,1.0,0.0,4.0,4.0,4.0
HDIKBSC03,215,CII-2051_Miran DI Khan,CII-2051-1_Miran DI Khan,0.0,0.0,0.0,0.0,1.0,0.0,0.0,0.0
HDIKBSC03,218,CII-2317_Basti Jat Wali DG Khan (3G-CII-2006),CII-2317-1_Basti Jat Wali DG Khan (3G-CII-2006),0.0,0.0,0.0,0.0,0.0,1.0,0.0,3.0
HDIKBSC03,219,CII-2317_Basti Jat Wali DG Khan (3G-CII-2006),CII-2317-2_Basti Jat Wali DG Khan (3G-CII-2006),0.0,0.0,0.0,0.0,0.0,0.0,3.0,3.0
HDIKBSC03,22,4321_Circular Road DI Khan (3G-CII-3534),34321_Circular Road DI Khan (3G-CII-3534),0.0,0.0,0.0,140.0,56.0,2.0,50.0,9.0
HDIKBSC03,220,CII-2317_Basti Jat Wali DG Khan (3G-CII-2006),CII-2317-3_Basti Jat Wali DG Khan (3G-CII-2006),0.0,0.0,0.0,0.0,2.0,9.0,0.0,13.0
HDIKBSC03,221,CII-2576_Malik Chowk DG Khan (3G-CII-3728),CII-2576-1_Malik Chowk DG Khan (3G-CII-3728),0.0,0.0,0.0,8.0,6.0,6.0,15.0,7.0
HDIKBSC03,222,CII-2576_Malik Chowk DG Khan (3G-CII-3728),CII-2576-2_Malik Chowk DG Khan (3G-CII-3728),0.0,0.0,0.0,5.0,11.0,13.0,11.0,2.0
HDIKBSC03,223,CII-2590_Muhallah Akwanza DG Khan (3G-CII-4441),CII-2590-1_Muhallah Akwanza DG Khan (3G-CII-4441),0.0,0.0,0.0,0.0,0.0,1.0,0.0,3.0
HDIKBSC03,224,CII-2590_Muhallah Akwanza DG Khan (3G-CII-4441),CII-2590-2_Muhallah Akwanza DG Khan (3G-CII-4441),0.0,0.0,0.0,0.0,0.0,0.0,1.0,2.0
HDIKBSC03,225,CII-2590_Muhallah Akwanza DG Khan (3G-CII-4441),CII-2590-3_Muhallah Akwanza DG Khan (3G-CII-4441),0.0,0.0,0.0,0.0,0.0,0.0,2.0,3.0
HDIKBSC03,226,CII-2576_Malik Chowk DG Khan (3G-CII-3728),CII-2576-3_Malik Chowk DG Khan (3G-CII-3728),0.0,0.0,0.0,4.0,7.0,6.0,3.0,4.0
HDIKBSC03,227,CII-2254_Daraban Road DI Khan (3G-CII-3532),CII-2254-1_Daraban Road DI Khan (3G-CII-3532),0.0,0.0,0.0,43.0,25.0,1.0,19.0,3.0
HDIKBSC03,228,CII-2254_Daraban Road DI Khan (3G-CII-3532),CII-2254-2_Daraban Road DI Khan (3G-CII-3532),0.0,0.0,0.0,33.0,17.0,1.0,8.0,0.0
HDIKBSC03,229,CII-2254_Daraban Road DI Khan (3G-CII-3532),CII-2254-3_Daraban Road DI Khan (3G-CII-3532),0.0,0.0,0.0,232.0,73.0,7.0,45.0,12.0
HDIKBSC03,23,CII-2503_Kot Awan DI Khan (3G-CII-4093),CII-2503-1_Kot Awan DI Khan (3G-CII-4093),0.0,0.0,0.0,0.0,0.0,1.0,0.0,1.0
HDIKBSC03,230,CII-2312_Hashmi Road DG Khan (3G-CII-3726),CII-2312-1_Hashmi Road DG Khan (3G-CII-3726),0.0,0.0,0.0,1.0,6.0,1.0,3.0,1.0
HDIKBSC03,231,5116_Zafarabad DI Khan (3G-CII-3995),25116_Zafarabad DI Khan (3G-CII-3995),0.0,0.0,0.0,220.0,139.0,69.0,155.0,10.0
HDIKBSC03,232,5116_Zafarabad DI Khan (3G-CII-3995),35116_Zafarabad DI Khan (3G-CII-3995),0.0,0.0,0.0,129.0,80.0,40.0,83.0,7.0
HDIKBSC03,234,5119_Mohallah Qadir Bakhish DI Khan (3G-CII-3997),25119_Mohallah Qadir Bakhish DI Khan (3G-CII-3997),0.0,0.0,0.0,0.0,0.0,1.0,0.0,1.0
HDIKBSC03,235,5119_Mohallah Qadir Bakhish DI Khan (3G-CII-3997),35119_Mohallah Qadir Bakhish DI Khan (3G-CII-3997),0.0,0.0,0.0,0.0,0.0,0.0,1.0,2.0
HDIKBSC03,236,5128_Draban Chaungi DI Khan (3G-CII-3998),15128_Draban Chaungi DI Khan (3G-CII-3998),0.0,0.0,0.0,92.0,27.0,2.0,28.0,4.0
HDIKBSC03,237,5128_Draban Chaungi DI Khan (3G-CII-3998),25128_Draban Chaungi DI Khan (3G-CII-3998),0.0,0.0,0.0,131.0,45.0,5.0,22.0,3.0
HDIKBSC03,238,5128_Draban Chaungi DI Khan (3G-CII-3998),35128_Draban Chaungi DI Khan (3G-CII-3998),0.0,0.0,0.0,288.0,101.0,22.0,43.0,13.0
HDIKBSC03,239,5126_Baranabad DI Khan (3G-CI-3984),15126_Baranabad DI Khan (3G-CI-3984),0.0,0.0,0.0,171.0,83.0,3.0,44.0,10.0
HDIKBSC03,24,5115_Kachi Pain Khan DI Khan (3G-CII-3994),15115_Kachi Pain Khan DI Khan (3G-CII-3994),0.0,0.0,0.0,72.0,33.0,0.0,17.0,2.0
HDIKBSC03,240,5126_Baranabad DI Khan (3G-CI-3984),25126_Baranabad DI Khan (3G-CI-3984),0.0,0.0,0.0,127.0,54.0,4.0,21.0,9.0
HDIKBSC03,241,5126_Baranabad DI Khan (3G-CI-3984),35126_Baranabad DI Khan (3G-CI-3984),0.0,0.0,0.0,141.0,51.0,4.0,39.0,8.0
HDIKBSC03,242,5122_Main Chogalla (Gold) DI Khan (3G-CII-3538),15122_Main Chogalla (Gold) DI Khan (3G-CII-3538),0.0,0.0,0.0,132.0,80.0,8.0,45.0,14.0
HDIKBSC03,243,5122_Main Chogalla (Gold) DI Khan (3G-CII-3538),25122_Main Chogalla (Gold) DI Khan (3G-CII-3538),0.0,0.0,0.0,123.0,64.0,7.0,39.0,13.0
HDIKBSC03,244,5122_Main Chogalla (Gold) DI Khan (3G-CII-3538),35122_Main Chogalla (Gold) DI Khan (3G-CII-3538),0.0,0.0,0.0,92.0,48.0,7.0,26.0,11.0
HDIKBSC03,245,5127_Muryali More DI Khan (3G-CI-3985),15127_Muryali More DI Khan (3G-CI-3985),0.0,0.0,0.0,194.0,31.0,8.0,24.0,5.0
HDIKBSC03,246,5127_Muryali More DI Khan (3G-CI-3985),25127_Muryali More DI Khan (3G-CI-3985),0.0,0.0,0.0,219.0,64.0,10.0,38.0,8.0
HDIKBSC03,247,5127_Muryali More DI Khan (3G-CI-3985),35127_Muryali More DI Khan (3G-CI-3985),0.0,0.0,0.0,242.0,69.0,16.0,49.0,7.0
HDIKBSC03,248,5779_Nizamabad (Gold) DG Khan (3G-CII-3720),25779_Nizamabad (Gold) DG Khan (3G-CII-3720),0.0,0.0,0.0,0.0,4.0,2.0,0.0,0.0
HDIKBSC03,249,5779_Nizamabad (Gold) DG Khan (3G-CII-3720),35779_Nizamabad (Gold) DG Khan (3G-CII-3720),0.0,0.0,0.0,0.0,0.0,0.0,0.0,1.0
HDIKBSC03,25,5115_Kachi Pain Khan DI Khan (3G-CII-3994),25115_Kachi Pain Khan DI Khan (3G-CII-3994),0.0,0.0,0.0,93.0,36.0,3.0,36.0,10.0
HDIKBSC03,250,5123_Village Dewala DI Khan (3G-CII-3539),15123_Village Dewala DI Khan (3G-CII-3539),0.0,0.0,0.0,10.0,0.0,3.0,1.0,0.0
HDIKBSC03,251,5123_Village Dewala DI Khan (3G-CII-3539),25123_Village Dewala DI Khan (3G-CII-3539),0.0,0.0,0.0,6.0,0.0,2.0,0.0,1.0
HDIKBSC03,252,5123_Village Dewala DI Khan (3G-CII-3539),35123_Village Dewala DI Khan (3G-CII-3539),0.0,0.0,0.0,4.0,0.0,0.0,0.0,0.0
HDIKBSC03,253,CII-2312_Hashmi Road DG Khan (3G-CII-3726),CII-2312-2_Hashmi Road DG Khan (3G-CII-3726),0.0,0.0,0.0,0.0,0.0,2.0,0.0,1.0
HDIKBSC03,254,CII-2312_Hashmi Road DG Khan (3G-CII-3726),CII-2312-3_Hashmi Road DG Khan (3G-CII-3726),0.0,0.0,0.0,3.0,3.0,7.0,5.0,4.0
HDIKBSC03,255,CII-2313_Muhala Eidgah Highway Road DG Khan (3G-CII-4430),CII-2313-1_Muhala Eidgah Highway Road DG Khan (3G-CII-4430),0.0,0.0,0.0,0.0,0.0,1.0,3.0,6.0
HDIKBSC03,259,5152_Hanif Town Dayal Road DI Khan (3G-CII-4005),15152_Hanif Town Dayal Road DI Khan (3G-CII-4005),0.0,0.0,0.0,105.0,48.0,4.0,14.0,3.0
HDIKBSC03,26,5115_Kachi Pain Khan DI Khan (3G-CII-3994),35115_Kachi Pain Khan DI Khan (3G-CII-3994),0.0,0.0,0.0,63.0,41.0,2.0,23.0,2.0
HDIKBSC03,260,5152_Hanif Town Dayal Road DI Khan (3G-CII-4005),25152_Hanif Town Dayal Road DI Khan (3G-CII-4005),0.0,0.0,0.0,74.0,36.0,3.0,15.0,5.0
HDIKBSC03,261,5152_Hanif Town Dayal Road DI Khan (3G-CII-4005),35152_Hanif Town Dayal Road DI Khan (3G-CII-4005),0.0,0.0,0.0,88.0,40.0,5.0,19.0,4.0
HDIKBSC03,262,5129_Chamman Chowk DI Khan (3G-CII-3541),15129_Chamman Chowk DI Khan (3G-CII-3541),0.0,0.0,0.0,0.0,0.0,1.0,0.0,0.0
HDIKBSC03,264,5129_Chamman Chowk DI Khan (3G-CII-3541),35129_Chamman Chowk DI Khan (3G-CII-3541),0.0,0.0,0.0,0.0,0.0,0.0,0.0,1.0
HDIKBSC03,265,5109_Kaneri Bhakkar (3G-CII-4401),15109_Kaneri Bhakkar (3G-CII-4401),0.0,0.0,0.0,1.0,0.0,1.0,3.0,5.0
HDIKBSC03,266,5109_Kaneri Bhakkar (3G-CII-4401),25109_Kaneri Bhakkar (3G-CII-4401),0.0,0.0,0.0,0.0,0.0,4.0,1.0,0.0
HDIKBSC03,267,5109_Kaneri Bhakkar (3G-CII-4401),35109_Kaneri Bhakkar (3G-CII-4401),0.0,0.0,0.0,0.0,0.0,0.0,2.0,1.0
HDIKBSC03,268,5777_Mohallah Sheikhan DG Khan (3G-CII-4509),15777_Mohallah Sheikhan DG Khan (3G-CII-4509),0.0,0.0,0.0,0.0,0.0,2.0,0.0,3.0
HDIKBSC03,269,5777_Mohallah Sheikhan DG Khan (3G-CII-4509),25777_Mohallah Sheikhan DG Khan (3G-CII-4509),0.0,0.0,0.0,0.0,0.0,0.0,1.0,4.0
HDIKBSC03,27,4925_Adda Choki Wala DG Khan,14925_Adda Choki Wala DG Khan,0.0,0.0,0.0,25.0,0.0,0.0,0.0,0.0
HDIKBSC03,270,5777_Mohallah Sheikhan DG Khan (3G-CII-4509),35777_Mohallah Sheikhan DG Khan (3G-CII-4509),0.0,0.0,0.0,0.0,0.0,4.0,1.0,7.0
HDIKBSC03,271,5153_Bhaktawarabad Colony DI Khan (3G-CII-4006),15153_Bhaktawarabad Colony DI Khan (3G-CII-4006),0.0,0.0,0.0,0.0,0.0,0.0,0.0,1.0
HDIKBSC03,272,5153_Bhaktawarabad Colony DI Khan (3G-CII-4006),25153_Bhaktawarabad Colony DI Khan (3G-CII-4006),0.0,0.0,0.0,0.0,0.0,0.0,1.0,0.0
HDIKBSC03,274,5131_Topanwala Chowk (Gold) DI Khan (3G-CII-3542),15131_Topanwala Chowk (Gold) DI Khan (3G-CII-3542),0.0,0.0,0.0,3.0,0.0,1.0,3.0,2.0
HDIKBSC03,275,5131_Topanwala Chowk (Gold) DI Khan (3G-CII-3542),25131_Topanwala Chowk (Gold) DI Khan (3G-CII-3542),0.0,0.0,0.0,0.0,1.0,0.0,0.0,0.0
HDIKBSC03,276,5131_Topanwala Chowk (Gold) DI Khan (3G-CII-3542),35131_Topanwala Chowk (Gold) DI Khan (3G-CII-3542),0.0,0.0,0.0,0.0,0.0,3.0,0.0,0.0
HDIKBSC03,277,5124_Tariqabad DI Khan (3G-CII-3540),15124_Tariqabad DI Khan (3G-CII-3540),0.0,0.0,0.0,55.0,0.0,0.0,1.0,0.0
HDIKBSC03,278,5124_Tariqabad DI Khan (3G-CII-3540),25124_Tariqabad DI Khan (3G-CII-3540),0.0,0.0,0.0,99.0,0.0,0.0,2.0,0.0
HDIKBSC03,279,5124_Tariqabad DI Khan (3G-CII-3540),35124_Tariqabad DI Khan (3G-CII-3540),0.0,0.0,0.0,70.0,0.0,0.0,2.0,1.0
HDIKBSC03,28,4925_Adda Choki Wala DG Khan,24925_Adda Choki Wala DG Khan,0.0,0.0,0.0,11.0,0.0,0.0,0.0,1.0
HDIKBSC03,280,5118_Sheikh Yousaf Adda DI Khan (3G-CII-3996),15118_Sheikh Yousaf Adda DI Khan (3G-CII-3996),0.0,0.0,0.0,122.0,58.0,14.0,48.0,10.0
HDIKBSC03,281,5118_Sheikh Yousaf Adda DI Khan (3G-CII-3996),25118_Sheikh Yousaf Adda DI Khan (3G-CII-3996),0.0,0.0,0.0,42.0,16.0,4.0,8.0,5.0
HDIKBSC03,282,5118_Sheikh Yousaf Adda DI Khan (3G-CII-3996),35118_Sheikh Yousaf Adda DI Khan (3G-CII-3996),0.0,0.0,0.0,54.0,24.0,5.0,16.0,3.0
HDIKBSC03,284,5184_Mouza Sial Bhakkar (3G-CII-4181),25184_Mouza Sial Bhakkar (3G-CII-4181),0.0,0.0,0.0,0.0,0.0,1.0,2.0,0.0
HDIKBSC03,285,5184_Mouza Sial Bhakkar (3G-CII-4181),35184_Mouza Sial Bhakkar (3G-CII-4181),0.0,0.0,0.0,0.0,0.0,0.0,0.0,1.0
HDIKBSC03,287,5132_Kachi Pain DI Khan (3G-CII-3999),25132_Kachi Pain DI Khan (3G-CII-3999),0.0,0.0,0.0,0.0,0.0,0.0,0.0,2.0
HDIKBSC03,288,5132_Kachi Pain DI Khan (3G-CII-3999),35132_Kachi Pain DI Khan (3G-CII-3999),0.0,0.0,0.0,0.0,0.0,1.0,1.0,1.0
HDIKBSC03,289,5154_West Circular Road DI Khan (3G-CII-3544),15154_West Circular Road DI Khan (3G-CII-3544),0.0,0.0,0.0,44.0,16.0,1.0,14.0,1.0
HDIKBSC03,29,4925_Adda Choki Wala DG Khan,34925_Adda Choki Wala DG Khan,0.0,0.0,0.0,7.0,0.0,0.0,0.0,1.0
HDIKBSC03,290,5154_West Circular Road DI Khan (3G-CII-3544),25154_West Circular Road DI Khan (3G-CII-3544),0.0,0.0,0.0,167.0,85.0,9.0,55.0,15.0
HDIKBSC03,291,5154_West Circular Road DI Khan (3G-CII-3544),35154_West Circular Road DI Khan (3G-CII-3544),0.0,0.0,0.0,118.0,39.0,4.0,48.0,15.0
HDIKBSC03,292,CII-2313_Muhala Eidgah Highway Road DG Khan (3G-CII-4430),CII-2313-2_Muhala Eidgah Highway Road DG Khan (3G-CII-4430),0.0,0.0,0.0,0.0,0.0,1.0,0.0,1.0
HDIKBSC03,293,CII-2313_Muhala Eidgah Highway Road DG Khan (3G-CII-4430),CII-2313-3_Muhala Eidgah Highway Road DG Khan (3G-CII-4430),0.0,0.0,0.0,0.0,0.0,0.0,0.0,1.0
HDIKBSC03,295,5666_Mithwani Sharqi DG Khan,15666_Mithwani Sharqi DG Khan,0.0,0.0,0.0,0.0,0.0,2.0,1.0,0.0
HDIKBSC03,298,CII-2701_Basti Bohar (USF) DG Khan (3G-CII-3912),CII-2701-2_Basti Bohar (USF) DG Khan (3G-CII-3912),0.0,0.0,0.0,0.0,0.0,0.0,1.0,3.0
HDIKBSC03,299,CII-2701_Basti Bohar (USF) DG Khan (3G-CII-3912),CII-2701-3_Basti Bohar (USF) DG Khan (3G-CII-3912),0.0,0.0,0.0,0.0,0.0,2.0,0.0,1.0
HDIKBSC03,3,4322_Toyota Motors DI Khan (3G-CII-3535),24322_Toyota Motors DI Khan (3G-CII-3535),0.0,0.0,0.0,104.0,54.0,7.0,24.0,5.0
HDIKBSC03,300,CII-2721_Maddi DI Khan (3G-CII-2038),CII-2721-1_Maddi DI Khan (3G-CII-2038),0.0,0.0,0.0,0.0,0.0,0.0,1.0,0.0
HDIKBSC03,301,CII-2721_Maddi DI Khan (3G-CII-2038),CII-2721-2_Maddi DI Khan (3G-CII-2038),0.0,0.0,0.0,0.0,0.0,0.0,2.0,0.0
HDIKBSC03,302,CII-2721_Maddi DI Khan (3G-CII-2038),CII-2721-3_Maddi DI Khan (3G-CII-2038),0.0,0.0,0.0,0.0,0.0,0.0,1.0,0.0
HDIKBSC03,303,CII-2755_Mohallah Jalal Shah Gali Eid Gah rd DIK (3G-CII-4768),CII-2755-1_Mohallah Jalal Shah Gali Eid Gah rd DIK (3G-CII-4768),0.0,0.0,0.0,83.0,37.0,3.0,8.0,6.0
HDIKBSC03,304,CII-2755_Mohallah Jalal Shah Gali Eid Gah rd DIK (3G-CII-4768),CII-2755-2_Mohallah Jalal Shah Gali Eid Gah rd DIK (3G-CII-4768),0.0,0.0,0.0,137.0,72.0,4.0,25.0,5.0
HDIKBSC03,305,CII-2755_Mohallah Jalal Shah Gali Eid Gah rd DIK (3G-CII-4768),CII-2755-3_Mohallah Jalal Shah Gali Eid Gah rd DIK (3G-CII-4768),0.0,0.0,0.0,124.0,62.0,2.0,27.0,5.0
HDIKBSC03,306,CII-2757_Islamia chowk Gali Eid Gah road (3G-CII-4770),CII-2757-1_Islamia chowk Gali Eid Gah road (3G-CII-4770),0.0,0.0,0.0,69.0,31.0,2.0,8.0,5.0
HDIKBSC03,31,5146_Ada Kech DI Khan (3G-CII-4002),25146_Ada Kech DI Khan (3G-CII-4002),0.0,0.0,0.0,0.0,0.0,1.0,0.0,0.0
HDIKBSC03,310,CII-2054_Shamozai DI Khan,CII-2054-1_Shamozai DI Khan,0.0,0.0,0.0,0.0,1.0,0.0,0.0,1.0
HDIKBSC03,311,CII-2054_Shamozai DI Khan,CII-2054-2_Shamozai DI Khan,0.0,0.0,0.0,0.0,0.0,2.0,0.0,0.0
HDIKBSC03,312,CII-2054_Shamozai DI Khan,CII-2054-3_Shamozai DI Khan,0.0,0.0,0.0,0.0,3.0,0.0,2.0,9.0
HDIKBSC03,313,CII-2058_Khana Sharif DI Khan,CII-2058-1_Khana Sharif DI Khan,0.0,0.0,0.0,0.0,0.0,2.0,0.0,2.0
HDIKBSC03,314,CII-2058_Khana Sharif DI Khan,CII-2058-2_Khana Sharif DI Khan,0.0,0.0,0.0,0.0,0.0,0.0,0.0,1.0
HDIKBSC03,316,CII-2053_Miran DI Khan,CII-2053-1_Miran DI Khan,0.0,0.0,0.0,0.0,0.0,1.0,1.0,0.0
HDIKBSC03,317,CII-2053_Miran DI Khan,CII-2053-2_Miran DI Khan,0.0,0.0,0.0,0.0,0.0,0.0,2.0,0.0
HDIKBSC03,319,CII-2757_Islamia chowk Gali Eid Gah road (3G-CII-4770),CII-2757-2_Islamia chowk Gali Eid Gah road (3G-CII-4770),0.0,0.0,0.0,26.0,16.0,0.0,7.0,2.0
HDIKBSC03,32,5146_Ada Kech DI Khan (3G-CII-4002),35146_Ada Kech DI Khan (3G-CII-4002),0.0,0.0,0.0,0.0,0.0,3.0,4.0,3.0
HDIKBSC03,320,CII-2757_Islamia chowk Gali Eid Gah road (3G-CII-4770),CII-2757-3_Islamia chowk Gali Eid Gah road (3G-CII-4770),0.0,0.0,0.0,111.0,54.0,2.0,21.0,2.0
HDIKBSC03,321,CII-2756_Faqeerni Gate near South Circular Rd (3G-CII-4769),CII-2756-1_Faqeerni Gate near South Circular Rd (3G-CII-4769),0.0,0.0,0.0,5.0,0.0,2.0,0.0,2.0
HDIKBSC03,322,CII-2756_Faqeerni Gate near South Circular Rd (3G-CII-4769),CII-2756-2_Faqeerni Gate near South Circular Rd (3G-CII-4769),0.0,0.0,0.0,4.0,0.0,9.0,1.0,5.0
HDIKBSC03,323,CII-2756_Faqeerni Gate near South Circular Rd (3G-CII-4769),CII-2756-3_Faqeerni Gate near South Circular Rd (3G-CII-4769),0.0,0.0,0.0,5.0,0.0,6.0,0.0,19.0
HDIKBSC03,325,CII-2008_Tibbi Kaisrani Cap DG Khan (3G-CII-4445),CII-2008-1_Tibbi Kaisrani Cap DG Khan (3G-CII-4445),0.0,0.0,0.0,0.0,0.0,1.0,4.0,18.0
HDIKBSC03,326,CII-2008_Tibbi Kaisrani Cap DG Khan (3G-CII-4445),CII-2008-2_Tibbi Kaisrani Cap DG Khan (3G-CII-4445),0.0,0.0,0.0,1.0,0.0,2.0,2.0,9.0
HDIKBSC03,327,CII-2008_Tibbi Kaisrani Cap DG Khan (3G-CII-4445),CII-2008-3_Tibbi Kaisrani Cap DG Khan (3G-CII-4445),0.0,0.0,0.0,1.0,0.0,1.0,0.0,12.0
HDIKBSC03,33,4320_PTCL Colony (Gold) DI Khan (3G-CII-3533),14320_PTCL Colony (Gold) DI Khan (3G-CII-3533),0.0,0.0,0.0,0.0,0.0,5.0,0.0,2.0
HDIKBSC03,331,CII-2605_Malana DI Khan,CII-2605-1_Malana DI Khan,0.0,0.0,0.0,0.0,0.0,0.0,1.0,6.0
HDIKBSC03,333,CII-2605_Malana DI Khan,CII-2605-3_Malana DI Khan,0.0,0.0,0.0,1.0,0.0,0.0,2.0,7.0
HDIKBSC03,34,4320_PTCL Colony (Gold) DI Khan (3G-CII-3533),24320_PTCL Colony (Gold) DI Khan (3G-CII-3533),0.0,0.0,0.0,0.0,0.0,5.0,3.0,0.0
HDIKBSC03,35,4320_PTCL Colony (Gold) DI Khan (3G-CII-3533),34320_PTCL Colony (Gold) DI Khan (3G-CII-3533),0.0,0.0,0.0,0.0,0.0,2.0,2.0,0.0
HDIKBSC03,36,5102_Tibi Vohawa Road DG Khan (3G-CII-4312),15102_Tibi Vohawa Road DG Khan (3G-CII-4312),0.0,0.0,0.0,0.0,1.0,2.0,0.0,2.0
HDIKBSC03,37,5102_Tibi Vohawa Road DG Khan (3G-CII-4312),25102_Tibi Vohawa Road DG Khan (3G-CII-4312),0.0,0.0,0.0,0.0,0.0,3.0,0.0,2.0
HDIKBSC03,38,5102_Tibi Vohawa Road DG Khan (3G-CII-4312),35102_Tibi Vohawa Road DG Khan (3G-CII-4312),0.0,0.0,0.0,0.0,0.0,0.0,0.0,5.0
HDIKBSC03,39,4330_Qureshi Mor DI Khan (3G-CII-4117),14330_Qureshi Mor DI Khan (3G-CII-4117),0.0,0.0,0.0,0.0,0.0,1.0,0.0,1.0
HDIKBSC03,4,4322_Toyota Motors DI Khan (3G-CII-3535),34322_Toyota Motors DI Khan (3G-CII-3535),0.0,0.0,0.0,104.0,41.0,7.0,24.0,6.0
HDIKBSC03,40,4330_Qureshi Mor DI Khan (3G-CII-4117),24330_Qureshi Mor DI Khan (3G-CII-4117),0.0,0.0,0.0,0.0,0.0,1.0,2.0,1.0
HDIKBSC03,41,4330_Qureshi Mor DI Khan (3G-CII-4117),34330_Qureshi Mor DI Khan (3G-CII-4117),0.0,0.0,0.0,0.0,1.0,0.0,1.0,2.0
HDIKBSC03,42,4329_Deen Pur Road DI Khan (3G-CII-3537),14329_Deen Pur Road DI Khan (3G-CII-3537),0.0,0.0,0.0,0.0,0.0,0.0,0.0,1.0
HDIKBSC03,43,4329_Deen Pur Road DI Khan (3G-CII-3537),24329_Deen Pur Road DI Khan (3G-CII-3537),0.0,0.0,0.0,0.0,0.0,0.0,0.0,2.0
HDIKBSC03,45,4285_Link Road Raitra (Gold) DG Khan (3G-CII-4333),14285_Link Road Raitra (Gold) DG Khan (3G-CII-4333),0.0,0.0,0.0,0.0,0.0,5.0,7.0,24.0
HDIKBSC03,46,4285_Link Road Raitra (Gold) DG Khan (3G-CII-4333),24285_Link Road Raitra (Gold) DG Khan (3G-CII-4333),0.0,0.0,0.0,0.0,0.0,0.0,5.0,19.0
HDIKBSC03,47,4285_Link Road Raitra (Gold) DG Khan (3G-CII-4333),34285_Link Road Raitra (Gold) DG Khan (3G-CII-4333),0.0,0.0,0.0,0.0,3.0,5.0,6.0,25.0
HDIKBSC03,48,4286_Mohallah Baki Wala Vehowa DG Khan (3G-CII-4432),14286_Mohallah Baki Wala Vehowa DG Khan (3G-CII-4432),0.0,0.0,0.0,0.0,0.0,4.0,3.0,2.0
HDIKBSC03,49,4286_Mohallah Baki Wala Vehowa DG Khan (3G-CII-4432),24286_Mohallah Baki Wala Vehowa DG Khan (3G-CII-4432),0.0,0.0,0.0,0.0,2.0,2.0,1.0,16.0
HDIKBSC03,5,4325_Daraban Khurd DI Khan,14325_Daraban Khurd DI Khan,0.0,0.0,0.0,0.0,0.0,6.0,15.0,9.0
HDIKBSC03,50,4286_Mohallah Baki Wala Vehowa DG Khan (3G-CII-4432),34286_Mohallah Baki Wala Vehowa DG Khan (3G-CII-4432),0.0,0.0,0.0,0.0,0.0,0.0,0.0,1.0
HDIKBSC03,51,4377_Paroa DI Khan,14377_Paroa DI Khan,0.0,0.0,0.0,0.0,0.0,0.0,2.0,8.0
HDIKBSC03,53,4377_Paroa DI Khan,34377_Paroa DI Khan,0.0,0.0,0.0,0.0,0.0,0.0,0.0,1.0
HDIKBSC03,54,4294_Tibbi Kaiserani DG Khan (3G-CII-4408),14294_Tibbi Kaiserani DG Khan (3G-CII-4408),0.0,0.0,0.0,0.0,0.0,6.0,3.0,4.0
HDIKBSC03,55,4294_Tibbi Kaiserani DG Khan (3G-CII-4408),24294_Tibbi Kaiserani DG Khan (3G-CII-4408),0.0,0.0,0.0,0.0,0.0,3.0,0.0,1.0
HDIKBSC03,57,4295_Vohawa Toll Plaza Indus Highway DG Khan,14295_Vohawa Toll Plaza Indus Highway DG Khan,0.0,0.0,0.0,0.0,0.0,1.0,0.0,1.0
HDIKBSC03,58,4295_Vohawa Toll Plaza Indus Highway DG Khan,24295_Vohawa Toll Plaza Indus Highway DG Khan,0.0,0.0,0.0,0.0,0.0,0.0,0.0,1.0
HDIKBSC03,6,4325_Daraban Khurd DI Khan,24325_Daraban Khurd DI Khan,0.0,0.0,0.0,0.0,0.0,29.0,25.0,10.0
HDIKBSC03,60,5101_PTCL Exchange Vohawa DG Khan,15101_PTCL Exchange Vohawa DG Khan,0.0,0.0,0.0,0.0,0.0,0.0,0.0,3.0
HDIKBSC03,63,5100_Muhala Danar DG Khan (3G-CII-2010),15100_Muhala Danar DG Khan (3G-CII-2010),0.0,0.0,0.0,0.0,0.0,2.0,1.0,2.0
HDIKBSC03,633,CII-2581_Mahllah Chacha Wala DG Khan (3G-CII-2008),CII-2581-1_Mahllah Chacha Wala DG Khan (3G-CII-2008),0.0,0.0,0.0,0.0,0.0,3.0,3.0,3.0
HDIKBSC03,634,CII-2581_Mahllah Chacha Wala DG Khan (3G-CII-2008),CII-2581-2_Mahllah Chacha Wala DG Khan (3G-CII-2008),0.0,0.0,0.0,0.0,0.0,2.0,0.0,6.0
HDIKBSC03,635,CII-2581_Mahllah Chacha Wala DG Khan (3G-CII-2008),CII-2581-3_Mahllah Chacha Wala DG Khan (3G-CII-2008),0.0,0.0,0.0,0.0,0.0,1.0,3.0,2.0
HDIKBSC03,64,5100_Muhala Danar DG Khan (3G-CII-2010),25100_Muhala Danar DG Khan (3G-CII-2010),0.0,0.0,0.0,0.0,0.0,3.0,3.0,11.0
HDIKBSC03,65,5100_Muhala Danar DG Khan (3G-CII-2010),35100_Muhala Danar DG Khan (3G-CII-2010),0.0,0.0,0.0,0.0,0.0,2.0,1.0,7.0
HDIKBSC03,66,4326_PTCL Exchange Kulachi DI Khan (3G-CII-4568),14326_PTCL Exchange Kulachi DI Khan (3G-CII-4568),0.0,0.0,0.0,0.0,0.0,3.0,0.0,0.0
HDIKBSC03,69,4926_Jhoke Budhu DG Khan (3G-CII-4435),14926_Jhoke Budhu DG Khan (3G-CII-4435),0.0,0.0,0.0,0.0,0.0,1.0,0.0,2.0
HDIKBSC03,7,4325_Daraban Khurd DI Khan,34325_Daraban Khurd DI Khan,0.0,0.0,0.0,0.0,0.0,4.0,8.0,3.0
HDIKBSC03,70,4926_Jhoke Budhu DG Khan (3G-CII-4435),24926_Jhoke Budhu DG Khan (3G-CII-4435),0.0,0.0,0.0,0.0,0.0,1.0,0.0,2.0
HDIKBSC03,71,4926_Jhoke Budhu DG Khan (3G-CII-4435),34926_Jhoke Budhu DG Khan (3G-CII-4435),0.0,0.0,0.0,0.0,0.0,5.0,2.0,3.0
HDIKBSC03,75,5145_Tanki Road DI Khan (3G-CII-4001),15145_Tanki Road DI Khan (3G-CII-4001),0.0,0.0,0.0,0.0,0.0,0.0,2.0,0.0
HDIKBSC03,76,5145_Tanki Road DI Khan (3G-CII-4001),25145_Tanki Road DI Khan (3G-CII-4001),0.0,0.0,0.0,0.0,0.0,0.0,0.0,1.0
HDIKBSC03,78,4929_Kot Qasrani DG Khan (3G-CII-4162),14929_Kot Qasrani DG Khan (3G-CII-4162),0.0,0.0,0.0,0.0,0.0,1.0,0.0,4.0
HDIKBSC03,79,4929_Kot Qasrani DG Khan (3G-CII-4162),24929_Kot Qasrani DG Khan (3G-CII-4162),0.0,0.0,0.0,0.0,0.0,0.0,1.0,5.0
HDIKBSC03,8,6907_Dahotra Adda DI Khan (3G-CII-4070),16907_Dahotra Adda DI Khan (3G-CII-4070),0.0,0.0,0.0,0.0,0.0,0.0,0.0,2.0
HDIKBSC03,81,CII-2699_More Jhangi DG Khan (3G-CII-3910),CII-2699-1_More Jhangi DG Khan (3G-CII-3910),0.0,0.0,0.0,0.0,0.0,11.0,0.0,1.0
HDIKBSC03,82,CII-2699_More Jhangi DG Khan (3G-CII-3910),CII-2699-2_More Jhangi DG Khan (3G-CII-3910),0.0,0.0,0.0,0.0,1.0,1.0,3.0,4.0
HDIKBSC03,83,CII-2699_More Jhangi DG Khan (3G-CII-3910),CII-2699-3_More Jhangi DG Khan (3G-CII-3910),0.0,0.0,0.0,0.0,0.0,1.0,5.0,4.0
HDIKBSC03,84,4922_Masuwha Nala DG Khan (3G-CII-2037),14922_Masuwha Nala DG Khan (3G-CII-2037),0.0,0.0,0.0,1.0,0.0,1.0,1.0,3.0
HDIKBSC03,85,4922_Masuwha Nala DG Khan (3G-CII-2037),24922_Masuwha Nala DG Khan (3G-CII-2037),0.0,0.0,0.0,0.0,0.0,3.0,3.0,6.0
HDIKBSC03,86,4922_Masuwha Nala DG Khan (3G-CII-2037),34922_Masuwha Nala DG Khan (3G-CII-2037),0.0,0.0,0.0,0.0,0.0,3.0,3.0,14.0
HDIKBSC03,87,4277_Mohallah Nazimabad DG Khan (3G-CII-4270),14277_Mohallah Nazimabad DG Khan (3G-CII-4270),0.0,0.0,0.0,3.0,4.0,1.0,3.0,3.0
HDIKBSC03,88,4277_Mohallah Nazimabad DG Khan (3G-CII-4270),24277_Mohallah Nazimabad DG Khan (3G-CII-4270),0.0,0.0,0.0,0.0,2.0,1.0,1.0,2.0
HDIKBSC03,89,4277_Mohallah Nazimabad DG Khan (3G-CII-4270),34277_Mohallah Nazimabad DG Khan (3G-CII-4270),0.0,0.0,0.0,0.0,1.0,2.0,1.0,0.0
HDIKBSC03,9,6907_Dahotra Adda DI Khan (3G-CII-4070),26907_Dahotra Adda DI Khan (3G-CII-4070),0.0,0.0,0.0,0.0,0.0,0.0,0.0,1.0
HDIKBSC03,90,5104_Litra DG Khan (3G-CII-4440),15104_Litra DG Khan (3G-CII-4440),0.0,0.0,0.0,1.0,0.0,2.0,0.0,4.0
HDIKBSC03,91,5104_Litra DG Khan (3G-CII-4440),25104_Litra DG Khan (3G-CII-4440),0.0,0.0,0.0,0.0,0.0,2.0,1.0,2.0
HDIKBSC03,92,5104_Litra DG Khan (3G-CII-4440),35104_Litra DG Khan (3G-CII-4440),0.0,0.0,0.0,0.0,0.0,1.0,3.0,2.0
HDIKBSC03,94,4278_Dhodak Oil and Gas field DG Khan,24278_Dhodak Oil and Gas field DG Khan,0.0,0.0,0.0,0.0,0.0,0.0,1.0,1.0
HDIKBSC03,96,4276_Mohallah Eid Gah DG Khan (3G-CII-3686),14276_Mohallah Eid Gah DG Khan (3G-CII-3686),0.0,0.0,0.0,0.0,0.0,0.0,0.0,1.0
HDIKBSC03,97,4276_Mohallah Eid Gah DG Khan (3G-CII-3686),24276_Mohallah Eid Gah DG Khan (3G-CII-3686),0.0,0.0,0.0,0.0,0.0,0.0,3.0,1.0
HDIKBSC03,98,4276_Mohallah Eid Gah DG Khan (3G-CII-3686),34276_Mohallah Eid Gah DG Khan (3G-CII-3686),0.0,0.0,0.0,1.0,3.0,5.0,3.0,3.0
HDIKBSC03,99,4324_Imamia Road (Gold) DI Khan (3G-CII-3536),14324_Imamia Road (Gold) DI Khan (3G-CII-3536),0.0,0.0,0.0,0.0,0.0,0.0,1.0,1.0
HGJWBSC04,1,3750_Khajoorwali Gujranwala (3G-CI-2119),13750_Khajoorwali Gujranwala (3G-CI-2119),0.0,0.0,0.0,0.0,2.0,0.0,0.0,0.0
HGJWBSC04,10,3371_Haji Street Kamonki Gujranwala (3G-CI-4921),23371_Haji Street Kamonki Gujranwala (3G-CI-4921),0.0,0.0,0.0,0.0,3.0,0.0,0.0,0.0
HGJWBSC04,101,3370_Sadhoki Road Gujranwala (3G-CI-4920),33370_Sadhoki Road Gujranwala (3G-CI-4920),0.0,0.0,0.0,0.0,1.0,0.0,0.0,0.0
HGJWBSC04,102,3942_Majju Chak Gujranwala,13942_Majju Chak Gujranwala,0.0,0.0,0.0,0.0,1.0,0.0,0.0,0.0
HGJWBSC04,103,3942_Majju Chak Gujranwala,23942_Majju Chak Gujranwala,0.0,0.0,0.0,0.0,1.0,0.0,0.0,0.0
HGJWBSC04,105,3532_Wadala Sindhwan Sialkot,13532_Wadala Sindhwan Sialkot,0.0,0.0,0.0,0.0,1.0,0.0,0.0,0.0
HGJWBSC04,107,3532_Wadala Sindhwan Sialkot,33532_Wadala Sindhwan Sialkot,0.0,0.0,0.0,0.0,0.0,0.0,0.0,2.0
HGJWBSC04,109,3955_Talib Pura Gujranwala (3G-CI-2154),23955_Talib Pura Gujranwala (3G-CI-2154),0.0,0.0,0.0,0.0,1.0,0.0,0.0,0.0
HGJWBSC04,11,3371_Haji Street Kamonki Gujranwala (3G-CI-4921),33371_Haji Street Kamonki Gujranwala (3G-CI-4921),0.0,0.0,0.0,0.0,2.0,0.0,0.0,0.0
HGJWBSC04,111,7739_Ratta Bajwa Sialkot,17739_Ratta Bajwa Sialkot,0.0,0.0,0.0,0.0,2.0,0.0,0.0,0.0
HGJWBSC04,112,7739_Ratta Bajwa Sialkot,27739_Ratta Bajwa Sialkot,0.0,0.0,0.0,0.0,1.0,0.0,2.0,1.0
HGJWBSC04,113,7739_Ratta Bajwa Sialkot,37739_Ratta Bajwa Sialkot,0.0,0.0,0.0,0.0,1.0,0.0,0.0,0.0
HGJWBSC04,115,3892_Maan Gujranwala,23892_Maan Gujranwala,0.0,0.0,0.0,0.0,1.0,0.0,0.0,0.0
HGJWBSC04,12,3373_Eminabad Gujranwala (3G-CI-4922),13373_Eminabad Gujranwala (3G-CI-4922),0.0,0.0,0.0,0.0,1.0,0.0,1.0,3.0
HGJWBSC04,123,3352_Watala Road Sialkot (3G-CI-4917),13352_Watala Road Sialkot (3G-CI-4917),0.0,5.0,3.0,1.0,1.0,0.0,2.0,0.0
HGJWBSC04,124,3352_Watala Road Sialkot (3G-CI-4917),23352_Watala Road Sialkot (3G-CI-4917),0.0,3.0,0.0,2.0,0.0,0.0,1.0,0.0
HGJWBSC04,125,3353_Tanki No 2 Sialkot (3G-CI-4918),13353_Tanki No 2 Sialkot (3G-CI-4918),0.0,2.0,5.0,3.0,0.0,0.0,0.0,2.0
HGJWBSC04,129,3959_Butala Sharm Singh Gujranwala (3G-CI-2155),13959_Butala Sharm Singh Gujranwala (3G-CI-2155),0.0,0.0,0.0,0.0,0.0,0.0,0.0,1.0
HGJWBSC04,13,3373_Eminabad Gujranwala (3G-CI-4922),23373_Eminabad Gujranwala (3G-CI-4922),0.0,0.0,0.0,0.0,0.0,0.0,1.0,0.0
HGJWBSC04,132,3779_Mandiala Taga Gujranwala (3G-CI-2128),13779_Mandiala Taga Gujranwala (3G-CI-2128),0.0,0.0,0.0,0.0,0.0,0.0,1.0,1.0
HGJWBSC04,133,3779_Mandiala Taga Gujranwala (3G-CI-2128),23779_Mandiala Taga Gujranwala (3G-CI-2128),0.0,0.0,0.0,0.0,1.0,0.0,0.0,0.0
HGJWBSC04,135,3396_Chandali Gujranwala (3G-CI-2007),13396_Chandali Gujranwala (3G-CI-2007),0.0,0.0,0.0,0.0,0.0,0.0,0.0,1.0
HGJWBSC04,136,3396_Chandali Gujranwala (3G-CI-2007),23396_Chandali Gujranwala (3G-CI-2007),0.0,0.0,0.0,0.0,2.0,1.0,0.0,0.0
HGJWBSC04,138,3470_Dharam Kot Sialkot,13470_Dharam Kot Sialkot,0.0,0.0,0.0,0.0,1.0,0.0,0.0,0.0
HGJWBSC04,139,3470_Dharam Kot Sialkot,23470_Dharam Kot Sialkot,0.0,0.0,0.0,0.0,1.0,0.0,0.0,0.0
HGJWBSC04,14,3373_Eminabad Gujranwala (3G-CI-4922),33373_Eminabad Gujranwala (3G-CI-4922),0.0,0.0,0.0,0.0,2.0,0.0,0.0,2.0
HGJWBSC04,141,3471_Pasroor Road Deedowali Sialkot,13471_Pasroor Road Deedowali Sialkot,0.0,0.0,0.0,0.0,1.0,0.0,1.0,0.0
HGJWBSC04,142,3471_Pasroor Road Deedowali Sialkot,23471_Pasroor Road Deedowali Sialkot,0.0,0.0,0.0,0.0,2.0,0.0,3.0,0.0
HGJWBSC04,143,3471_Pasroor Road Deedowali Sialkot,33471_Pasroor Road Deedowali Sialkot,0.0,0.0,0.0,0.0,2.0,0.0,5.0,2.0
HGJWBSC04,144,3467_Satra Town Sialkot,13467_Satra Town Sialkot,0.0,0.0,0.0,0.0,1.0,0.0,0.0,0.0
HGJWBSC04,146,3467_Satra Town Sialkot,33467_Satra Town Sialkot,0.0,0.0,0.0,0.0,1.0,0.0,0.0,0.0
HGJWBSC04,147,3728_Nungal Dawanha Singh Gujranwala (3G-CI-2115),13728_Nungal Dawanha Singh Gujranwala (3G-CI-2115),0.0,0.0,0.0,2.0,3.0,0.0,2.0,1.0
HGJWBSC04,148,3728_Nungal Dawanha Singh Gujranwala (3G-CI-2115),23728_Nungal Dawanha Singh Gujranwala (3G-CI-2115),0.0,0.0,0.0,0.0,2.0,0.0,0.0,0.0
HGJWBSC04,149,3728_Nungal Dawanha Singh Gujranwala (3G-CI-2115),33728_Nungal Dawanha Singh Gujranwala (3G-CI-2115),0.0,0.0,0.0,0.0,0.0,0.0,2.0,2.0
HGJWBSC04,15,3303_GT Road Rahwali Cantt Gujranwala (3G-CI-4868),43303_GT Road Rahwali Cantt Gujranwala (3G-CI-4868),0.0,0.0,4.0,0.0,0.0,0.0,5.0,0.0
HGJWBSC04,150,3395_Shameer Gujranwala,13395_Shameer Gujranwala,0.0,0.0,0.0,0.0,1.0,0.0,1.0,1.0
HGJWBSC04,151,3395_Shameer Gujranwala,23395_Shameer Gujranwala,0.0,0.0,0.0,0.0,0.0,0.0,3.0,1.0
HGJWBSC04,152,3395_Shameer Gujranwala,33395_Shameer Gujranwala,0.0,0.0,0.0,0.0,1.0,0.0,1.0,0.0
HGJWBSC04,153,CI-1675_4th Avenue Rd APS Cantt Gujranwala (3G-CI-1921),CI-1675-2_4th Avenue Rd APS Cantt Gujranwala (3G-CI-1921),0.0,0.0,0.0,0.0,0.0,0.0,2.0,0.0
HGJWBSC04,154,CI-1675_4th Avenue Rd APS Cantt Gujranwala (3G-CI-1921),CI-1675-3_4th Avenue Rd APS Cantt Gujranwala (3G-CI-1921),0.0,0.0,0.0,0.0,3.0,0.0,3.0,0.0
HGJWBSC04,155,CI-1674_3rd Avenue Cantt Gujranwala (3G-CI-1920),CI-1674-1_3rd Avenue Cantt Gujranwala (3G-CI-1920),0.0,5.0,11.0,2.0,2.0,0.0,0.0,0.0
HGJWBSC04,157,3393_Kotli Nawab Gujranwala,23393_Kotli Nawab Gujranwala,0.0,0.0,0.0,0.0,2.0,0.0,0.0,0.0
HGJWBSC04,159,CI-1674_3rd Avenue Cantt Gujranwala (3G-CI-1920),CI-1674-2_3rd Avenue Cantt Gujranwala (3G-CI-1920),0.0,13.0,2.0,3.0,0.0,0.0,3.0,0.0
HGJWBSC04,16,3482_Nisbet Road Sialkot (3G-CI-4928),13482_Nisbet Road Sialkot (3G-CI-4928),0.0,1.0,1.0,0.0,0.0,0.0,0.0,0.0
HGJWBSC04,160,CI-1674_3rd Avenue Cantt Gujranwala (3G-CI-1920),CI-1674-3_3rd Avenue Cantt Gujranwala (3G-CI-1920),0.0,14.0,30.0,12.0,4.0,0.0,0.0,0.0
HGJWBSC04,161,CI-1676_6th Avenue Cantt Gujranwala (3G-CI-1922),CI-1676-1_6th Avenue Cantt Gujranwala (3G-CI-1922),0.0,2.0,13.0,1.0,0.0,0.0,0.0,0.0
HGJWBSC04,162,3944_Habib Pura Gujranwala (3G-CI-4976),13944_Habib Pura Gujranwala (3G-CI-4976),0.0,0.0,0.0,0.0,2.0,0.0,2.0,0.0
HGJWBSC04,165,3732_Ghanor Gujranwala (3G-CI-2116),13732_Ghanor Gujranwala (3G-CI-2116),0.0,0.0,0.0,0.0,0.0,0.0,2.0,0.0
HGJWBSC04,166,3732_Ghanor Gujranwala (3G-CI-2116),23732_Ghanor Gujranwala (3G-CI-2116),0.0,0.0,0.0,0.0,2.0,0.0,0.0,0.0
HGJWBSC04,17,3482_Nisbet Road Sialkot (3G-CI-4928),23482_Nisbet Road Sialkot (3G-CI-4928),0.0,3.0,2.0,0.0,1.0,0.0,0.0,4.0
HGJWBSC04,170,3391_Thatta Gulab Singh Gujranwala,33391_Thatta Gulab Singh Gujranwala,0.0,0.0,0.0,0.0,1.0,0.0,1.0,2.0
HGJWBSC04,171,3943_Dargah Pur Gujranwala,13943_Dargah Pur Gujranwala,0.0,0.0,0.0,0.0,1.0,0.0,0.0,1.0
HGJWBSC04,172,3943_Dargah Pur Gujranwala,23943_Dargah Pur Gujranwala,0.0,0.0,0.0,0.0,2.0,0.0,1.0,0.0
HGJWBSC04,173,3943_Dargah Pur Gujranwala,33943_Dargah Pur Gujranwala,0.0,0.0,0.0,0.0,2.0,0.0,0.0,0.0
HGJWBSC04,174,3946_Ladhay Wala Goraya Gujranwala,13946_Ladhay Wala Goraya Gujranwala,0.0,0.0,0.0,0.0,1.0,0.0,0.0,0.0
HGJWBSC04,176,3939_Harpokee Gujranwala (3G-CI-1327),23939_Harpokee Gujranwala (3G-CI-1327),0.0,0.0,0.0,0.0,3.0,0.0,0.0,0.0
HGJWBSC04,177,3939_Harpokee Gujranwala (3G-CI-1327),33939_Harpokee Gujranwala (3G-CI-1327),0.0,0.0,0.0,0.0,2.0,0.0,1.0,2.0
HGJWBSC04,178,3353_Tanki No 2 Sialkot (3G-CI-4918),23353_Tanki No 2 Sialkot (3G-CI-4918),0.0,0.0,3.0,0.0,2.0,0.0,0.0,0.0
HGJWBSC04,179,3353_Tanki No 2 Sialkot (3G-CI-4918),33353_Tanki No 2 Sialkot (3G-CI-4918),0.0,4.0,6.0,0.0,1.0,0.0,1.0,0.0
HGJWBSC04,18,3303_GT Road Rahwali Cantt Gujranwala (3G-CI-4868),13303_GT Road Rahwali Cantt Gujranwala (3G-CI-4868),0.0,6.0,6.0,4.0,0.0,0.0,26.0,0.0
HGJWBSC04,180,3476_Mitran Wali Sialkot,13476_Mitran Wali Sialkot,0.0,0.0,2.0,0.0,2.0,0.0,1.0,0.0
HGJWBSC04,181,3476_Mitran Wali Sialkot,23476_Mitran Wali Sialkot,0.0,0.0,0.0,0.0,1.0,0.0,0.0,0.0
HGJWBSC04,182,3476_Mitran Wali Sialkot,33476_Mitran Wali Sialkot,0.0,0.0,0.0,0.0,0.0,0.0,0.0,1.0
HGJWBSC04,184,3477_Kainchi Chowk Sialkot (3G-CI-4926),23477_Kainchi Chowk Sialkot (3G-CI-4926),0.0,0.0,0.0,1.0,0.0,0.0,0.0,0.0
HGJWBSC04,185,3477_Kainchi Chowk Sialkot (3G-CI-4926),33477_Kainchi Chowk Sialkot (3G-CI-4926),0.0,0.0,5.0,0.0,0.0,0.0,0.0,0.0
HGJWBSC04,186,3478_Kondan Siayan Mitra Wali Road Sialkot,13478_Kondan Siayan Mitra Wali Road Sialkot,0.0,0.0,0.0,0.0,0.0,0.0,0.0,4.0
HGJWBSC04,187,3478_Kondan Siayan Mitra Wali Road Sialkot,23478_Kondan Siayan Mitra Wali Road Sialkot,0.0,0.0,0.0,0.0,0.0,0.0,0.0,1.0
HGJWBSC04,188,3478_Kondan Siayan Mitra Wali Road Sialkot,33478_Kondan Siayan Mitra Wali Road Sialkot,0.0,0.0,0.0,0.0,0.0,0.0,0.0,1.0
HGJWBSC04,19,3303_GT Road Rahwali Cantt Gujranwala (3G-CI-4868),23303_GT Road Rahwali Cantt Gujranwala (3G-CI-4868),0.0,9.0,6.0,4.0,0.0,0.0,27.0,0.0
HGJWBSC04,191,3480_Ghartal Gojra Sialkot,33480_Ghartal Gojra Sialkot,0.0,0.0,0.0,0.0,0.0,0.0,1.0,0.0
HGJWBSC04,192,3702_Dera Naseer Cheema Sialkot (3G-CI-1116),13702_Dera Naseer Cheema Sialkot (3G-CI-1116),0.0,2.0,13.0,6.0,30.0,1.0,18.0,6.0
HGJWBSC04,193,3702_Dera Naseer Cheema Sialkot (3G-CI-1116),23702_Dera Naseer Cheema Sialkot (3G-CI-1116),0.0,0.0,20.0,10.0,29.0,1.0,17.0,12.0
HGJWBSC04,194,3702_Dera Naseer Cheema Sialkot (3G-CI-1116),33702_Dera Naseer Cheema Sialkot (3G-CI-1116),0.0,1.0,8.0,9.0,17.0,0.0,7.0,5.0
HGJWBSC04,196,3749_Iban Wali Gujranwala,23749_Iban Wali Gujranwala,0.0,0.0,0.0,0.0,0.0,0.0,0.0,1.0
HGJWBSC04,199,3751_Nizampur Daska Road Gujranwala (3G-CI-1118),23751_Nizampur Daska Road Gujranwala (3G-CI-1118),0.0,0.0,0.0,0.0,1.0,0.0,0.0,0.0
HGJWBSC04,20,3303_GT Road Rahwali Cantt Gujranwala (3G-CI-4868),33303_GT Road Rahwali Cantt Gujranwala (3G-CI-4868),0.0,0.0,4.0,5.0,0.0,0.0,17.0,0.0
HGJWBSC04,200,3751_Nizampur Daska Road Gujranwala (3G-CI-1118),33751_Nizampur Daska Road Gujranwala (3G-CI-1118),0.0,0.0,0.0,0.0,1.0,0.0,0.0,0.0
HGJWBSC04,202,3758_Talwandi Musa Khan Gujranwala (3G-CI-2122),23758_Talwandi Musa Khan Gujranwala (3G-CI-2122),0.0,0.0,0.0,0.0,5.0,0.0,0.0,0.0
HGJWBSC04,204,3759_Bambanwala Sialkot,13759_Bambanwala Sialkot,0.0,0.0,0.0,0.0,0.0,0.0,1.0,0.0
HGJWBSC04,205,3759_Bambanwala Sialkot,23759_Bambanwala Sialkot,0.0,0.0,0.0,0.0,1.0,0.0,0.0,0.0
HGJWBSC04,206,3759_Bambanwala Sialkot,33759_Bambanwala Sialkot,0.0,0.0,0.0,0.0,0.0,0.0,0.0,1.0
HGJWBSC04,207,3965_Dogranwala Gujranwala (3G-CI-4780),13965_Dogranwala Gujranwala (3G-CI-4780),0.0,27.0,9.0,0.0,6.0,1.0,0.0,1.0
HGJWBSC04,208,3965_Dogranwala Gujranwala (3G-CI-4780),23965_Dogranwala Gujranwala (3G-CI-4780),0.0,5.0,1.0,0.0,0.0,0.0,0.0,0.0
HGJWBSC04,209,3965_Dogranwala Gujranwala (3G-CI-4780),33965_Dogranwala Gujranwala (3G-CI-4780),0.0,28.0,8.0,0.0,7.0,0.0,1.0,3.0
HGJWBSC04,21,3911_Qila Mian Singh Gujranwala,13911_Qila Mian Singh Gujranwala,0.0,0.0,0.0,0.0,1.0,0.0,0.0,0.0
HGJWBSC04,210,7711_Mundakay Goraya Sialkot,17711_Mundakay Goraya Sialkot,0.0,0.0,0.0,0.0,0.0,0.0,0.0,1.0
HGJWBSC04,211,7711_Mundakay Goraya Sialkot,27711_Mundakay Goraya Sialkot,0.0,0.0,0.0,0.0,1.0,0.0,0.0,0.0
HGJWBSC04,213,7712_Glotian Kalan Sialkot (3G-CI-1120),17712_Glotian Kalan Sialkot (3G-CI-1120),0.0,0.0,0.0,0.0,3.0,0.0,1.0,0.0
HGJWBSC04,214,7712_Glotian Kalan Sialkot (3G-CI-1120),27712_Glotian Kalan Sialkot (3G-CI-1120),0.0,0.0,0.0,0.0,0.0,0.0,1.0,0.0
HGJWBSC04,218,7835_Jandiala Dhabwala Gujranwala (3G-CI-4987),37835_Jandiala Dhabwala Gujranwala (3G-CI-4987),0.0,0.0,0.0,0.0,1.0,0.0,0.0,0.0
HGJWBSC04,221,3363_Alipur Chattha Gujranwala (3G-CI-3871),33363_Alipur Chattha Gujranwala (3G-CI-3871),0.0,0.0,0.0,0.0,0.0,0.0,1.0,0.0
HGJWBSC04,222,3364_Klaskay Alipur Chattha Gujranwala (3G-CI-2073),13364_Klaskay Alipur Chattha Gujranwala (3G-CI-2073),0.0,0.0,0.0,0.0,1.0,0.0,1.0,0.0
HGJWBSC04,223,3364_Klaskay Alipur Chattha Gujranwala (3G-CI-2073),23364_Klaskay Alipur Chattha Gujranwala (3G-CI-2073),0.0,0.0,0.0,0.0,1.0,0.0,0.0,0.0
HGJWBSC04,224,3364_Klaskay Alipur Chattha Gujranwala (3G-CI-2073),33364_Klaskay Alipur Chattha Gujranwala (3G-CI-2073),0.0,0.0,0.0,0.0,0.0,0.0,0.0,1.0
HGJWBSC04,225,CI-1676_6th Avenue Cantt Gujranwala (3G-CI-1922),CI-1676-2_6th Avenue Cantt Gujranwala (3G-CI-1922),0.0,6.0,8.0,2.0,0.0,0.0,0.0,2.0
HGJWBSC04,226,CI-1676_6th Avenue Cantt Gujranwala (3G-CI-1922),CI-1676-3_6th Avenue Cantt Gujranwala (3G-CI-1922),0.0,8.0,5.0,4.0,1.0,0.0,0.0,2.0
HGJWBSC04,227,CI-1033_Dhamonke Gujr Sialkot,CI-1033-4_Dhamonke Gujr Sialkot,0.0,4.0,0.0,0.0,1.0,0.0,0.0,0.0
HGJWBSC04,228,3783_Bhangwan Gujranwala,13783_Bhangwan Gujranwala,0.0,0.0,0.0,0.0,1.0,0.0,0.0,0.0
HGJWBSC04,230,3783_Bhangwan Gujranwala,33783_Bhangwan Gujranwala,0.0,0.0,4.0,0.0,0.0,0.0,0.0,0.0
HGJWBSC04,233,3898_Dharam Kot Gujranwala,33898_Dharam Kot Gujranwala,0.0,0.0,0.0,0.0,1.0,0.0,0.0,1.0
HGJWBSC04,235,3913_Rahwali Gujranwala (3G-CI-4507),23913_Rahwali Gujranwala (3G-CI-4507),0.0,1.0,3.0,1.0,0.0,0.0,0.0,0.0
HGJWBSC04,236,3913_Rahwali Gujranwala (3G-CI-4507),13913_Rahwali Gujranwala (3G-CI-4507),0.0,5.0,8.0,5.0,2.0,0.0,1.0,4.0
HGJWBSC04,237,3475_Haqpura Sialkot (3G-CI-4925),33475_Haqpura Sialkot (3G-CI-4925),0.0,12.0,4.0,6.0,0.0,0.0,0.0,0.0
HGJWBSC04,240,CI-1187_Bhatti Bangoo Gujranwala (3G-CI-2221),CI-1187-1_Bhatti Bangoo Gujranwala (3G-CI-2221),0.0,0.0,0.0,0.0,0.0,0.0,2.0,0.0
HGJWBSC04,245,3990_Rasool Nager Gujranwala,33990_Rasool Nager Gujranwala,2.0,0.0,0.0,0.0,1.0,0.0,0.0,0.0
HGJWBSC04,246,3991_Kot Hara Vanekay Road Gujranwala,13991_Kot Hara Vanekay Road Gujranwala,0.0,0.0,0.0,0.0,2.0,0.0,1.0,0.0
HGJWBSC04,247,3991_Kot Hara Vanekay Road Gujranwala,23991_Kot Hara Vanekay Road Gujranwala,0.0,0.0,0.0,0.0,0.0,0.0,2.0,0.0
HGJWBSC04,248,3991_Kot Hara Vanekay Road Gujranwala,33991_Kot Hara Vanekay Road Gujranwala,0.0,0.0,0.0,0.0,0.0,3.0,0.0,0.0
HGJWBSC04,249,3992_Mandiala Chatha Gujranwala,13992_Mandiala Chatha Gujranwala,0.0,1.0,0.0,0.0,0.0,0.0,0.0,0.0
HGJWBSC04,25,3479_Budha Goraya Sialkot,23479_Budha Goraya Sialkot,0.0,0.0,0.0,0.0,0.0,0.0,0.0,1.0
HGJWBSC04,250,3992_Mandiala Chatha Gujranwala,23992_Mandiala Chatha Gujranwala,0.0,0.0,0.0,3.0,1.0,0.0,0.0,1.0
HGJWBSC04,252,3995_Verpal Gujranwala (3G-CI-2008),13995_Verpal Gujranwala (3G-CI-2008),0.0,0.0,0.0,0.0,0.0,0.0,2.0,0.0
HGJWBSC04,253,3995_Verpal Gujranwala (3G-CI-2008),23995_Verpal Gujranwala (3G-CI-2008),0.0,0.0,0.0,0.0,1.0,0.0,0.0,0.0
HGJWBSC04,255,3996_Alipur Chattha Gujranwala,13996_Alipur Chattha Gujranwala,0.0,0.0,1.0,0.0,1.0,0.0,0.0,0.0
HGJWBSC04,256,3996_Alipur Chattha Gujranwala,23996_Alipur Chattha Gujranwala,0.0,0.0,3.0,0.0,1.0,0.0,0.0,0.0
HGJWBSC04,257,3996_Alipur Chattha Gujranwala,33996_Alipur Chattha Gujranwala,0.0,0.0,0.0,0.0,1.0,2.0,0.0,3.0
HGJWBSC04,258,3997_Said Nagar Gujranwala (3G-CI-2159),13997_Said Nagar Gujranwala (3G-CI-2159),1.0,0.0,2.0,0.0,0.0,0.0,0.0,0.0
HGJWBSC04,259,3997_Said Nagar Gujranwala (3G-CI-2159),23997_Said Nagar Gujranwala (3G-CI-2159),0.0,0.0,1.0,2.0,1.0,1.0,0.0,0.0
HGJWBSC04,262,7670_Waiyanwali Gujranwala,27670_Waiyanwali Gujranwala,0.0,0.0,0.0,0.0,0.0,0.0,0.0,1.0
HGJWBSC04,268,7914_Amir Shaheed Road Gujranwala (3G-CI-2204),27914_Amir Shaheed Road Gujranwala (3G-CI-2204),0.0,0.0,0.0,0.0,1.0,0.0,0.0,0.0
HGJWBSC04,270,3363_Alipur Chattha Gujranwala (3G-CI-3871),43363_Alipur Chattha Gujranwala (3G-CI-3871),0.0,0.0,3.0,0.0,0.0,1.0,0.0,0.0
HGJWBSC04,271,3709_Sadhoki Gujranwala (3G-CI-4963),43709_Sadhoki Gujranwala (3G-CI-4963),5.0,10.0,4.0,22.0,15.0,12.0,14.0,6.0
HGJWBSC04,273,7713_Dhedowali Sialkot,37713_Dhedowali Sialkot,0.0,0.0,0.0,0.0,1.0,0.0,1.0,0.0
HGJWBSC04,274,7713_Dhedowali Sialkot,27713_Dhedowali Sialkot,0.0,0.0,0.0,0.0,2.0,0.0,0.0,0.0
HGJWBSC04,275,7713_Dhedowali Sialkot,17713_Dhedowali Sialkot,0.0,0.0,0.0,0.0,1.0,0.0,0.0,2.0
HGJWBSC04,277,7915_Bharoki Cheema Gujranwala (3G-CI-2205),27915_Bharoki Cheema Gujranwala (3G-CI-2205),0.0,0.0,0.0,0.0,2.0,0.0,0.0,3.0
HGJWBSC04,278,7915_Bharoki Cheema Gujranwala (3G-CI-2205),17915_Bharoki Cheema Gujranwala (3G-CI-2205),0.0,0.0,0.0,0.0,3.0,0.0,0.0,0.0
HGJWBSC04,279,3357_Bhoman Bhath Gujranwala,13357_Bhoman Bhath Gujranwala,0.0,0.0,0.0,0.0,0.0,0.0,1.0,0.0
HGJWBSC04,28,3939_Harpokee Gujranwala (3G-CI-1327),13939_Harpokee Gujranwala (3G-CI-1327),0.0,0.0,0.0,0.0,0.0,0.0,1.0,1.0
HGJWBSC04,280,7836_Mohallah Jinnah Town Gujranwala (3G-CI-4988),17836_Mohallah Jinnah Town Gujranwala (3G-CI-4988),0.0,3.0,10.0,4.0,0.0,0.0,1.0,6.0
HGJWBSC04,281,7836_Mohallah Jinnah Town Gujranwala (3G-CI-4988),27836_Mohallah Jinnah Town Gujranwala (3G-CI-4988),0.0,2.0,1.0,2.0,0.0,0.0,0.0,0.0
HGJWBSC04,282,7836_Mohallah Jinnah Town Gujranwala (3G-CI-4988),37836_Mohallah Jinnah Town Gujranwala (3G-CI-4988),0.0,2.0,6.0,1.0,0.0,0.0,2.0,0.0
HGJWBSC04,283,3358_Papnakha Gujranwala,13358_Papnakha Gujranwala,0.0,0.0,0.0,0.0,1.0,0.0,1.0,0.0
HGJWBSC04,284,3358_Papnakha Gujranwala,23358_Papnakha Gujranwala,0.0,0.0,0.0,0.0,0.0,0.0,1.0,0.0
HGJWBSC04,288,3359_Botala Janda Singh Gujranwala,33359_Botala Janda Singh Gujranwala,0.0,0.0,0.0,0.0,2.0,0.0,0.0,2.0
HGJWBSC04,289,3949_Lamba Wali Road Rahwali Gujranwala (3G-CI-4779),13949_Lamba Wali Road Rahwali Gujranwala (3G-CI-4779),0.0,1.0,1.0,4.0,0.0,0.0,0.0,0.0
HGJWBSC04,29,7741_Mianwali Bangla Sialkot,17741_Mianwali Bangla Sialkot,0.0,0.0,0.0,0.0,1.0,0.0,0.0,0.0
HGJWBSC04,290,3949_Lamba Wali Road Rahwali Gujranwala (3G-CI-4779),23949_Lamba Wali Road Rahwali Gujranwala (3G-CI-4779),0.0,0.0,0.0,0.0,3.0,0.0,1.0,0.0
HGJWBSC04,291,3949_Lamba Wali Road Rahwali Gujranwala (3G-CI-4779),33949_Lamba Wali Road Rahwali Gujranwala (3G-CI-4779),0.0,2.0,1.0,0.0,0.0,0.0,0.0,0.0
HGJWBSC04,292,7837_Kot Inayat Gujranwala (3G-CI-1207),17837_Kot Inayat Gujranwala (3G-CI-1207),0.0,0.0,0.0,0.0,0.0,0.0,0.0,2.0
HGJWBSC04,293,7837_Kot Inayat Gujranwala (3G-CI-1207),27837_Kot Inayat Gujranwala (3G-CI-1207),0.0,0.0,0.0,0.0,0.0,0.0,0.0,1.0
HGJWBSC04,298,3356_Kashmir Colony (Gold) Gujranwala (3G-CI-4766),33356_Kashmir Colony (Gold) Gujranwala (3G-CI-4766),0.0,8.0,2.0,9.0,0.0,0.0,4.0,2.0
HGJWBSC04,299,CI-1033_Dhamonke Gujr Sialkot,CI-1033-1_Dhamonke Gujr Sialkot,0.0,1.0,0.0,0.0,0.0,0.0,0.0,0.0
HGJWBSC04,3,3356_Kashmir Colony (Gold) Gujranwala (3G-CI-4766),13356_Kashmir Colony (Gold) Gujranwala (3G-CI-4766),0.0,3.0,9.0,6.0,2.0,0.0,3.0,0.0
HGJWBSC04,300,CI-1033_Dhamonke Gujr Sialkot,CI-1033-2_Dhamonke Gujr Sialkot,0.0,1.0,1.0,0.0,0.0,0.0,0.0,0.0
HGJWBSC04,301,CI-1033_Dhamonke Gujr Sialkot,CI-1033-3_Dhamonke Gujr Sialkot,0.0,1.0,0.0,0.0,0.0,0.0,0.0,0.0
HGJWBSC04,305,CI-1022_Afzal Town Gujranwala (3G-CI-1977),CI-1022-1_Afzal Town Gujranwala (3G-CI-1977),0.0,0.0,0.0,0.0,1.0,0.0,1.0,0.0
HGJWBSC04,306,CI-1022_Afzal Town Gujranwala (3G-CI-1977),CI-1022-2_Afzal Town Gujranwala (3G-CI-1977),0.0,0.0,0.0,0.0,1.0,0.0,0.0,0.0
HGJWBSC04,307,CI-1022_Afzal Town Gujranwala (3G-CI-1977),CI-1022-3_Afzal Town Gujranwala (3G-CI-1977),2.0,0.0,0.0,0.0,0.0,0.0,0.0,0.0
HGJWBSC04,31,7741_Mianwali Bangla Sialkot,37741_Mianwali Bangla Sialkot,0.0,0.0,0.0,0.0,3.0,0.0,0.0,0.0
HGJWBSC04,311,CI-1073_Muhala Haji Pura Sialkot (3G-CI-4992),CI-1073-1_Muhala Haji Pura Sialkot (3G-CI-4992),0.0,2.0,1.0,2.0,0.0,0.0,0.0,0.0
HGJWBSC04,312,CI-1073_Muhala Haji Pura Sialkot (3G-CI-4992),CI-1073-2_Muhala Haji Pura Sialkot (3G-CI-4992),0.0,7.0,2.0,3.0,2.0,0.0,3.0,4.0
HGJWBSC04,313,CI-1073_Muhala Haji Pura Sialkot (3G-CI-4992),CI-1073-3_Muhala Haji Pura Sialkot (3G-CI-4992),0.0,1.0,2.0,1.0,0.0,0.0,1.0,0.0
HGJWBSC04,314,CI-1275_Nowshera Virka Gujranwala,CI-1275-1_Nowshera Virka Gujranwala,0.0,0.0,0.0,0.0,0.0,0.0,0.0,2.0
HGJWBSC04,315,CI-1275_Nowshera Virka Gujranwala,CI-1275-2_Nowshera Virka Gujranwala,0.0,0.0,0.0,0.0,1.0,0.0,1.0,3.0
HGJWBSC04,317,CI-1186_Ballay Wali Gujranwala,CI-1186-1_Ballay Wali Gujranwala,0.0,0.0,0.0,0.0,0.0,0.0,1.0,0.0
HGJWBSC04,32,3307_Rahwali Cantt Gujranwala (3G-CI-4510),13307_Rahwali Cantt Gujranwala (3G-CI-4510),0.0,0.0,0.0,0.0,1.0,0.0,0.0,0.0
HGJWBSC04,321,CI-1183_Banke Cheema Gujranwala (3G-CI-2220),CI-1183-2_Banke Cheema Gujranwala (3G-CI-2220),0.0,0.0,0.0,0.0,1.0,0.0,0.0,1.0
HGJWBSC04,323,CI-1177_Chahal Kalan Gujranwala,CI-1177-1_Chahal Kalan Gujranwala,0.0,0.0,0.0,0.0,1.0,0.0,0.0,0.0
HGJWBSC04,325,CI-1177_Chahal Kalan Gujranwala,CI-1177-3_Chahal Kalan Gujranwala,0.0,0.0,0.0,0.0,1.0,0.0,2.0,1.0
HGJWBSC04,327,CI-1095_Mohalla Faiz Madina Gujranwala (3G-CI-4995),CI-1095-2_Mohalla Faiz Madina Gujranwala (3G-CI-4995),0.0,0.0,0.0,0.0,1.0,0.0,0.0,0.0
HGJWBSC04,328,CI-1095_Mohalla Faiz Madina Gujranwala (3G-CI-4995),CI-1095-3_Mohalla Faiz Madina Gujranwala (3G-CI-4995),0.0,0.0,0.0,0.0,0.0,0.0,1.0,0.0
HGJWBSC04,329,CI-1318_Thatha Dad Gujranwala,CI-1318-1_Thatha Dad Gujranwala,0.0,0.0,0.0,0.0,1.0,0.0,0.0,0.0
HGJWBSC04,33,3307_Rahwali Cantt Gujranwala (3G-CI-4510),23307_Rahwali Cantt Gujranwala (3G-CI-4510),0.0,0.0,0.0,0.0,0.0,0.0,0.0,4.0
HGJWBSC04,332,CI-1032_Jandu Sahi Sialkot,CI-1032-1_Jandu Sahi Sialkot,0.0,0.0,0.0,0.0,1.0,0.0,0.0,0.0
HGJWBSC04,333,CI-1032_Jandu Sahi Sialkot,CI-1032-2_Jandu Sahi Sialkot,0.0,1.0,0.0,0.0,1.0,0.0,2.0,0.0
HGJWBSC04,336,CI-1216_Mokhai Sandhwan Gujranwala,CI-1216-2_Mokhai Sandhwan Gujranwala,0.0,0.0,0.0,0.0,0.0,0.0,1.0,0.0
HGJWBSC04,338,CI-1319_Lamba Wali Gujrawala Gujranwala (3G-CI-2009),CI-1319-1_Lamba Wali Gujrawala Gujranwala (3G-CI-2009),0.0,0.0,0.0,0.0,2.0,0.0,0.0,0.0
HGJWBSC04,339,CI-1319_Lamba Wali Gujrawala Gujranwala (3G-CI-2009),CI-1319-2_Lamba Wali Gujrawala Gujranwala (3G-CI-2009),0.0,0.0,0.0,0.0,0.0,0.0,0.0,2.0
HGJWBSC04,34,3307_Rahwali Cantt Gujranwala (3G-CI-4510),33307_Rahwali Cantt Gujranwala (3G-CI-4510),0.0,0.0,0.0,0.0,2.0,0.0,1.0,0.0
HGJWBSC04,340,CI-1319_Lamba Wali Gujrawala Gujranwala (3G-CI-2009),CI-1319-3_Lamba Wali Gujrawala Gujranwala (3G-CI-2009),0.0,0.0,0.0,0.0,1.0,0.0,0.0,0.0
HGJWBSC04,344,3351_Nisbet Road Daska City Sialkot (3G-CI-4916),53351_Nisbet Road Daska City Sialkot (3G-CI-4916),0.0,0.0,6.0,3.0,0.0,0.0,0.0,2.0
HGJWBSC04,345,3966_Mandiala Warriach Gujranwala (3G-CI-4787),13966_Mandiala Warriach Gujranwala (3G-CI-4787),0.0,4.0,4.0,2.0,0.0,0.0,0.0,2.0
HGJWBSC04,346,3966_Mandiala Warriach Gujranwala (3G-CI-4787),23966_Mandiala Warriach Gujranwala (3G-CI-4787),0.0,2.0,2.0,0.0,0.0,0.0,0.0,0.0
HGJWBSC04,347,3966_Mandiala Warriach Gujranwala (3G-CI-4787),33966_Mandiala Warriach Gujranwala (3G-CI-4787),0.0,0.0,2.0,0.0,0.0,0.0,0.0,0.0
HGJWBSC04,35,3312_Gakhar Mandi Gujranwala (3G-CI-4906),13312_Gakhar Mandi Gujranwala (3G-CI-4906),0.0,8.0,4.0,1.0,0.0,0.0,0.0,0.0
HGJWBSC04,36,3312_Gakhar Mandi Gujranwala (3G-CI-4906),23312_Gakhar Mandi Gujranwala (3G-CI-4906),0.0,1.0,1.0,0.0,0.0,0.0,0.0,2.0
HGJWBSC04,37,3312_Gakhar Mandi Gujranwala (3G-CI-4906),33312_Gakhar Mandi Gujranwala (3G-CI-4906),0.0,8.0,4.0,5.0,3.0,0.0,1.0,2.0
HGJWBSC04,38,3335_Eminabad More Gujranwala (3G-CI-4907),13335_Eminabad More Gujranwala (3G-CI-4907),7.0,14.0,9.0,8.0,0.0,0.0,2.0,4.0
HGJWBSC04,39,3335_Eminabad More Gujranwala (3G-CI-4907),23335_Eminabad More Gujranwala (3G-CI-4907),10.0,14.0,17.0,15.0,0.0,0.0,3.0,3.0
HGJWBSC04,4,3356_Kashmir Colony (Gold) Gujranwala (3G-CI-4766),23356_Kashmir Colony (Gold) Gujranwala (3G-CI-4766),0.0,8.0,11.0,4.0,0.0,0.0,5.0,0.0
HGJWBSC04,40,3335_Eminabad More Gujranwala (3G-CI-4907),33335_Eminabad More Gujranwala (3G-CI-4907),0.0,7.0,0.0,6.0,1.0,0.0,1.0,1.0
HGJWBSC04,41,3366_Qila Deedar Singh Gujranwala (3G-CI-3957),13366_Qila Deedar Singh Gujranwala (3G-CI-3957),0.0,2.0,6.0,0.0,1.0,0.0,0.0,0.0
HGJWBSC04,42,3366_Qila Deedar Singh Gujranwala (3G-CI-3957),23366_Qila Deedar Singh Gujranwala (3G-CI-3957),0.0,2.0,6.0,0.0,0.0,0.0,0.0,0.0
HGJWBSC04,43,3366_Qila Deedar Singh Gujranwala (3G-CI-3957),33366_Qila Deedar Singh Gujranwala (3G-CI-3957),0.0,6.0,2.0,1.0,1.0,0.0,0.0,0.0
HGJWBSC04,47,3368_Naukhar Gujranwala,43368_Naukhar Gujranwala,0.0,0.0,0.0,0.0,1.0,0.0,1.0,1.0
HGJWBSC04,49,CI-1675_4th Avenue Rd APS Cantt Gujranwala (3G-CI-1921),CI-1675-1_4th Avenue Rd APS Cantt Gujranwala (3G-CI-1921),0.0,0.0,0.0,0.0,1.0,0.0,2.0,1.0
HGJWBSC04,5,3352_Watala Road Sialkot (3G-CI-4917),33352_Watala Road Sialkot (3G-CI-4917),0.0,4.0,8.0,1.0,0.0,0.0,0.0,0.0
HGJWBSC04,51,3701_PTCL Exchange Kamonki Gujranwala (3G-CI-4962),33701_PTCL Exchange Kamonki Gujranwala (3G-CI-4962),0.0,0.0,0.0,0.0,1.0,0.0,0.0,0.0
HGJWBSC04,53,3709_Sadhoki Gujranwala (3G-CI-4963),13709_Sadhoki Gujranwala (3G-CI-4963),4.0,0.0,0.0,16.0,6.0,1.0,12.0,0.0
HGJWBSC04,54,3709_Sadhoki Gujranwala (3G-CI-4963),23709_Sadhoki Gujranwala (3G-CI-4963),2.0,0.0,0.0,6.0,6.0,3.0,5.0,0.0
HGJWBSC04,55,3709_Sadhoki Gujranwala (3G-CI-4963),33709_Sadhoki Gujranwala (3G-CI-4963),4.0,0.0,0.0,12.0,6.0,2.0,8.0,1.0
HGJWBSC04,56,3338_Rahwali Cantt Gujranwala (3G-CI-4509),23338_Rahwali Cantt Gujranwala (3G-CI-4509),0.0,0.0,0.0,0.0,0.0,0.0,3.0,1.0
HGJWBSC04,57,3338_Rahwali Cantt Gujranwala (3G-CI-4509),33338_Rahwali Cantt Gujranwala (3G-CI-4509),0.0,0.0,0.0,0.0,2.0,0.0,0.0,0.0
HGJWBSC04,58,3339_Children Park (Gold) Gujranwala (3G-CI-4508),13339_Children Park (Gold) Gujranwala (3G-CI-4508),1.0,5.0,6.0,2.0,1.0,0.0,6.0,4.0
HGJWBSC04,6,3369_Railway Road Kamonkey Gujranwala (3G-CI-4919),13369_Railway Road Kamonkey Gujranwala (3G-CI-4919),0.0,0.0,0.0,0.0,0.0,0.0,0.0,1.0
HGJWBSC04,60,3941_Maraliwala Gujranwala (3G-CI-2153),23941_Maraliwala Gujranwala (3G-CI-2153),0.0,0.0,0.0,0.0,1.0,0.0,0.0,0.0
HGJWBSC04,62,3945_Tatle Aali Gujranwala,13945_Tatle Aali Gujranwala,0.0,0.0,0.0,0.0,1.0,0.0,0.0,0.0
HGJWBSC04,63,3945_Tatle Aali Gujranwala,23945_Tatle Aali Gujranwala,2.0,0.0,0.0,0.0,5.0,6.0,2.0,0.0
HGJWBSC04,66,3950_Budha Goraya Gujranwala,23950_Budha Goraya Gujranwala,0.0,0.0,0.0,0.0,1.0,0.0,0.0,0.0
HGJWBSC04,69,3482_Nisbet Road Sialkot (3G-CI-4928),33482_Nisbet Road Sialkot (3G-CI-4928),0.0,3.0,6.0,1.0,0.0,0.0,0.0,0.0
HGJWBSC04,70,3938_Police Station Kamoke Gujranwala (3G-CI-1206),13938_Police Station Kamoke Gujranwala (3G-CI-1206),0.0,0.0,0.0,0.0,0.0,0.0,0.0,1.0
HGJWBSC04,71,3938_Police Station Kamoke Gujranwala (3G-CI-1206),23938_Police Station Kamoke Gujranwala (3G-CI-1206),0.0,0.0,0.0,0.0,2.0,0.0,0.0,0.0
HGJWBSC04,72,3938_Police Station Kamoke Gujranwala (3G-CI-1206),33938_Police Station Kamoke Gujranwala (3G-CI-1206),0.0,0.0,0.0,0.0,0.0,0.0,1.0,0.0
HGJWBSC04,75,3745_GT Road Kamoke Gujranwala (3G-CI-4970),33745_GT Road Kamoke Gujranwala (3G-CI-4970),0.0,0.0,0.0,0.0,0.0,0.0,1.0,0.0
HGJWBSC04,81,3744_Sardar Muhammad Autos Gujranwala (3G-CI-1205),33744_Sardar Muhammad Autos Gujranwala (3G-CI-1205),0.0,0.0,0.0,0.0,0.0,0.0,0.0,1.0
HGJWBSC04,82,3475_Haqpura Sialkot (3G-CI-4925),13475_Haqpura Sialkot (3G-CI-4925),0.0,19.0,11.0,7.0,3.0,0.0,1.0,3.0
HGJWBSC04,83,3475_Haqpura Sialkot (3G-CI-4925),23475_Haqpura Sialkot (3G-CI-4925),0.0,3.0,1.0,2.0,2.0,0.0,0.0,0.0
HGJWBSC04,86,3368_Naukhar Gujranwala,33368_Naukhar Gujranwala,0.0,0.0,0.0,0.0,1.0,0.0,0.0,0.0
HGJWBSC04,87,3339_Children Park (Gold) Gujranwala (3G-CI-4508),33339_Children Park (Gold) Gujranwala (3G-CI-4508),1.0,11.0,6.0,3.0,0.0,0.0,0.0,2.0
HGJWBSC04,88,3339_Children Park (Gold) Gujranwala (3G-CI-4508),23339_Children Park (Gold) Gujranwala (3G-CI-4508),2.0,11.0,12.0,6.0,0.0,0.0,0.0,0.0
HGJWBSC04,89,3338_Rahwali Cantt Gujranwala (3G-CI-4509),13338_Rahwali Cantt Gujranwala (3G-CI-4509),0.0,0.0,0.0,0.0,0.0,0.0,1.0,2.0
HGJWBSC04,90,3374_Khot Kalan Gujranwala (3G-CI-4923),23374_Khot Kalan Gujranwala (3G-CI-4923),0.0,0.0,0.0,0.0,0.0,0.0,1.0,0.0
HGJWBSC04,91,3374_Khot Kalan Gujranwala (3G-CI-4923),33374_Khot Kalan Gujranwala (3G-CI-4923),0.0,0.0,0.0,0.0,0.0,0.0,1.0,0.0
HGJWBSC04,93,3351_Nisbet Road Daska City Sialkot (3G-CI-4916),23351_Nisbet Road Daska City Sialkot (3G-CI-4916),0.0,2.0,2.0,0.0,0.0,0.0,0.0,0.0
HGJWBSC04,94,3351_Nisbet Road Daska City Sialkot (3G-CI-4916),33351_Nisbet Road Daska City Sialkot (3G-CI-4916),0.0,3.0,4.0,3.0,0.0,0.0,0.0,0.0
HGJWBSC04,95,3351_Nisbet Road Daska City Sialkot (3G-CI-4916),13351_Nisbet Road Daska City Sialkot (3G-CI-4916),0.0,6.0,0.0,1.0,0.0,0.0,0.0,0.0
HGJWBSC04,97,3367_Dastageer Park Gujranwala,23367_Dastageer Park Gujranwala,0.0,0.0,0.0,0.0,1.0,0.0,0.0,0.0
HGJWBSC04,99,3370_Sadhoki Road Gujranwala (3G-CI-4920),13370_Sadhoki Road Gujranwala (3G-CI-4920),0.0,0.0,0.0,0.0,1.0,0.0,0.0,0.0
