<?xml version="1.0" encoding="UTF-8"?> <content> <id><U2000Info IP="172.30.148.73" Version="iMaster MAEV100R020ENGC10SPC230" /><TaskInfo ID="51464" Name="CdiG" /> </id> <nelist><ne fdn="NE=1054,BTS=0" ne_folder_name="_NE=1054_BTS=0" parentfdn="NE=1054" parent_folder_name="BSC6900 GSM_NE=1054" /><ne fdn="NE=1054,BTS=10" ne_folder_name="_NE=1054_BTS=10" parentfdn="NE=1054" parent_folder_name="BSC6900 GSM_NE=1054" /><ne fdn="NE=1054,BTS=101" ne_folder_name="_NE=1054_BTS=101" parentfdn="NE=1054" parent_folder_name="BSC6900 GSM_NE=1054" /><ne fdn="NE=1054,BTS=102" ne_folder_name="_NE=1054_BTS=102" parentfdn="NE=1054" parent_folder_name="BSC6900 GSM_NE=1054" /><ne fdn="NE=1054,BTS=103" ne_folder_name="_NE=1054_BTS=103" parentfdn="NE=1054" parent_folder_name="BSC6900 GSM_NE=1054" /><ne fdn="NE=1054,BTS=105" ne_folder_name="_NE=1054_BTS=105" parentfdn="NE=1054" parent_folder_name="BSC6900 GSM_NE=1054" /><ne fdn="NE=1054,BTS=106" ne_folder_name="_NE=1054_BTS=106" parentfdn="NE=1054" parent_folder_name="BSC6900 GSM_NE=1054" /><ne fdn="NE=1054,BTS=107" ne_folder_name="_NE=1054_BTS=107" parentfdn="NE=1054" parent_folder_name="BSC6900 GSM_NE=1054" /><ne fdn="NE=1054,BTS=108" ne_folder_name="_NE=1054_BTS=108" parentfdn="NE=1054" parent_folder_name="BSC6900 GSM_NE=1054" /><ne fdn="NE=1054,BTS=109" ne_folder_name="_NE=1054_BTS=109" parentfdn="NE=1054" parent_folder_name="BSC6900 GSM_NE=1054" /><ne fdn="NE=1054,BTS=11" ne_folder_name="_NE=1054_BTS=11" parentfdn="NE=1054" parent_folder_name="BSC6900 GSM_NE=1054" /><ne fdn="NE=1054,BTS=110" ne_folder_name="_NE=1054_BTS=110" parentfdn="NE=1054" parent_folder_name="BSC6900 GSM_NE=1054" /><ne fdn="NE=1054,BTS=111" ne_folder_name="_NE=1054_BTS=111" parentfdn="NE=1054" parent_folder_name="BSC6900 GSM_NE=1054" /><ne fdn="NE=1054,BTS=112" ne_folder_name="_NE=1054_BTS=112" parentfdn="NE=1054" parent_folder_name="BSC6900 GSM_NE=1054" /><ne fdn="NE=1054,BTS=113" ne_folder_name="_NE=1054_BTS=113" parentfdn="NE=1054" parent_folder_name="BSC6900 GSM_NE=1054" /><ne fdn="NE=1054,BTS=114" ne_folder_name="_NE=1054_BTS=114" parentfdn="NE=1054" parent_folder_name="BSC6900 GSM_NE=1054" /><ne fdn="NE=1054,BTS=15" ne_folder_name="_NE=1054_BTS=15" parentfdn="NE=1054" parent_folder_name="BSC6900 GSM_NE=1054" /><ne fdn="NE=1054,BTS=16" ne_folder_name="_NE=1054_BTS=16" parentfdn="NE=1054" parent_folder_name="BSC6900 GSM_NE=1054" /><ne fdn="NE=1054,BTS=17" ne_folder_name="_NE=1054_BTS=17" parentfdn="NE=1054" parent_folder_name="BSC6900 GSM_NE=1054" /><ne fdn="NE=1054,BTS=2" ne_folder_name="_NE=1054_BTS=2" parentfdn="NE=1054" parent_folder_name="BSC6900 GSM_NE=1054" /><ne fdn="NE=1054,BTS=20" ne_folder_name="_NE=1054_BTS=20" parentfdn="NE=1054" parent_folder_name="BSC6900 GSM_NE=1054" /><ne fdn="NE=1054,BTS=21" ne_folder_name="_NE=1054_BTS=21" parentfdn="NE=1054" parent_folder_name="BSC6900 GSM_NE=1054" /><ne fdn="NE=1054,BTS=22" ne_folder_name="_NE=1054_BTS=22" parentfdn="NE=1054" parent_folder_name="BSC6900 GSM_NE=1054" /><ne fdn="NE=1054,BTS=23" ne_folder_name="_NE=1054_BTS=23" parentfdn="NE=1054" parent_folder_name="BSC6900 GSM_NE=1054" /><ne fdn="NE=1054,BTS=24" ne_folder_name="_NE=1054_BTS=24" parentfdn="NE=1054" parent_folder_name="BSC6900 GSM_NE=1054" /><ne fdn="NE=1054,BTS=25" ne_folder_name="_NE=1054_BTS=25" parentfdn="NE=1054" parent_folder_name="BSC6900 GSM_NE=1054" /><ne fdn="NE=1054,BTS=26" ne_folder_name="_NE=1054_BTS=26" parentfdn="NE=1054" parent_folder_name="BSC6900 GSM_NE=1054" /><ne fdn="NE=1054,BTS=27" ne_folder_name="_NE=1054_BTS=27" parentfdn="NE=1054" parent_folder_name="BSC6900 GSM_NE=1054" /><ne fdn="NE=1054,BTS=29" ne_folder_name="_NE=1054_BTS=29" parentfdn="NE=1054" parent_folder_name="BSC6900 GSM_NE=1054" /><ne fdn="NE=1054,BTS=3" ne_folder_name="_NE=1054_BTS=3" parentfdn="NE=1054" parent_folder_name="BSC6900 GSM_NE=1054" /><ne fdn="NE=1054,BTS=30" ne_folder_name="_NE=1054_BTS=30" parentfdn="NE=1054" parent_folder_name="BSC6900 GSM_NE=1054" /><ne fdn="NE=1054,BTS=31" ne_folder_name="_NE=1054_BTS=31" parentfdn="NE=1054" parent_folder_name="BSC6900 GSM_NE=1054" /><ne fdn="NE=1054,BTS=33" ne_folder_name="_NE=1054_BTS=33" parentfdn="NE=1054" parent_folder_name="BSC6900 GSM_NE=1054" /><ne fdn="NE=1054,BTS=34" ne_folder_name="_NE=1054_BTS=34" parentfdn="NE=1054" parent_folder_name="BSC6900 GSM_NE=1054" /><ne fdn="NE=1054,BTS=35" ne_folder_name="_NE=1054_BTS=35" parentfdn="NE=1054" parent_folder_name="BSC6900 GSM_NE=1054" /><ne fdn="NE=1054,BTS=36" ne_folder_name="_NE=1054_BTS=36" parentfdn="NE=1054" parent_folder_name="BSC6900 GSM_NE=1054" /><ne fdn="NE=1054,BTS=37" ne_folder_name="_NE=1054_BTS=37" parentfdn="NE=1054" parent_folder_name="BSC6900 GSM_NE=1054" /><ne fdn="NE=1054,BTS=38" ne_folder_name="_NE=1054_BTS=38" parentfdn="NE=1054" parent_folder_name="BSC6900 GSM_NE=1054" /><ne fdn="NE=1054,BTS=39" ne_folder_name="_NE=1054_BTS=39" parentfdn="NE=1054" parent_folder_name="BSC6900 GSM_NE=1054" /><ne fdn="NE=1054,BTS=4" ne_folder_name="_NE=1054_BTS=4" parentfdn="NE=1054" parent_folder_name="BSC6900 GSM_NE=1054" /><ne fdn="NE=1054,BTS=40" ne_folder_name="_NE=1054_BTS=40" parentfdn="NE=1054" parent_folder_name="BSC6900 GSM_NE=1054" /><ne fdn="NE=1054,BTS=41" ne_folder_name="_NE=1054_BTS=41" parentfdn="NE=1054" parent_folder_name="BSC6900 GSM_NE=1054" /><ne fdn="NE=1054,BTS=43" ne_folder_name="_NE=1054_BTS=43" parentfdn="NE=1054" parent_folder_name="BSC6900 GSM_NE=1054" /><ne fdn="NE=1054,BTS=44" ne_folder_name="_NE=1054_BTS=44" parentfdn="NE=1054" parent_folder_name="BSC6900 GSM_NE=1054" /><ne fdn="NE=1054,BTS=45" ne_folder_name="_NE=1054_BTS=45" parentfdn="NE=1054" parent_folder_name="BSC6900 GSM_NE=1054" /><ne fdn="NE=1054,BTS=46" ne_folder_name="_NE=1054_BTS=46" parentfdn="NE=1054" parent_folder_name="BSC6900 GSM_NE=1054" /><ne fdn="NE=1054,BTS=47" ne_folder_name="_NE=1054_BTS=47" parentfdn="NE=1054" parent_folder_name="BSC6900 GSM_NE=1054" /><ne fdn="NE=1054,BTS=48" ne_folder_name="_NE=1054_BTS=48" parentfdn="NE=1054" parent_folder_name="BSC6900 GSM_NE=1054" /><ne fdn="NE=1054,BTS=49" ne_folder_name="_NE=1054_BTS=49" parentfdn="NE=1054" parent_folder_name="BSC6900 GSM_NE=1054" /><ne fdn="NE=1054,BTS=50" ne_folder_name="_NE=1054_BTS=50" parentfdn="NE=1054" parent_folder_name="BSC6900 GSM_NE=1054" /><ne fdn="NE=1054,BTS=51" ne_folder_name="_NE=1054_BTS=51" parentfdn="NE=1054" parent_folder_name="BSC6900 GSM_NE=1054" /><ne fdn="NE=1054,BTS=52" ne_folder_name="_NE=1054_BTS=52" parentfdn="NE=1054" parent_folder_name="BSC6900 GSM_NE=1054" /><ne fdn="NE=1054,BTS=53" ne_folder_name="_NE=1054_BTS=53" parentfdn="NE=1054" parent_folder_name="BSC6900 GSM_NE=1054" /><ne fdn="NE=1054,BTS=55" ne_folder_name="_NE=1054_BTS=55" parentfdn="NE=1054" parent_folder_name="BSC6900 GSM_NE=1054" /><ne fdn="NE=1054,BTS=56" ne_folder_name="_NE=1054_BTS=56" parentfdn="NE=1054" parent_folder_name="BSC6900 GSM_NE=1054" /><ne fdn="NE=1054,BTS=57" ne_folder_name="_NE=1054_BTS=57" parentfdn="NE=1054" parent_folder_name="BSC6900 GSM_NE=1054" /><ne fdn="NE=1054,BTS=58" ne_folder_name="_NE=1054_BTS=58" parentfdn="NE=1054" parent_folder_name="BSC6900 GSM_NE=1054" /><ne fdn="NE=1054,BTS=59" ne_folder_name="_NE=1054_BTS=59" parentfdn="NE=1054" parent_folder_name="BSC6900 GSM_NE=1054" /><ne fdn="NE=1054,BTS=61" ne_folder_name="_NE=1054_BTS=61" parentfdn="NE=1054" parent_folder_name="BSC6900 GSM_NE=1054" /><ne fdn="NE=1054,BTS=63" ne_folder_name="_NE=1054_BTS=63" parentfdn="NE=1054" parent_folder_name="BSC6900 GSM_NE=1054" /><ne fdn="NE=1054,BTS=64" ne_folder_name="_NE=1054_BTS=64" parentfdn="NE=1054" parent_folder_name="BSC6900 GSM_NE=1054" /><ne fdn="NE=1054,BTS=66" ne_folder_name="_NE=1054_BTS=66" parentfdn="NE=1054" parent_folder_name="BSC6900 GSM_NE=1054" /><ne fdn="NE=1054,BTS=67" ne_folder_name="_NE=1054_BTS=67" parentfdn="NE=1054" parent_folder_name="BSC6900 GSM_NE=1054" /><ne fdn="NE=1054,BTS=68" ne_folder_name="_NE=1054_BTS=68" parentfdn="NE=1054" parent_folder_name="BSC6900 GSM_NE=1054" /><ne fdn="NE=1054,BTS=69" ne_folder_name="_NE=1054_BTS=69" parentfdn="NE=1054" parent_folder_name="BSC6900 GSM_NE=1054" /><ne fdn="NE=1054,BTS=7" ne_folder_name="_NE=1054_BTS=7" parentfdn="NE=1054" parent_folder_name="BSC6900 GSM_NE=1054" /><ne fdn="NE=1054,BTS=70" ne_folder_name="_NE=1054_BTS=70" parentfdn="NE=1054" parent_folder_name="BSC6900 GSM_NE=1054" /><ne fdn="NE=1054,BTS=71" ne_folder_name="_NE=1054_BTS=71" parentfdn="NE=1054" parent_folder_name="BSC6900 GSM_NE=1054" /><ne fdn="NE=1054,BTS=72" ne_folder_name="_NE=1054_BTS=72" parentfdn="NE=1054" parent_folder_name="BSC6900 GSM_NE=1054" /><ne fdn="NE=1054,BTS=73" ne_folder_name="_NE=1054_BTS=73" parentfdn="NE=1054" parent_folder_name="BSC6900 GSM_NE=1054" /><ne fdn="NE=1054,BTS=74" ne_folder_name="_NE=1054_BTS=74" parentfdn="NE=1054" parent_folder_name="BSC6900 GSM_NE=1054" /><ne fdn="NE=1054,BTS=75" ne_folder_name="_NE=1054_BTS=75" parentfdn="NE=1054" parent_folder_name="BSC6900 GSM_NE=1054" /><ne fdn="NE=1054,BTS=77" ne_folder_name="_NE=1054_BTS=77" parentfdn="NE=1054" parent_folder_name="BSC6900 GSM_NE=1054" /><ne fdn="NE=1054,BTS=78" ne_folder_name="_NE=1054_BTS=78" parentfdn="NE=1054" parent_folder_name="BSC6900 GSM_NE=1054" /><ne fdn="NE=1054,BTS=8" ne_folder_name="_NE=1054_BTS=8" parentfdn="NE=1054" parent_folder_name="BSC6900 GSM_NE=1054" /><ne fdn="NE=1054,BTS=80" ne_folder_name="_NE=1054_BTS=80" parentfdn="NE=1054" parent_folder_name="BSC6900 GSM_NE=1054" /><ne fdn="NE=1054,BTS=81" ne_folder_name="_NE=1054_BTS=81" parentfdn="NE=1054" parent_folder_name="BSC6900 GSM_NE=1054" /><ne fdn="NE=1054,BTS=82" ne_folder_name="_NE=1054_BTS=82" parentfdn="NE=1054" parent_folder_name="BSC6900 GSM_NE=1054" /><ne fdn="NE=1054,BTS=83" ne_folder_name="_NE=1054_BTS=83" parentfdn="NE=1054" parent_folder_name="BSC6900 GSM_NE=1054" /><ne fdn="NE=1054,BTS=84" ne_folder_name="_NE=1054_BTS=84" parentfdn="NE=1054" parent_folder_name="BSC6900 GSM_NE=1054" /><ne fdn="NE=1054,BTS=85" ne_folder_name="_NE=1054_BTS=85" parentfdn="NE=1054" parent_folder_name="BSC6900 GSM_NE=1054" /><ne fdn="NE=1054,BTS=86" ne_folder_name="_NE=1054_BTS=86" parentfdn="NE=1054" parent_folder_name="BSC6900 GSM_NE=1054" /><ne fdn="NE=1054,BTS=87" ne_folder_name="_NE=1054_BTS=87" parentfdn="NE=1054" parent_folder_name="BSC6900 GSM_NE=1054" /><ne fdn="NE=1054,BTS=88" ne_folder_name="_NE=1054_BTS=88" parentfdn="NE=1054" parent_folder_name="BSC6900 GSM_NE=1054" /><ne fdn="NE=1054,BTS=89" ne_folder_name="_NE=1054_BTS=89" parentfdn="NE=1054" parent_folder_name="BSC6900 GSM_NE=1054" /><ne fdn="NE=1054,BTS=9" ne_folder_name="_NE=1054_BTS=9" parentfdn="NE=1054" parent_folder_name="BSC6900 GSM_NE=1054" /><ne fdn="NE=1054,BTS=90" ne_folder_name="_NE=1054_BTS=90" parentfdn="NE=1054" parent_folder_name="BSC6900 GSM_NE=1054" /><ne fdn="NE=1054,BTS=92" ne_folder_name="_NE=1054_BTS=92" parentfdn="NE=1054" parent_folder_name="BSC6900 GSM_NE=1054" /><ne fdn="NE=1054,BTS=93" ne_folder_name="_NE=1054_BTS=93" parentfdn="NE=1054" parent_folder_name="BSC6900 GSM_NE=1054" /><ne fdn="NE=1054,BTS=95" ne_folder_name="_NE=1054_BTS=95" parentfdn="NE=1054" parent_folder_name="BSC6900 GSM_NE=1054" /><ne fdn="NE=1054,BTS=96" ne_folder_name="_NE=1054_BTS=96" parentfdn="NE=1054" parent_folder_name="BSC6900 GSM_NE=1054" /><ne fdn="NE=1054,BTS=98" ne_folder_name="_NE=1054_BTS=98" parentfdn="NE=1054" parent_folder_name="BSC6900 GSM_NE=1054" /><ne fdn="NE=1054,BTS=99" ne_folder_name="_NE=1054_BTS=99" parentfdn="NE=1054" parent_folder_name="BSC6900 GSM_NE=1054" /><ne fdn="NE=333,BTS=0" ne_folder_name="_NE=333_BTS=0" parentfdn="NE=333" parent_folder_name="BSC6900 GSM_NE=333" /><ne fdn="NE=333,BTS=10" ne_folder_name="_NE=333_BTS=10" parentfdn="NE=333" parent_folder_name="BSC6900 GSM_NE=333" /><ne fdn="NE=333,BTS=11" ne_folder_name="_NE=333_BTS=11" parentfdn="NE=333" parent_folder_name="BSC6900 GSM_NE=333" /><ne fdn="NE=333,BTS=12" ne_folder_name="_NE=333_BTS=12" parentfdn="NE=333" parent_folder_name="BSC6900 GSM_NE=333" /><ne fdn="NE=333,BTS=13" ne_folder_name="_NE=333_BTS=13" parentfdn="NE=333" parent_folder_name="BSC6900 GSM_NE=333" /><ne fdn="NE=333,BTS=14" ne_folder_name="_NE=333_BTS=14" parentfdn="NE=333" parent_folder_name="BSC6900 GSM_NE=333" /><ne fdn="NE=333,BTS=15" ne_folder_name="_NE=333_BTS=15" parentfdn="NE=333" parent_folder_name="BSC6900 GSM_NE=333" /><ne fdn="NE=333,BTS=16" ne_folder_name="_NE=333_BTS=16" parentfdn="NE=333" parent_folder_name="BSC6900 GSM_NE=333" /><ne fdn="NE=333,BTS=17" ne_folder_name="_NE=333_BTS=17" parentfdn="NE=333" parent_folder_name="BSC6900 GSM_NE=333" /><ne fdn="NE=333,BTS=18" ne_folder_name="_NE=333_BTS=18" parentfdn="NE=333" parent_folder_name="BSC6900 GSM_NE=333" /><ne fdn="NE=333,BTS=19" ne_folder_name="_NE=333_BTS=19" parentfdn="NE=333" parent_folder_name="BSC6900 GSM_NE=333" /><ne fdn="NE=333,BTS=2" ne_folder_name="_NE=333_BTS=2" parentfdn="NE=333" parent_folder_name="BSC6900 GSM_NE=333" /><ne fdn="NE=333,BTS=20" ne_folder_name="_NE=333_BTS=20" parentfdn="NE=333" parent_folder_name="BSC6900 GSM_NE=333" /><ne fdn="NE=333,BTS=21" ne_folder_name="_NE=333_BTS=21" parentfdn="NE=333" parent_folder_name="BSC6900 GSM_NE=333" /><ne fdn="NE=333,BTS=24" ne_folder_name="_NE=333_BTS=24" parentfdn="NE=333" parent_folder_name="BSC6900 GSM_NE=333" /><ne fdn="NE=333,BTS=25" ne_folder_name="_NE=333_BTS=25" parentfdn="NE=333" parent_folder_name="BSC6900 GSM_NE=333" /><ne fdn="NE=333,BTS=27" ne_folder_name="_NE=333_BTS=27" parentfdn="NE=333" parent_folder_name="BSC6900 GSM_NE=333" /><ne fdn="NE=333,BTS=29" ne_folder_name="_NE=333_BTS=29" parentfdn="NE=333" parent_folder_name="BSC6900 GSM_NE=333" /><ne fdn="NE=333,BTS=3" ne_folder_name="_NE=333_BTS=3" parentfdn="NE=333" parent_folder_name="BSC6900 GSM_NE=333" /><ne fdn="NE=333,BTS=30" ne_folder_name="_NE=333_BTS=30" parentfdn="NE=333" parent_folder_name="BSC6900 GSM_NE=333" /><ne fdn="NE=333,BTS=34" ne_folder_name="_NE=333_BTS=34" parentfdn="NE=333" parent_folder_name="BSC6900 GSM_NE=333" /><ne fdn="NE=333,BTS=35" ne_folder_name="_NE=333_BTS=35" parentfdn="NE=333" parent_folder_name="BSC6900 GSM_NE=333" /><ne fdn="NE=333,BTS=36" ne_folder_name="_NE=333_BTS=36" parentfdn="NE=333" parent_folder_name="BSC6900 GSM_NE=333" /><ne fdn="NE=333,BTS=37" ne_folder_name="_NE=333_BTS=37" parentfdn="NE=333" parent_folder_name="BSC6900 GSM_NE=333" /><ne fdn="NE=333,BTS=4" ne_folder_name="_NE=333_BTS=4" parentfdn="NE=333" parent_folder_name="BSC6900 GSM_NE=333" /><ne fdn="NE=333,BTS=42" ne_folder_name="_NE=333_BTS=42" parentfdn="NE=333" parent_folder_name="BSC6900 GSM_NE=333" /><ne fdn="NE=333,BTS=43" ne_folder_name="_NE=333_BTS=43" parentfdn="NE=333" parent_folder_name="BSC6900 GSM_NE=333" /><ne fdn="NE=333,BTS=46" ne_folder_name="_NE=333_BTS=46" parentfdn="NE=333" parent_folder_name="BSC6900 GSM_NE=333" /><ne fdn="NE=333,BTS=48" ne_folder_name="_NE=333_BTS=48" parentfdn="NE=333" parent_folder_name="BSC6900 GSM_NE=333" /><ne fdn="NE=333,BTS=49" ne_folder_name="_NE=333_BTS=49" parentfdn="NE=333" parent_folder_name="BSC6900 GSM_NE=333" /><ne fdn="NE=333,BTS=5" ne_folder_name="_NE=333_BTS=5" parentfdn="NE=333" parent_folder_name="BSC6900 GSM_NE=333" /><ne fdn="NE=333,BTS=50" ne_folder_name="_NE=333_BTS=50" parentfdn="NE=333" parent_folder_name="BSC6900 GSM_NE=333" /><ne fdn="NE=333,BTS=55" ne_folder_name="_NE=333_BTS=55" parentfdn="NE=333" parent_folder_name="BSC6900 GSM_NE=333" /><ne fdn="NE=333,BTS=6" ne_folder_name="_NE=333_BTS=6" parentfdn="NE=333" parent_folder_name="BSC6900 GSM_NE=333" /><ne fdn="NE=333,BTS=7" ne_folder_name="_NE=333_BTS=7" parentfdn="NE=333" parent_folder_name="BSC6900 GSM_NE=333" /><ne fdn="NE=333,BTS=76" ne_folder_name="_NE=333_BTS=76" parentfdn="NE=333" parent_folder_name="BSC6900 GSM_NE=333" /><ne fdn="NE=333,BTS=8" ne_folder_name="_NE=333_BTS=8" parentfdn="NE=333" parent_folder_name="BSC6900 GSM_NE=333" /><ne fdn="NE=5599,BTS=0" ne_folder_name="_NE=5599_BTS=0" parentfdn="NE=5599" parent_folder_name="BSC6900 GSM_NE=5599" /><ne fdn="NE=5599,BTS=10" ne_folder_name="_NE=5599_BTS=10" parentfdn="NE=5599" parent_folder_name="BSC6900 GSM_NE=5599" /><ne fdn="NE=5599,BTS=103" ne_folder_name="_NE=5599_BTS=103" parentfdn="NE=5599" parent_folder_name="BSC6900 GSM_NE=5599" /><ne fdn="NE=5599,BTS=104" ne_folder_name="_NE=5599_BTS=104" parentfdn="NE=5599" parent_folder_name="BSC6900 GSM_NE=5599" /><ne fdn="NE=5599,BTS=105" ne_folder_name="_NE=5599_BTS=105" parentfdn="NE=5599" parent_folder_name="BSC6900 GSM_NE=5599" /><ne fdn="NE=5599,BTS=109" ne_folder_name="_NE=5599_BTS=109" parentfdn="NE=5599" parent_folder_name="BSC6900 GSM_NE=5599" /><ne fdn="NE=5599,BTS=11" ne_folder_name="_NE=5599_BTS=11" parentfdn="NE=5599" parent_folder_name="BSC6900 GSM_NE=5599" /><ne fdn="NE=5599,BTS=114" ne_folder_name="_NE=5599_BTS=114" parentfdn="NE=5599" parent_folder_name="BSC6900 GSM_NE=5599" /><ne fdn="NE=5599,BTS=120" ne_folder_name="_NE=5599_BTS=120" parentfdn="NE=5599" parent_folder_name="BSC6900 GSM_NE=5599" /><ne fdn="NE=5599,BTS=13" ne_folder_name="_NE=5599_BTS=13" parentfdn="NE=5599" parent_folder_name="BSC6900 GSM_NE=5599" /><ne fdn="NE=5599,BTS=16" ne_folder_name="_NE=5599_BTS=16" parentfdn="NE=5599" parent_folder_name="BSC6900 GSM_NE=5599" /><ne fdn="NE=5599,BTS=17" ne_folder_name="_NE=5599_BTS=17" parentfdn="NE=5599" parent_folder_name="BSC6900 GSM_NE=5599" /><ne fdn="NE=5599,BTS=18" ne_folder_name="_NE=5599_BTS=18" parentfdn="NE=5599" parent_folder_name="BSC6900 GSM_NE=5599" /><ne fdn="NE=5599,BTS=19" ne_folder_name="_NE=5599_BTS=19" parentfdn="NE=5599" parent_folder_name="BSC6900 GSM_NE=5599" /><ne fdn="NE=5599,BTS=20" ne_folder_name="_NE=5599_BTS=20" parentfdn="NE=5599" parent_folder_name="BSC6900 GSM_NE=5599" /><ne fdn="NE=5599,BTS=21" ne_folder_name="_NE=5599_BTS=21" parentfdn="NE=5599" parent_folder_name="BSC6900 GSM_NE=5599" /><ne fdn="NE=5599,BTS=22" ne_folder_name="_NE=5599_BTS=22" parentfdn="NE=5599" parent_folder_name="BSC6900 GSM_NE=5599" /><ne fdn="NE=5599,BTS=23" ne_folder_name="_NE=5599_BTS=23" parentfdn="NE=5599" parent_folder_name="BSC6900 GSM_NE=5599" /><ne fdn="NE=5599,BTS=24" ne_folder_name="_NE=5599_BTS=24" parentfdn="NE=5599" parent_folder_name="BSC6900 GSM_NE=5599" /><ne fdn="NE=5599,BTS=25" ne_folder_name="_NE=5599_BTS=25" parentfdn="NE=5599" parent_folder_name="BSC6900 GSM_NE=5599" /><ne fdn="NE=5599,BTS=26" ne_folder_name="_NE=5599_BTS=26" parentfdn="NE=5599" parent_folder_name="BSC6900 GSM_NE=5599" /><ne fdn="NE=5599,BTS=27" ne_folder_name="_NE=5599_BTS=27" parentfdn="NE=5599" parent_folder_name="BSC6900 GSM_NE=5599" /><ne fdn="NE=5599,BTS=28" ne_folder_name="_NE=5599_BTS=28" parentfdn="NE=5599" parent_folder_name="BSC6900 GSM_NE=5599" /><ne fdn="NE=5599,BTS=29" ne_folder_name="_NE=5599_BTS=29" parentfdn="NE=5599" parent_folder_name="BSC6900 GSM_NE=5599" /><ne fdn="NE=5599,BTS=3" ne_folder_name="_NE=5599_BTS=3" parentfdn="NE=5599" parent_folder_name="BSC6900 GSM_NE=5599" /><ne fdn="NE=5599,BTS=31" ne_folder_name="_NE=5599_BTS=31" parentfdn="NE=5599" parent_folder_name="BSC6900 GSM_NE=5599" /><ne fdn="NE=5599,BTS=32" ne_folder_name="_NE=5599_BTS=32" parentfdn="NE=5599" parent_folder_name="BSC6900 GSM_NE=5599" /><ne fdn="NE=5599,BTS=35" ne_folder_name="_NE=5599_BTS=35" parentfdn="NE=5599" parent_folder_name="BSC6900 GSM_NE=5599" /><ne fdn="NE=5599,BTS=36" ne_folder_name="_NE=5599_BTS=36" parentfdn="NE=5599" parent_folder_name="BSC6900 GSM_NE=5599" /><ne fdn="NE=5599,BTS=37" ne_folder_name="_NE=5599_BTS=37" parentfdn="NE=5599" parent_folder_name="BSC6900 GSM_NE=5599" /><ne fdn="NE=5599,BTS=38" ne_folder_name="_NE=5599_BTS=38" parentfdn="NE=5599" parent_folder_name="BSC6900 GSM_NE=5599" /><ne fdn="NE=5599,BTS=4" ne_folder_name="_NE=5599_BTS=4" parentfdn="NE=5599" parent_folder_name="BSC6900 GSM_NE=5599" /><ne fdn="NE=5599,BTS=41" ne_folder_name="_NE=5599_BTS=41" parentfdn="NE=5599" parent_folder_name="BSC6900 GSM_NE=5599" /><ne fdn="NE=5599,BTS=42" ne_folder_name="_NE=5599_BTS=42" parentfdn="NE=5599" parent_folder_name="BSC6900 GSM_NE=5599" /><ne fdn="NE=5599,BTS=44" ne_folder_name="_NE=5599_BTS=44" parentfdn="NE=5599" parent_folder_name="BSC6900 GSM_NE=5599" /><ne fdn="NE=5599,BTS=45" ne_folder_name="_NE=5599_BTS=45" parentfdn="NE=5599" parent_folder_name="BSC6900 GSM_NE=5599" /><ne fdn="NE=5599,BTS=46" ne_folder_name="_NE=5599_BTS=46" parentfdn="NE=5599" parent_folder_name="BSC6900 GSM_NE=5599" /><ne fdn="NE=5599,BTS=47" ne_folder_name="_NE=5599_BTS=47" parentfdn="NE=5599" parent_folder_name="BSC6900 GSM_NE=5599" /><ne fdn="NE=5599,BTS=49" ne_folder_name="_NE=5599_BTS=49" parentfdn="NE=5599" parent_folder_name="BSC6900 GSM_NE=5599" /><ne fdn="NE=5599,BTS=5" ne_folder_name="_NE=5599_BTS=5" parentfdn="NE=5599" parent_folder_name="BSC6900 GSM_NE=5599" /><ne fdn="NE=5599,BTS=50" ne_folder_name="_NE=5599_BTS=50" parentfdn="NE=5599" parent_folder_name="BSC6900 GSM_NE=5599" /><ne fdn="NE=5599,BTS=51" ne_folder_name="_NE=5599_BTS=51" parentfdn="NE=5599" parent_folder_name="BSC6900 GSM_NE=5599" /><ne fdn="NE=5599,BTS=53" ne_folder_name="_NE=5599_BTS=53" parentfdn="NE=5599" parent_folder_name="BSC6900 GSM_NE=5599" /><ne fdn="NE=5599,BTS=54" ne_folder_name="_NE=5599_BTS=54" parentfdn="NE=5599" parent_folder_name="BSC6900 GSM_NE=5599" /><ne fdn="NE=5599,BTS=55" ne_folder_name="_NE=5599_BTS=55" parentfdn="NE=5599" parent_folder_name="BSC6900 GSM_NE=5599" /><ne fdn="NE=5599,BTS=57" ne_folder_name="_NE=5599_BTS=57" parentfdn="NE=5599" parent_folder_name="BSC6900 GSM_NE=5599" /><ne fdn="NE=5599,BTS=58" ne_folder_name="_NE=5599_BTS=58" parentfdn="NE=5599" parent_folder_name="BSC6900 GSM_NE=5599" /><ne fdn="NE=5599,BTS=59" ne_folder_name="_NE=5599_BTS=59" parentfdn="NE=5599" parent_folder_name="BSC6900 GSM_NE=5599" /><ne fdn="NE=5599,BTS=61" ne_folder_name="_NE=5599_BTS=61" parentfdn="NE=5599" parent_folder_name="BSC6900 GSM_NE=5599" /><ne fdn="NE=5599,BTS=63" ne_folder_name="_NE=5599_BTS=63" parentfdn="NE=5599" parent_folder_name="BSC6900 GSM_NE=5599" /><ne fdn="NE=5599,BTS=64" ne_folder_name="_NE=5599_BTS=64" parentfdn="NE=5599" parent_folder_name="BSC6900 GSM_NE=5599" /><ne fdn="NE=5599,BTS=65" ne_folder_name="_NE=5599_BTS=65" parentfdn="NE=5599" parent_folder_name="BSC6900 GSM_NE=5599" /><ne fdn="NE=5599,BTS=66" ne_folder_name="_NE=5599_BTS=66" parentfdn="NE=5599" parent_folder_name="BSC6900 GSM_NE=5599" /><ne fdn="NE=5599,BTS=68" ne_folder_name="_NE=5599_BTS=68" parentfdn="NE=5599" parent_folder_name="BSC6900 GSM_NE=5599" /><ne fdn="NE=5599,BTS=71" ne_folder_name="_NE=5599_BTS=71" parentfdn="NE=5599" parent_folder_name="BSC6900 GSM_NE=5599" /><ne fdn="NE=5599,BTS=72" ne_folder_name="_NE=5599_BTS=72" parentfdn="NE=5599" parent_folder_name="BSC6900 GSM_NE=5599" /><ne fdn="NE=5599,BTS=73" ne_folder_name="_NE=5599_BTS=73" parentfdn="NE=5599" parent_folder_name="BSC6900 GSM_NE=5599" /><ne fdn="NE=5599,BTS=75" ne_folder_name="_NE=5599_BTS=75" parentfdn="NE=5599" parent_folder_name="BSC6900 GSM_NE=5599" /><ne fdn="NE=5599,BTS=78" ne_folder_name="_NE=5599_BTS=78" parentfdn="NE=5599" parent_folder_name="BSC6900 GSM_NE=5599" /><ne fdn="NE=5599,BTS=79" ne_folder_name="_NE=5599_BTS=79" parentfdn="NE=5599" parent_folder_name="BSC6900 GSM_NE=5599" /><ne fdn="NE=5599,BTS=8" ne_folder_name="_NE=5599_BTS=8" parentfdn="NE=5599" parent_folder_name="BSC6900 GSM_NE=5599" /><ne fdn="NE=5599,BTS=89" ne_folder_name="_NE=5599_BTS=89" parentfdn="NE=5599" parent_folder_name="BSC6900 GSM_NE=5599" /><ne fdn="NE=5599,BTS=90" ne_folder_name="_NE=5599_BTS=90" parentfdn="NE=5599" parent_folder_name="BSC6900 GSM_NE=5599" /><ne fdn="NE=5599,BTS=91" ne_folder_name="_NE=5599_BTS=91" parentfdn="NE=5599" parent_folder_name="BSC6900 GSM_NE=5599" /><ne fdn="NE=5599,BTS=95" ne_folder_name="_NE=5599_BTS=95" parentfdn="NE=5599" parent_folder_name="BSC6900 GSM_NE=5599" /><ne fdn="NE=5599,BTS=96" ne_folder_name="_NE=5599_BTS=96" parentfdn="NE=5599" parent_folder_name="BSC6900 GSM_NE=5599" /><ne fdn="NE=5599,BTS=98" ne_folder_name="_NE=5599_BTS=98" parentfdn="NE=5599" parent_folder_name="BSC6900 GSM_NE=5599" /><ne fdn="NE=5599,BTS=99" ne_folder_name="_NE=5599_BTS=99" parentfdn="NE=5599" parent_folder_name="BSC6900 GSM_NE=5599" /> </nelist> </content>