Data Type,Task ID,Task Name,SubTask Name,NE FDN,NE Name,SubItem ID,Item Set ID,Script Type,Script Name,Start Time,End Time,Time Cost(s)
TaskCollectEvent,51464,"CdiG",,,,,,,,2021-06-01 17:00:09.981,2021-06-01 17:10:15.052,605
BatchCollectEvent,51464,,collect fm data,,,,,,,2021-06-01 17:00:13.608,2021-06-01 17:00:13.714,0
BatchCollectEvent,51464,,collect pm data,,,,,,,2021-06-01 17:00:13.616,2021-06-01 17:00:13.715,0
BatchCollectEvent,51464,,collect risk check results,,,,,,,2021-06-01 17:00:13.621,2021-06-01 17:00:13.716,0
BatchCollectEvent,51464,,collect NodeB license allocation table,,,,,,,2021-06-01 17:00:13.632,2021-06-01 17:00:13.717,0
BatchCollectEvent,51464,,collect fm data,,,,,,,2021-06-01 17:00:13.663,2021-06-01 17:00:13.717,0
BatchCollectEvent,51464,,collect mbts data,,,,,,,2021-06-01 17:00:13.709,2021-06-01 17:00:13.717,0
BatchCollectEvent,51464,,collect SDMD data,,,,,,,2021-06-01 17:00:13.714,2021-06-01 17:00:13.719,0
NECollectEvent,51464,,,"NE=333","HBWNBSC02",,,,,2021-06-01 17:00:14.603,2021-06-01 17:02:53.383,158
NECollectEvent,51464,,,"NE=5599","HDIKBSC03",,,,,2021-06-01 17:00:14.604,2021-06-01 17:09:20.687,546
NECollectEvent,51464,,,"NE=1054","HGJWBSC04",,,,,2021-06-01 17:00:14.603,2021-06-01 17:10:12.347,597
