Date,Time,GBSC,Cell CI,Cell Name,CellIndex,Site Name,Location,Integrity,_CallSetup TCH GOS(%)_N,_CallSetup TCH GOS(%)_D,_DCR_N,_DCR_D,_GOS-SDCCH(%)_N,_GOS-SDCCH(%)_D,_HSR%_N,_HSR%_D,_Mobility TCH GOS(%)_N,_Mobility TCH GOS(%)_D,_MTBD (Mean Time between Drop)_N,_MTBD (Mean Time between Drop)_D,_RxQual Index DL_1,_RxQual Index DL_2,_RxQual Index UL_1,_RxQual Index UL_2,CSSR_Non Blocking_1_N,CSSR_Non Blocking_2_N,CSSR_Non Blocking_1_D,CSSR_Non Blocking_2_D,GlobelTraffic,TCH Availability Rate,_cssr_Call Setup Indications (Circuit Service)_N_1,_Cssr_Channel Requests (Circuit Service)_D_1,_CSSR_Call Drops on SDCCH_N_2,_CSSR_Successful SDCCH Seizures_D_2,_CSSR_Successful TCH Seizures (Traffic Channel)_N_3,_CSSR_TCH Seizure Requests (Traffic Channel)_D_3,Interference Band Proportion (4~5)(%),Interference Band 345,Mean Number of TCH in Interference Band 1,Mean Number of TCH in Interference Band 2,Mean Number of TCH in Interference Band 3,Mean Number of TCH in Interference Band 4,Mean Number of TCH in Interference Band 5,Mean Number of TCH in Interference Band 1.1,Mean Number of TCH in Interference Band 2.1,Mean Number of TCH in Interference Band 3.1,Mean Number of TCH in Interference Band 4.1,Mean Number of TCH in Interference Band 5.1,K3014:Traffic Volume on TCH(Erl),CM33:Call Drops on Traffic Channel
2021-04-01,21:00,HSGDBSC03,35395.0,35395_Barana City Sargodha,91.0,5395_Barana City Sargodha,JHUNG_CLUSTER_03_Rural,100%,100.0,1692.0,0.0,1629.0,0.0,1992.0,118.0,118.0,2.0,40.0,16.7681,0.0,43356.0,43618.0,43528.0,43618.0,0.0,1.0,1992.0,1984.0,16.7681,100.0,1829.0,1833.0,0.0,1984.0,1591.0,1692.0,0.3256,0.3624,7.2213,0.0079,0.0027,0.0,0.0236,7.2213,0.0079,0.0027,0.0,0.0236,16.7681,0.0
2021-04-01,21:00,HSGDBSC03,25395.0,25395_Barana City Sargodha,90.0,5395_Barana City Sargodha,JHUNG_CLUSTER_03_Rural,100%,0.0,24.0,1.0,35.0,0.0,234.0,23.0,25.0,0.0,11.0,4.5111,1.0,32212.0,32766.0,32588.0,32766.0,2.0,2.0,234.0,229.0,4.5111,100.0,47.0,48.0,2.0,229.0,24.0,24.0,0.0,0.0,5.7067,0.0,0.0,0.0,0.0,5.7067,0.0,0.0,0.0,0.0,4.5111,1.0
2021-04-01,21:00,HSGDBSC03,15395.0,15395_Barana City Sargodha,89.0,5395_Barana City Sargodha,JHUNG_CLUSTER_03_Rural,100%,0.0,53.0,1.0,82.0,0.0,333.0,57.0,58.0,0.0,30.0,3.5653,1.0,23984.0,24644.0,24558.0,24644.0,1.0,2.0,333.0,319.0,3.5653,100.0,78.0,80.0,1.0,319.0,52.0,53.0,0.0,0.0,6.4572,0.0241,0.0,0.0,0.0,6.4572,0.0241,0.0,0.0,0.0,3.5653,1.0
2021-04-01,21:00,HSGDBSC03,35390.0,35390_Sillan Wali Sargodha (3G-CII-4188),46.0,5390_Sillan Wali Sargodha (3G-CII-4188),JHUNG_CLUSTER_03_Rural,100%,0.0,69.0,2.0,97.0,0.0,498.0,51.0,51.0,0.0,28.0,4.1806,2.0,26832.0,27262.0,25864.0,27262.0,0.0,0.0,498.0,489.0,4.1806,100.0,207.0,207.0,0.0,489.0,69.0,69.0,0.9912,1.9488,15.0756,0.488,0.152,0.0453,0.11199999999999999,15.0756,0.488,0.152,0.0453,0.11199999999999999,4.1806,2.0
2021-04-01,21:00,HSGDBSC03,25390.0,25390_Sillan Wali Sargodha (3G-CII-4188),45.0,5390_Sillan Wali Sargodha (3G-CII-4188),JHUNG_CLUSTER_03_Rural,100%,0.0,338.0,2.0,434.0,0.0,664.0,166.0,166.0,0.0,97.0,7.8917,2.0,39880.0,41432.0,40900.0,41432.0,0.0,2.0,664.0,645.0,7.8917,100.0,439.0,441.0,0.0,645.0,336.0,338.0,0.0,0.0268,9.8989,0.0535,0.0027,0.0,0.0,9.8989,0.0535,0.0027,0.0,0.0,7.8917,2.0
2021-04-01,21:00,HSGDBSC03,15390.0,15390_Sillan Wali Sargodha (3G-CII-4188),44.0,5390_Sillan Wali Sargodha (3G-CII-4188),JHUNG_CLUSTER_03_Rural,100%,0.0,91.0,1.0,143.0,0.0,418.0,105.0,110.0,0.0,55.0,8.9611,1.0,62570.0,63096.0,62892.0,63096.0,0.0,1.0,418.0,412.0,8.9611,100.0,148.0,149.0,0.0,412.0,90.0,91.0,0.0,0.0,13.0908,0.0081,0.0,0.0,0.0,13.0908,0.0081,0.0,0.0,0.0,8.9611,1.0
2021-04-01,21:00,HSGDBSC02,45401.0,45401_Sial Shareef Jhang Road Sargodha-4,42.0,5401_Sial Shareef Jhang Road Sargodha,JHUNG_CLUSTER_03_Rural,100%,0.0,41.0,1.0,80.0,0.0,129.0,70.0,70.0,0.0,39.0,2.7556,1.0,17912.0,18138.0,18138.0,18138.0,0.0,0.0,129.0,125.0,2.7556,100.0,57.0,57.0,0.0,125.0,41.0,41.0,0.0,0.0,15.7173,0.0053,0.0,0.0,0.0,15.7173,0.0053,0.0,0.0,0.0,2.7556,1.0
2021-04-01,21:00,HSGDBSC02,35401.0,35401_Sial Shareef Jhang Road Sargodha,75.0,5401_Sial Shareef Jhang Road Sargodha,JHUNG_CLUSTER_03_Rural,100%,0.0,229.0,3.0,268.0,0.0,559.0,82.0,83.0,0.0,41.0,8.6852,3.0,54734.0,55548.0,55042.0,55548.0,0.0,2.0,559.0,554.0,8.6852,100.0,409.0,411.0,0.0,554.0,227.0,229.0,0.0,0.0,14.4293,0.0027,0.0,0.0,0.0,14.4293,0.0027,0.0,0.0,0.0,8.6852,3.0
2021-04-01,21:00,HSGDBSC02,25401.0,25401_Sial Shareef Jhang Road Sargodha,74.0,5401_Sial Shareef Jhang Road Sargodha,JHUNG_CLUSTER_03_Rural,100%,0.0,39.0,0.0,60.0,0.0,144.0,44.0,44.0,0.0,21.0,1.0596,0.0,6426.0,6520.0,6520.0,6520.0,1.0,1.0,144.0,141.0,1.0596,100.0,59.0,59.0,1.0,141.0,39.0,39.0,0.0,0.0,8.8133,0.0,0.0,0.0,0.0,8.8133,0.0,0.0,0.0,0.0,1.0596,0.0
2021-04-01,21:00,HSGDBSC02,15401.0,15401_Sial Shareef Jhang Road Sargodha,73.0,5401_Sial Shareef Jhang Road Sargodha,JHUNG_CLUSTER_03_Rural,100%,0.0,81.0,0.0,101.0,0.0,265.0,48.0,48.0,0.0,20.0,3.5243,0.0,24022.0,24188.0,24140.0,24188.0,0.0,0.0,265.0,264.0,3.5243,100.0,193.0,193.0,0.0,264.0,81.0,81.0,0.2567,0.2567,6.2,0.016,0.0,0.0053,0.0107,6.2,0.016,0.0,0.0053,0.0107,3.5243,0.0
2021-04-01,21:00,HSGDBSC02,35409.0,35409_Chawaywala Sargodha,186.0,5409_Chawaywala Sargodha,JHUNG_CLUSTER_03_Rural,100%,0.0,21.0,0.0,35.0,0.0,101.0,31.0,31.0,0.0,14.0,1.4909999999999999,0.0,10218.0,10274.0,10272.0,10274.0,0.0,0.0,101.0,101.0,1.4909999999999999,100.0,49.0,49.0,0.0,101.0,21.0,21.0,0.0,0.0,8.3757,0.0238,0.0,0.0,0.0,8.3757,0.0238,0.0,0.0,0.0,1.4909999999999999,0.0
2021-04-01,21:00,HSGDBSC02,25409.0,25409_Chawaywala Sargodha,185.0,5409_Chawaywala Sargodha,JHUNG_CLUSTER_03_Rural,100%,0.0,36.0,0.0,42.0,0.0,103.0,11.0,11.0,0.0,6.0,1.0749,0.0,6718.0,6720.0,6720.0,6720.0,0.0,0.0,103.0,103.0,1.0749,100.0,82.0,83.0,0.0,103.0,36.0,36.0,0.0,0.03,8.8069,0.0159,0.0027,0.0,0.0,8.8069,0.0159,0.0027,0.0,0.0,1.0749,0.0
2021-04-01,21:00,HSGDBSC02,15409.0,15409_Chawaywala Sargodha,184.0,5409_Chawaywala Sargodha,JHUNG_CLUSTER_03_Rural,100%,0.0,1.0,0.0,1.0,0.0,7.0,0.0,0.0,0.0,0.0,0.0028,0.0,14.0,14.0,14.0,14.0,0.0,0.0,7.0,7.0,0.0028,100.0,4.0,4.0,0.0,7.0,1.0,1.0,0.0,0.0,11.6534,0.3175,0.0,0.0,0.0,11.6534,0.3175,0.0,0.0,0.0,0.0028,0.0
2021-04-01,21:00,HSGDBSC02,34955.0,34955_Chak Mubaray Khan Sargodha,168.0,4955_Chak Mubaray Khan Sargodha,JHUNG_CLUSTER_03_Rural,100%,0.0,63.0,0.0,161.0,0.0,205.0,190.0,191.0,0.0,98.0,3.0708,0.0,19894.0,20262.0,19752.0,20262.0,1.0,1.0,205.0,205.0,3.0708,100.0,106.0,106.0,1.0,205.0,63.0,63.0,8.8564,26.9087,1.6939,3.9895,1.4037,0.1926,0.496,1.6939,3.9895,1.4037,0.1926,0.496,3.0708,0.0
2021-04-01,21:00,HSGDBSC02,35399.0,35399_Chak No 109 Shamali Sargodha,167.0,5399_Chak No 109 Shamali Sargodha,JHUNG_CLUSTER_03_Rural,100%,0.0,44.0,1.0,36.0,0.0,90.0,10.0,10.0,0.0,5.0,1.6875,1.0,10798.0,11180.0,10926.0,11180.0,0.0,13.0,90.0,90.0,1.6875,100.0,62.0,62.0,0.0,90.0,31.0,44.0,0.0,96.0469,0.2872,0.0,6.9787,0.0,0.0,0.2872,0.0,6.9787,0.0,0.0,1.6875,1.0
2021-04-01,21:00,HSGDBSC02,25399.0,25399_Chak No 109 Shamali Sargodha,166.0,5399_Chak No 109 Shamali Sargodha,JHUNG_CLUSTER_03_Rural,100%,0.0,17.0,0.0,36.0,0.0,207.0,31.0,36.0,0.0,20.0,0.4514,0.0,2558.0,2756.0,2706.0,2756.0,0.0,1.0,207.0,203.0,0.4514,100.0,67.0,69.0,0.0,203.0,16.0,17.0,0.0,0.0,8.5562,0.0,0.0,0.0,0.0,8.5562,0.0,0.0,0.0,0.0,0.4514,0.0
2021-04-01,21:00,HSGDBSC02,15399.0,15399_Chak No 109 Shamali Sargodha,165.0,5399_Chak No 109 Shamali Sargodha,JHUNG_CLUSTER_03_Rural,100%,0.0,39.0,0.0,59.0,0.0,381.0,32.0,41.0,0.0,21.0,1.7653,0.0,11452.0,11588.0,11572.0,11588.0,0.0,1.0,381.0,365.0,1.7653,100.0,138.0,151.0,0.0,365.0,38.0,39.0,0.0,0.0367,7.2495,0.0053,0.0027,0.0,0.0,7.2495,0.0053,0.0027,0.0,0.0,1.7653,0.0
2021-04-01,21:00,HSGDBSC02,35410.0,35410_Sahiwal Road Sargodha (3G-CII-4669),123.0,5410_Sahiwal Road Sargodha (3G-CII-4669),JHUNG_CLUSTER_03_Rural,100%,0.0,44.0,1.0,65.0,0.0,333.0,41.0,41.0,0.0,21.0,4.0056,1.0,27920.0,28254.0,28004.0,28254.0,1.0,1.0,333.0,332.0,4.0056,100.0,227.0,227.0,1.0,332.0,44.0,44.0,0.0,0.0,21.6833,0.0161,0.0,0.0,0.0,21.6833,0.0161,0.0,0.0,0.0,4.0056,1.0
2021-04-01,21:00,HSGDBSC02,25410.0,25410_Sahiwal Road Sargodha (3G-CII-4669),122.0,5410_Sahiwal Road Sargodha (3G-CII-4669),JHUNG_CLUSTER_03_Rural,100%,0.0,31.0,0.0,61.0,0.0,111.0,58.0,58.0,0.0,30.0,4.1028,0.0,28422.0,28630.0,28620.0,28630.0,0.0,0.0,111.0,111.0,4.1028,100.0,68.0,68.0,0.0,111.0,31.0,31.0,18.3061,26.7761,3.7973,1.2053,0.5787,0.3787,0.872,3.7973,1.2053,0.5787,0.3787,0.872,4.1028,0.0
2021-04-01,21:00,HSGDBSC02,15410.0,15410_Sahiwal Road Sargodha (3G-CII-4669),121.0,5410_Sahiwal Road Sargodha (3G-CII-4669),JHUNG_CLUSTER_03_Rural,100%,0.0,230.0,1.0,272.0,0.0,609.0,90.0,94.0,0.0,42.0,10.4042,1.0,68400.0,68996.0,68868.0,68996.0,0.0,0.0,609.0,599.0,10.4042,100.0,429.0,438.0,0.0,599.0,230.0,230.0,0.0,0.0384,13.6485,0.2107,0.0053,0.0,0.0,13.6485,0.2107,0.0053,0.0,0.0,10.4042,1.0
2021-04-01,21:00,HSGDBSC02,24955.0,24955_Chak Mubaray Khan Sargodha,120.0,4955_Chak Mubaray Khan Sargodha,JHUNG_CLUSTER_03_Rural,100%,0.0,45.0,0.0,67.0,0.0,259.0,45.0,46.0,0.0,23.0,3.3806,0.0,23914.0,23946.0,23902.0,23946.0,0.0,0.0,259.0,254.0,3.3806,100.0,183.0,183.0,0.0,254.0,45.0,45.0,0.0,0.0,7.0699,0.0,0.0,0.0,0.0,7.0699,0.0,0.0,0.0,0.0,3.3806,0.0
2021-04-01,21:00,HSGDBSC02,14955.0,14955_Chak Mubaray Khan Sargodha,119.0,4955_Chak Mubaray Khan Sargodha,JHUNG_CLUSTER_03_Rural,100%,0.0,93.0,1.0,205.0,0.0,284.0,219.0,219.0,0.0,113.0,3.6583,1.0,23600.0,23910.0,23748.0,23910.0,0.0,1.0,284.0,282.0,3.6583,100.0,218.0,220.0,0.0,282.0,92.0,93.0,0.0,0.0,8.0158,0.0106,0.0,0.0,0.0,8.0158,0.0106,0.0,0.0,0.0,3.6583,1.0
2021-04-01,21:00,HSGDBSC02,35400.0,35400_Nehang Sargodha,114.0,5400_Nehang Sargodha,JHUNG_CLUSTER_03_Rural,100%,0.0,70.0,4.0,70.0,0.0,523.0,0.0,1.0,0.0,0.0,3.3347,4.0,22840.0,23114.0,22518.0,23114.0,0.0,0.0,523.0,521.0,3.3347,100.0,342.0,343.0,0.0,521.0,70.0,70.0,0.0,0.0,5.8293,0.0,0.0,0.0,0.0,5.8293,0.0,0.0,0.0,0.0,3.3347,4.0
2021-04-01,21:00,HSGDBSC02,25400.0,25400_Nehang Sargodha,113.0,5400_Nehang Sargodha,JHUNG_CLUSTER_03_Rural,100%,0.0,12.0,0.0,30.0,0.0,48.0,36.0,36.0,0.0,18.0,0.9917,0.0,6938.0,6940.0,6940.0,6940.0,0.0,0.0,48.0,46.0,0.9917,100.0,33.0,33.0,0.0,46.0,12.0,12.0,0.0,0.0,8.936,0.0,0.0,0.0,0.0,8.936,0.0,0.0,0.0,0.0,0.9917,0.0
2021-04-01,21:00,HSGDBSC02,15400.0,15400_Nehang Sargodha,112.0,5400_Nehang Sargodha,JHUNG_CLUSTER_03_Rural,100%,0.0,60.0,0.0,89.0,0.0,143.0,59.0,59.0,0.0,29.0,3.1458,0.0,21040.0,21104.0,20976.0,21104.0,0.0,0.0,143.0,143.0,3.1458,100.0,91.0,91.0,0.0,143.0,60.0,60.0,0.0,0.0,13.2347,0.0107,0.0,0.0,0.0,13.2347,0.0107,0.0,0.0,0.0,3.1458,0.0
2021-04-01,21:00,HSGDBSC02,34954.0,34954_PTCL Exchange Farooqa Sargodha,111.0,4954_PTCL Exchange Farooqa Sargodha,JHUNG_CLUSTER_03_Rural,100%,0.0,6.0,0.0,6.0,0.0,26.0,0.0,0.0,0.0,0.0,0.3736,0.0,2672.0,2676.0,2676.0,2676.0,0.0,0.0,26.0,25.0,0.3736,100.0,12.0,12.0,0.0,25.0,6.0,6.0,0.0,0.0,9.609,0.0,0.0,0.0,0.0,9.609,0.0,0.0,0.0,0.0,0.3736,0.0
2021-04-01,21:00,HSGDBSC02,24954.0,24954_PTCL Exchange Farooqa Sargodha,110.0,4954_PTCL Exchange Farooqa Sargodha,JHUNG_CLUSTER_03_Rural,100%,0.0,120.0,0.0,124.0,0.0,568.0,10.0,10.0,0.0,4.0,5.4208,0.0,35650.0,35734.0,35670.0,35734.0,1.0,1.0,568.0,559.0,5.4208,100.0,316.0,316.0,1.0,559.0,120.0,120.0,0.0236,0.0236,11.288,0.0027,0.0,0.0,0.0027,11.288,0.0027,0.0,0.0,0.0027,5.4208,0.0
2021-04-01,21:00,HSGDBSC02,14954.0,14954_PTCL Exchange Farooqa Sargodha,109.0,4954_PTCL Exchange Farooqa Sargodha,JHUNG_CLUSTER_03_Rural,100%,0.0,14.0,0.0,14.0,0.0,94.0,0.0,0.0,0.0,0.0,0.6194,0.0,4046.0,4214.0,4144.0,4214.0,0.0,0.0,94.0,92.0,0.6194,100.0,68.0,70.0,0.0,92.0,14.0,14.0,0.0,0.0,8.3584,0.1068,0.0,0.0,0.0,8.3584,0.1068,0.0,0.0,0.0,0.6194,0.0
2021-04-01,21:00,HFSDBSC07,35472.0,35472_Nawan Lahore Jhang (3G-CII-4276),96.0,5472_Nawan Lahore Jhang (3G-CII-4276),JHUNG_CLUSTER_03_Rural,100%,0.0,190.0,11.0,278.0,0.0,777.0,109.0,148.0,0.0,95.0,7.5583,11.0,41594.0,46016.0,45062.0,46016.0,6.0,13.0,777.0,757.0,7.5583,100.0,298.0,302.0,6.0,757.0,183.0,190.0,0.0,0.24100000000000002,8.5242,0.3067,0.0213,0.0,0.0,8.5242,0.3067,0.0213,0.0,0.0,7.5583,11.0
2021-04-01,21:00,HFSDBSC07,25472.0,25472_Nawan Lahore Jhang (3G-CII-4276),95.0,5472_Nawan Lahore Jhang (3G-CII-4276),JHUNG_CLUSTER_03_Rural,100%,0.0,67.0,0.0,140.0,0.0,457.0,139.0,155.0,0.0,77.0,4.5583,0.0,29882.0,30778.0,30154.0,30778.0,0.0,2.0,457.0,445.0,4.5583,100.0,154.0,156.0,0.0,445.0,65.0,67.0,0.0,0.0,6.2958,0.0027,0.0,0.0,0.0,6.2958,0.0027,0.0,0.0,0.0,4.5583,0.0
2021-04-01,21:00,HFSDBSC07,15472.0,15472_Nawan Lahore Jhang (3G-CII-4276),94.0,5472_Nawan Lahore Jhang (3G-CII-4276),JHUNG_CLUSTER_03_Rural,100%,0.0,74.0,2.0,107.0,0.0,570.0,73.0,75.0,0.0,33.0,4.7708,2.0,31306.0,32226.0,32214.0,32226.0,2.0,2.0,570.0,552.0,4.7708,100.0,175.0,176.0,2.0,552.0,74.0,74.0,0.0,0.0,7.8235,0.0241,0.0,0.0,0.0,7.8235,0.0241,0.0,0.0,0.0,4.7708,2.0
2021-04-01,21:00,HFSDBSC07,34817.0,34817_Gojra Pansera Road Faisalabad (3G-CII-4617),9.0,4817_Gojra Pansera Road Faisalabad (3G-CII-4617),JHUNG_CLUSTER_03_Rural,100%,0.0,138.0,4.0,219.0,0.0,771.0,139.0,154.0,0.0,82.0,8.2806,4.0,49464.0,53766.0,53526.0,53766.0,5.0,7.0,771.0,730.0,8.2806,100.0,243.0,249.0,5.0,730.0,136.0,138.0,0.0461,0.5606,6.3739,0.2229,0.0341,0.0031,0.0,6.3739,0.2229,0.0341,0.0031,0.0,8.2806,4.0
2021-04-01,21:00,HFSDBSC07,24817.0,24817_Gojra Pansera Road Faisalabad (3G-CII-4617),8.0,4817_Gojra Pansera Road Faisalabad (3G-CII-4617),JHUNG_CLUSTER_03_Rural,100%,0.0,53.0,3.0,127.0,0.0,230.0,142.0,146.0,0.0,74.0,4.2458,3.0,26164.0,28410.0,28132.0,28410.0,1.0,1.0,230.0,227.0,4.2458,100.0,106.0,107.0,1.0,227.0,53.0,53.0,0.1765,0.5296,5.5307,0.4773,0.0213,0.0053,0.0053,5.5307,0.4773,0.0213,0.0053,0.0053,4.2458,3.0
2021-04-01,21:00,HFSDBSC07,14817.0,14817_Gojra Pansera Road Faisalabad (3G-CII-4617),7.0,4817_Gojra Pansera Road Faisalabad (3G-CII-4617),JHUNG_CLUSTER_03_Rural,100%,0.0,44.0,0.0,85.0,0.0,160.0,86.0,88.0,0.0,42.0,1.1583,0.0,6398.0,6466.0,6422.0,6466.0,0.0,1.0,160.0,158.0,1.1583,100.0,65.0,67.0,0.0,158.0,43.0,44.0,0.9842,4.9469,7.0187,2.7941,0.4091,0.0749,0.0267,7.0187,2.7941,0.4091,0.0749,0.0267,1.1583,0.0
2021-04-01,21:00,HFSDBSC07,34815.0,34815_Chak No 214 Abadi Gojra More Jhang,3.0,4815_Chak No 214 Abadi Gojra More Jhang,JHUNG_CLUSTER_03_Rural,100%,0.0,46.0,1.0,61.0,0.0,682.0,28.0,30.0,0.0,15.0,2.5278,1.0,17228.0,17322.0,17212.0,17322.0,0.0,0.0,682.0,624.0,2.5278,100.0,97.0,97.0,0.0,624.0,46.0,46.0,1.159,2.4266,7.0453,0.1387,0.0933,0.0853,0.0,7.0453,0.1387,0.0933,0.0853,0.0,2.5278,1.0
2021-04-01,21:00,HFSDBSC07,24815.0,24815_Chak No 214 Abadi Gojra More Jhang,2.0,4815_Chak No 214 Abadi Gojra More Jhang,JHUNG_CLUSTER_03_Rural,100%,0.0,17.0,0.0,25.0,0.0,158.0,9.0,14.0,0.0,9.0,0.6514,0.0,3322.0,4056.0,4034.0,4056.0,2.0,2.0,158.0,146.0,0.6514,100.0,31.0,39.0,2.0,146.0,17.0,17.0,0.0251,0.3006,10.4621,0.152,0.0293,0.0027,0.0,10.4621,0.152,0.0293,0.0027,0.0,0.6514,0.0
2021-04-01,21:00,HFSDBSC07,35373.0,35373_Chak No 93 JB Pakka Anna Toba Tek Singh,18.0,5373_Chak No 93 JB Pakka Anna Toba Tek Singh,JHUNG_CLUSTER_03_Rural,100%,0.0,37.0,6.0,73.0,0.0,356.0,56.0,75.0,0.0,40.0,1.175,6.0,5244.0,6112.0,5782.0,6112.0,9.0,10.0,356.0,323.0,1.175,100.0,60.0,65.0,9.0,323.0,36.0,37.0,0.0921,0.8592,8.4293,0.1867,0.0667,0.0053,0.0027,8.4293,0.1867,0.0667,0.0053,0.0027,1.175,6.0
2021-04-01,21:00,HFSDBSC07,25373.0,25373_Chak No 93 JB Pakka Anna Toba Tek Singh,17.0,5373_Chak No 93 JB Pakka Anna Toba Tek Singh,JHUNG_CLUSTER_03_Rural,100%,0.0,38.0,2.0,43.0,0.0,180.0,12.0,14.0,0.0,8.0,2.1222,2.0,13926.0,14764.0,14532.0,14764.0,0.0,3.0,180.0,175.0,2.1222,100.0,106.0,107.0,0.0,175.0,35.0,38.0,0.0657,0.2629,8.0294,0.0829,0.016,0.0027,0.0027,8.0294,0.0829,0.016,0.0027,0.0027,2.1222,2.0
2021-04-01,21:00,HFSDBSC07,15373.0,15373_Chak No 93 JB Pakka Anna Toba Tek Singh,16.0,5373_Chak No 93 JB Pakka Anna Toba Tek Singh,JHUNG_CLUSTER_03_Rural,100%,0.0,68.0,1.0,88.0,0.0,346.0,50.0,52.0,0.0,21.0,4.4944,1.0,29938.0,30320.0,29112.0,30320.0,3.0,4.0,346.0,340.0,4.4944,100.0,160.0,162.0,3.0,340.0,67.0,68.0,0.0,0.1518,5.0515,0.2355,0.008,0.0,0.0,5.0515,0.2355,0.008,0.0,0.0,4.4944,1.0
2021-04-01,21:00,HFSDBSC07,34081.0,34081_Adda 83 Pulli Toba Tek Singh (3G-CII-4542),13.0,4081_Adda 83 Pulli Toba Tek Singh (3G-CII-4542),JHUNG_CLUSTER_03_Rural,100%,0.0,68.0,1.0,108.0,0.0,297.0,82.0,112.0,0.0,42.0,2.4653,1.0,15186.0,16264.0,16256.0,16264.0,1.0,2.0,297.0,277.0,2.4653,100.0,113.0,120.0,1.0,277.0,67.0,68.0,0.0,0.0,14.2693,0.0054,0.0,0.0,0.0,14.2693,0.0054,0.0,0.0,0.0,2.4653,1.0
2021-04-01,21:00,HFSDBSC07,35374.0,35374_Murad Shah Toba Tek Singh (3G-CII-4250),120.0,5374_Murad Shah Toba Tek Singh (3G-CII-4250),JHUNG_CLUSTER_03_Rural,100%,0.0,31.0,2.0,48.0,0.0,344.0,33.0,34.0,0.0,17.0,0.6583,2.0,2758.0,3840.0,3810.0,3840.0,2.0,2.0,344.0,332.0,0.6583,100.0,52.0,54.0,2.0,332.0,31.0,31.0,0.0,0.0,9.3316,0.107,0.0,0.0,0.0,9.3316,0.107,0.0,0.0,0.0,0.6583,2.0
2021-04-01,21:00,HFSDBSC07,24081.0,24081_Adda 83 Pulli Toba Tek Singh (3G-CII-4542),12.0,4081_Adda 83 Pulli Toba Tek Singh (3G-CII-4542),JHUNG_CLUSTER_03_Rural,100%,0.0,53.0,2.0,68.0,0.0,888.0,33.0,51.0,0.0,19.0,2.4806,2.0,15188.0,16032.0,15910.0,16032.0,32.0,36.0,888.0,713.0,2.4806,100.0,114.0,126.0,32.0,713.0,49.0,53.0,0.0,0.0,14.2853,0.0613,0.0,0.0,0.0,14.2853,0.0613,0.0,0.0,0.0,2.4806,2.0
2021-04-01,21:00,HFSDBSC07,25374.0,25374_Murad Shah Toba Tek Singh (3G-CII-4250),119.0,5374_Murad Shah Toba Tek Singh (3G-CII-4250),JHUNG_CLUSTER_03_Rural,100%,0.0,71.0,2.0,172.0,0.0,1635.0,158.0,184.0,0.0,102.0,3.5181,2.0,19954.0,22188.0,22090.0,22190.0,6.0,6.0,1635.0,1581.0,3.5181,100.0,895.0,927.0,6.0,1581.0,71.0,71.0,0.0895,0.4089,20.3632,0.4786,0.0669,0.0161,0.0027,20.3632,0.4786,0.0669,0.0161,0.0027,3.5181,2.0
2021-04-01,21:00,HFSDBSC07,15374.0,15374_Murad Shah Toba Tek Singh (3G-CII-4250),118.0,5374_Murad Shah Toba Tek Singh (3G-CII-4250),JHUNG_CLUSTER_03_Rural,100%,0.0,318.0,18.0,360.0,0.0,2132.0,56.0,71.0,0.0,41.0,18.6903,18.0,109242.0,119326.0,116454.0,119328.0,13.0,16.0,2132.0,1946.0,18.6903,100.0,664.0,689.0,13.0,1946.0,315.0,318.0,0.5896,1.9771,7.1655,0.3874,0.1069,0.0321,0.0134,7.1655,0.3874,0.1069,0.0321,0.0134,18.6903,18.0
2021-04-01,21:00,HFSDBSC07,14081.0,14081_Adda 83 Pulli Toba Tek Singh (3G-CII-4542),11.0,4081_Adda 83 Pulli Toba Tek Singh (3G-CII-4542),JHUNG_CLUSTER_03_Rural,100%,0.0,59.0,0.0,77.0,0.0,280.0,35.0,38.0,0.0,19.0,5.3903,0.0,37712.0,38718.0,38618.0,38718.0,2.0,3.0,280.0,273.0,5.3903,100.0,128.0,128.0,2.0,273.0,58.0,59.0,0.0,0.0828,9.607999999999999,0.048,0.008,0.0,0.0,9.607999999999999,0.048,0.008,0.0,0.0,5.3903,0.0
2021-04-01,21:00,HFSDBSC07,14815.0,14815_Chak No 214 Abadi Gojra More Jhang,1.0,4815_Chak No 214 Abadi Gojra More Jhang,JHUNG_CLUSTER_03_Rural,100%,0.0,73.0,3.0,91.0,0.0,468.0,38.0,43.0,0.0,19.0,7.3375,3.0,48972.0,51638.0,50980.0,51638.0,6.0,6.0,468.0,437.0,7.3375,100.0,158.0,166.0,6.0,437.0,73.0,73.0,0.0,0.2381,3.3556,0.0054,0.008,0.0,0.0,3.3556,0.0054,0.008,0.0,0.0,7.3375,3.0
2021-04-01,21:00,HTTSBSC02,35516.0,35516_Chaanan Colony Jhang,53.0,5516_Chaanan Colony Jhang,JHUNG_CLUSTER_03_Rural,100%,0.0,48.0,1.0,59.0,0.0,268.0,26.0,27.0,0.0,11.0,2.0958,1.0,12812.0,13335.0,12821.0,13335.0,3.0,3.0,268.0,257.0,2.0958,100.0,81.0,83.0,3.0,257.0,48.0,48.0,0.0,0.0532,14.6979,0.3556,0.008,0.0,0.0,14.6979,0.3556,0.008,0.0,0.0,2.0958,1.0
2021-04-01,21:00,HTTSBSC02,25516.0,25516_Chaanan Colony Jhang,52.0,5516_Chaanan Colony Jhang,JHUNG_CLUSTER_03_Rural,100%,0.0,57.0,4.0,164.0,0.0,536.0,213.0,231.0,0.0,122.0,3.8028,4.0,24114.0,24628.0,23765.0,24628.0,0.0,0.0,536.0,521.0,3.8028,100.0,89.0,89.0,0.0,521.0,57.0,57.0,0.0,0.2346,10.082,0.1227,0.024,0.0,0.0,10.082,0.1227,0.024,0.0,0.0,3.8028,4.0
2021-04-01,21:00,HTTSBSC02,15516.0,15516_Chaanan Colony Jhang,51.0,5516_Chaanan Colony Jhang,JHUNG_CLUSTER_03_Rural,100%,0.0,21.0,0.0,33.0,0.0,91.0,27.0,27.0,0.0,13.0,0.4889,0.0,3018.0,3021.0,3020.0,3021.0,1.0,2.0,91.0,83.0,0.4889,100.0,33.0,33.0,1.0,83.0,20.0,21.0,0.0,2.7534,8.8342,0.3262,0.2594,0.0,0.0,8.8342,0.3262,0.2594,0.0,0.0,0.4889,0.0
2021-04-01,21:00,HTTSBSC02,32272.0,CII-2272-3_Porani Chownge Jhang (3G-CII-3430),211.0,CII-2272_Porani Chownge Jhang (3G-CII-3430),JHUNG_CLUSTER_03_Rural,100%,0.0,85.0,0.0,151.0,0.0,249.0,132.0,132.0,0.0,66.0,3.0153,0.0,19538.0,19775.0,19536.0,19775.0,0.0,0.0,249.0,249.0,3.0153,100.0,156.0,156.0,0.0,249.0,85.0,85.0,0.0,0.1261,18.9026,0.0532,0.0239,0.0,0.0,18.9026,0.0532,0.0239,0.0,0.0,3.0153,0.0
2021-04-01,21:00,HTTSBSC02,12272.0,CII-2272-1_Porani Chownge Jhang (3G-CII-3430),209.0,CII-2272_Porani Chownge Jhang (3G-CII-3430),JHUNG_CLUSTER_03_Rural,100%,0.0,83.0,0.0,174.0,0.0,296.0,204.0,204.0,0.0,91.0,3.9694,0.0,26616.0,27188.0,26925.0,27188.0,1.0,1.0,296.0,293.0,3.9694,100.0,130.0,130.0,1.0,293.0,83.0,83.0,0.0,0.0218,12.0222,0.1057,0.0027,0.0,0.0,12.0222,0.1057,0.0027,0.0,0.0,3.9694,0.0
2021-04-01,21:00,HTTSBSC02,22015.0,CII-2015-2_Basti Dewan Wali Jhang (3G-CII-3428),178.0,CII-2015_Basti Dewan Wali Jhang (3G-CII-3428),JHUNG_CLUSTER_03_Rural,100%,0.0,92.0,0.0,168.0,0.0,439.0,143.0,143.0,0.0,76.0,4.3472,0.0,28361.0,28639.0,28600.0,28639.0,1.0,1.0,439.0,431.0,4.3472,100.0,248.0,248.0,1.0,431.0,92.0,92.0,0.0728,0.6905,7.0397,0.1905,0.045,0.0027,0.0027,7.0397,0.1905,0.045,0.0027,0.0027,4.3472,0.0
2021-04-01,21:00,HTTSBSC02,12015.0,CII-2015-1_Basti Dewan Wali Jhang (3G-CII-3428),177.0,CII-2015_Basti Dewan Wali Jhang (3G-CII-3428),JHUNG_CLUSTER_03_Rural,100%,0.0,58.0,0.0,69.0,0.0,195.0,20.0,20.0,0.0,11.0,1.875,0.0,12318.0,12351.0,12176.0,12351.0,0.0,0.0,195.0,191.0,1.875,100.0,104.0,104.0,0.0,191.0,58.0,58.0,0.2547,0.9822,14.2355,0.1667,0.1058,0.037000000000000005,0.0,14.2355,0.1667,0.1058,0.037000000000000005,0.0,1.875,0.0
2021-04-01,21:00,HTTSBSC02,25834.0,25834_Kacha Railway Road Jhang (3G-CII-3424),172.0,5834_Kacha Railway Road Jhang (3G-CII-3424),JHUNG_CLUSTER_03_Rural,100%,0.0,25.0,2.0,73.0,0.0,94.0,95.0,96.0,0.0,48.0,1.5861,2.0,10567.0,10591.0,10512.0,10591.0,0.0,0.0,94.0,94.0,1.5861,90.1871,35.0,35.0,0.0,94.0,25.0,25.0,0.0355,0.1421,8.0649,0.17600000000000002,0.0088,0.0,0.0029,8.0649,0.17600000000000002,0.0088,0.0,0.0029,1.5861,2.0
2021-04-01,21:00,HTTSBSC02,15834.0,15834_Kacha Railway Road Jhang (3G-CII-3424),171.0,5834_Kacha Railway Road Jhang (3G-CII-3424),JHUNG_CLUSTER_03_Rural,100%,0.0,98.0,8.0,149.0,0.0,232.0,104.0,132.0,0.0,73.0,2.4319,8.0,13808.0,14776.0,14314.0,14776.0,0.0,9.0,232.0,232.0,2.4319,86.9727,152.0,152.0,0.0,232.0,89.0,98.0,0.0222,0.3785,13.245,0.1922,0.0481,0.003,0.0,13.245,0.1922,0.0481,0.003,0.0,2.4319,8.0
2021-04-01,21:00,HTTSBSC02,15862.0,15862_Chah Khushi Wala Jhang (3G-CII-3427),165.0,5862_Chah Khushi Wala Jhang (3G-CII-3427),JHUNG_CLUSTER_03_Rural,100%,0.0,97.0,0.0,168.0,0.0,516.0,162.0,163.0,0.0,71.0,3.5181,0.0,22258.0,22337.0,22211.0,22337.0,1.0,1.0,516.0,510.0,3.5181,100.0,346.0,346.0,1.0,510.0,97.0,97.0,0.0,0.1066,14.5418,0.4208,0.016,0.0,0.0,14.5418,0.4208,0.016,0.0,0.0,3.5181,0.0
2021-04-01,21:00,HTTSBSC02,24237.0,24237_Satellite Town Jhang (3G-CII-4234),157.0,4237_Satellite Town Jhang (3G-CII-4234),JHUNG_CLUSTER_03_Rural,100%,0.0,196.0,0.0,252.0,0.0,923.0,110.0,111.0,0.0,56.0,15.1444,0.0,104945.0,105195.0,104898.0,105195.0,0.0,0.0,923.0,921.0,15.1444,100.0,337.0,338.0,0.0,921.0,196.0,196.0,0.0,0.2446,17.5911,1.0054,0.0456,0.0,0.0,17.5911,1.0054,0.0456,0.0,0.0,15.1444,0.0
2021-04-01,21:00,HTTSBSC02,14237.0,14237_Satellite Town Jhang (3G-CII-4234),156.0,4237_Satellite Town Jhang (3G-CII-4234),JHUNG_CLUSTER_03_Rural,100%,0.0,177.0,2.0,312.0,0.0,763.0,203.0,205.0,0.0,136.0,14.6861,2.0,101391.0,102227.0,101801.0,102227.0,0.0,2.0,763.0,759.0,14.6861,100.0,266.0,267.0,0.0,759.0,175.0,177.0,0.2061,1.0624,24.8287,2.0152,0.2324,0.0559,0.0,24.8287,2.0152,0.2324,0.0559,0.0,14.6861,2.0
2021-04-01,21:00,HTTSBSC02,35716.0,35716_Faridia Colony Jhang (3G-CII-3421),155.0,5716_Faridia Colony Jhang (3G-CII-3421),JHUNG_CLUSTER_03_Rural,100%,0.0,102.0,2.0,246.0,0.0,497.0,283.0,293.0,0.0,149.0,4.9931,2.0,33935.0,34240.0,33870.0,34240.0,0.0,2.0,497.0,492.0,4.9931,100.0,186.0,187.0,0.0,492.0,100.0,102.0,0.0168,0.0168,16.5494,0.0752,0.0,0.0,0.0028,16.5494,0.0752,0.0,0.0,0.0028,4.9931,2.0
2021-04-01,21:00,HTTSBSC02,25716.0,25716_Faridia Colony Jhang (3G-CII-3421),154.0,5716_Faridia Colony Jhang (3G-CII-3421),JHUNG_CLUSTER_03_Rural,100%,0.0,19.0,0.0,53.0,0.0,43.0,69.0,69.0,0.0,35.0,1.0333,0.0,6845.0,6871.0,6865.0,6871.0,0.0,1.0,43.0,42.0,1.0333,100.0,29.0,29.0,0.0,42.0,18.0,19.0,0.0,0.0,18.4169,0.0185,0.0,0.0,0.0,18.4169,0.0185,0.0,0.0,0.0,1.0333,0.0
2021-04-01,21:00,HTTSBSC02,15716.0,15716_Faridia Colony Jhang (3G-CII-3421),153.0,5716_Faridia Colony Jhang (3G-CII-3421),JHUNG_CLUSTER_03_Rural,100%,0.0,46.0,1.0,214.0,0.0,164.0,330.0,341.0,0.0,169.0,2.5167,1.0,16207.0,16521.0,16405.0,16521.0,0.0,0.0,164.0,162.0,2.5167,100.0,75.0,75.0,0.0,162.0,46.0,46.0,0.2083,1.1284,14.7847,0.2831,0.1402,0.0132,0.0185,14.7847,0.2831,0.1402,0.0132,0.0185,2.5167,1.0
2021-04-01,21:00,HTTSBSC02,35717.0,35717_Gujjar Town Jhang,152.0,5717_Gujjar Town Jhang,JHUNG_CLUSTER_03_Rural,100%,0.0,17.0,2.0,54.0,0.0,525.0,62.0,72.0,0.0,37.0,1.5444,2.0,9060.0,10048.0,9377.0,10048.0,0.0,0.0,525.0,504.0,1.5444,100.0,74.0,75.0,0.0,504.0,17.0,17.0,0.0,0.0,8.2442,0.0107,0.0,0.0,0.0,8.2442,0.0107,0.0,0.0,0.0,1.5444,2.0
2021-04-01,21:00,HTTSBSC02,25717.0,25717_Gujjar Town Jhang,151.0,5717_Gujjar Town Jhang,JHUNG_CLUSTER_03_Rural,100%,0.0,6.0,0.0,12.0,0.0,155.0,9.0,9.0,0.0,6.0,0.0917,0.0,446.0,454.0,452.0,454.0,0.0,0.0,155.0,151.0,0.0917,100.0,11.0,11.0,0.0,151.0,6.0,6.0,0.1332,1.1721,9.6233,0.2175,0.1035,0.0106,0.0027,9.6233,0.2175,0.1035,0.0106,0.0027,0.0917,0.0
2021-04-01,21:00,HTTSBSC02,15717.0,15717_Gujjar Town Jhang,150.0,5717_Gujjar Town Jhang,JHUNG_CLUSTER_03_Rural,100%,0.0,4.0,1.0,8.0,0.0,252.0,8.0,8.0,0.0,4.0,1.2472,1.0,8463.0,9068.0,9012.0,9068.0,0.0,0.0,252.0,238.0,1.2472,100.0,11.0,11.0,0.0,238.0,4.0,4.0,0.0,0.054000000000000006,9.8135,0.0293,0.0053,0.0,0.0,9.8135,0.0293,0.0053,0.0,0.0,1.2472,1.0
2021-04-01,21:00,HTTSBSC02,35715.0,35715_Mohamadia Mohallah Jhang (3G-CII-3420),146.0,5715_Mohamadia Mohallah Jhang (3G-CII-3420),JHUNG_CLUSTER_03_Rural,100%,0.0,143.0,5.0,349.0,0.0,626.0,407.0,409.0,0.0,208.0,10.4972,5.0,70918.0,71706.0,70865.0,71706.0,2.0,3.0,626.0,615.0,10.4972,100.0,306.0,310.0,2.0,615.0,142.0,143.0,0.3995,1.265,11.2112,0.6204,0.1037,0.0372,0.0106,11.2112,0.6204,0.1037,0.0372,0.0106,10.4972,5.0
2021-04-01,21:00,HTTSBSC02,35719.0,35719_Samnabad Jhang (3G-CII-3423),145.0,5719_Samnabad Jhang (3G-CII-3423),JHUNG_CLUSTER_03_Rural,100%,0.0,105.0,0.0,297.0,0.0,291.0,391.0,391.0,0.0,193.0,5.6222,0.0,38168.0,38305.0,38247.0,38305.0,0.0,1.0,291.0,283.0,5.6222,100.0,138.0,140.0,0.0,283.0,104.0,105.0,0.0,0.0142,18.6818,0.0452,0.0027,0.0,0.0,18.6818,0.0452,0.0027,0.0,0.0,5.6222,0.0
2021-04-01,21:00,HTTSBSC02,15715.0,15715_Mohamadia Mohallah Jhang (3G-CII-3420),142.0,5715_Mohamadia Mohallah Jhang (3G-CII-3420),JHUNG_CLUSTER_03_Rural,100%,0.0,112.0,1.0,320.0,0.0,645.0,398.0,401.0,0.0,208.0,9.5264,1.0,66317.0,66870.0,66029.0,66870.0,3.0,3.0,645.0,640.0,9.5264,100.0,439.0,441.0,3.0,640.0,112.0,112.0,0.0,0.0,12.8555,0.1175,0.0,0.0,0.0,12.8555,0.1175,0.0,0.0,0.0,9.5264,1.0
2021-04-01,21:00,HTTSBSC02,34238.0,34238_Chinot Mor Jhang (3G-CII-4475),137.0,4238_Chinot Mor Jhang (3G-CII-4475),JHUNG_CLUSTER_03_Rural,100%,0.0,73.0,6.0,115.0,0.0,224.0,97.0,97.0,0.0,42.0,2.7097,6.0,16968.0,17387.0,17150.0,17387.0,0.0,0.0,224.0,215.0,2.7097,25.0165,112.0,117.0,0.0,215.0,73.0,73.0,0.0,0.5095,8.8129,2.927,0.0601,0.0,0.0,8.8129,2.927,0.0601,0.0,0.0,2.7097,6.0
2021-04-01,21:00,HTTSBSC02,24238.0,24238_Chinot Mor Jhang (3G-CII-4475),136.0,4238_Chinot Mor Jhang (3G-CII-4475),JHUNG_CLUSTER_03_Rural,100%,0.0,15.0,2.0,33.0,0.0,157.0,39.0,39.0,0.0,19.0,0.7944,2.0,5408.0,5462.0,5461.0,5462.0,0.0,1.0,157.0,150.0,0.7944,26.405,23.0,23.0,0.0,150.0,14.0,15.0,0.0,0.0,13.3573,0.375,0.0,0.0,0.0,13.3573,0.375,0.0,0.0,0.0,0.7944,2.0
2021-04-01,21:00,HTTSBSC02,35360.0,35360_Chund Bharwana Jhang,132.0,5360_Chund Bharwana Jhang,JHUNG_CLUSTER_03_Rural,100%,0.0,39.0,3.0,106.0,0.0,788.0,80.0,118.0,0.0,77.0,2.6597,3.0,12317.0,17400.0,15816.0,17400.0,1.0,9.0,788.0,725.0,2.6597,100.0,81.0,87.0,1.0,725.0,31.0,39.0,0.0,0.0,12.1043,0.0214,0.0,0.0,0.0,12.1043,0.0214,0.0,0.0,0.0,2.6597,3.0
2021-04-01,21:00,HTTSBSC02,25360.0,25360_Chund Bharwana Jhang,131.0,5360_Chund Bharwana Jhang,JHUNG_CLUSTER_03_Rural,100%,0.0,129.0,0.0,221.0,0.0,580.0,77.0,136.0,0.0,93.0,5.3944,0.0,32260.0,34271.0,33651.0,34271.0,0.0,1.0,580.0,566.0,5.3944,100.0,262.0,268.0,0.0,566.0,128.0,129.0,0.0,0.0,11.7443,0.0667,0.0,0.0,0.0,11.7443,0.0667,0.0,0.0,0.0,5.3944,0.0
2021-04-01,21:00,HTTSBSC02,15360.0,15360_Chund Bharwana Jhang,130.0,5360_Chund Bharwana Jhang,JHUNG_CLUSTER_03_Rural,100%,0.0,14.0,0.0,57.0,0.0,105.0,49.0,73.0,0.0,47.0,1.9514,0.0,13575.0,14009.0,13985.0,14009.0,1.0,1.0,105.0,100.0,1.9514,100.0,21.0,21.0,1.0,100.0,14.0,14.0,0.0263,0.1051,10.1356,0.0241,0.008,0.0,0.0027,10.1356,0.0241,0.008,0.0,0.0027,1.9514,0.0
2021-04-01,21:00,HTTSBSC02,14238.0,14238_Chinot Mor Jhang (3G-CII-4475),126.0,4238_Chinot Mor Jhang (3G-CII-4475),JHUNG_CLUSTER_03_Rural,100%,0.0,46.0,7.0,129.0,0.0,299.0,143.0,154.0,0.0,83.0,2.0069,7.0,11004.0,12140.0,12024.0,12140.0,0.0,0.0,299.0,287.0,2.0069,27.5679,59.0,60.0,0.0,287.0,46.0,46.0,10.4381,14.2592,7.3214,0.8929,0.3661,0.4197,0.5804,7.3214,0.8929,0.3661,0.4197,0.5804,2.0069,7.0
2021-04-01,21:00,HTTSBSC02,34236.0,34236_Dera Nawabdin Jhang (3G-CII-3418),125.0,4236_Dera Nawabdin Jhang (3G-CII-3418),JHUNG_CLUSTER_03_Rural,100%,0.0,54.0,0.0,105.0,0.0,149.0,100.0,114.0,0.0,66.0,3.7819,0.0,25509.0,25523.0,25208.0,25523.0,0.0,1.0,149.0,149.0,3.7819,100.0,78.0,78.0,0.0,149.0,53.0,54.0,0.0123,0.037000000000000005,21.5186,0.1122,0.0053,0.0027,0.0,21.5186,0.1122,0.0053,0.0027,0.0,3.7819,0.0
2021-04-01,21:00,HTTSBSC02,24236.0,24236_Dera Nawabdin Jhang (3G-CII-3418),124.0,4236_Dera Nawabdin Jhang (3G-CII-3418),JHUNG_CLUSTER_03_Rural,100%,0.0,58.0,0.0,157.0,0.0,234.0,200.0,200.0,0.0,100.0,3.6111,0.0,25331.0,25425.0,25001.0,25425.0,0.0,1.0,234.0,232.0,3.6111,100.0,144.0,144.0,0.0,232.0,57.0,58.0,0.0255,0.1275,20.5205,0.3817,0.0214,0.0027,0.0027,20.5205,0.3817,0.0214,0.0027,0.0027,3.6111,0.0
2021-04-01,21:00,HTTSBSC02,14236.0,14236_Dera Nawabdin Jhang (3G-CII-3418),123.0,4236_Dera Nawabdin Jhang (3G-CII-3418),JHUNG_CLUSTER_03_Rural,100%,0.0,178.0,1.0,317.0,0.0,573.0,226.0,258.0,0.0,142.0,10.1542,1.0,66253.0,67171.0,63645.0,67171.0,0.0,0.0,573.0,559.0,10.1542,100.0,271.0,273.0,0.0,559.0,178.0,178.0,0.1298,0.5622,11.5117,0.8426,0.0537,0.0108,0.0053,11.5117,0.8426,0.0537,0.0108,0.0053,10.1542,1.0
2021-04-01,21:00,HTTSBSC02,35837.0,35837_Mohalla Munshian Wala Jhang (3G-CII-3425),104.0,5837_Mohalla Munshian Wala Jhang (3G-CII-3425),JHUNG_CLUSTER_03_Rural,100%,0.0,81.0,1.0,174.0,0.0,424.0,189.0,213.0,0.0,95.0,5.3833,1.0,35896.0,36173.0,35843.0,36173.0,1.0,2.0,424.0,417.0,5.3833,100.0,269.0,273.0,1.0,417.0,80.0,81.0,0.0158,0.1586,16.615,0.2086,0.0241,0.0,0.0027,16.615,0.2086,0.0241,0.0,0.0027,5.3833,1.0
2021-04-01,21:00,HTTSBSC02,15837.0,15837_Mohalla Munshian Wala Jhang (3G-CII-3425),102.0,5837_Mohalla Munshian Wala Jhang (3G-CII-3425),JHUNG_CLUSTER_03_Rural,100%,0.0,300.0,3.0,535.0,0.0,894.0,430.0,494.0,0.0,235.0,14.7097,3.0,96434.0,98378.0,97188.0,98378.0,2.0,3.0,894.0,861.0,14.7097,100.0,431.0,448.0,2.0,861.0,299.0,300.0,0.0897,0.1196,17.8182,0.0241,0.0053,0.0027,0.0134,17.8182,0.0241,0.0053,0.0027,0.0134,14.7097,3.0
2021-04-01,21:00,HTTSBSC02,34225.0,34225_Muhala Islamabad Jhang (3G-CII-3412),74.0,4225_Muhala Islamabad Jhang (3G-CII-3412),JHUNG_CLUSTER_03_Rural,100%,0.0,129.0,1.0,233.0,0.0,710.0,193.0,197.0,0.0,109.0,6.9,1.0,45112.0,45383.0,45040.0,45383.0,0.0,1.0,710.0,700.0,6.9,100.0,381.0,385.0,0.0,700.0,128.0,129.0,0.4449,5.0431,12.6767,2.1584,0.7184,0.0695,0.0,12.6767,2.1584,0.7184,0.0695,0.0,6.9,1.0
2021-04-01,21:00,HTTSBSC02,24225.0,24225_Muhala Islamabad Jhang (3G-CII-3412),73.0,4225_Muhala Islamabad Jhang (3G-CII-3412),JHUNG_CLUSTER_03_Rural,100%,0.0,168.0,0.0,251.0,0.0,709.0,164.0,166.0,0.0,84.0,5.4847,0.0,33857.0,34218.0,33620.0,34218.0,1.0,1.0,709.0,697.0,5.4847,100.0,271.0,278.0,1.0,697.0,168.0,168.0,0.4943,2.0106,29.2754,2.0,0.484,0.131,0.0267,29.2754,2.0,0.484,0.131,0.0267,5.4847,0.0
2021-04-01,21:00,HTTSBSC02,14225.0,14225_Muhala Islamabad Jhang (3G-CII-3412),72.0,4225_Muhala Islamabad Jhang (3G-CII-3412),JHUNG_CLUSTER_03_Rural,100%,0.0,56.0,0.0,122.0,0.0,199.0,140.0,140.0,0.0,66.0,2.4139,0.0,16146.0,16202.0,16088.0,16202.0,0.0,0.0,199.0,198.0,2.4139,100.0,108.0,109.0,0.0,198.0,56.0,56.0,0.1625,0.6384,22.1537,0.6884,0.1094,0.0267,0.0107,22.1537,0.6884,0.1094,0.0267,0.0107,2.4139,0.0
2021-04-01,21:00,HTTSBSC02,34222.0,34222_Choudhry Colony Jhung Jhang (3G-CII-3409),68.0,4222_Choudhry Colony Jhung Jhang (3G-CII-3409),JHUNG_CLUSTER_03_Rural,100%,0.0,122.0,0.0,173.0,0.0,422.0,106.0,116.0,0.0,59.0,7.9653,0.0,54101.0,54363.0,54289.0,54363.0,0.0,1.0,422.0,421.0,7.9653,100.0,270.0,270.0,0.0,421.0,121.0,122.0,0.0663,0.1855,15.6009,0.4903,0.0192,0.0107,0.0,15.6009,0.4903,0.0192,0.0107,0.0,7.9653,0.0
2021-04-01,21:00,HTTSBSC02,24222.0,24222_Choudhry Colony Jhung Jhang (3G-CII-3409),67.0,4222_Choudhry Colony Jhung Jhang (3G-CII-3409),JHUNG_CLUSTER_03_Rural,100%,0.0,49.0,0.0,63.0,0.0,153.0,23.0,23.0,0.0,14.0,3.6292,0.0,25345.0,25358.0,25354.0,25358.0,0.0,0.0,153.0,153.0,3.6292,100.0,95.0,95.0,0.0,153.0,49.0,49.0,0.0939,0.8051,19.0853,0.6459,0.1415,0.0187,0.0,19.0853,0.6459,0.1415,0.0187,0.0,3.6292,0.0
2021-04-01,21:00,HTTSBSC02,34228.0,34228_Bilal Colony Jhang (3G-CII-3415),65.0,4228_Bilal Colony Jhang (3G-CII-3415),JHUNG_CLUSTER_03_Rural,100%,0.0,206.0,1.0,382.0,0.0,849.0,349.0,349.0,0.0,176.0,11.1278,1.0,75402.0,76404.0,75481.0,76404.0,0.0,0.0,849.0,839.0,11.1278,100.0,518.0,524.0,0.0,839.0,206.0,206.0,0.7052,2.6605,8.8562,1.4339,0.2067,0.0498,0.0248,8.8562,1.4339,0.2067,0.0498,0.0248,11.1278,1.0
2021-04-01,21:00,HTTSBSC02,24228.0,24228_Bilal Colony Jhang (3G-CII-3415),64.0,4228_Bilal Colony Jhang (3G-CII-3415),JHUNG_CLUSTER_03_Rural,100%,0.0,327.0,0.0,469.0,0.0,1205.0,294.0,299.0,0.0,143.0,16.8917,0.0,111408.0,111813.0,110834.0,111813.0,0.0,0.0,1205.0,1159.0,16.8917,100.0,561.0,566.0,0.0,1159.0,327.0,327.0,0.4121,9.2226,3.8665,7.9256,1.1445,0.008,0.0455,3.8665,7.9256,1.1445,0.008,0.0455,16.8917,0.0
2021-04-01,21:00,HTTSBSC02,24227.0,24227_Rasool Pura Jhang (3G-CII-3414),40.0,4227_Rasool Pura Jhang (3G-CII-3414),JHUNG_CLUSTER_03_Rural,100%,0.0,19.0,0.0,38.0,0.0,83.0,39.0,39.0,0.0,19.0,2.5694,0.0,18603.0,18609.0,18602.0,18609.0,0.0,0.0,83.0,82.0,2.5694,100.0,27.0,27.0,0.0,82.0,19.0,19.0,0.1921,0.8003,7.5958,0.6463,0.0505,0.0053,0.0106,7.5958,0.6463,0.0505,0.0053,0.0106,2.5694,0.0
2021-04-01,21:00,HTTSBSC02,34229.0,34229_Purani Eidgah Jhang (3G-CII-3416),32.0,4229_Purani Eidgah Jhang (3G-CII-3416),JHUNG_CLUSTER_03_Rural,100%,0.0,104.0,1.0,204.0,0.0,509.0,181.0,182.0,0.0,100.0,6.2431,1.0,40980.0,41275.0,41180.0,41275.0,0.0,0.0,509.0,506.0,6.2431,100.0,305.0,305.0,0.0,506.0,104.0,104.0,0.4982,2.1404,13.6246,0.4816,0.2367,0.0505,0.0213,13.6246,0.4816,0.2367,0.0505,0.0213,6.2431,1.0
2021-04-01,21:00,HTTSBSC02,14229.0,14229_Purani Eidgah Jhang (3G-CII-3416),30.0,4229_Purani Eidgah Jhang (3G-CII-3416),JHUNG_CLUSTER_03_Rural,100%,0.0,100.0,2.0,183.0,0.0,418.0,175.0,179.0,0.0,85.0,5.4097,2.0,35875.0,35965.0,35841.0,35965.0,0.0,1.0,418.0,418.0,5.4097,100.0,209.0,210.0,0.0,418.0,99.0,100.0,0.0,0.163,17.1643,0.7746,0.0293,0.0,0.0,17.1643,0.7746,0.0293,0.0,0.0,5.4097,2.0
2021-04-01,21:00,HTTSBSC02,34223.0,34223_New Rana Colony Gojra Road Jhang (3G-CII-3410),26.0,4223_New Rana Colony Gojra Road Jhang (3G-CII-3410),JHUNG_CLUSTER_03_Rural,100%,0.0,66.0,0.0,192.0,0.0,414.0,265.0,266.0,0.0,129.0,4.6778,0.0,31937.0,32060.0,31936.0,32060.0,0.0,3.0,414.0,414.0,4.6778,100.0,134.0,134.0,0.0,414.0,63.0,66.0,0.0549,0.8897,22.4661,1.5571,0.2024,0.0133,0.0,22.4661,1.5571,0.2024,0.0133,0.0,4.6778,0.0
2021-04-01,21:00,HTTSBSC02,14223.0,14223_New Rana Colony Gojra Road Jhang (3G-CII-3410),24.0,4223_New Rana Colony Gojra Road Jhang (3G-CII-3410),JHUNG_CLUSTER_03_Rural,100%,0.0,81.0,0.0,203.0,0.0,327.0,239.0,239.0,0.0,122.0,8.5917,0.0,61035.0,61100.0,60943.0,61100.0,0.0,0.0,327.0,326.0,8.5917,100.0,216.0,216.0,0.0,326.0,81.0,81.0,0.0296,0.1554,8.573,0.4406,0.0114,0.0027,0.0,8.573,0.4406,0.0114,0.0027,0.0,8.5917,0.0
2021-04-01,21:00,HTTSBSC02,24226.0,24226_Noor Pura Jhang (3G-CII-3413),14.0,4226_Noor Pura Jhang (3G-CII-3413),JHUNG_CLUSTER_03_Rural,100%,0.0,54.0,0.0,95.0,0.0,199.0,80.0,80.0,0.0,41.0,2.6569,0.0,18190.0,18253.0,18232.0,18253.0,0.0,0.0,199.0,198.0,2.6569,100.0,129.0,130.0,0.0,198.0,54.0,54.0,0.7703,5.9662,11.1733,4.1253,0.8453,0.10400000000000001,0.0213,11.1733,4.1253,0.8453,0.10400000000000001,0.0213,2.6569,0.0
2021-04-01,21:00,HTTSBSC02,14226.0,14226_Noor Pura Jhang (3G-CII-3413),13.0,4226_Noor Pura Jhang (3G-CII-3413),JHUNG_CLUSTER_03_Rural,100%,0.0,156.0,1.0,194.0,0.0,800.0,93.0,95.0,0.0,37.0,6.6764,1.0,43730.0,43913.0,43491.0,43913.0,3.0,3.0,800.0,776.0,6.6764,100.0,347.0,352.0,3.0,776.0,156.0,156.0,22.3388,45.0556,6.1813,0.7973,2.8853,1.8187,1.0187,6.1813,0.7973,2.8853,1.8187,1.0187,6.6764,1.0
2021-04-01,21:00,HTTSBSC02,34235.0,34235_Loharana Wala Bazar Jhang (3G-CII-3417),3.0,4235_Loharana Wala Bazar Jhang (3G-CII-3417),JHUNG_CLUSTER_03_Rural,100%,0.0,243.0,0.0,328.0,0.0,871.0,163.0,165.0,0.0,87.0,8.7097,0.0,55637.0,56116.0,54948.0,56115.0,0.0,1.0,871.0,863.0,8.7097,100.0,387.0,387.0,0.0,863.0,242.0,243.0,0.4108,1.5887,32.7141,1.238,0.4064,0.1257,0.016,32.7141,1.238,0.4064,0.1257,0.016,8.7097,0.0
2021-04-01,21:00,HTTSBSC02,14235.0,14235_Loharana Wala Bazar Jhang (3G-CII-3417),1.0,4235_Loharana Wala Bazar Jhang (3G-CII-3417),JHUNG_CLUSTER_03_Rural,100%,0.0,166.0,0.0,199.0,0.0,714.0,64.0,64.0,0.0,35.0,9.1819,0.0,62705.0,62827.0,62648.0,62827.0,0.0,2.0,714.0,708.0,9.1819,100.0,378.0,378.0,0.0,708.0,164.0,166.0,0.0132,0.1322,19.8903,0.3073,0.0241,0.0027,0.0,19.8903,0.3073,0.0241,0.0027,0.0,9.1819,0.0
2021-04-01,21:00,HTTSBSC03,34214.0,34214_Chak No 330 JB Toba Tek Singh,120.0,4214_Chak No 330 JB Toba Tek Singh,JHUNG_CLUSTER_03_Rural,100%,0.0,21.0,1.0,26.0,0.0,217.0,13.0,14.0,0.0,5.0,0.5486,1.0,3275.0,3494.0,3427.0,3494.0,2.0,2.0,217.0,204.0,0.5486,100.0,36.0,37.0,2.0,204.0,21.0,21.0,0.0,0.0,8.3717,0.12300000000000001,0.0,0.0,0.0,8.3717,0.12300000000000001,0.0,0.0,0.0,0.5486,1.0
2021-04-01,21:00,HTTSBSC03,24214.0,24214_Chak No 330 JB Toba Tek Singh,119.0,4214_Chak No 330 JB Toba Tek Singh,JHUNG_CLUSTER_03_Rural,100%,0.0,18.0,1.0,30.0,0.0,116.0,19.0,20.0,0.0,12.0,0.9764,1.0,6090.0,6341.0,6180.0,6341.0,0.0,0.0,116.0,116.0,0.9764,100.0,74.0,74.0,0.0,116.0,18.0,18.0,0.0306,0.0306,8.6551,0.0642,0.0,0.0027,0.0,8.6551,0.0642,0.0,0.0027,0.0,0.9764,1.0
2021-04-01,21:00,HTTSBSC03,14214.0,14214_Chak No 330 JB Toba Tek Singh,118.0,4214_Chak No 330 JB Toba Tek Singh,JHUNG_CLUSTER_03_Rural,100%,0.0,20.0,0.0,23.0,0.0,254.0,6.0,9.0,0.0,3.0,0.9236,0.0,6147.0,6261.0,6249.0,6261.0,2.0,2.0,254.0,241.0,0.9236,100.0,97.0,97.0,2.0,241.0,20.0,20.0,0.0312,0.0938,8.5241,0.0187,0.0054,0.0,0.0027,8.5241,0.0187,0.0054,0.0,0.0027,0.9236,0.0
2021-04-01,21:00,HTTSBSC03,34209.0,34209_Gojra Road Jhang,105.0,4209_Gojra Road Jhang,JHUNG_CLUSTER_03_Rural,100%,0.0,84.0,1.0,87.0,0.0,292.0,3.0,3.0,0.0,3.0,4.1321,1.0,26675.0,27805.0,26647.0,27805.0,2.0,2.0,292.0,286.0,4.1321,100.0,152.0,153.0,2.0,286.0,84.0,84.0,0.0256,0.0256,10.3583,0.0562,0.0,0.0,0.0027,10.3583,0.0562,0.0,0.0,0.0027,4.1321,1.0
2021-04-01,21:00,HTTSBSC03,24209.0,24209_Gojra Road Jhang,104.0,4209_Gojra Road Jhang,JHUNG_CLUSTER_03_Rural,100%,0.0,45.0,1.0,53.0,0.0,202.0,8.0,8.0,0.0,8.0,2.5577,1.0,15563.0,17784.0,17308.0,17784.0,3.0,3.0,202.0,199.0,2.5577,100.0,73.0,73.0,3.0,199.0,45.0,45.0,0.02,0.0998,13.3003,0.0588,0.0107,0.0,0.0027,13.3003,0.0588,0.0107,0.0,0.0027,2.5577,1.0
2021-04-01,21:00,HTTSBSC03,14209.0,14209_Gojra Road Jhang,103.0,4209_Gojra Road Jhang,JHUNG_CLUSTER_03_Rural,100%,0.0,74.0,3.0,125.0,0.0,874.0,93.0,98.0,0.0,52.0,6.4437,3.0,42504.0,44486.0,43737.0,44486.0,3.0,3.0,874.0,858.0,6.4437,100.0,119.0,121.0,3.0,858.0,74.0,74.0,0.076,0.076,7.4613,0.1672,0.0,0.0,0.0058,7.4613,0.1672,0.0,0.0,0.0058,6.4437,3.0
2021-04-01,21:00,HFSDBSC08,35364.0,35364_Shah Nikdar Sargodha,54.0,5364_Shah Nikdar Sargodha,JHUNG_CLUSTER_03_Rural,100%,0.0,57.0,0.0,77.0,0.0,231.0,38.0,38.0,0.0,20.0,6.0708,0.0,43742.0,43868.0,43866.0,43868.0,1.0,1.0,231.0,221.0,6.0708,100.0,119.0,120.0,1.0,221.0,57.0,57.0,0.0735,0.1469,10.8453,0.0347,0.008,0.0027,0.0053,10.8453,0.0347,0.008,0.0027,0.0053,6.0708,0.0
2021-04-01,21:00,HFSDBSC08,25364.0,25364_Shah Nikdar Sargodha,53.0,5364_Shah Nikdar Sargodha,JHUNG_CLUSTER_03_Rural,100%,0.0,6.0,0.0,9.0,0.0,82.0,5.0,6.0,0.0,3.0,0.5444,0.0,3822.0,3938.0,3916.0,3938.0,0.0,0.0,82.0,79.0,0.5444,100.0,14.0,15.0,0.0,79.0,6.0,6.0,0.0,0.0263,10.144,0.0,0.0027,0.0,0.0,10.144,0.0,0.0027,0.0,0.0,0.5444,0.0
2021-04-01,21:00,HFSDBSC08,15364.0,15364_Shah Nikdar Sargodha,52.0,5364_Shah Nikdar Sargodha,JHUNG_CLUSTER_03_Rural,100%,0.0,63.0,0.0,82.0,0.0,239.0,39.0,39.0,0.0,19.0,2.7889,0.0,17552.0,18644.0,18422.0,18644.0,1.0,1.0,239.0,229.0,2.7889,100.0,104.0,105.0,1.0,229.0,63.0,63.0,0.0,0.0,3.2892,6.4667,0.0,0.0,0.0,3.2892,6.4667,0.0,0.0,0.0,2.7889,0.0
2021-04-01,21:00,HFSDBSC08,32201.0,CII-2201-3_Ratah Matah Jhang,308.0,CII-2201_Ratah Matah Jhang,JHUNG_CLUSTER_03_Rural,100%,0.0,106.0,4.0,162.0,0.0,322.0,111.0,114.0,0.0,60.0,7.0208,4.0,48036.0,49114.0,48732.0,49114.0,0.0,5.0,322.0,315.0,7.0208,100.0,168.0,171.0,0.0,315.0,101.0,106.0,0.0,0.0,5.3936,0.0718,0.0,0.0,0.0,5.3936,0.0718,0.0,0.0,0.0,7.0208,4.0
2021-04-01,21:00,HFSDBSC08,22201.0,CII-2201-2_Ratah Matah Jhang,307.0,CII-2201_Ratah Matah Jhang,JHUNG_CLUSTER_03_Rural,100%,0.0,53.0,0.0,116.0,0.0,194.0,120.0,126.0,0.0,63.0,2.2625,0.0,14876.0,15074.0,14998.0,15074.0,0.0,0.0,194.0,191.0,2.2625,100.0,77.0,78.0,0.0,191.0,53.0,53.0,0.0,0.0,5.5102,0.2384,0.0,0.0,0.0,5.5102,0.2384,0.0,0.0,0.0,2.2625,0.0
2021-04-01,21:00,HFSDBSC08,12201.0,CII-2201-1_Ratah Matah Jhang,306.0,CII-2201_Ratah Matah Jhang,JHUNG_CLUSTER_03_Rural,100%,0.0,21.0,0.0,28.0,0.0,123.0,11.0,12.0,0.0,7.0,1.6514,0.0,11162.0,11202.0,11198.0,11202.0,0.0,0.0,123.0,121.0,1.6514,100.0,29.0,31.0,0.0,121.0,21.0,21.0,0.0,0.0,5.8803,0.0,0.0,0.0,0.0,5.8803,0.0,0.0,0.0,0.0,1.6514,0.0
2021-04-01,21:00,HFSDBSC08,35365.0,35365_Moza Kurriana Jhang,78.0,5365_Moza Kurriana Jhang,JHUNG_CLUSTER_03_Rural,100%,0.0,174.0,4.0,465.0,0.0,533.0,558.0,602.0,0.0,298.0,8.3583,4.0,49552.0,51662.0,50620.0,51662.0,0.0,3.0,533.0,505.0,8.3583,100.0,273.0,290.0,0.0,505.0,171.0,174.0,0.0,0.0,10.8454,0.0085,0.0,0.0,0.0,10.8454,0.0085,0.0,0.0,0.0,8.3583,4.0
2021-04-01,21:00,HFSDBSC08,25365.0,25365_Moza Kurriana Jhang,77.0,5365_Moza Kurriana Jhang,JHUNG_CLUSTER_03_Rural,100%,0.0,136.0,0.0,219.0,0.0,749.0,167.0,175.0,0.0,83.0,8.0764,0.0,54532.0,55020.0,54988.0,55020.0,0.0,0.0,749.0,695.0,8.0764,100.0,164.0,176.0,0.0,695.0,136.0,136.0,0.0,0.0,6.1431,0.0665,0.0,0.0,0.0,6.1431,0.0665,0.0,0.0,0.0,8.0764,0.0
2021-04-01,21:00,HFSDBSC08,15365.0,15365_Moza Kurriana Jhang,76.0,5365_Moza Kurriana Jhang,JHUNG_CLUSTER_03_Rural,100%,0.0,24.0,1.0,46.0,0.0,248.0,39.0,39.0,0.0,22.0,3.2653,1.0,22864.0,23282.0,23172.0,23282.0,3.0,3.0,248.0,226.0,3.2653,100.0,50.0,59.0,3.0,226.0,24.0,24.0,0.0,0.2899,4.4654,0.109,0.0133,0.0,0.0,4.4654,0.109,0.0133,0.0,0.0,3.2653,1.0
2021-04-01,21:00,HFSDBSC08,34230.0,34230_Shah Jeewna Jhang (3G-CII-4554),72.0,4230_Shah Jeewna Jhang (3G-CII-4554),JHUNG_CLUSTER_03_Rural,100%,0.0,75.0,1.0,193.0,0.0,694.0,237.0,241.0,0.0,122.0,4.6153,1.0,29218.0,30808.0,30778.0,30808.0,5.0,8.0,694.0,651.0,4.6153,100.0,225.0,231.0,5.0,651.0,72.0,75.0,0.0,0.0,8.5333,0.0107,0.0,0.0,0.0,8.5333,0.0107,0.0,0.0,0.0,4.6153,1.0
2021-04-01,21:00,HFSDBSC08,24230.0,24230_Shah Jeewna Jhang (3G-CII-4554),71.0,4230_Shah Jeewna Jhang (3G-CII-4554),JHUNG_CLUSTER_03_Rural,100%,0.0,390.0,8.0,561.0,0.0,830.0,344.0,380.0,0.0,184.0,11.6542,8.0,69056.0,70470.0,70336.0,70470.0,0.0,13.0,830.0,812.0,11.6542,100.0,596.0,604.0,0.0,812.0,377.0,390.0,0.0843,0.2737,12.3347,0.3289,0.0241,0.0107,0.0,12.3347,0.3289,0.0241,0.0107,0.0,11.6542,8.0
2021-04-01,21:00,HFSDBSC08,14230.0,14230_Shah Jeewna Jhang (3G-CII-4554),70.0,4230_Shah Jeewna Jhang (3G-CII-4554),JHUNG_CLUSTER_03_Rural,100%,0.0,154.0,7.0,230.0,0.0,332.0,213.0,222.0,0.0,95.0,1.8819,7.0,8222.0,9412.0,9196.0,9412.0,0.0,19.0,332.0,319.0,1.8819,100.0,238.0,248.0,0.0,319.0,135.0,154.0,0.0,1.1325,6.3413,0.6427,0.08,0.0,0.0,6.3413,0.6427,0.08,0.0,0.0,1.8819,7.0
2021-04-01,21:00,HFSDBSC08,35359.0,35359_Ballo Shahabal Jhang (3G-CII-4665),49.0,5359_Ballo Shahabal Jhang (3G-CII-4665),JHUNG_CLUSTER_03_Rural,100%,0.0,362.0,0.0,746.0,0.0,958.0,740.0,802.0,0.0,386.0,21.8542,0.0,143536.0,144640.0,144486.0,144640.0,3.0,7.0,958.0,947.0,21.8542,100.0,468.0,472.0,3.0,947.0,358.0,362.0,0.1956,2.0409,7.9351,0.4133,0.1573,0.0139,0.0028,7.9351,0.4133,0.1573,0.0139,0.0028,21.8542,0.0
2021-04-01,21:00,HFSDBSC08,34231.0,34231_Sha Jeewana Mandi Jhang,48.0,4231_Sha Jeewana Mandi Jhang,JHUNG_CLUSTER_03_Rural,100%,0.0,132.0,0.0,138.0,0.0,359.0,13.0,14.0,0.0,6.0,6.9889,0.0,47990.0,48018.0,48000.0,48018.0,3.0,3.0,359.0,357.0,6.9889,100.0,237.0,238.0,3.0,357.0,132.0,132.0,0.1533,0.1533,5.1787,0.032,0.0,0.0,0.008,5.1787,0.032,0.0,0.0,0.008,6.9889,0.0
2021-04-01,21:00,HFSDBSC08,24231.0,24231_Sha Jeewana Mandi Jhang,47.0,4231_Sha Jeewana Mandi Jhang,JHUNG_CLUSTER_03_Rural,100%,0.0,67.0,1.0,88.0,0.0,386.0,48.0,83.0,0.0,26.0,2.8403,1.0,17492.0,18826.0,18726.0,18826.0,3.0,6.0,386.0,373.0,2.8403,100.0,97.0,101.0,3.0,373.0,64.0,67.0,0.08,0.08,3.5954,0.0029,0.0,0.0,0.0029,3.5954,0.0029,0.0,0.0,0.0029,2.8403,1.0
2021-04-01,21:00,HFSDBSC08,14231.0,14231_Sha Jeewana Mandi Jhang,46.0,4231_Sha Jeewana Mandi Jhang,JHUNG_CLUSTER_03_Rural,100%,0.0,15.0,0.0,23.0,0.0,80.0,15.0,15.0,0.0,8.0,0.2917,0.0,1542.0,1560.0,1560.0,1560.0,0.0,0.0,80.0,78.0,0.2917,100.0,39.0,39.0,0.0,78.0,15.0,15.0,0.0,0.1895,7.9358,0.5134,0.016,0.0,0.0,7.9358,0.5134,0.016,0.0,0.0,0.2917,0.0
2021-04-01,21:00,HFSDBSC08,25359.0,25359_Ballo Shahabal Jhang (3G-CII-4665),26.0,5359_Ballo Shahabal Jhang (3G-CII-4665),JHUNG_CLUSTER_03_Rural,100%,0.0,659.0,5.0,1044.0,0.0,1853.0,730.0,817.0,0.0,388.0,26.85,5.0,171364.0,172820.0,172430.0,172820.0,5.0,6.0,1853.0,1823.0,26.85,100.0,1195.0,1204.0,5.0,1823.0,658.0,659.0,0.0,0.0749,28.1715,0.2182,0.0213,0.0,0.0,28.1715,0.2182,0.0213,0.0,0.0,26.85,5.0
2021-04-01,21:00,HFSDBSC08,15359.0,15359_Ballo Shahabal Jhang (3G-CII-4665),25.0,5359_Ballo Shahabal Jhang (3G-CII-4665),JHUNG_CLUSTER_03_Rural,100%,0.0,621.0,7.0,958.0,0.0,1136.0,699.0,714.0,0.0,353.0,23.0486,7.0,146986.0,149690.0,149406.0,149690.0,1.0,16.0,1136.0,1107.0,23.0486,100.0,869.0,893.0,1.0,1107.0,606.0,621.0,0.4873,1.845,10.4868,0.41600000000000004,0.1508,0.0456,0.0086,10.4868,0.41600000000000004,0.1508,0.0456,0.0086,23.0486,7.0
