Date,Time,GBSC,Cell CI,Cell Name,CellIndex,Site Name,Location,Integrity,_CallSetup TCH GOS(%)_N,_CallSetup TCH GOS(%)_D,_DCR_N,_DCR_D,_GOS-SDCCH(%)_N,_GOS-SDCCH(%)_D,_HSR%_N,_HSR%_D,_Mobility TCH GOS(%)_N,_Mobility TCH GOS(%)_D,_MTBD (Mean Time between Drop)_N,_MTBD (Mean Time between Drop)_D,_RxQual Index DL_1,_RxQual Index DL_2,_RxQual Index UL_1,_RxQual Index UL_2,CSSR_Non Blocking_1_N,CSSR_Non Blocking_2_N,CSSR_Non Blocking_1_D,CSSR_Non Blocking_2_D,GlobelTraffic,TCH Availability Rate,_cssr_Call Setup Indications (Circuit Service)_N_1,_Cssr_Channel Requests (Circuit Service)_D_1,_CSSR_Call Drops on SDCCH_N_2,_CSSR_Successful SDCCH Seizures_D_2,_CSSR_Successful TCH Seizures (Traffic Channel)_N_3,_CSSR_TCH Seizure Requests (Traffic Channel)_D_3,Interference Band Proportion (4~5)(%),Interference Band 345,Mean Number of TCH in Interference Band 1,Mean Number of TCH in Interference Band 2,Mean Number of TCH in Interference Band 3,Mean Number of TCH in Interference Band 4,Mean Number of TCH in Interference Band 5,Mean Number of TCH in Interference Band 1.1,Mean Number of TCH in Interference Band 2.1,Mean Number of TCH in Interference Band 3.1,Mean Number of TCH in Interference Band 4.1,Mean Number of TCH in Interference Band 5.1,K3014:Traffic Volume on TCH(Erl),CM33:Call Drops on Traffic Channel
2021-04-01,20:00,HHFZBSC02,33360.0,33360_PTCL Exchange Vanikay Tarar Hafizabad (3G-CI-2071),69.0,3360_PTCL Exchange Vanikay Tarar Hafizabad (3G-CI-2071),GUJRANWALA_CLUSTER_01_Rural,100%,0.0,20.0,0.0,22.0,0.0,295.0,5.0,5.0,0.0,2.0,1.0403,0.0,7298.0,7314.0,7314.0,7314.0,0.0,0.0,295.0,294.0,1.0403,100.0,83.0,83.0,0.0,294.0,20.0,20.0,0.0,0.0639,8.152000000000001,0.1867,0.0053,0.0,0.0,8.152000000000001,0.1867,0.0053,0.0,0.0,1.0403,0.0
2021-04-01,20:00,HHFZBSC02,23360.0,23360_PTCL Exchange Vanikay Tarar Hafizabad (3G-CI-2071),68.0,3360_PTCL Exchange Vanikay Tarar Hafizabad (3G-CI-2071),GUJRANWALA_CLUSTER_01_Rural,100%,0.0,23.0,0.0,46.0,0.0,481.0,32.0,45.0,0.0,24.0,0.4667,0.0,2026.0,2312.0,2312.0,2312.0,1.0,1.0,481.0,444.0,0.4667,100.0,75.0,80.0,1.0,444.0,23.0,23.0,0.0,0.0,8.896,0.008,0.0,0.0,0.0,8.896,0.008,0.0,0.0,0.0,0.4667,0.0
2021-04-01,20:00,HHFZBSC02,13360.0,13360_PTCL Exchange Vanikay Tarar Hafizabad (3G-CI-2071),67.0,3360_PTCL Exchange Vanikay Tarar Hafizabad (3G-CI-2071),GUJRANWALA_CLUSTER_01_Rural,100%,0.0,45.0,0.0,56.0,0.0,542.0,19.0,20.0,0.0,11.0,1.2292,0.0,7062.0,7112.0,7112.0,7112.0,0.0,0.0,542.0,527.0,1.2292,100.0,146.0,147.0,0.0,527.0,45.0,45.0,0.555,2.4361,7.696000000000001,0.7413,0.1627,0.048,0.0,7.696000000000001,0.7413,0.1627,0.048,0.0,1.2292,0.0
2021-04-01,20:00,HGJTBSC05,23675.0,23675_Qasianwala Gujrat (3G-CI-3944),99.0,3675_Qasianwala Gujrat (3G-CI-3944),GUJRANWALA_CLUSTER_01_Rural,100%,0.0,163.0,1.0,300.0,0.0,661.0,258.0,259.0,0.0,138.0,5.8917,1.0,36760.0,37082.0,36926.0,37082.0,0.0,0.0,661.0,654.0,5.8917,100.0,409.0,411.0,0.0,654.0,163.0,163.0,0.0,0.1352,24.2647,0.287,0.0332,0.0,0.0,24.2647,0.287,0.0332,0.0,0.0,5.8917,1.0
2021-04-01,20:00,HGJTBSC05,33675.0,33675_Qasianwala Gujrat (3G-CI-3944),98.0,3675_Qasianwala Gujrat (3G-CI-3944),GUJRANWALA_CLUSTER_01_Rural,100%,0.0,199.0,1.0,337.0,0.0,1096.0,300.0,309.0,0.0,138.0,6.1819,1.0,36070.0,36842.0,36488.0,36842.0,0.0,1.0,1096.0,1085.0,6.1819,100.0,283.0,290.0,0.0,1085.0,198.0,199.0,0.0754,0.5153,20.4777,0.6284,0.0933,0.0107,0.0053,20.4777,0.6284,0.0933,0.0107,0.0053,6.1819,1.0
2021-04-01,20:00,HGJTBSC05,27853.0,27853_Phalian Mandi Bahauddin,97.0,7853_Phalian Mandi Bahauddin,GUJRANWALA_CLUSTER_01_Rural,100%,0.0,80.0,0.0,139.0,0.0,270.0,103.0,108.0,0.0,60.0,2.3083,0.0,13680.0,13704.0,13672.0,13704.0,0.0,1.0,270.0,268.0,2.3083,100.0,107.0,107.0,0.0,268.0,79.0,80.0,0.0,0.1852,7.0323,0.0553,0.0132,0.0,0.0,7.0323,0.0553,0.0132,0.0,0.0,2.3083,0.0
2021-04-01,20:00,HGJTBSC05,17853.0,17853_Phalian Mandi Bahauddin,96.0,7853_Phalian Mandi Bahauddin,GUJRANWALA_CLUSTER_01_Rural,100%,0.0,104.0,3.0,143.0,0.0,828.0,96.0,99.0,0.0,39.0,2.8208,3.0,15820.0,16370.0,16306.0,16370.0,0.0,0.0,828.0,827.0,2.8208,100.0,291.0,292.0,0.0,827.0,104.0,104.0,0.0,0.0,9.9414,0.1108,0.0,0.0,0.0,9.9414,0.1108,0.0,0.0,0.0,2.8208,3.0
2021-04-01,20:00,HGJTBSC05,23788.0,23788_Malakwal Mandi Bahauddin (3G-CI-3971),95.0,3788_Malakwal Mandi Bahauddin (3G-CI-3971),GUJRANWALA_CLUSTER_01_Rural,100%,0.0,171.0,0.0,226.0,0.0,1957.0,106.0,107.0,0.0,57.0,7.9917,0.0,51388.0,51554.0,51516.0,51554.0,0.0,2.0,1957.0,1949.0,7.9917,100.0,300.0,303.0,0.0,1949.0,169.0,171.0,0.0,0.0,16.2666,0.054000000000000006,0.0,0.0,0.0,16.2666,0.054000000000000006,0.0,0.0,0.0,7.9917,0.0
2021-04-01,20:00,HGJTBSC05,13788.0,13788_Malakwal Mandi Bahauddin (3G-CI-3971),94.0,3788_Malakwal Mandi Bahauddin (3G-CI-3971),GUJRANWALA_CLUSTER_01_Rural,100%,0.0,72.0,1.0,90.0,0.0,530.0,37.0,45.0,1.0,27.0,3.675,1.0,23948.0,24714.0,24660.0,24714.0,0.0,0.0,530.0,516.0,3.675,100.0,168.0,174.0,0.0,516.0,72.0,72.0,1.054,4.5425,6.0214,0.9842,0.256,0.0587,0.0187,6.0214,0.9842,0.256,0.0587,0.0187,3.675,1.0
2021-04-01,20:00,HGJTBSC05,13987.0,13987_Bhekhe Shareef Mandi Bahauddin,9.0,3987_Bhekhe Shareef Mandi Bahauddin,GUJRANWALA_CLUSTER_01_Rural,100%,0.0,91.0,1.0,105.0,0.0,441.0,29.0,29.0,0.0,14.0,2.8889,1.0,18308.0,18338.0,18278.0,18338.0,0.0,0.0,441.0,436.0,2.8889,100.0,186.0,190.0,0.0,436.0,91.0,91.0,0.4102,2.0498,5.3101,0.42100000000000004,0.0959,0.016,0.008,5.3101,0.42100000000000004,0.0959,0.016,0.008,2.8889,1.0
2021-04-01,20:00,HGJTBSC05,37853.0,37853_Phalian Mandi Bahauddin,84.0,7853_Phalian Mandi Bahauddin,GUJRANWALA_CLUSTER_01_Rural,100%,0.0,65.0,0.0,110.0,0.0,559.0,77.0,78.0,0.0,45.0,3.0986,0.0,19670.0,19998.0,19940.0,19998.0,0.0,0.0,559.0,556.0,3.0986,100.0,121.0,123.0,0.0,556.0,65.0,65.0,0.0,0.2766,4.1614,0.6085,0.0132,0.0,0.0,4.1614,0.6085,0.0132,0.0,0.0,3.0986,0.0
2021-04-01,20:00,HGJTBSC05,13644.0,13644_Azmat Pura Mandi Bahauddin (3G-CI-3980),81.0,3644_Azmat Pura Mandi Bahauddin (3G-CI-3980),GUJRANWALA_CLUSTER_01_Rural,100%,0.0,82.0,0.0,215.0,0.0,347.0,258.0,262.0,0.0,134.0,2.8153,0.0,16292.0,16586.0,16580.0,16586.0,0.0,1.0,347.0,345.0,2.8153,100.0,136.0,137.0,0.0,345.0,81.0,82.0,0.1006,0.5035,2.8238,0.0731,0.0117,0.0,0.0029,2.8238,0.0731,0.0117,0.0,0.0029,2.8153,0.0
2021-04-01,20:00,HGJTBSC05,33689.0,33689_Pateyala Sheikha Mandi Bahauddin,8.0,3689_Pateyala Sheikha Mandi Bahauddin,GUJRANWALA_CLUSTER_01_Rural,100%,0.0,32.0,0.0,38.0,0.0,169.0,13.0,14.0,0.0,6.0,0.8347,0.0,4972.0,5080.0,5036.0,5080.0,0.0,0.0,169.0,166.0,0.8347,100.0,77.0,79.0,0.0,166.0,32.0,32.0,0.0872,0.37799999999999995,8.9785,0.16,0.0267,0.0027,0.0053,8.9785,0.16,0.0267,0.0027,0.0053,0.8347,0.0
2021-04-01,20:00,HGJTBSC05,31325.0,CI-1325-3_Khanana P3 Mandibahaudduin,77.0,CI-1325_Khanana P3 Mandibahaudduin,GUJRANWALA_CLUSTER_01_Rural,100%,0.0,29.0,1.0,36.0,0.0,152.0,12.0,13.0,0.0,7.0,1.4792,1.0,10330.0,10336.0,10336.0,10336.0,0.0,0.0,152.0,151.0,1.4792,80.5255,78.0,78.0,0.0,151.0,29.0,29.0,0.7916,0.7916,8.7247,0.0,0.0,0.0,0.0696,8.7247,0.0,0.0,0.0,0.0696,1.4792,1.0
2021-04-01,20:00,HGJTBSC05,21325.0,CI-1325-2_Khanana P3 Mandibahaudduin,76.0,CI-1325_Khanana P3 Mandibahaudduin,GUJRANWALA_CLUSTER_01_Rural,100%,0.0,36.0,0.0,42.0,0.0,202.0,13.0,14.0,0.0,6.0,0.3736,0.0,1888.0,1938.0,1938.0,1938.0,2.0,2.0,202.0,201.0,0.3736,81.4937,74.0,75.0,2.0,201.0,36.0,36.0,0.4845,0.4845,11.6741,0.0253,0.0,0.0,0.057,11.6741,0.0253,0.0,0.0,0.057,0.3736,0.0
2021-04-01,20:00,HGJTBSC05,11325.0,CI-1325-1_Khanana P3 Mandibahaudduin,75.0,CI-1325_Khanana P3 Mandibahaudduin,GUJRANWALA_CLUSTER_01_Rural,100%,0.0,43.0,2.0,63.0,0.0,272.0,42.0,42.0,0.0,22.0,1.1806,2.0,6884.0,7268.0,7182.0,7268.0,1.0,3.0,272.0,268.0,1.1806,82.0338,106.0,108.0,1.0,268.0,41.0,43.0,0.5643,1.3543,10.9146,0.1487,0.0886,0.0,0.0633,10.9146,0.1487,0.0886,0.0,0.0633,1.1806,2.0
2021-04-01,20:00,HGJTBSC05,23642.0,23642_Social Welfare Mandi Bahauddin (3G-CI-4824),73.0,3642_Social Welfare Mandi Bahauddin (3G-CI-4824),GUJRANWALA_CLUSTER_01_Rural,100%,0.0,338.0,2.0,573.0,0.0,658.0,504.0,517.0,0.0,238.0,8.6375,2.0,48240.0,48840.0,48622.0,48840.0,0.0,1.0,658.0,651.0,8.6375,100.0,532.0,539.0,0.0,651.0,337.0,338.0,0.0859,1.2033,17.528,0.8640000000000001,0.20800000000000002,0.0107,0.0053,17.528,0.8640000000000001,0.20800000000000002,0.0107,0.0053,8.6375,2.0
2021-04-01,20:00,HGJTBSC05,33793.0,33793_Khewa Mandi Bahauddin,71.0,3793_Khewa Mandi Bahauddin,GUJRANWALA_CLUSTER_01_Rural,100%,0.0,25.0,0.0,44.0,0.0,160.0,39.0,39.0,0.0,20.0,1.1486,0.0,7464.0,7536.0,7454.0,7536.0,0.0,1.0,160.0,156.0,1.1486,100.0,41.0,42.0,0.0,156.0,24.0,25.0,0.0,0.0,9.2857,0.0185,0.0,0.0,0.0,9.2857,0.0185,0.0,0.0,0.0,1.1486,0.0
2021-04-01,20:00,HGJTBSC05,23793.0,23793_Khewa Mandi Bahauddin,70.0,3793_Khewa Mandi Bahauddin,GUJRANWALA_CLUSTER_01_Rural,100%,0.0,60.0,6.0,79.0,0.0,466.0,28.0,35.0,0.0,24.0,2.0681,6.0,11542.0,11708.0,10392.0,11708.0,7.0,8.0,466.0,403.0,2.0681,100.0,146.0,152.0,7.0,403.0,59.0,60.0,0.1052,99.8946,0.0,0.0053,5.0157,0.0053,0.0,0.0,0.0053,5.0157,0.0053,0.0,2.0681,6.0
2021-04-01,20:00,HGJTBSC05,23689.0,23689_Pateyala Sheikha Mandi Bahauddin,7.0,3689_Pateyala Sheikha Mandi Bahauddin,GUJRANWALA_CLUSTER_01_Rural,100%,0.0,48.0,0.0,56.0,0.0,176.0,14.0,14.0,0.0,8.0,0.9528,0.0,5498.0,5508.0,5508.0,5508.0,0.0,0.0,176.0,171.0,0.9528,100.0,92.0,95.0,0.0,171.0,48.0,48.0,0.0298,0.7454,8.2473,0.6064,0.0638,0.0,0.0027,8.2473,0.6064,0.0638,0.0,0.0027,0.9528,0.0
2021-04-01,20:00,HGJTBSC05,13793.0,13793_Khewa Mandi Bahauddin,69.0,3793_Khewa Mandi Bahauddin,GUJRANWALA_CLUSTER_01_Rural,100%,0.0,124.0,0.0,144.0,0.0,793.0,40.0,40.0,0.0,20.0,5.0306,0.0,32462.0,33188.0,32896.0,33188.0,0.0,0.0,793.0,783.0,5.0306,100.0,293.0,294.0,0.0,783.0,124.0,124.0,0.0,0.0,2.7018,0.0164,0.0,0.0,0.0,2.7018,0.0164,0.0,0.0,0.0,5.0306,0.0
2021-04-01,20:00,HGJTBSC05,23640.0,23640_Wasu Road (Gold) Mandi Bahauddin (3G-CI-4822),64.0,3640_Wasu Road (Gold) Mandi Bahauddin (3G-CI-4822),GUJRANWALA_CLUSTER_01_Rural,100%,0.0,307.0,1.0,523.0,0.0,717.0,388.0,398.0,0.0,217.0,7.2361,1.0,38944.0,39378.0,39226.0,39378.0,1.0,2.0,717.0,706.0,7.2361,100.0,531.0,537.0,1.0,706.0,306.0,307.0,1.0178,2.9283,20.808000000000003,8.1867,0.5707,0.1867,0.1173,20.808000000000003,8.1867,0.5707,0.1867,0.1173,7.2361,1.0
2021-04-01,20:00,HGJTBSC05,33640.0,33640_Wasu Road (Gold) Mandi Bahauddin (3G-CI-4822),63.0,3640_Wasu Road (Gold) Mandi Bahauddin (3G-CI-4822),GUJRANWALA_CLUSTER_01_Rural,100%,0.0,332.0,1.0,439.0,0.0,1516.0,239.0,249.0,0.0,109.0,6.8792,1.0,35938.0,36528.0,36024.0,36528.0,10.0,12.0,1516.0,1420.0,6.8792,100.0,642.0,653.0,10.0,1420.0,330.0,332.0,0.1981,0.3963,17.3904,1.4251,0.0374,0.0214,0.016,17.3904,1.4251,0.0374,0.0214,0.016,6.8792,1.0
2021-04-01,20:00,HGJTBSC05,33873.0,33873_Chak Saidan Sargodha,62.0,3873_Chak Saidan Sargodha,GUJRANWALA_CLUSTER_01_Rural,100%,0.0,0.0,0.0,0.0,0.0,0.0,0.0,0.0,0.0,0.0,0.0,0.0,0.0,0.0,0.0,0.0,0.0,0.0,0.0,0.0,0.0,0.0,0.0,0.0,0.0,0.0,0.0,0.0,,,,,,,,,,,,,0.0,0.0
2021-04-01,20:00,HGJTBSC05,23873.0,23873_Chak Saidan Sargodha,61.0,3873_Chak Saidan Sargodha,GUJRANWALA_CLUSTER_01_Rural,100%,0.0,0.0,0.0,0.0,0.0,0.0,0.0,0.0,0.0,0.0,0.0,0.0,0.0,0.0,0.0,0.0,0.0,0.0,0.0,0.0,0.0,0.0,0.0,0.0,0.0,0.0,0.0,0.0,,,,,,,,,,,,,0.0,0.0
2021-04-01,20:00,HGJTBSC05,13873.0,13873_Chak Saidan Sargodha,60.0,3873_Chak Saidan Sargodha,GUJRANWALA_CLUSTER_01_Rural,100%,0.0,0.0,0.0,0.0,0.0,0.0,0.0,0.0,0.0,0.0,0.0,0.0,0.0,0.0,0.0,0.0,0.0,0.0,0.0,0.0,0.0,0.0,0.0,0.0,0.0,0.0,0.0,0.0,,,,,,,,,,,,,0.0,0.0
2021-04-01,20:00,HGJTBSC05,13689.0,13689_Pateyala Sheikha Mandi Bahauddin,6.0,3689_Pateyala Sheikha Mandi Bahauddin,GUJRANWALA_CLUSTER_01_Rural,100%,0.0,50.0,0.0,70.0,0.0,294.0,40.0,40.0,0.0,20.0,1.4236,0.0,8664.0,8672.0,8672.0,8672.0,0.0,0.0,294.0,294.0,1.4236,100.0,201.0,201.0,0.0,294.0,50.0,50.0,0.0416,0.33299999999999996,6.2553,0.1144,0.0186,0.0,0.0027,6.2553,0.1144,0.0186,0.0,0.0027,1.4236,0.0
2021-04-01,20:00,HGJTBSC05,17938.0,17938_Ghumti Gujrat (3G-CI-2014),56.0,7938_Ghumti Gujrat (3G-CI-2014),GUJRANWALA_CLUSTER_01_Rural,100%,0.0,82.0,0.0,134.0,0.0,240.0,98.0,99.0,0.0,52.0,2.0708,0.0,11458.0,11570.0,11542.0,11570.0,0.0,0.0,240.0,239.0,2.0708,100.0,119.0,120.0,0.0,239.0,82.0,82.0,0.0299,0.2095,8.8177,0.0265,0.0159,0.0,0.0027,8.8177,0.0265,0.0159,0.0,0.0027,2.0708,0.0
2021-04-01,20:00,HGJTBSC05,27938.0,27938_Ghumti Gujrat (3G-CI-2014),55.0,7938_Ghumti Gujrat (3G-CI-2014),GUJRANWALA_CLUSTER_01_Rural,100%,0.0,146.0,1.0,231.0,0.0,348.0,185.0,196.0,0.0,86.0,4.1694,1.0,24948.0,25102.0,24850.0,25102.0,1.0,1.0,348.0,343.0,4.1694,100.0,239.0,241.0,1.0,343.0,146.0,146.0,0.5920000000000001,2.0935,15.4907,2.496,0.2759,0.0955,0.0133,15.4907,2.496,0.2759,0.0955,0.0133,4.1694,1.0
2021-04-01,20:00,HGJTBSC05,37938.0,37938_Ghumti Gujrat (3G-CI-2014),54.0,7938_Ghumti Gujrat (3G-CI-2014),GUJRANWALA_CLUSTER_01_Rural,100%,0.0,115.0,2.0,231.0,0.0,753.0,237.0,257.0,0.0,113.0,4.2292,2.0,24434.0,24800.0,24690.0,24800.0,0.0,0.0,753.0,737.0,4.2292,100.0,161.0,167.0,0.0,737.0,115.0,115.0,0.0,0.0406,15.5851,0.061,0.0064,0.0,0.0,15.5851,0.061,0.0064,0.0,0.0,4.2292,2.0
2021-04-01,20:00,HGJTBSC05,33980.0,33980_Rukan Mandi Bahauddin,50.0,3980_Rukan Mandi Bahauddin,GUJRANWALA_CLUSTER_01_Rural,100%,0.0,16.0,1.0,39.0,0.0,300.0,49.0,49.0,0.0,23.0,0.9681,1.0,6164.0,6178.0,6064.0,6178.0,1.0,1.0,300.0,285.0,0.9681,100.0,37.0,39.0,1.0,285.0,16.0,16.0,0.0,0.0559,4.7733,0.0027,0.0027,0.0,0.0,4.7733,0.0027,0.0027,0.0,0.0,0.9681,1.0
2021-04-01,20:00,HGJTBSC05,33639.0,33639_Saat Sira Chowk Mandi Bahauddin (3G-CI-3874),5.0,3639_Saat Sira Chowk Mandi Bahauddin (3G-CI-3874),GUJRANWALA_CLUSTER_01_Rural,100%,0.0,100.0,0.0,141.0,0.0,661.0,77.0,78.0,0.0,41.0,5.6583,0.0,37912.0,38040.0,37906.0,38040.0,0.0,0.0,661.0,650.0,5.6583,100.0,250.0,260.0,0.0,650.0,100.0,100.0,0.0,0.0,10.459000000000001,0.0347,0.0,0.0,0.0,10.459000000000001,0.0347,0.0,0.0,0.0,5.6583,0.0
2021-04-01,20:00,HGJTBSC05,23980.0,23980_Rukan Mandi Bahauddin,49.0,3980_Rukan Mandi Bahauddin,GUJRANWALA_CLUSTER_01_Rural,100%,0.0,33.0,0.0,46.0,0.0,121.0,23.0,27.0,0.0,13.0,1.5389,0.0,9900.0,9904.0,9896.0,9904.0,0.0,0.0,121.0,121.0,1.5389,100.0,71.0,71.0,0.0,121.0,33.0,33.0,0.0,0.0,8.776,0.0267,0.0,0.0,0.0,8.776,0.0267,0.0,0.0,0.0,1.5389,0.0
2021-04-01,20:00,HGJTBSC05,13980.0,13980_Rukan Mandi Bahauddin,48.0,3980_Rukan Mandi Bahauddin,GUJRANWALA_CLUSTER_01_Rural,100%,0.0,23.0,0.0,38.0,0.0,147.0,29.0,30.0,0.0,16.0,2.1514,0.0,14818.0,15094.0,15074.0,15094.0,0.0,0.0,147.0,146.0,2.1514,100.0,35.0,35.0,0.0,146.0,23.0,23.0,0.0,0.0,6.9493,0.0107,0.0,0.0,0.0,6.9493,0.0107,0.0,0.0,0.0,2.1514,0.0
2021-04-01,20:00,HGJTBSC05,43639.0,43639_Saat Sira Chowk Mandi Bahauddin (3G-CI-3874),45.0,3639_Saat Sira Chowk Mandi Bahauddin (3G-CI-3874),GUJRANWALA_CLUSTER_01_Rural,100%,0.0,52.0,1.0,143.0,0.0,253.0,181.0,185.0,0.0,93.0,4.1333,1.0,28148.0,28202.0,28164.0,28202.0,0.0,0.0,253.0,253.0,4.1333,100.0,114.0,114.0,0.0,253.0,52.0,52.0,0.0,0.0994,7.9787,0.064,0.008,0.0,0.0,7.9787,0.064,0.008,0.0,0.0,4.1333,1.0
2021-04-01,20:00,HGJTBSC05,23638.0,23638_Dara Roshan Mandi Bahauddin (3G-CI-4821),43.0,3638_Dara Roshan Mandi Bahauddin (3G-CI-4821),GUJRANWALA_CLUSTER_01_Rural,100%,0.0,97.0,1.0,240.0,0.0,358.0,243.0,246.0,0.0,145.0,4.3028,1.0,26638.0,26688.0,26664.0,26688.0,2.0,2.0,358.0,354.0,4.3028,100.0,126.0,126.0,2.0,354.0,97.0,97.0,0.9847,1.9554,17.3455,1.5207,0.1868,0.1281,0.0614,17.3455,1.5207,0.1868,0.1281,0.0614,4.3028,1.0
2021-04-01,20:00,HGJTBSC05,13638.0,13638_Dara Roshan Mandi Bahauddin (3G-CI-4821),42.0,3638_Dara Roshan Mandi Bahauddin (3G-CI-4821),GUJRANWALA_CLUSTER_01_Rural,100%,0.0,221.0,3.0,426.0,0.0,846.0,453.0,460.0,0.0,205.0,6.2639,3.0,36154.0,36260.0,36242.0,36260.0,1.0,1.0,846.0,835.0,6.2639,100.0,366.0,367.0,1.0,835.0,221.0,221.0,0.0,0.2178,14.2828,0.5117,0.0323,0.0,0.0,14.2828,0.5117,0.0323,0.0,0.0,6.2639,3.0
2021-04-01,20:00,HGJTBSC05,33785.0,33785_Heria Village Mandi Bahauddin,41.0,3785_Heria Village Mandi Bahauddin,GUJRANWALA_CLUSTER_01_Rural,100%,0.0,31.0,0.0,33.0,0.0,433.0,2.0,2.0,0.0,2.0,1.6222,0.0,10880.0,11048.0,11024.0,11048.0,1.0,1.0,433.0,412.0,1.6222,100.0,67.0,70.0,1.0,412.0,31.0,31.0,0.032,0.032,8.2872,0.0319,0.0,0.0,0.0027,8.2872,0.0319,0.0,0.0,0.0027,1.6222,0.0
2021-04-01,20:00,HGJTBSC05,23785.0,23785_Heria Village Mandi Bahauddin,40.0,3785_Heria Village Mandi Bahauddin,GUJRANWALA_CLUSTER_01_Rural,100%,0.0,36.0,0.0,58.0,0.0,179.0,33.0,35.0,0.0,22.0,1.1889,0.0,7206.0,7246.0,7234.0,7246.0,3.0,3.0,179.0,166.0,1.1889,100.0,67.0,69.0,3.0,166.0,36.0,36.0,2.5279,3.7189,10.3941,0.141,0.1303,0.2766,0.0,10.3941,0.141,0.1303,0.2766,0.0,1.1889,0.0
2021-04-01,20:00,HGJTBSC05,23639.0,23639_Saat Sira Chowk Mandi Bahauddin (3G-CI-3874),4.0,3639_Saat Sira Chowk Mandi Bahauddin (3G-CI-3874),GUJRANWALA_CLUSTER_01_Rural,100%,0.0,68.0,0.0,124.0,0.0,407.0,109.0,111.0,0.0,56.0,4.2639,0.0,27698.0,27774.0,27734.0,27774.0,1.0,1.0,407.0,404.0,4.2639,100.0,125.0,125.0,1.0,404.0,68.0,68.0,0.0,0.0,8.368,0.0,0.0,0.0,0.0,8.368,0.0,0.0,0.0,0.0,4.2639,0.0
2021-04-01,20:00,HGJTBSC05,13785.0,13785_Heria Village Mandi Bahauddin,39.0,3785_Heria Village Mandi Bahauddin,GUJRANWALA_CLUSTER_01_Rural,100%,0.0,76.0,0.0,116.0,0.0,216.0,83.0,85.0,0.0,43.0,3.1306,0.0,19802.0,20102.0,19996.0,20102.0,0.0,2.0,216.0,214.0,3.1306,100.0,113.0,114.0,0.0,214.0,74.0,76.0,0.0501,0.0501,10.5265,0.0825,0.0,0.0,0.0053,10.5265,0.0825,0.0,0.0,0.0053,3.1306,0.0
2021-04-01,20:00,HGJTBSC05,33790.0,33790_Mong Mandi Bahauddin (3G-CI-2130),38.0,3790_Mong Mandi Bahauddin (3G-CI-2130),GUJRANWALA_CLUSTER_01_Rural,100%,0.0,56.0,0.0,106.0,0.0,478.0,86.0,92.0,0.0,50.0,2.0375,0.0,11388.0,12726.0,12608.0,12726.0,0.0,0.0,478.0,464.0,2.0375,100.0,127.0,131.0,0.0,464.0,56.0,56.0,0.0,0.0538,9.832,0.07200000000000001,0.0053,0.0,0.0,9.832,0.07200000000000001,0.0053,0.0,0.0,2.0375,0.0
2021-04-01,20:00,HGJTBSC05,23790.0,23790_Mong Mandi Bahauddin (3G-CI-2130),37.0,3790_Mong Mandi Bahauddin (3G-CI-2130),GUJRANWALA_CLUSTER_01_Rural,100%,0.0,51.0,0.0,90.0,0.0,504.0,69.0,75.0,0.0,39.0,1.5778,0.0,9576.0,9632.0,9244.0,9632.0,3.0,3.0,504.0,491.0,1.5778,100.0,117.0,119.0,3.0,491.0,51.0,51.0,0.0,0.0,7.9627,0.168,0.0,0.0,0.0,7.9627,0.168,0.0,0.0,0.0,1.5778,0.0
2021-04-01,20:00,HGJTBSC05,13790.0,13790_Mong Mandi Bahauddin (3G-CI-2130),36.0,3790_Mong Mandi Bahauddin (3G-CI-2130),GUJRANWALA_CLUSTER_01_Rural,100%,0.0,371.0,6.0,425.0,0.0,4404.0,141.0,144.0,0.0,68.0,15.6208,6.0,94350.0,97486.0,95048.0,97486.0,5.0,18.0,4404.0,4258.0,15.6208,100.0,682.0,703.0,5.0,4258.0,358.0,371.0,0.0873,0.3057,10.405999999999999,0.0642,0.0229,0.0092,0.0,10.405999999999999,0.0642,0.0229,0.0092,0.0,15.6208,6.0
2021-04-01,20:00,HGJTBSC05,37846.0,37846_Chak Raib Mandi Bahauddin,35.0,7846_Chak Raib Mandi Bahauddin,GUJRANWALA_CLUSTER_01_Rural,100%,0.0,97.0,3.0,137.0,0.0,1237.0,83.0,86.0,0.0,42.0,3.6111,3.0,19486.0,21730.0,20810.0,21730.0,3.0,4.0,1237.0,1157.0,3.6111,100.0,248.0,251.0,3.0,1157.0,96.0,97.0,0.0,0.1004,3.5365,0.1045,0.0037,0.0,0.0,3.5365,0.1045,0.0037,0.0,0.0,3.6111,3.0
2021-04-01,20:00,HGJTBSC05,27846.0,27846_Chak Raib Mandi Bahauddin,34.0,7846_Chak Raib Mandi Bahauddin,GUJRANWALA_CLUSTER_01_Rural,100%,0.0,79.0,1.0,97.0,0.0,463.0,43.0,44.0,0.0,18.0,3.8208,1.0,24046.0,24934.0,24738.0,24934.0,1.0,1.0,463.0,449.0,3.8208,100.0,163.0,165.0,1.0,449.0,79.0,79.0,0.0,0.0,14.9492,0.0776,0.0,0.0,0.0,14.9492,0.0776,0.0,0.0,0.0,3.8208,1.0
2021-04-01,20:00,HGJTBSC05,17846.0,17846_Chak Raib Mandi Bahauddin,33.0,7846_Chak Raib Mandi Bahauddin,GUJRANWALA_CLUSTER_01_Rural,100%,0.0,165.0,3.0,351.0,0.0,4263.0,372.0,386.0,0.0,190.0,7.875,3.0,47188.0,49980.0,49528.0,49980.0,49.0,53.0,4263.0,4071.0,7.875,100.0,460.0,478.0,49.0,4071.0,161.0,165.0,0.7555,4.6736,2.5319,0.4105,0.1209,0.0204,0.003,2.5319,0.4105,0.1209,0.0204,0.003,7.875,3.0
2021-04-01,20:00,HGJTBSC05,33643.0,33643_Textile Mills Mandi Bahauddin (3G-CI-3979),32.0,3643_Textile Mills Mandi Bahauddin (3G-CI-3979),GUJRANWALA_CLUSTER_01_Rural,100%,0.0,31.0,0.0,60.0,0.0,263.0,54.0,60.0,0.0,29.0,1.5861,0.0,9766.0,10134.0,10132.0,10134.0,0.0,0.0,263.0,257.0,1.5861,100.0,73.0,76.0,0.0,257.0,31.0,31.0,0.3015,0.7529,10.2006,0.3602,0.048,0.0267,0.0054,10.2006,0.3602,0.048,0.0267,0.0054,1.5861,0.0
2021-04-01,20:00,HGJTBSC05,13639.0,13639_Saat Sira Chowk Mandi Bahauddin (3G-CI-3874),3.0,3639_Saat Sira Chowk Mandi Bahauddin (3G-CI-3874),GUJRANWALA_CLUSTER_01_Rural,100%,0.0,172.0,1.0,248.0,0.0,800.0,139.0,143.0,0.0,76.0,7.8444,1.0,47412.0,48970.0,48702.0,48970.0,0.0,0.0,800.0,746.0,7.8444,100.0,270.0,292.0,0.0,746.0,172.0,172.0,0.1121,1.3911,15.5206,0.9428,0.2135,0.0134,0.0054,15.5206,0.9428,0.2135,0.0134,0.0054,7.8444,1.0
2021-04-01,20:00,HGJTBSC05,37822.0,37822_Ishra Gujrat,291.0,7822_Ishra Gujrat,GUJRANWALA_CLUSTER_01_Rural,100%,0.0,5.0,0.0,11.0,0.0,32.0,14.0,14.0,0.0,6.0,0.1431,0.0,902.0,902.0,900.0,902.0,0.0,0.0,32.0,32.0,0.1431,100.0,11.0,11.0,0.0,32.0,5.0,5.0,0.0,0.253,9.2086,0.2781,0.0241,0.0,0.0,9.2086,0.2781,0.0241,0.0,0.0,0.1431,0.0
2021-04-01,20:00,HGJTBSC05,27822.0,27822_Ishra Gujrat,290.0,7822_Ishra Gujrat,GUJRANWALA_CLUSTER_01_Rural,100%,0.0,6.0,0.0,18.0,0.0,93.0,25.0,25.0,0.0,12.0,0.1333,0.0,592.0,664.0,654.0,664.0,0.0,0.0,93.0,91.0,0.1333,100.0,11.0,11.0,0.0,91.0,6.0,6.0,0.0,0.3697,9.2575,0.0854,0.0347,0.0,0.0,9.2575,0.0854,0.0347,0.0,0.0,0.1333,0.0
2021-04-01,20:00,HGJTBSC05,33636.0,33636_Chak Basawa Mandi Bahauddin,29.0,3636_Chak Basawa Mandi Bahauddin,GUJRANWALA_CLUSTER_01_Rural,100%,0.0,47.0,0.0,55.0,0.0,384.0,16.0,22.0,0.0,9.0,1.4222,0.0,8722.0,8730.0,8722.0,8730.0,0.0,0.0,384.0,380.0,1.4222,100.0,130.0,131.0,0.0,380.0,47.0,47.0,0.0271,1.38,9.5766,0.11699999999999999,0.133,0.0027,0.0,9.5766,0.11699999999999999,0.133,0.0027,0.0,1.4222,0.0
2021-04-01,20:00,HGJTBSC05,17822.0,17822_Ishra Gujrat,289.0,7822_Ishra Gujrat,GUJRANWALA_CLUSTER_01_Rural,100%,0.0,48.0,5.0,92.0,0.0,262.0,81.0,81.0,0.0,44.0,1.7292,5.0,8598.0,9836.0,9732.0,9836.0,0.0,0.0,262.0,261.0,1.7292,100.0,96.0,96.0,0.0,261.0,48.0,48.0,0.0379,0.1515,6.8901,0.14400000000000002,0.008,0.0,0.0027,6.8901,0.14400000000000002,0.008,0.0,0.0027,1.7292,5.0
2021-04-01,20:00,HGJTBSC05,11324.0,CI-1324-1_Pindi Bahaudin Mandi Bahauddin (3G-CI-3987),283.0,CI-1324_Pindi Bahaudin Mandi Bahauddin (3G-CI-3987),GUJRANWALA_CLUSTER_01_Rural,100%,0.0,21.0,0.0,25.0,0.0,213.0,9.0,12.0,0.0,4.0,0.7625,0.0,4602.0,4612.0,4422.0,4612.0,0.0,0.0,213.0,184.0,0.7625,100.0,51.0,55.0,0.0,184.0,21.0,21.0,0.0507,0.1518,10.2595,0.2749,0.0107,0.0,0.0054,10.2595,0.2749,0.0107,0.0,0.0054,0.7625,0.0
2021-04-01,20:00,HGJTBSC05,37823.0,37823_Kiranwala Gujrat,282.0,7823_Kiranwala Gujrat,GUJRANWALA_CLUSTER_01_Rural,100%,0.0,39.0,0.0,43.0,0.0,442.0,7.0,7.0,0.0,4.0,1.1569,0.0,7452.0,7458.0,7458.0,7458.0,0.0,0.0,442.0,440.0,1.1569,100.0,226.0,226.0,0.0,440.0,39.0,39.0,0.0,0.0796,6.6791,0.0374,0.0054,0.0,0.0,6.6791,0.0374,0.0054,0.0,0.0,1.1569,0.0
2021-04-01,20:00,HGJTBSC05,27823.0,27823_Kiranwala Gujrat,281.0,7823_Kiranwala Gujrat,GUJRANWALA_CLUSTER_01_Rural,100%,0.0,37.0,0.0,61.0,0.0,248.0,51.0,52.0,0.0,24.0,0.5014,0.0,1882.0,1940.0,1920.0,1940.0,0.0,0.0,248.0,247.0,0.5014,100.0,103.0,104.0,0.0,247.0,37.0,37.0,0.0,0.29,7.184,0.1493,0.0213,0.0,0.0,7.184,0.1493,0.0213,0.0,0.0,0.5014,0.0
2021-04-01,20:00,HGJTBSC05,17823.0,17823_Kiranwala Gujrat,280.0,7823_Kiranwala Gujrat,GUJRANWALA_CLUSTER_01_Rural,100%,0.0,21.0,0.0,29.0,0.0,103.0,11.0,12.0,0.0,8.0,1.8361,0.0,12898.0,12902.0,12894.0,12902.0,0.0,0.0,103.0,98.0,1.8361,100.0,53.0,53.0,0.0,98.0,21.0,21.0,0.0,0.132,5.9465,0.1203,0.008,0.0,0.0,5.9465,0.1203,0.008,0.0,0.0,1.8361,0.0
2021-04-01,20:00,HGJTBSC05,23636.0,23636_Chak Basawa Mandi Bahauddin,28.0,3636_Chak Basawa Mandi Bahauddin,GUJRANWALA_CLUSTER_01_Rural,100%,0.0,93.0,0.0,104.0,0.0,750.0,25.0,26.0,0.0,13.0,3.1125,0.0,19208.0,19478.0,19360.0,19478.0,2.0,3.0,750.0,739.0,3.1125,100.0,171.0,171.0,2.0,739.0,92.0,93.0,0.0,0.0472,5.5767,0.0344,0.0027,0.0,0.0,5.5767,0.0344,0.0027,0.0,0.0,3.1125,0.0
2021-04-01,20:00,HGJTBSC05,37821.0,37821_Jasooki Gujrat (3G-CI-2182),279.0,7821_Jasooki Gujrat (3G-CI-2182),GUJRANWALA_CLUSTER_01_Rural,100%,0.0,79.0,1.0,121.0,0.0,412.0,101.0,104.0,0.0,51.0,4.7931,1.0,32064.0,32256.0,32242.0,32256.0,0.0,9.0,412.0,405.0,4.7931,100.0,176.0,183.0,0.0,405.0,70.0,79.0,1.3917,5.3678,3.4649,0.3946,0.1622,0.0568,0.0,3.4649,0.3946,0.1622,0.0568,0.0,4.7931,1.0
2021-04-01,20:00,HGJTBSC05,27821.0,27821_Jasooki Gujrat (3G-CI-2182),278.0,7821_Jasooki Gujrat (3G-CI-2182),GUJRANWALA_CLUSTER_01_Rural,100%,0.0,55.0,0.0,89.0,0.0,267.0,65.0,67.0,0.0,34.0,3.1708,0.0,19830.0,20534.0,20528.0,20534.0,0.0,0.0,267.0,244.0,3.1708,100.0,128.0,129.0,0.0,244.0,55.0,55.0,0.0,0.1259,4.2346,0.027000000000000003,0.0054,0.0,0.0,4.2346,0.027000000000000003,0.0054,0.0,0.0,3.1708,0.0
2021-04-01,20:00,HGJTBSC05,17821.0,17821_Jasooki Gujrat (3G-CI-2182),277.0,7821_Jasooki Gujrat (3G-CI-2182),GUJRANWALA_CLUSTER_01_Rural,100%,0.0,179.0,2.0,253.0,0.0,1370.0,150.0,155.0,0.0,76.0,10.1403,2.0,64598.0,65662.0,65112.0,65662.0,2.0,4.0,1370.0,1340.0,10.1403,100.0,316.0,316.0,2.0,1340.0,177.0,179.0,2.0268,10.7171,13.5991,4.3737,1.7494,0.36,0.048,13.5991,4.3737,1.7494,0.36,0.048,10.1403,2.0
2021-04-01,20:00,HGJTBSC05,37820.0,37820_Mangowal Gujrat (3G-CI-2181),276.0,7820_Mangowal Gujrat (3G-CI-2181),GUJRANWALA_CLUSTER_01_Rural,100%,0.0,43.0,0.0,58.0,0.0,913.0,28.0,28.0,0.0,15.0,2.1958,0.0,14792.0,14996.0,14976.0,14996.0,0.0,0.0,913.0,911.0,2.1958,100.0,77.0,77.0,0.0,911.0,43.0,43.0,0.0,0.141,7.2846,0.2527,0.0106,0.0,0.0,7.2846,0.2527,0.0106,0.0,0.0,2.1958,0.0
2021-04-01,20:00,HGJTBSC05,27820.0,27820_Mangowal Gujrat (3G-CI-2181),275.0,7820_Mangowal Gujrat (3G-CI-2181),GUJRANWALA_CLUSTER_01_Rural,100%,0.0,106.0,0.0,163.0,0.0,2201.0,113.0,117.0,1.0,60.0,7.0597,0.0,46466.0,46472.0,46448.0,46472.0,1.0,3.0,2201.0,2178.0,7.0597,100.0,230.0,236.0,1.0,2178.0,104.0,106.0,0.0,0.0224,11.8383,0.032,0.0027,0.0,0.0,11.8383,0.032,0.0027,0.0,0.0,7.0597,0.0
2021-04-01,20:00,HGJTBSC05,17820.0,17820_Mangowal Gujrat (3G-CI-2181),274.0,7820_Mangowal Gujrat (3G-CI-2181),GUJRANWALA_CLUSTER_01_Rural,100%,0.0,28.0,0.0,78.0,0.0,438.0,99.0,99.0,0.0,50.0,1.4875,0.0,9604.0,9624.0,9624.0,9624.0,0.0,0.0,438.0,438.0,1.4875,100.0,50.0,50.0,0.0,438.0,28.0,28.0,0.0,0.032,8.2021,0.1117,0.0027,0.0,0.0,8.2021,0.1117,0.0027,0.0,0.0,1.4875,0.0
2021-04-01,20:00,HGJTBSC05,31326.0,CI-1326-3_Bohat Mandi Bahauddin,273.0,CI-1326_Bohat Mandi Bahauddin,GUJRANWALA_CLUSTER_01_Rural,100%,0.0,12.0,0.0,13.0,0.0,213.0,1.0,1.0,0.0,1.0,0.9778,0.0,6800.0,6826.0,6806.0,6826.0,2.0,2.0,213.0,198.0,0.9778,100.0,21.0,22.0,2.0,198.0,12.0,12.0,0.0,0.0585,8.8572,0.1825,0.0053,0.0,0.0,8.8572,0.1825,0.0053,0.0,0.0,0.9778,0.0
2021-04-01,20:00,HGJTBSC05,21326.0,CI-1326-2_Bohat Mandi Bahauddin,272.0,CI-1326_Bohat Mandi Bahauddin,GUJRANWALA_CLUSTER_01_Rural,100%,0.0,2.0,0.0,3.0,0.0,31.0,4.0,4.0,0.0,1.0,0.0125,0.0,22.0,28.0,28.0,28.0,0.0,0.0,31.0,31.0,0.0125,100.0,23.0,23.0,0.0,31.0,2.0,2.0,0.0,0.0,11.7196,0.0238,0.0,0.0,0.0,11.7196,0.0238,0.0,0.0,0.0,0.0125,0.0
2021-04-01,20:00,HGJTBSC05,11326.0,CI-1326-1_Bohat Mandi Bahauddin,271.0,CI-1326_Bohat Mandi Bahauddin,GUJRANWALA_CLUSTER_01_Rural,100%,0.0,6.0,0.0,6.0,0.0,79.0,1.0,1.0,0.0,0.0,0.0181,0.0,22.0,22.0,22.0,22.0,0.0,0.0,79.0,79.0,0.0181,100.0,29.0,29.0,0.0,79.0,6.0,6.0,0.0,0.0467,11.2619,0.0609,0.0053,0.0,0.0,11.2619,0.0609,0.0053,0.0,0.0,0.0181,0.0
2021-04-01,20:00,HGJTBSC05,31412.0,CI-1412-3_Nagrainwala Gujrat (3G-CI-2017),270.0,CI-1412_Nagrainwala Gujrat (3G-CI-2017),GUJRANWALA_CLUSTER_01_Rural,100%,0.0,177.0,3.0,255.0,0.0,882.0,197.0,201.0,0.0,79.0,4.2639,3.0,24756.0,24954.0,24752.0,24954.0,0.0,1.0,882.0,875.0,4.2639,100.0,287.0,288.0,0.0,875.0,176.0,177.0,0.0,0.0,12.2241,0.0478,0.0,0.0,0.0,12.2241,0.0478,0.0,0.0,0.0,4.2639,3.0
2021-04-01,20:00,HGJTBSC05,13636.0,13636_Chak Basawa Mandi Bahauddin,27.0,3636_Chak Basawa Mandi Bahauddin,GUJRANWALA_CLUSTER_01_Rural,100%,0.0,61.0,1.0,100.0,0.0,460.0,76.0,79.0,0.0,39.0,2.4472,1.0,15494.0,15626.0,15514.0,15626.0,2.0,2.0,460.0,446.0,2.4472,100.0,89.0,91.0,2.0,446.0,61.0,61.0,0.2882,0.8644,8.6348,0.4682,0.0529,0.0212,0.0053,8.6348,0.4682,0.0529,0.0212,0.0053,2.4472,1.0
2021-04-01,20:00,HGJTBSC05,21412.0,CI-1412-2_Nagrainwala Gujrat (3G-CI-2017),269.0,CI-1412_Nagrainwala Gujrat (3G-CI-2017),GUJRANWALA_CLUSTER_01_Rural,100%,0.0,72.0,1.0,122.0,0.0,504.0,98.0,101.0,0.0,52.0,2.8847,1.0,17810.0,18358.0,18310.0,18358.0,0.0,2.0,504.0,503.0,2.8847,100.0,181.0,182.0,0.0,503.0,70.0,72.0,0.0295,0.0589,8.9176,0.069,0.0027,0.0027,0.0,8.9176,0.069,0.0027,0.0027,0.0,2.8847,1.0
2021-04-01,20:00,HGJTBSC05,11412.0,CI-1412-1_Nagrainwala Gujrat (3G-CI-2017),268.0,CI-1412_Nagrainwala Gujrat (3G-CI-2017),GUJRANWALA_CLUSTER_01_Rural,100%,0.0,139.0,1.0,171.0,0.0,571.0,60.0,64.0,0.0,32.0,4.3667,1.0,27388.0,27764.0,27680.0,27764.0,0.0,0.0,571.0,566.0,4.3667,100.0,255.0,255.0,0.0,566.0,139.0,139.0,0.0,0.0329,16.0088,0.1459,0.0053,0.0,0.0,16.0088,0.1459,0.0053,0.0,0.0,4.3667,1.0
2021-04-01,20:00,HGJTBSC05,31176.0,CI-1176-3_Village Langay Gujrat,267.0,CI-1176_Village Langay Gujrat,GUJRANWALA_CLUSTER_01_Rural,100%,0.0,57.0,0.0,90.0,0.0,172.0,61.0,65.0,0.0,34.0,1.9417,0.0,12222.0,12376.0,12374.0,12376.0,0.0,0.0,172.0,166.0,1.9417,100.0,89.0,90.0,0.0,166.0,57.0,57.0,0.0332,0.0332,7.9705,0.0026,0.0,0.0027,0.0,7.9705,0.0026,0.0,0.0027,0.0,1.9417,0.0
2021-04-01,20:00,HGJTBSC05,21176.0,CI-1176-2_Village Langay Gujrat,266.0,CI-1176_Village Langay Gujrat,GUJRANWALA_CLUSTER_01_Rural,100%,0.0,21.0,0.0,25.0,0.0,126.0,10.0,10.0,0.0,4.0,1.0083,0.0,6806.0,6806.0,6802.0,6806.0,0.0,0.0,126.0,123.0,1.0083,100.0,49.0,50.0,0.0,123.0,21.0,21.0,0.0,0.2625,9.9814,0.125,0.0266,0.0,0.0,9.9814,0.125,0.0266,0.0,0.0,1.0083,0.0
2021-04-01,20:00,HGJTBSC05,11176.0,CI-1176-1_Village Langay Gujrat,265.0,CI-1176_Village Langay Gujrat,GUJRANWALA_CLUSTER_01_Rural,100%,0.0,31.0,0.0,66.0,0.0,231.0,70.0,72.0,0.0,35.0,0.5972,0.0,3390.0,3508.0,3456.0,3508.0,0.0,0.0,231.0,228.0,0.5972,100.0,45.0,45.0,0.0,228.0,31.0,31.0,0.0,0.086,9.1244,0.0925,0.0079,0.0,0.0,9.1244,0.0925,0.0079,0.0,0.0,0.5972,0.0
2021-04-01,20:00,HGJTBSC05,17852.0,17852_Ledher Mandi Bahauddin,263.0,7852_Ledher Mandi Bahauddin,GUJRANWALA_CLUSTER_01_Rural,100%,0.0,3.0,0.0,14.0,0.0,53.0,23.0,24.0,0.0,11.0,0.1028,0.0,520.0,536.0,536.0,536.0,0.0,0.0,53.0,52.0,0.1028,100.0,4.0,4.0,0.0,52.0,3.0,3.0,0.0,0.0,10.6313,0.0133,0.0,0.0,0.0,10.6313,0.0133,0.0,0.0,0.0,0.1028,0.0
2021-04-01,20:00,HGJTBSC05,27852.0,27852_Ledher Mandi Bahauddin,262.0,7852_Ledher Mandi Bahauddin,GUJRANWALA_CLUSTER_01_Rural,100%,0.0,47.0,0.0,73.0,0.0,323.0,50.0,51.0,0.0,26.0,2.1833,0.0,14776.0,14776.0,14764.0,14776.0,0.0,0.0,323.0,320.0,2.1833,100.0,72.0,72.0,0.0,320.0,47.0,47.0,0.0,0.0345,7.5758,0.1062,0.0027,0.0,0.0,7.5758,0.1062,0.0027,0.0,0.0,2.1833,0.0
2021-04-01,20:00,HGJTBSC05,33789.0,33789_Haria Station Mandi Bahauddin,26.0,3789_Haria Station Mandi Bahauddin,GUJRANWALA_CLUSTER_01_Rural,100%,0.0,41.0,0.0,82.0,0.0,211.0,84.0,87.0,0.0,41.0,1.1681,0.0,6462.0,6908.0,6902.0,6908.0,0.0,0.0,211.0,203.0,1.1681,100.0,63.0,66.0,0.0,203.0,41.0,41.0,0.0,0.0,8.5346,0.0027,0.0,0.0,0.0,8.5346,0.0027,0.0,0.0,0.0,1.1681,0.0
2021-04-01,20:00,HGJTBSC05,37852.0,37852_Ledher Mandi Bahauddin,259.0,7852_Ledher Mandi Bahauddin,GUJRANWALA_CLUSTER_01_Rural,100%,0.0,55.0,0.0,107.0,0.0,214.0,105.0,111.0,0.0,52.0,3.3264,0.0,22234.0,22386.0,22364.0,22386.0,0.0,0.0,214.0,211.0,3.3264,100.0,75.0,75.0,0.0,211.0,55.0,55.0,0.0,0.2906,6.272,0.1062,0.0186,0.0,0.0,6.272,0.1062,0.0186,0.0,0.0,3.3264,0.0
2021-04-01,20:00,HGJTBSC05,31148.0,CI-1148-3_Bilal Chowk Mandi Bahauddin (3G-CI-3884),258.0,CI-1148_Bilal Chowk Mandi Bahauddin (3G-CI-3884),GUJRANWALA_CLUSTER_01_Rural,100%,0.0,47.0,0.0,123.0,0.0,372.0,152.0,152.0,0.0,77.0,1.825,0.0,10676.0,11390.0,11324.0,11390.0,0.0,1.0,372.0,366.0,1.825,100.0,121.0,121.0,0.0,366.0,46.0,47.0,0.0314,0.0628,8.3519,0.0767,0.0027,0.0027,0.0,8.3519,0.0767,0.0027,0.0027,0.0,1.825,0.0
2021-04-01,20:00,HGJTBSC05,21148.0,CI-1148-2_Bilal Chowk Mandi Bahauddin (3G-CI-3884),257.0,CI-1148_Bilal Chowk Mandi Bahauddin (3G-CI-3884),GUJRANWALA_CLUSTER_01_Rural,100%,0.0,143.0,1.0,240.0,0.0,580.0,214.0,216.0,0.0,99.0,6.4028,1.0,40806.0,40826.0,40802.0,40826.0,0.0,2.0,580.0,580.0,6.4028,100.0,412.0,412.0,0.0,580.0,141.0,143.0,0.0,0.2562,8.1406,0.122,0.0212,0.0,0.0,8.1406,0.122,0.0212,0.0,0.0,6.4028,1.0
2021-04-01,20:00,HGJTBSC05,11148.0,CI-1148-1_Bilal Chowk Mandi Bahauddin (3G-CI-3884),256.0,CI-1148_Bilal Chowk Mandi Bahauddin (3G-CI-3884),GUJRANWALA_CLUSTER_01_Rural,100%,0.0,92.0,0.0,206.0,0.0,543.0,226.0,228.0,0.0,114.0,7.2778,0.0,50838.0,50890.0,50844.0,50890.0,1.0,1.0,543.0,543.0,7.2778,100.0,206.0,206.0,1.0,543.0,92.0,92.0,0.0,0.1315,4.1114,0.019,0.0054,0.0,0.0,4.1114,0.019,0.0054,0.0,0.0,7.2778,0.0
2021-04-01,20:00,HGJTBSC05,31327.0,CI-1327-3_Ahla Mandi Bahauddin,255.0,CI-1327_Ahla Mandi Bahauddin,GUJRANWALA_CLUSTER_01_Rural,100%,0.0,70.0,0.0,119.0,0.0,300.0,98.0,99.0,0.0,49.0,4.4681,0.0,30732.0,31102.0,31028.0,31102.0,0.0,0.0,300.0,292.0,4.4681,100.0,198.0,200.0,0.0,292.0,70.0,70.0,0.0,0.0,3.6503,0.0028,0.0,0.0,0.0,3.6503,0.0028,0.0,0.0,0.0,4.4681,0.0
2021-04-01,20:00,HGJTBSC05,21327.0,CI-1327-2_Ahla Mandi Bahauddin,254.0,CI-1327_Ahla Mandi Bahauddin,GUJRANWALA_CLUSTER_01_Rural,100%,0.0,87.0,2.0,162.0,0.0,346.0,151.0,152.0,0.0,75.0,5.1361,2.0,34596.0,34718.0,34494.0,34718.0,0.0,0.0,346.0,344.0,5.1361,100.0,171.0,171.0,0.0,344.0,87.0,87.0,0.0,0.0,8.7846,0.0505,0.0,0.0,0.0,8.7846,0.0505,0.0,0.0,0.0,5.1361,2.0
2021-04-01,20:00,HGJTBSC05,11327.0,CI-1327-1_Ahla Mandi Bahauddin,253.0,CI-1327_Ahla Mandi Bahauddin,GUJRANWALA_CLUSTER_01_Rural,100%,0.0,58.0,5.0,65.0,0.0,282.0,17.0,18.0,0.0,8.0,1.7069,5.0,8832.0,10030.0,10002.0,10030.0,0.0,0.0,282.0,277.0,1.7069,100.0,96.0,96.0,0.0,277.0,58.0,58.0,0.0416,0.2079,6.3624,0.04,0.0107,0.0027,0.0,6.3624,0.04,0.0107,0.0027,0.0,1.7069,5.0
2021-04-01,20:00,HGJTBSC05,23789.0,23789_Haria Station Mandi Bahauddin,25.0,3789_Haria Station Mandi Bahauddin,GUJRANWALA_CLUSTER_01_Rural,100%,0.0,27.0,1.0,106.0,0.0,118.0,158.0,158.0,0.0,79.0,0.8389,1.0,4520.0,4544.0,4464.0,4544.0,0.0,0.0,118.0,116.0,0.8389,100.0,46.0,47.0,0.0,116.0,27.0,27.0,0.0,0.0,9.2853,0.0,0.0,0.0,0.0,9.2853,0.0,0.0,0.0,0.0,0.8389,1.0
2021-04-01,20:00,HGJTBSC05,33674.0,33674_Gohar Sharif Mandi Bahauddin,249.0,3674_Gohar Sharif Mandi Bahauddin,GUJRANWALA_CLUSTER_01_Rural,100%,0.0,16.0,0.0,20.0,0.0,143.0,6.0,6.0,0.0,4.0,0.8792,0.0,5332.0,5560.0,5520.0,5560.0,0.0,0.0,143.0,143.0,0.8792,100.0,48.0,48.0,0.0,143.0,16.0,16.0,0.0,0.0,4.4297,0.0027,0.0,0.0,0.0,4.4297,0.0027,0.0,0.0,0.0,0.8792,0.0
2021-04-01,20:00,HGJTBSC05,23674.0,23674_Gohar Sharif Mandi Bahauddin,248.0,3674_Gohar Sharif Mandi Bahauddin,GUJRANWALA_CLUSTER_01_Rural,100%,0.0,52.0,0.0,65.0,0.0,312.0,18.0,21.0,0.0,13.0,1.8583,0.0,11686.0,11742.0,11716.0,11742.0,0.0,0.0,312.0,302.0,1.8583,100.0,103.0,104.0,0.0,302.0,52.0,52.0,0.0,0.0,5.9762,0.0,0.0,0.0,0.0,5.9762,0.0,0.0,0.0,0.0,1.8583,0.0
2021-04-01,20:00,HGJTBSC05,13674.0,13674_Gohar Sharif Mandi Bahauddin,247.0,3674_Gohar Sharif Mandi Bahauddin,GUJRANWALA_CLUSTER_01_Rural,100%,0.0,58.0,0.0,64.0,0.0,337.0,11.0,13.0,0.0,6.0,2.7083,0.0,17894.0,18266.0,18168.0,18266.0,0.0,0.0,337.0,318.0,2.7083,100.0,95.0,99.0,0.0,318.0,58.0,58.0,0.1031,0.5153,5.0451,0.0769,0.0212,0.0053,0.0,5.0451,0.0769,0.0212,0.0053,0.0,2.7083,0.0
2021-04-01,20:00,HGJTBSC05,31174.0,CI-1174-3_Bahoo Ghaset Pur Gujrat (3G-CI-2015),243.0,CI-1174_Bahoo Ghaset Pur Gujrat (3G-CI-2015),GUJRANWALA_CLUSTER_01_Rural,100%,0.0,98.0,1.0,212.0,0.0,771.0,225.0,245.0,2.0,119.0,4.8875,1.0,28622.0,31236.0,31036.0,31236.0,0.0,2.0,771.0,755.0,4.8875,100.0,167.0,173.0,0.0,755.0,96.0,98.0,0.024,0.1676,10.9444,0.0847,0.0159,0.0,0.0027,10.9444,0.0847,0.0159,0.0,0.0027,4.8875,1.0
2021-04-01,20:00,HGJTBSC05,21174.0,CI-1174-2_Bahoo Ghaset Pur Gujrat (3G-CI-2015),242.0,CI-1174_Bahoo Ghaset Pur Gujrat (3G-CI-2015),GUJRANWALA_CLUSTER_01_Rural,100%,0.0,151.0,1.0,289.0,0.0,1002.0,262.0,275.0,0.0,139.0,5.6569,1.0,35774.0,36182.0,35974.0,36182.0,0.0,1.0,1002.0,993.0,5.6569,100.0,296.0,298.0,0.0,993.0,150.0,151.0,0.0,0.6168,5.0399,0.131,0.0321,0.0,0.0,5.0399,0.131,0.0321,0.0,0.0,5.6569,1.0
2021-04-01,20:00,HGJTBSC05,11174.0,CI-1174-1_Bahoo Ghaset Pur Gujrat (3G-CI-2015),241.0,CI-1174_Bahoo Ghaset Pur Gujrat (3G-CI-2015),GUJRANWALA_CLUSTER_01_Rural,100%,0.0,86.0,0.0,141.0,0.0,850.0,116.0,122.0,0.0,58.0,3.375,0.0,20942.0,21514.0,21052.0,21514.0,0.0,1.0,850.0,829.0,3.375,100.0,208.0,209.0,0.0,829.0,85.0,86.0,0.0,0.0442,5.9393,0.0264,0.0026,0.0,0.0,5.9393,0.0264,0.0026,0.0,0.0,3.375,0.0
2021-04-01,20:00,HGJTBSC05,13789.0,13789_Haria Station Mandi Bahauddin,24.0,3789_Haria Station Mandi Bahauddin,GUJRANWALA_CLUSTER_01_Rural,100%,0.0,63.0,1.0,134.0,0.0,519.0,147.0,148.0,0.0,71.0,1.7375,1.0,8828.0,10012.0,9774.0,10012.0,0.0,0.0,519.0,499.0,1.7375,100.0,151.0,152.0,0.0,499.0,63.0,63.0,0.0676,0.0676,7.8933,0.0053,0.0,0.0027,0.0027,7.8933,0.0053,0.0,0.0027,0.0027,1.7375,1.0
2021-04-01,20:00,HGJTBSC05,33634.0,33634_Goleyki Gujrat (3G-CI-2105),237.0,3634_Goleyki Gujrat (3G-CI-2105),GUJRANWALA_CLUSTER_01_Rural,100%,0.0,28.0,1.0,78.0,0.0,231.0,101.0,101.0,0.0,50.0,1.4764,1.0,9286.0,9468.0,9352.0,9468.0,0.0,0.0,231.0,229.0,1.4764,100.0,65.0,67.0,0.0,229.0,28.0,28.0,0.0,0.3204,4.9064,0.0775,0.016,0.0,0.0,4.9064,0.0775,0.016,0.0,0.0,1.4764,1.0
2021-04-01,20:00,HGJTBSC05,23634.0,23634_Goleyki Gujrat (3G-CI-2105),236.0,3634_Goleyki Gujrat (3G-CI-2105),GUJRANWALA_CLUSTER_01_Rural,100%,0.0,15.0,0.0,26.0,0.0,56.0,19.0,19.0,0.0,11.0,0.8472,0.0,5744.0,5748.0,5744.0,5748.0,0.0,0.0,56.0,55.0,0.8472,100.0,22.0,23.0,0.0,55.0,15.0,15.0,0.0595,0.833,8.5241,0.3877,0.0695,0.0054,0.0,8.5241,0.3877,0.0695,0.0054,0.0,0.8472,0.0
2021-04-01,20:00,HGJTBSC05,13634.0,13634_Goleyki Gujrat (3G-CI-2105),235.0,3634_Goleyki Gujrat (3G-CI-2105),GUJRANWALA_CLUSTER_01_Rural,100%,0.0,133.0,0.0,144.0,0.0,487.0,20.0,23.0,0.0,13.0,6.0583,0.0,37922.0,38346.0,38056.0,38346.0,0.0,1.0,487.0,481.0,6.0583,100.0,196.0,198.0,0.0,481.0,132.0,133.0,2.0643,4.5155,16.7729,1.0372,0.4572,0.2727,0.1123,16.7729,1.0372,0.4572,0.2727,0.1123,6.0583,0.0
2021-04-01,20:00,HGJTBSC05,33974.0,33974_Mohalla Zahoor Shah Mandi Bahauddin,233.0,3974_Mohalla Zahoor Shah Mandi Bahauddin,GUJRANWALA_CLUSTER_01_Rural,100%,1.0,277.0,3.0,318.0,0.0,535.0,87.0,88.0,0.0,42.0,6.8542,3.0,40968.0,41738.0,41442.0,41738.0,1.0,1.0,535.0,498.0,6.8542,100.0,359.0,362.0,1.0,498.0,276.0,277.0,1.4083,5.8888,3.4391,0.6114,0.1928,0.0606,0.0,3.4391,0.6114,0.1928,0.0606,0.0,6.8542,3.0
2021-04-01,20:00,HGJTBSC05,23974.0,23974_Mohalla Zahoor Shah Mandi Bahauddin,232.0,3974_Mohalla Zahoor Shah Mandi Bahauddin,GUJRANWALA_CLUSTER_01_Rural,100%,0.0,103.0,0.0,125.0,0.0,378.0,45.0,45.0,0.0,22.0,4.4097,0.0,27494.0,27534.0,27516.0,27534.0,1.0,1.0,378.0,354.0,4.4097,100.0,201.0,204.0,1.0,354.0,103.0,103.0,0.0,0.0,6.2725,0.0027,0.0,0.0,0.0,6.2725,0.0027,0.0,0.0,0.0,4.4097,0.0
2021-04-01,20:00,HGJTBSC05,13974.0,13974_Mohalla Zahoor Shah Mandi Bahauddin,225.0,3974_Mohalla Zahoor Shah Mandi Bahauddin,GUJRANWALA_CLUSTER_01_Rural,100%,0.0,81.0,1.0,109.0,0.0,1339.0,51.0,51.0,0.0,28.0,2.2486,1.0,13692.0,13706.0,13698.0,13706.0,2.0,2.0,1339.0,1328.0,2.2486,100.0,1138.0,1139.0,2.0,1328.0,81.0,81.0,0.0,0.0313,8.4444,0.0291,0.0027,0.0,0.0,8.4444,0.0291,0.0027,0.0,0.0,2.2486,1.0
2021-04-01,20:00,HGJTBSC05,33653.0,33653_Munshi Mohallah Mandi Bahauddin (3G-CI-4818),224.0,3653_Munshi Mohallah Mandi Bahauddin (3G-CI-4818),GUJRANWALA_CLUSTER_01_Rural,100%,0.0,121.0,1.0,252.0,0.0,411.0,253.0,258.0,0.0,133.0,2.9958,1.0,16152.0,16426.0,16362.0,16426.0,0.0,1.0,411.0,405.0,2.9958,100.0,230.0,232.0,0.0,405.0,120.0,121.0,0.1292,0.7755,14.1493,0.1813,0.0933,0.0133,0.0053,14.1493,0.1813,0.0933,0.0133,0.0053,2.9958,1.0
2021-04-01,20:00,HGJTBSC05,23653.0,23653_Munshi Mohallah Mandi Bahauddin (3G-CI-4818),223.0,3653_Munshi Mohallah Mandi Bahauddin (3G-CI-4818),GUJRANWALA_CLUSTER_01_Rural,100%,0.0,87.0,0.0,120.0,0.0,285.0,74.0,77.0,0.0,31.0,1.9542,0.0,10870.0,10904.0,10898.0,10904.0,0.0,0.0,285.0,278.0,1.9542,100.0,175.0,181.0,0.0,278.0,87.0,87.0,0.0,0.2907,15.5596,0.0294,0.0455,0.0,0.0,15.5596,0.0294,0.0455,0.0,0.0,1.9542,0.0
2021-04-01,20:00,HGJTBSC05,33792.0,33792_Islampura Road Mandi Bahauddin (3G-CI-3917),221.0,3792_Islampura Road Mandi Bahauddin (3G-CI-3917),GUJRANWALA_CLUSTER_01_Rural,100%,0.0,35.0,0.0,87.0,0.0,1009.0,105.0,105.0,0.0,53.0,2.6167,0.0,17680.0,17682.0,17682.0,17682.0,1.0,2.0,1009.0,1003.0,2.6167,100.0,68.0,70.0,1.0,1003.0,34.0,35.0,0.0,0.0,9.4706,0.0267,0.0,0.0,0.0,9.4706,0.0267,0.0,0.0,0.0,2.6167,0.0
2021-04-01,20:00,HGJTBSC05,23792.0,23792_Islampura Road Mandi Bahauddin (3G-CI-3917),220.0,3792_Islampura Road Mandi Bahauddin (3G-CI-3917),GUJRANWALA_CLUSTER_01_Rural,100%,0.0,135.0,5.0,287.0,0.0,2837.0,299.0,303.0,0.0,152.0,8.0069,5.0,51292.0,52618.0,51718.0,52618.0,1.0,1.0,2837.0,2725.0,8.0069,100.0,295.0,296.0,1.0,2725.0,135.0,135.0,0.0735,0.6068,11.0666,0.3871,0.0615,0.0031,0.0053,11.0666,0.3871,0.0615,0.0031,0.0053,8.0069,5.0
2021-04-01,20:00,HGJTBSC05,13792.0,13792_Islampura Road Mandi Bahauddin (3G-CI-3917),219.0,3792_Islampura Road Mandi Bahauddin (3G-CI-3917),GUJRANWALA_CLUSTER_01_Rural,100%,0.0,67.0,0.0,198.0,0.0,1089.0,271.0,271.0,0.0,131.0,4.0583,0.0,26372.0,26694.0,26638.0,26694.0,2.0,2.0,1089.0,1084.0,4.0583,100.0,104.0,104.0,2.0,1084.0,67.0,67.0,0.0,0.0,7.8636,0.0107,0.0,0.0,0.0,7.8636,0.0107,0.0,0.0,0.0,4.0583,0.0
2021-04-01,20:00,HGJTBSC05,27949.0,27949_Dhoke Qasab Mandi Bahauddin,218.0,7949_Dhoke Qasab Mandi Bahauddin,GUJRANWALA_CLUSTER_01_Rural,100%,0.0,20.0,1.0,21.0,0.0,90.0,2.0,2.0,0.0,1.0,0.4847,1.0,2752.0,2840.0,2828.0,2840.0,0.0,0.0,90.0,90.0,0.4847,100.0,38.0,38.0,0.0,90.0,20.0,20.0,0.0,0.0,7.4724,0.0026,0.0,0.0,0.0,7.4724,0.0026,0.0,0.0,0.0,0.4847,1.0
2021-04-01,20:00,HGJTBSC05,17949.0,17949_Dhoke Qasab Mandi Bahauddin,217.0,7949_Dhoke Qasab Mandi Bahauddin,GUJRANWALA_CLUSTER_01_Rural,100%,0.0,20.0,0.0,24.0,0.0,102.0,10.0,10.0,0.0,5.0,0.7625,0.0,4890.0,4978.0,4978.0,4978.0,0.0,1.0,102.0,101.0,0.7625,100.0,40.0,41.0,0.0,101.0,19.0,20.0,0.0,0.0,7.1088,0.0478,0.0,0.0,0.0,7.1088,0.0478,0.0,0.0,0.0,0.7625,0.0
2021-04-01,20:00,HGJTBSC05,37949.0,37949_Dhoke Qasab Mandi Bahauddin,216.0,7949_Dhoke Qasab Mandi Bahauddin,GUJRANWALA_CLUSTER_01_Rural,100%,0.0,29.0,0.0,36.0,0.0,282.0,9.0,9.0,0.0,7.0,3.9472,0.0,28672.0,28760.0,28760.0,28760.0,0.0,0.0,282.0,280.0,3.9472,100.0,151.0,151.0,0.0,280.0,29.0,29.0,0.0,0.0,5.1008,0.008,0.0,0.0,0.0,5.1008,0.008,0.0,0.0,0.0,3.9472,0.0
2021-04-01,20:00,HGJTBSC05,23650.0,23650_School Mohallah Mandi Bahauddin (3G-CI-4825),211.0,3650_School Mohallah Mandi Bahauddin (3G-CI-4825),GUJRANWALA_CLUSTER_01_Rural,100%,0.0,310.0,1.0,451.0,0.0,1270.0,295.0,305.0,0.0,146.0,10.9514,1.0,66750.0,67650.0,67376.0,67650.0,3.0,8.0,1270.0,1243.0,10.9514,100.0,551.0,559.0,3.0,1243.0,305.0,310.0,0.0455,0.3486,17.4503,0.3466,0.0541,0.0081,0.0,17.4503,0.3466,0.0541,0.0081,0.0,10.9514,1.0
2021-04-01,20:00,HGJTBSC05,33650.0,33650_School Mohallah Mandi Bahauddin (3G-CI-4825),210.0,3650_School Mohallah Mandi Bahauddin (3G-CI-4825),GUJRANWALA_CLUSTER_01_Rural,100%,0.0,84.0,0.0,153.0,0.0,346.0,120.0,122.0,0.0,69.0,4.0111,0.0,25962.0,26032.0,26012.0,26032.0,0.0,0.0,346.0,340.0,4.0111,100.0,142.0,147.0,0.0,340.0,84.0,84.0,0.1165,0.33,13.3893,0.3013,0.0293,0.0107,0.0053,13.3893,0.3013,0.0293,0.0107,0.0053,4.0111,0.0
2021-04-01,20:00,HGJTBSC05,37936.0,37936_Sekary Ali Gujrat,209.0,7936_Sekary Ali Gujrat,GUJRANWALA_CLUSTER_01_Rural,100%,0.0,90.0,0.0,143.0,0.0,606.0,103.0,107.0,0.0,53.0,3.0542,0.0,19600.0,19874.0,19824.0,19874.0,0.0,0.0,606.0,594.0,3.0542,100.0,479.0,488.0,0.0,594.0,90.0,90.0,0.0919,0.4592,3.2027,0.1227,0.0123,0.0031,0.0,3.2027,0.1227,0.0123,0.0031,0.0,3.0542,0.0
2021-04-01,20:00,HGJTBSC05,27936.0,27936_Sekary Ali Gujrat,208.0,7936_Sekary Ali Gujrat,GUJRANWALA_CLUSTER_01_Rural,100%,0.0,101.0,1.0,148.0,0.0,680.0,83.0,85.0,0.0,48.0,3.7444,1.0,23826.0,23926.0,23768.0,23926.0,0.0,0.0,680.0,674.0,3.7444,100.0,261.0,262.0,0.0,674.0,101.0,101.0,0.6032,1.0179,2.2104,0.1263,0.0098,0.0107,0.0036,2.2104,0.1263,0.0098,0.0107,0.0036,3.7444,1.0
2021-04-01,20:00,HGJTBSC05,17936.0,17936_Sekary Ali Gujrat,207.0,7936_Sekary Ali Gujrat,GUJRANWALA_CLUSTER_01_Rural,100%,0.0,123.0,0.0,171.0,0.0,1061.0,98.0,103.0,0.0,50.0,1.8611,0.0,9260.0,9918.0,9798.0,9918.0,0.0,5.0,1061.0,1042.0,1.8611,100.0,295.0,296.0,0.0,1042.0,118.0,123.0,0.0,0.1647,7.4225,0.0628,0.0124,0.0,0.0,7.4225,0.0628,0.0124,0.0,0.0,1.8611,0.0
2021-04-01,20:00,HGJTBSC05,37932.0,37932_Kisana Gujrat (3G-CI-3908),206.0,7932_Kisana Gujrat (3G-CI-3908),GUJRANWALA_CLUSTER_01_Rural,100%,0.0,340.0,0.0,423.0,0.0,1903.0,169.0,174.0,0.0,83.0,13.4958,0.0,82892.0,83894.0,83192.0,83894.0,2.0,2.0,1903.0,1887.0,13.4958,100.0,596.0,599.0,2.0,1887.0,340.0,340.0,0.0,0.4077,4.3096,0.2921,0.0188,0.0,0.0,4.3096,0.2921,0.0188,0.0,0.0,13.4958,0.0
2021-04-01,20:00,HGJTBSC05,17932.0,17932_Kisana Gujrat (3G-CI-3908),205.0,7932_Kisana Gujrat (3G-CI-3908),GUJRANWALA_CLUSTER_01_Rural,100%,0.0,189.0,0.0,213.0,0.0,1848.0,49.0,54.0,0.0,24.0,5.4597,0.0,31670.0,32792.0,32302.0,32792.0,8.0,8.0,1848.0,1800.0,5.4597,100.0,328.0,335.0,8.0,1800.0,189.0,189.0,0.0313,0.2348,16.9464,0.142,0.0349,0.0054,0.0,16.9464,0.142,0.0349,0.0054,0.0,5.4597,0.0
2021-04-01,20:00,HGJTBSC05,27932.0,27932_Kisana Gujrat (3G-CI-3908),204.0,7932_Kisana Gujrat (3G-CI-3908),GUJRANWALA_CLUSTER_01_Rural,100%,0.0,268.0,0.0,300.0,0.0,1061.0,66.0,69.0,0.0,32.0,6.7583,0.0,39142.0,39588.0,39542.0,39588.0,0.0,0.0,1061.0,1055.0,6.7583,100.0,342.0,346.0,0.0,1055.0,268.0,268.0,0.0,0.1071,2.8323,0.0303,0.0031,0.0,0.0,2.8323,0.0303,0.0031,0.0,0.0,6.7583,0.0
2021-04-01,20:00,HGJTBSC05,37911.0,37911_Dinga Khurd Gujrat,203.0,7911_Dinga Khurd Gujrat,GUJRANWALA_CLUSTER_01_Rural,100%,0.0,110.0,1.0,139.0,0.0,367.0,51.0,52.0,0.0,29.0,4.1097,1.0,26192.0,26762.0,26726.0,26762.0,0.0,0.0,367.0,365.0,4.1097,100.0,182.0,183.0,0.0,365.0,110.0,110.0,0.0,0.3542,3.8795,0.0371,0.0139,0.0,0.0,3.8795,0.0371,0.0139,0.0,0.0,4.1097,1.0
2021-04-01,20:00,HGJTBSC05,17911.0,17911_Dinga Khurd Gujrat,202.0,7911_Dinga Khurd Gujrat,GUJRANWALA_CLUSTER_01_Rural,100%,0.0,104.0,1.0,125.0,0.0,398.0,40.0,42.0,0.0,22.0,3.7347,1.0,22966.0,24800.0,24796.0,24800.0,0.0,1.0,398.0,390.0,3.7347,100.0,166.0,172.0,0.0,390.0,103.0,104.0,0.1096,0.8767,2.623,0.0533,0.0207,0.003,0.0,2.623,0.0533,0.0207,0.003,0.0,3.7347,1.0
2021-04-01,20:00,HGJTBSC05,27911.0,27911_Dinga Khurd Gujrat,201.0,7911_Dinga Khurd Gujrat,GUJRANWALA_CLUSTER_01_Rural,100%,0.0,99.0,0.0,118.0,0.0,361.0,39.0,41.0,0.0,21.0,5.5069,0.0,37174.0,37708.0,37666.0,37708.0,0.0,2.0,361.0,355.0,5.5069,100.0,169.0,169.0,0.0,355.0,97.0,99.0,0.141,1.5490000000000002,2.065,0.1208,0.0313,0.0031,0.0,2.065,0.1208,0.0313,0.0031,0.0,5.5069,0.0
2021-04-01,20:00,HGJTBSC05,33981.0,33981_Pandoaal Mandi Bahauddin,20.0,3981_Pandoaal Mandi Bahauddin,GUJRANWALA_CLUSTER_01_Rural,100%,0.0,36.0,0.0,80.0,0.0,177.0,83.0,86.0,0.0,45.0,0.8708,0.0,5134.0,5238.0,5152.0,5238.0,0.0,1.0,176.0,171.0,0.8708,100.0,66.0,69.0,0.0,171.0,35.0,36.0,0.0319,0.0319,8.3005,0.0399,0.0,0.0,0.0027,8.3005,0.0399,0.0,0.0,0.0027,0.8708,0.0
2021-04-01,20:00,HGJTBSC05,33788.0,33788_Malakwal Mandi Bahauddin (3G-CI-3971),2.0,3788_Malakwal Mandi Bahauddin (3G-CI-3971),GUJRANWALA_CLUSTER_01_Rural,100%,0.0,117.0,0.0,229.0,0.0,1330.0,223.0,224.0,0.0,112.0,7.0861,0.0,47740.0,47742.0,47622.0,47742.0,1.0,1.0,1330.0,1306.0,7.0861,100.0,252.0,252.0,1.0,1306.0,117.0,117.0,0.0,0.0,43.2293,0.0319,0.0,0.0,0.0,43.2293,0.0319,0.0,0.0,0.0,7.0861,0.0
2021-04-01,20:00,HGJTBSC05,37900.0,37900_Dinga Lalamusa Road Gujrat,197.0,7900_Dinga Lalamusa Road Gujrat,GUJRANWALA_CLUSTER_01_Rural,100%,0.0,11.0,0.0,26.0,0.0,103.0,22.0,22.0,0.0,15.0,0.4083,0.0,2346.0,2398.0,2268.0,2398.0,0.0,0.0,103.0,103.0,0.4083,100.0,21.0,21.0,0.0,103.0,11.0,11.0,0.0,0.0846,9.344,0.1093,0.008,0.0,0.0,9.344,0.1093,0.008,0.0,0.0,0.4083,0.0
2021-04-01,20:00,HGJTBSC05,17900.0,17900_Dinga Lalamusa Road Gujrat,196.0,7900_Dinga Lalamusa Road Gujrat,GUJRANWALA_CLUSTER_01_Rural,100%,0.0,188.0,2.0,208.0,0.0,1487.0,52.0,58.0,0.0,23.0,5.1028,2.0,29944.0,31674.0,31506.0,31674.0,5.0,8.0,1487.0,1458.0,5.1028,100.0,338.0,338.0,5.0,1458.0,185.0,188.0,0.1819,0.1819,4.5664,0.054000000000000006,0.0,0.0,0.0084,4.5664,0.054000000000000006,0.0,0.0,0.0084,5.1028,2.0
2021-04-01,20:00,HGJTBSC05,27900.0,27900_Dinga Lalamusa Road Gujrat,195.0,7900_Dinga Lalamusa Road Gujrat,GUJRANWALA_CLUSTER_01_Rural,100%,0.0,86.0,1.0,110.0,0.0,1008.0,40.0,40.0,0.0,25.0,3.4347,1.0,21228.0,21828.0,21780.0,21828.0,4.0,5.0,1008.0,985.0,3.4347,100.0,160.0,161.0,4.0,985.0,85.0,86.0,0.1736,0.1736,4.5936,0.0187,0.0,0.0,0.008,4.5936,0.0187,0.0,0.0,0.008,3.4347,1.0
2021-04-01,20:00,HGJTBSC05,23679.0,23679_Kharian Dinga Road Gujrat,194.0,3679_Kharian Dinga Road Gujrat,GUJRANWALA_CLUSTER_01_Rural,100%,0.0,74.0,0.0,122.0,0.0,409.0,83.0,90.0,0.0,49.0,3.5708,0.0,23128.0,23776.0,23680.0,23776.0,1.0,1.0,409.0,405.0,3.5708,100.0,123.0,123.0,1.0,405.0,74.0,74.0,0.0,0.9326,4.7209,0.3644,0.0479,0.0,0.0,4.7209,0.3644,0.0479,0.0,0.0,3.5708,0.0
2021-04-01,20:00,HGJTBSC05,33679.0,33679_Kharian Dinga Road Gujrat,193.0,3679_Kharian Dinga Road Gujrat,GUJRANWALA_CLUSTER_01_Rural,100%,0.0,68.0,0.0,104.0,0.0,528.0,72.0,76.0,0.0,36.0,2.4056,0.0,15284.0,15652.0,15636.0,15652.0,1.0,1.0,528.0,524.0,2.4056,100.0,141.0,142.0,1.0,524.0,68.0,68.0,0.042,0.6723,5.9216,0.3644,0.0399,0.0027,0.0,5.9216,0.3644,0.0399,0.0027,0.0,2.4056,0.0
2021-04-01,20:00,HGJTBSC05,13679.0,13679_Kharian Dinga Road Gujrat,192.0,3679_Kharian Dinga Road Gujrat,GUJRANWALA_CLUSTER_01_Rural,100%,0.0,81.0,2.0,122.0,0.0,735.0,90.0,96.0,0.0,43.0,2.7083,2.0,15642.0,16406.0,16300.0,16406.0,2.0,3.0,735.0,726.0,2.7083,100.0,172.0,174.0,2.0,726.0,80.0,81.0,0.0,0.0,6.2261,0.1117,0.0,0.0,0.0,6.2261,0.1117,0.0,0.0,0.0,2.7083,2.0
2021-04-01,20:00,HGJTBSC05,23678.0,23678_Chanan Ghakhar Gujrat (3G-CI-3963),191.0,3678_Chanan Ghakhar Gujrat (3G-CI-3963),GUJRANWALA_CLUSTER_01_Rural,100%,0.0,133.0,2.0,195.0,0.0,714.0,117.0,121.0,0.0,63.0,5.1264,2.0,31746.0,32690.0,32606.0,32690.0,0.0,0.0,714.0,703.0,5.1264,100.0,232.0,235.0,0.0,703.0,133.0,133.0,0.0,0.0,6.2332,0.0912,0.0,0.0,0.0,6.2332,0.0912,0.0,0.0,0.0,5.1264,2.0
2021-04-01,20:00,HGJTBSC05,33678.0,33678_Chanan Ghakhar Gujrat (3G-CI-3963),190.0,3678_Chanan Ghakhar Gujrat (3G-CI-3963),GUJRANWALA_CLUSTER_01_Rural,100%,0.0,57.0,0.0,94.0,0.0,285.0,69.0,76.0,0.0,37.0,1.0514,0.0,5048.0,5344.0,5336.0,5344.0,1.0,1.0,285.0,278.0,1.0514,100.0,87.0,88.0,1.0,278.0,57.0,57.0,0.0611,0.3661,8.568,0.14400000000000002,0.0267,0.0053,0.0,8.568,0.14400000000000002,0.0267,0.0053,0.0,1.0514,0.0
2021-04-01,20:00,HGJTBSC05,23981.0,23981_Pandoaal Mandi Bahauddin,19.0,3981_Pandoaal Mandi Bahauddin,GUJRANWALA_CLUSTER_01_Rural,100%,0.0,47.0,0.0,111.0,0.0,148.0,129.0,130.0,0.0,64.0,3.3708,0.0,21618.0,22280.0,21670.0,22280.0,0.0,0.0,148.0,137.0,3.3708,100.0,86.0,94.0,0.0,137.0,47.0,47.0,0.0556,0.0556,4.7999,0.0,0.0,0.0,0.0027,4.7999,0.0,0.0,0.0,0.0027,3.3708,0.0
2021-04-01,20:00,HGJTBSC05,13678.0,13678_Chanan Ghakhar Gujrat (3G-CI-3963),189.0,3678_Chanan Ghakhar Gujrat (3G-CI-3963),GUJRANWALA_CLUSTER_01_Rural,100%,0.0,320.0,0.0,382.0,0.0,1170.0,126.0,129.0,0.0,63.0,8.3542,0.0,50058.0,50574.0,50500.0,50574.0,0.0,1.0,1170.0,1166.0,8.3542,100.0,500.0,501.0,0.0,1166.0,319.0,320.0,0.1887,1.4169999999999998,2.8957,0.155,0.038,0.0029,0.0029,2.8957,0.155,0.038,0.0029,0.0029,8.3542,0.0
2021-04-01,20:00,HGJTBSC05,23633.0,23633_Chak Jani Gujrat,185.0,3633_Chak Jani Gujrat,GUJRANWALA_CLUSTER_01_Rural,100%,0.0,24.0,1.0,51.0,0.0,119.0,51.0,52.0,0.0,28.0,1.5278,1.0,9708.0,10018.0,10008.0,10018.0,0.0,0.0,119.0,118.0,1.5278,100.0,39.0,40.0,0.0,118.0,24.0,24.0,0.055,0.275,4.7914,0.0535,0.0107,0.0027,0.0,4.7914,0.0535,0.0107,0.0027,0.0,1.5278,1.0
2021-04-01,20:00,HGJTBSC05,33633.0,33633_Chak Jani Gujrat,184.0,3633_Chak Jani Gujrat,GUJRANWALA_CLUSTER_01_Rural,100%,0.0,30.0,0.0,60.0,0.0,214.0,64.0,65.0,0.0,30.0,1.3153,0.0,8272.0,8334.0,8334.0,8334.0,0.0,0.0,214.0,214.0,1.3153,100.0,65.0,65.0,0.0,214.0,30.0,30.0,0.0,0.0588,4.5027,0.0348,0.0027,0.0,0.0,4.5027,0.0348,0.0027,0.0,0.0,1.3153,0.0
2021-04-01,20:00,HGJTBSC05,13633.0,13633_Chak Jani Gujrat,183.0,3633_Chak Jani Gujrat,GUJRANWALA_CLUSTER_01_Rural,100%,0.0,45.0,0.0,99.0,0.0,684.0,104.0,107.0,0.0,57.0,1.2639,0.0,7216.0,7292.0,7276.0,7292.0,3.0,6.0,684.0,650.0,1.2639,100.0,98.0,100.0,3.0,650.0,42.0,45.0,0.0,0.1581,8.0241,0.4198,0.0134,0.0,0.0,8.0241,0.4198,0.0134,0.0,0.0,1.2639,0.0
2021-04-01,20:00,HGJTBSC05,23617.0,23617_New Chalori Gujrat,182.0,3617_New Chalori Gujrat,GUJRANWALA_CLUSTER_01_Rural,100%,0.0,5.0,0.0,26.0,0.0,136.0,43.0,43.0,0.0,21.0,0.3486,0.0,2124.0,2130.0,2130.0,2130.0,0.0,0.0,136.0,134.0,0.3486,100.0,19.0,19.0,0.0,134.0,5.0,5.0,0.0,0.0,8.3988,0.0107,0.0,0.0,0.0,8.3988,0.0107,0.0,0.0,0.0,0.3486,0.0
2021-04-01,20:00,HGJTBSC05,13617.0,13617_New Chalori Gujrat,181.0,3617_New Chalori Gujrat,GUJRANWALA_CLUSTER_01_Rural,100%,0.0,66.0,4.0,89.0,0.0,537.0,60.0,65.0,0.0,28.0,1.5903,4.0,7942.0,8850.0,8728.0,8850.0,0.0,5.0,537.0,530.0,1.5903,100.0,145.0,147.0,0.0,530.0,61.0,66.0,0.6031,6.1636,3.2910000000000004,0.4946,0.2243,0.0189,0.0054,3.2910000000000004,0.4946,0.2243,0.0189,0.0054,1.5903,4.0
2021-04-01,20:00,HGJTBSC05,33617.0,33617_New Chalori Gujrat,180.0,3617_New Chalori Gujrat,GUJRANWALA_CLUSTER_01_Rural,100%,0.0,55.0,0.0,97.0,0.0,278.0,86.0,87.0,0.0,42.0,2.5069,0.0,15558.0,15976.0,15832.0,15976.0,0.0,0.0,278.0,273.0,2.5069,100.0,93.0,93.0,0.0,273.0,55.0,55.0,0.0,0.0,5.6269,0.0334,0.0,0.0,0.0,5.6269,0.0334,0.0,0.0,0.0,2.5069,0.0
2021-04-01,20:00,HGJTBSC05,13981.0,13981_Pandoaal Mandi Bahauddin,18.0,3981_Pandoaal Mandi Bahauddin,GUJRANWALA_CLUSTER_01_Rural,100%,0.0,46.0,0.0,50.0,0.0,190.0,9.0,10.0,0.0,6.0,1.575,0.0,9864.0,10108.0,10044.0,10108.0,0.0,1.0,190.0,187.0,1.575,100.0,97.0,100.0,0.0,187.0,45.0,46.0,0.0,0.0,3.8653,0.0027,0.0,0.0,0.0,3.8653,0.0027,0.0,0.0,0.0,1.575,0.0
2021-04-01,20:00,HGJTBSC05,37903.0,37903_Waraicha Wala Gujrat (3G-CI-2010),179.0,7903_Waraicha Wala Gujrat (3G-CI-2010),GUJRANWALA_CLUSTER_01_Rural,100%,0.0,135.0,3.0,156.0,0.0,369.0,67.0,69.0,0.0,22.0,2.9611,3.0,16895.0,17758.0,17679.0,17758.0,0.0,1.0,369.0,359.0,2.9611,100.0,198.0,207.0,0.0,359.0,134.0,135.0,0.0,0.0474,5.6267,0.0,0.0027,0.0,0.0,5.6267,0.0,0.0027,0.0,0.0,2.9611,3.0
2021-04-01,20:00,HGJTBSC05,27903.0,27903_Waraicha Wala Gujrat (3G-CI-2010),178.0,7903_Waraicha Wala Gujrat (3G-CI-2010),GUJRANWALA_CLUSTER_01_Rural,100%,0.0,52.0,2.0,100.0,0.0,473.0,120.0,121.0,0.0,48.0,1.0403,2.0,5290.0,5919.0,5822.0,5919.0,0.0,0.0,473.0,466.0,1.0403,100.0,170.0,175.0,0.0,466.0,52.0,52.0,0.0,0.0,7.624,0.0827,0.0,0.0,0.0,7.624,0.0827,0.0,0.0,0.0,1.0403,2.0
2021-04-01,20:00,HGJTBSC05,17903.0,17903_Waraicha Wala Gujrat (3G-CI-2010),177.0,7903_Waraicha Wala Gujrat (3G-CI-2010),GUJRANWALA_CLUSTER_01_Rural,100%,0.0,403.0,1.0,618.0,0.0,2770.0,343.0,357.0,0.0,216.0,17.2264,1.0,109716.0,111130.0,110400.0,111130.0,0.0,2.0,2770.0,2768.0,17.2264,100.0,595.0,595.0,0.0,2768.0,401.0,403.0,0.9689,5.2086,3.4724,1.1502,0.2068,0.023,0.0243,3.4724,1.1502,0.2068,0.023,0.0243,17.2264,1.0
2021-04-01,20:00,HGJTBSC05,33676.0,33676_Dinga Gujrat (3G-CI-3948),176.0,3676_Dinga Gujrat (3G-CI-3948),GUJRANWALA_CLUSTER_01_Rural,100%,0.0,68.0,0.0,234.0,0.0,649.0,329.0,331.0,0.0,168.0,4.0778,0.0,24332.0,24634.0,24226.0,24634.0,0.0,1.0,649.0,647.0,4.0778,100.0,126.0,126.0,0.0,647.0,67.0,68.0,0.1408,1.281,12.0192,0.5377,0.145,0.0179,0.0,12.0192,0.5377,0.145,0.0179,0.0,4.0778,0.0
2021-04-01,20:00,HGJTBSC05,23676.0,23676_Dinga Gujrat (3G-CI-3948),175.0,3676_Dinga Gujrat (3G-CI-3948),GUJRANWALA_CLUSTER_01_Rural,100%,0.0,242.0,0.0,503.0,0.0,1506.0,520.0,524.0,0.0,261.0,9.7306,0.0,58240.0,58300.0,58192.0,58300.0,1.0,1.0,1506.0,1484.0,9.7306,100.0,401.0,403.0,1.0,1484.0,242.0,242.0,0.0128,0.0513,26.2773,0.2989,0.0102,0.0034,0.0,26.2773,0.2989,0.0102,0.0034,0.0,9.7306,0.0
2021-04-01,20:00,HGJTBSC05,13676.0,13676_Dinga Gujrat (3G-CI-3948),174.0,3676_Dinga Gujrat (3G-CI-3948),GUJRANWALA_CLUSTER_01_Rural,100%,0.0,186.0,3.0,368.0,0.0,824.0,371.0,388.0,0.0,183.0,5.8111,3.0,33404.0,34782.0,34108.0,34782.0,0.0,0.0,824.0,798.0,5.8111,100.0,279.0,284.0,0.0,798.0,186.0,186.0,1.7161,7.3096,2.1229,1.3468,0.2094,0.0363,0.0279,2.1229,1.3468,0.2094,0.0363,0.0279,5.8111,3.0
2021-04-01,20:00,HGJTBSC05,37937.0,37937_Sheikhu Chak Gujrat (3G-CI-2013),173.0,7937_Sheikhu Chak Gujrat (3G-CI-2013),GUJRANWALA_CLUSTER_01_Rural,100%,0.0,33.0,0.0,47.0,0.0,253.0,34.0,37.0,0.0,15.0,0.7056,0.0,3742.0,3944.0,3902.0,3944.0,0.0,1.0,253.0,251.0,0.7056,100.0,53.0,55.0,0.0,251.0,32.0,33.0,0.0,0.1993,9.1866,0.1521,0.0187,0.0,0.0,9.1866,0.1521,0.0187,0.0,0.0,0.7056,0.0
2021-04-01,20:00,HGJTBSC05,27937.0,27937_Sheikhu Chak Gujrat (3G-CI-2013),172.0,7937_Sheikhu Chak Gujrat (3G-CI-2013),GUJRANWALA_CLUSTER_01_Rural,100%,0.0,240.0,0.0,316.0,0.0,1460.0,144.0,147.0,0.0,77.0,8.9125,0.0,55992.0,56722.0,56638.0,56722.0,0.0,1.0,1460.0,1446.0,8.9125,100.0,437.0,447.0,0.0,1446.0,239.0,240.0,0.0,0.6234,3.2636,0.1238,0.0213,0.0,0.0,3.2636,0.1238,0.0213,0.0,0.0,8.9125,0.0
2021-04-01,20:00,HGJTBSC05,17937.0,17937_Sheikhu Chak Gujrat (3G-CI-2013),171.0,7937_Sheikhu Chak Gujrat (3G-CI-2013),GUJRANWALA_CLUSTER_01_Rural,100%,0.0,227.0,3.0,305.0,0.0,1340.0,169.0,177.0,0.0,86.0,8.0208,3.0,49564.0,50716.0,50378.0,50716.0,1.0,2.0,1340.0,1321.0,8.0208,100.0,328.0,336.0,1.0,1321.0,226.0,227.0,0.1299,3.2021,4.981,1.0485,0.1914,0.0054,0.0027,4.981,1.0485,0.1914,0.0054,0.0027,8.0208,3.0
2021-04-01,20:00,HGJTBSC05,33630.0,33630_Amra Kalan Mandi Bahauddin (3G-CI-3909),170.0,3630_Amra Kalan Mandi Bahauddin (3G-CI-3909),GUJRANWALA_CLUSTER_01_Rural,100%,0.0,56.0,0.0,88.0,0.0,171.0,53.0,54.0,0.0,32.0,2.4625,0.0,15852.0,16130.0,16122.0,16130.0,0.0,0.0,171.0,167.0,2.4625,100.0,87.0,89.0,0.0,167.0,56.0,56.0,0.0,0.1819,5.7974,0.024,0.0106,0.0,0.0,5.7974,0.024,0.0106,0.0,0.0,2.4625,0.0
2021-04-01,20:00,HGJTBSC05,37851.0,37851_Qader Pull Mandi Bahauddin,17.0,7851_Qader Pull Mandi Bahauddin,GUJRANWALA_CLUSTER_01_Rural,100%,0.0,28.0,2.0,28.0,0.0,167.0,1.0,2.0,0.0,1.0,1.1042,2.0,7296.0,7304.0,7024.0,7304.0,0.0,1.0,167.0,160.0,1.1042,100.0,57.0,63.0,0.0,160.0,27.0,28.0,0.0,0.0,9.8679,0.0,0.0,0.0,0.0,9.8679,0.0,0.0,0.0,0.0,1.1042,2.0
2021-04-01,20:00,HGJTBSC05,23630.0,23630_Amra Kalan Mandi Bahauddin (3G-CI-3909),169.0,3630_Amra Kalan Mandi Bahauddin (3G-CI-3909),GUJRANWALA_CLUSTER_01_Rural,100%,0.0,439.0,2.0,496.0,0.0,2323.0,127.0,137.0,0.0,64.0,13.5181,2.0,81040.0,81640.0,81404.0,81640.0,0.0,6.0,2323.0,2316.0,13.5181,100.0,663.0,665.0,0.0,2316.0,433.0,439.0,0.1368,0.3458,21.29,0.6223,0.046,0.0301,0.0,21.29,0.6223,0.046,0.0301,0.0,13.5181,2.0
2021-04-01,20:00,HGJTBSC05,13630.0,13630_Amra Kalan Mandi Bahauddin (3G-CI-3909),168.0,3630_Amra Kalan Mandi Bahauddin (3G-CI-3909),GUJRANWALA_CLUSTER_01_Rural,100%,0.0,81.0,7.0,105.0,0.0,854.0,47.0,48.0,0.0,24.0,3.4069,7.0,20054.0,20962.0,19846.0,20962.0,0.0,0.0,854.0,832.0,3.4069,100.0,123.0,126.0,0.0,832.0,81.0,81.0,0.1813,0.4229,8.4383,0.2828,0.0212,0.0132,0.0027,8.4383,0.2828,0.0212,0.0132,0.0027,3.4069,7.0
2021-04-01,20:00,HGJTBSC05,37834.0,37834_Ranmal Shareef Mandi Bahauddin,167.0,7834_Ranmal Shareef Mandi Bahauddin,GUJRANWALA_CLUSTER_01_Rural,100%,0.0,25.0,0.0,27.0,0.0,2619.0,6.0,7.0,0.0,2.0,0.8792,0.0,5690.0,5708.0,5212.0,5708.0,0.0,0.0,2619.0,2613.0,0.8792,100.0,108.0,110.0,0.0,2613.0,25.0,25.0,0.0377,0.0377,7.0773,0.0,0.0,0.0,0.0027,7.0773,0.0,0.0,0.0,0.0027,0.8792,0.0
2021-04-01,20:00,HGJTBSC05,27834.0,27834_Ranmal Shareef Mandi Bahauddin,166.0,7834_Ranmal Shareef Mandi Bahauddin,GUJRANWALA_CLUSTER_01_Rural,100%,0.0,30.0,0.0,35.0,0.0,176.0,9.0,10.0,0.0,6.0,0.9264,0.0,5506.0,5544.0,5256.0,5544.0,0.0,0.0,176.0,170.0,0.9264,100.0,94.0,94.0,0.0,170.0,30.0,30.0,0.1305,0.1305,2.7947,1.2907,0.0,0.0,0.0053,2.7947,1.2907,0.0,0.0,0.0053,0.9264,0.0
2021-04-01,20:00,HGJTBSC05,17834.0,17834_Ranmal Shareef Mandi Bahauddin,165.0,7834_Ranmal Shareef Mandi Bahauddin,GUJRANWALA_CLUSTER_01_Rural,100%,0.0,26.0,0.0,34.0,0.0,226.0,17.0,17.0,0.0,8.0,1.1875,0.0,7878.0,7920.0,7894.0,7920.0,1.0,1.0,226.0,224.0,1.1875,100.0,104.0,106.0,1.0,224.0,26.0,26.0,0.1192,0.159,6.6933,0.008,0.0027,0.008,0.0,6.6933,0.008,0.0027,0.008,0.0,1.1875,0.0
2021-04-01,20:00,HGJTBSC05,37833.0,37833_Jano Chak Mandi Bahauddin,164.0,7833_Jano Chak Mandi Bahauddin,GUJRANWALA_CLUSTER_01_Rural,100%,0.0,40.0,0.0,57.0,0.0,147.0,30.0,30.0,0.0,17.0,2.3375,0.0,15778.0,15778.0,15758.0,15778.0,0.0,0.0,147.0,144.0,2.3375,100.0,60.0,63.0,0.0,144.0,40.0,40.0,0.0,0.0487,5.4332,0.0428,0.0027,0.0,0.0,5.4332,0.0428,0.0027,0.0,0.0,2.3375,0.0
2021-04-01,20:00,HGJTBSC05,27833.0,27833_Jano Chak Mandi Bahauddin,163.0,7833_Jano Chak Mandi Bahauddin,GUJRANWALA_CLUSTER_01_Rural,100%,0.0,14.0,0.0,39.0,0.0,59.0,51.0,51.0,0.0,25.0,1.0042,0.0,6804.0,6804.0,6804.0,6804.0,0.0,0.0,59.0,57.0,1.0042,100.0,25.0,25.0,0.0,57.0,14.0,14.0,0.0,0.0,8.3021,0.008,0.0,0.0,0.0,8.3021,0.008,0.0,0.0,0.0,1.0042,0.0
2021-04-01,20:00,HGJTBSC05,17833.0,17833_Jano Chak Mandi Bahauddin,162.0,7833_Jano Chak Mandi Bahauddin,GUJRANWALA_CLUSTER_01_Rural,100%,0.0,34.0,0.0,46.0,0.0,175.0,22.0,22.0,0.0,12.0,1.65,0.0,10918.0,10932.0,10854.0,10932.0,0.0,0.0,175.0,175.0,1.65,100.0,88.0,88.0,0.0,175.0,34.0,34.0,0.0428,0.1285,6.115,0.1177,0.0054,0.0,0.0027,6.115,0.1177,0.0054,0.0,0.0027,1.65,0.0
2021-04-01,20:00,HGJTBSC05,37826.0,37826_Gujrat Road Mandi Bahauddin,161.0,7826_Gujrat Road Mandi Bahauddin,GUJRANWALA_CLUSTER_01_Rural,100%,0.0,57.0,0.0,78.0,0.0,307.0,45.0,46.0,0.0,22.0,1.8681,0.0,11492.0,11712.0,11334.0,11712.0,0.0,1.0,307.0,301.0,1.8681,100.0,138.0,140.0,0.0,301.0,56.0,57.0,0.0455,0.0455,5.8048,0.0642,0.0,0.0,0.0027,5.8048,0.0642,0.0,0.0,0.0027,1.8681,0.0
2021-04-01,20:00,HGJTBSC05,27826.0,27826_Gujrat Road Mandi Bahauddin,160.0,7826_Gujrat Road Mandi Bahauddin,GUJRANWALA_CLUSTER_01_Rural,100%,0.0,86.0,0.0,103.0,0.0,415.0,32.0,38.0,0.0,22.0,1.8194,0.0,10562.0,10642.0,10532.0,10642.0,2.0,2.0,415.0,407.0,1.8194,100.0,253.0,253.0,2.0,407.0,86.0,86.0,0.0977,0.1467,5.4341,0.0027,0.0027,0.0,0.0053,5.4341,0.0027,0.0027,0.0,0.0053,1.8194,0.0
2021-04-01,20:00,HGJTBSC05,27851.0,27851_Qader Pull Mandi Bahauddin,16.0,7851_Qader Pull Mandi Bahauddin,GUJRANWALA_CLUSTER_01_Rural,100%,0.0,19.0,0.0,22.0,0.0,367.0,4.0,4.0,0.0,3.0,0.7389,0.0,4592.0,4594.0,4550.0,4594.0,0.0,0.0,367.0,366.0,0.7389,100.0,26.0,26.0,0.0,366.0,19.0,19.0,0.0,0.0369,7.1349,0.0529,0.0027,0.0,0.0,7.1349,0.0529,0.0027,0.0,0.0,0.7389,0.0
2021-04-01,20:00,HGJTBSC05,17826.0,17826_Gujrat Road Mandi Bahauddin,159.0,7826_Gujrat Road Mandi Bahauddin,GUJRANWALA_CLUSTER_01_Rural,100%,0.0,28.0,0.0,54.0,0.0,120.0,54.0,54.0,0.0,26.0,1.2181,0.0,8080.0,8082.0,8078.0,8082.0,0.0,0.0,120.0,120.0,1.2181,100.0,83.0,83.0,0.0,120.0,28.0,28.0,0.0,0.0,3.9977,0.008,0.0,0.0,0.0,3.9977,0.008,0.0,0.0,0.0,1.2181,0.0
2021-04-01,20:00,HGJTBSC05,37827.0,37827_Heilan Mandi Bahauddin,158.0,7827_Heilan Mandi Bahauddin,GUJRANWALA_CLUSTER_01_Rural,100%,0.0,102.0,0.0,119.0,0.0,278.0,31.0,31.0,0.0,17.0,4.4569,0.0,29058.0,29070.0,29068.0,29070.0,0.0,0.0,278.0,277.0,4.4569,100.0,160.0,160.0,0.0,277.0,102.0,102.0,0.0,0.0,5.5713,0.0108,0.0,0.0,0.0,5.5713,0.0108,0.0,0.0,0.0,4.4569,0.0
2021-04-01,20:00,HGJTBSC05,27827.0,27827_Heilan Mandi Bahauddin,157.0,7827_Heilan Mandi Bahauddin,GUJRANWALA_CLUSTER_01_Rural,100%,0.0,30.0,0.0,38.0,0.0,85.0,17.0,17.0,0.0,8.0,1.4958,0.0,9922.0,10028.0,10012.0,10028.0,0.0,0.0,85.0,85.0,1.4958,100.0,48.0,48.0,0.0,85.0,30.0,30.0,0.0,0.0231,11.48,0.0827,0.0027,0.0,0.0,11.48,0.0827,0.0027,0.0,0.0,1.4958,0.0
2021-04-01,20:00,HGJTBSC05,17827.0,17827_Heilan Mandi Bahauddin,156.0,7827_Heilan Mandi Bahauddin,GUJRANWALA_CLUSTER_01_Rural,100%,0.0,113.0,1.0,132.0,0.0,244.0,42.0,43.0,0.0,19.0,1.9694,1.0,10602.0,10754.0,10748.0,10754.0,0.0,0.0,244.0,243.0,1.9694,100.0,148.0,149.0,0.0,243.0,113.0,113.0,0.0,0.9799,5.6449,0.1057,0.0569,0.0,0.0,5.6449,0.1057,0.0569,0.0,0.0,1.9694,1.0
2021-04-01,20:00,HGJTBSC05,33680.0,33680_Sandanwala Mandi Bahauddin,152.0,3680_Sandanwala Mandi Bahauddin,GUJRANWALA_CLUSTER_01_Rural,100%,0.0,102.0,1.0,111.0,0.0,334.0,16.0,16.0,0.0,8.0,2.2472,1.0,13524.0,13915.0,13752.0,13915.0,1.0,2.0,334.0,328.0,2.2472,100.0,164.0,164.0,1.0,328.0,101.0,102.0,0.0,0.1564,6.6693,0.1413,0.0107,0.0,0.0,6.6693,0.1413,0.0107,0.0,0.0,2.2472,1.0
2021-04-01,20:00,HGJTBSC05,23680.0,23680_Sandanwala Mandi Bahauddin,151.0,3680_Sandanwala Mandi Bahauddin,GUJRANWALA_CLUSTER_01_Rural,100%,2.0,39.0,1.0,64.0,0.0,207.0,46.0,51.0,10.0,37.0,1.8889,1.0,11451.0,11974.0,11785.0,11974.0,0.0,0.0,207.0,206.0,1.8889,100.0,91.0,91.0,0.0,206.0,37.0,39.0,0.0,0.0656,8.056000000000001,0.0667,0.0053,0.0,0.0,8.056000000000001,0.0667,0.0053,0.0,0.0,1.8889,1.0
2021-04-01,20:00,HGJTBSC05,13680.0,13680_Sandanwala Mandi Bahauddin,150.0,3680_Sandanwala Mandi Bahauddin,GUJRANWALA_CLUSTER_01_Rural,100%,0.0,18.0,1.0,35.0,0.0,99.0,29.0,30.0,0.0,16.0,0.2417,1.0,800.0,947.0,919.0,947.0,0.0,0.0,99.0,91.0,0.2417,100.0,26.0,26.0,0.0,91.0,18.0,18.0,0.0,0.1444,9.0648,0.1628,0.0133,0.0,0.0,9.0648,0.1628,0.0133,0.0,0.0,0.2417,1.0
2021-04-01,20:00,HGJTBSC05,17851.0,17851_Qader Pull Mandi Bahauddin,15.0,7851_Qader Pull Mandi Bahauddin,GUJRANWALA_CLUSTER_01_Rural,100%,0.0,34.0,0.0,53.0,0.0,326.0,37.0,39.0,0.0,19.0,1.35,0.0,8534.0,8748.0,8686.0,8748.0,0.0,0.0,326.0,325.0,1.35,100.0,106.0,106.0,0.0,325.0,34.0,34.0,0.0,0.0,7.7804,0.0212,0.0,0.0,0.0,7.7804,0.0212,0.0,0.0,0.0,1.35,0.0
2021-04-01,20:00,HGJTBSC05,11138.0,CI-1138-1_Wapda Colony Mandi Bahauddin (3G-CI-3986),148.0,CI-1138_Wapda Colony Mandi Bahauddin (3G-CI-3986),GUJRANWALA_CLUSTER_01_Rural,100%,0.0,72.0,1.0,337.0,0.0,716.0,488.0,495.0,0.0,267.0,8.1944,1.0,53050.0,53574.0,53420.0,53574.0,0.0,1.0,716.0,707.0,8.1944,100.0,123.0,123.0,0.0,707.0,71.0,72.0,0.0134,0.2427,19.8598,0.1928,0.0461,0.0027,0.0,19.8598,0.1928,0.0461,0.0027,0.0,8.1944,1.0
2021-04-01,20:00,HGJTBSC05,31163.0,CI-1163-3_Kang Channan Gujrat,147.0,CI-1163_Kang Channan Gujrat,GUJRANWALA_CLUSTER_01_Rural,100%,0.0,55.0,0.0,64.0,0.0,218.0,16.0,16.0,0.0,9.0,1.5,0.0,8722.0,8746.0,8488.0,8746.0,0.0,0.0,218.0,218.0,1.5,100.0,82.0,82.0,0.0,218.0,55.0,55.0,0.3253,0.4472,6.419,0.0237,0.0079,0.0079,0.0132,6.419,0.0237,0.0079,0.0079,0.0132,1.5,0.0
2021-04-01,20:00,HGJTBSC05,27942.0,27942_Dhok Murad Mandi Bahauddin,146.0,7942_Dhok Murad Mandi Bahauddin,GUJRANWALA_CLUSTER_01_Rural,100%,0.0,19.0,0.0,41.0,0.0,51.0,45.0,47.0,0.0,22.0,1.5444,0.0,10302.0,10484.0,10478.0,10484.0,0.0,0.0,51.0,51.0,1.5444,100.0,29.0,29.0,0.0,51.0,19.0,19.0,0.0,0.077,6.8870000000000005,0.0186,0.0053,0.0,0.0,6.8870000000000005,0.0186,0.0053,0.0,0.0,1.5444,0.0
2021-04-01,20:00,HGJTBSC05,37942.0,37942_Dhok Murad Mandi Bahauddin,145.0,7942_Dhok Murad Mandi Bahauddin,GUJRANWALA_CLUSTER_01_Rural,100%,0.0,38.0,0.0,56.0,0.0,114.0,33.0,34.0,0.0,18.0,1.9556,0.0,11788.0,12360.0,12338.0,12360.0,0.0,0.0,114.0,113.0,1.9556,100.0,53.0,53.0,0.0,113.0,38.0,38.0,0.0901,0.0901,5.875,0.0213,0.0,0.0,0.0053,5.875,0.0213,0.0,0.0,0.0053,1.9556,0.0
2021-04-01,20:00,HGJTBSC05,17942.0,17942_Dhok Murad Mandi Bahauddin,144.0,7942_Dhok Murad Mandi Bahauddin,GUJRANWALA_CLUSTER_01_Rural,100%,0.0,36.0,0.0,53.0,0.0,107.0,26.0,30.0,0.0,17.0,1.4194,0.0,7608.0,7860.0,7814.0,7860.0,1.0,1.0,107.0,104.0,1.4194,100.0,41.0,44.0,1.0,104.0,36.0,36.0,0.0407,0.2037,6.2846,0.2314,0.0106,0.0027,0.0,6.2846,0.2314,0.0106,0.0027,0.0,1.4194,0.0
2021-04-01,20:00,HGJTBSC05,21163.0,CI-1163-2_Kang Channan Gujrat,143.0,CI-1163_Kang Channan Gujrat,GUJRANWALA_CLUSTER_01_Rural,100%,0.0,56.0,1.0,106.0,0.0,192.0,99.0,103.0,0.0,50.0,2.4458,1.0,16368.0,16388.0,16368.0,16388.0,0.0,0.0,192.0,178.0,2.4458,100.0,139.0,147.0,0.0,178.0,56.0,56.0,0.0975,0.1462,5.403,0.0265,0.0027,0.0027,0.0027,5.403,0.0265,0.0027,0.0027,0.0027,2.4458,1.0
2021-04-01,20:00,HGJTBSC05,11163.0,CI-1163-1_Kang Channan Gujrat,142.0,CI-1163_Kang Channan Gujrat,GUJRANWALA_CLUSTER_01_Rural,100%,0.0,10.0,0.0,16.0,0.0,55.0,9.0,11.0,0.0,6.0,0.4944,0.0,3260.0,3260.0,3250.0,3260.0,0.0,0.0,55.0,51.0,0.4944,100.0,23.0,23.0,0.0,51.0,10.0,10.0,0.0,0.1197,6.6075,0.0185,0.0079,0.0,0.0,6.6075,0.0185,0.0079,0.0,0.0,0.4944,0.0
2021-04-01,20:00,HGJTBSC05,33624.0,33624_Exchange Dinga Gujrat (3G-CI-2103),140.0,3624_Exchange Dinga Gujrat (3G-CI-2103),GUJRANWALA_CLUSTER_01_Rural,100%,0.0,53.0,0.0,175.0,0.0,487.0,202.0,205.0,0.0,123.0,3.9917,0.0,26272.0,26330.0,26312.0,26330.0,0.0,0.0,487.0,486.0,3.9917,100.0,270.0,270.0,0.0,486.0,53.0,53.0,0.4413,1.6543,2.6178,0.1258,0.0338,0.0123,0.0,2.6178,0.1258,0.0338,0.0123,0.0,3.9917,0.0
2021-04-01,20:00,HGJTBSC05,33690.0,33690_Gojra Mandi Bahauddin,14.0,3690_Gojra Mandi Bahauddin,GUJRANWALA_CLUSTER_01_Rural,100%,0.0,87.0,0.0,102.0,0.0,257.0,34.0,35.0,0.0,15.0,2.5736,0.0,14922.0,14996.0,14904.0,14996.0,0.0,0.0,257.0,253.0,2.5736,100.0,140.0,140.0,0.0,253.0,87.0,87.0,0.0,0.0,3.5194,0.0249,0.0,0.0,0.0,3.5194,0.0249,0.0,0.0,0.0,2.5736,0.0
2021-04-01,20:00,HGJTBSC05,23624.0,23624_Exchange Dinga Gujrat (3G-CI-2103),139.0,3624_Exchange Dinga Gujrat (3G-CI-2103),GUJRANWALA_CLUSTER_01_Rural,100%,0.0,165.0,2.0,284.0,0.0,860.0,257.0,274.0,0.0,132.0,4.8069,2.0,27080.0,27366.0,27218.0,27366.0,1.0,4.0,860.0,845.0,4.8069,100.0,242.0,244.0,1.0,845.0,162.0,165.0,1.9742,4.1977,6.9828,0.7290000000000001,0.179,0.0889,0.07,6.9828,0.7290000000000001,0.179,0.0889,0.07,4.8069,2.0
2021-04-01,20:00,HGJTBSC05,13624.0,13624_Exchange Dinga Gujrat (3G-CI-2103),138.0,3624_Exchange Dinga Gujrat (3G-CI-2103),GUJRANWALA_CLUSTER_01_Rural,100%,0.0,66.0,1.0,157.0,0.0,325.0,172.0,175.0,0.0,93.0,4.15,1.0,27182.0,27434.0,27424.0,27434.0,0.0,1.0,325.0,323.0,4.15,100.0,112.0,112.0,0.0,323.0,65.0,66.0,0.0245,0.0245,10.8638,0.0347,0.0,0.0027,0.0,10.8638,0.0347,0.0,0.0027,0.0,4.15,1.0
2021-04-01,20:00,HGJTBSC05,37913.0,37913_Noor Jamal Gujrat (3G-CI-3932),137.0,7913_Noor Jamal Gujrat (3G-CI-3932),GUJRANWALA_CLUSTER_01_Rural,100%,0.0,222.0,0.0,254.0,0.0,749.0,67.0,74.0,0.0,34.0,5.2889,0.0,30800.0,31574.0,31186.0,31574.0,1.0,4.0,749.0,747.0,5.2889,100.0,341.0,342.0,1.0,747.0,219.0,222.0,0.10300000000000001,0.20600000000000002,7.9359,0.1043,0.0083,0.0,0.0083,7.9359,0.1043,0.0083,0.0,0.0083,5.2889,0.0
2021-04-01,20:00,HGJTBSC05,27913.0,27913_Noor Jamal Gujrat (3G-CI-3932),136.0,7913_Noor Jamal Gujrat (3G-CI-3932),GUJRANWALA_CLUSTER_01_Rural,100%,0.0,184.0,3.0,327.0,0.0,706.0,289.0,294.0,0.0,146.0,7.1097,3.0,44156.0,44660.0,44450.0,44660.0,0.0,3.0,706.0,696.0,7.1097,100.0,278.0,279.0,0.0,696.0,181.0,184.0,0.1698,1.0798,3.4279,0.0607,0.0321,0.0,0.006,3.4279,0.0607,0.0321,0.0,0.006,7.1097,3.0
2021-04-01,20:00,HGJTBSC05,17913.0,17913_Noor Jamal Gujrat (3G-CI-3932),135.0,7913_Noor Jamal Gujrat (3G-CI-3932),GUJRANWALA_CLUSTER_01_Rural,100%,0.0,292.0,1.0,362.0,0.0,1102.0,143.0,149.0,0.0,80.0,8.7514,1.0,53326.0,53872.0,52774.0,53872.0,3.0,11.0,1102.0,1090.0,8.7514,100.0,481.0,489.0,3.0,1090.0,284.0,292.0,0.0,0.0,8.291,0.0,0.0,0.0,0.0,8.291,0.0,0.0,0.0,0.0,8.7514,1.0
2021-04-01,20:00,HGJTBSC05,37945.0,37945_Marala Mandi Bahauddin (3G-CI-2209),134.0,7945_Marala Mandi Bahauddin (3G-CI-2209),GUJRANWALA_CLUSTER_01_Rural,100%,0.0,41.0,0.0,64.0,0.0,132.0,33.0,38.0,0.0,23.0,1.7486,0.0,11562.0,11566.0,11566.0,11566.0,0.0,0.0,132.0,130.0,1.7486,100.0,54.0,54.0,0.0,130.0,41.0,41.0,0.0,0.1128,6.9307,0.1357,0.008,0.0,0.0,6.9307,0.1357,0.008,0.0,0.0,1.7486,0.0
2021-04-01,20:00,HGJTBSC05,27945.0,27945_Marala Mandi Bahauddin (3G-CI-2209),133.0,7945_Marala Mandi Bahauddin (3G-CI-2209),GUJRANWALA_CLUSTER_01_Rural,100%,0.0,22.0,0.0,39.0,0.0,75.0,40.0,40.0,0.0,17.0,0.7278,0.0,4602.0,4786.0,4786.0,4786.0,0.0,0.0,75.0,75.0,0.7278,100.0,48.0,48.0,0.0,75.0,22.0,22.0,0.0,0.0,8.7116,0.024,0.0,0.0,0.0,8.7116,0.024,0.0,0.0,0.0,0.7278,0.0
2021-04-01,20:00,HGJTBSC05,17945.0,17945_Marala Mandi Bahauddin (3G-CI-2209),132.0,7945_Marala Mandi Bahauddin (3G-CI-2209),GUJRANWALA_CLUSTER_01_Rural,100%,0.0,18.0,1.0,32.0,0.0,97.0,30.0,30.0,0.0,14.0,1.0986,1.0,5826.0,6714.0,6584.0,6714.0,1.0,1.0,97.0,92.0,1.0986,100.0,38.0,38.0,1.0,92.0,18.0,18.0,0.1588,0.7676,9.3573,0.64,0.0613,0.016,0.0,9.3573,0.64,0.0613,0.016,0.0,1.0986,1.0
2021-04-01,20:00,HGJTBSC05,37947.0,37947_Lala Pandi Mandi Bahauddin,131.0,7947_Lala Pandi Mandi Bahauddin,GUJRANWALA_CLUSTER_01_Rural,100%,0.0,45.0,0.0,61.0,0.0,430.0,44.0,45.0,0.0,18.0,0.8708,0.0,5140.0,5150.0,5146.0,5150.0,1.0,3.0,430.0,421.0,0.8708,100.0,139.0,139.0,1.0,421.0,43.0,45.0,0.0,0.0,4.0749,0.016,0.0,0.0,0.0,4.0749,0.016,0.0,0.0,0.0,0.8708,0.0
2021-04-01,20:00,HGJTBSC05,27947.0,27947_Lala Pandi Mandi Bahauddin,130.0,7947_Lala Pandi Mandi Bahauddin,GUJRANWALA_CLUSTER_01_Rural,100%,0.0,26.0,0.0,52.0,0.0,133.0,45.0,46.0,0.0,26.0,1.0278,0.0,6278.0,6312.0,6308.0,6312.0,0.0,0.0,133.0,132.0,1.0278,100.0,41.0,42.0,0.0,132.0,26.0,26.0,0.0,0.034,7.7704,0.0829,0.0027,0.0,0.0,7.7704,0.0829,0.0027,0.0,0.0,1.0278,0.0
2021-04-01,20:00,HGJTBSC05,23690.0,23690_Gojra Mandi Bahauddin,13.0,3690_Gojra Mandi Bahauddin,GUJRANWALA_CLUSTER_01_Rural,100%,0.0,41.0,0.0,45.0,0.0,95.0,11.0,11.0,0.0,4.0,1.5667,0.0,10104.0,10160.0,9948.0,10160.0,0.0,0.0,95.0,94.0,1.5667,100.0,63.0,63.0,0.0,94.0,41.0,41.0,0.0,0.0,7.5947,0.0,0.0,0.0,0.0,7.5947,0.0,0.0,0.0,0.0,1.5667,0.0
2021-04-01,20:00,HGJTBSC05,17947.0,17947_Lala Pandi Mandi Bahauddin,129.0,7947_Lala Pandi Mandi Bahauddin,GUJRANWALA_CLUSTER_01_Rural,100%,0.0,35.0,0.0,51.0,0.0,98.0,27.0,28.0,0.0,16.0,0.9389,0.0,5728.0,5730.0,5730.0,5730.0,0.0,0.0,98.0,96.0,0.9389,100.0,64.0,66.0,0.0,96.0,35.0,35.0,0.1151,0.1727,9.0267,0.24600000000000002,0.0054,0.0027,0.008,9.0267,0.24600000000000002,0.0054,0.0027,0.008,0.9389,0.0
2021-04-01,20:00,HGJTBSC05,37829.0,37829_Jukalian Mandi Bahauddin,128.0,7829_Jukalian Mandi Bahauddin,GUJRANWALA_CLUSTER_01_Rural,100%,0.0,45.0,0.0,49.0,0.0,174.0,9.0,9.0,0.0,4.0,1.4542,0.0,9232.0,9232.0,9222.0,9232.0,0.0,0.0,174.0,174.0,1.4542,100.0,120.0,120.0,0.0,174.0,45.0,45.0,0.0318,0.0318,8.392000000000001,0.0,0.0,0.0,0.0027,8.392000000000001,0.0,0.0,0.0,0.0027,1.4542,0.0
2021-04-01,20:00,HGJTBSC05,27829.0,27829_Jukalian Mandi Bahauddin,127.0,7829_Jukalian Mandi Bahauddin,GUJRANWALA_CLUSTER_01_Rural,100%,0.0,41.0,0.0,65.0,0.0,166.0,48.0,48.0,0.0,24.0,1.325,0.0,8056.0,8074.0,7962.0,8074.0,0.0,0.0,166.0,166.0,1.325,100.0,84.0,84.0,0.0,166.0,41.0,41.0,0.0,0.3168,6.247999999999999,0.46399999999999997,0.0213,0.0,0.0,6.247999999999999,0.46399999999999997,0.0213,0.0,0.0,1.325,0.0
2021-04-01,20:00,HGJTBSC05,17829.0,17829_Jukalian Mandi Bahauddin,126.0,7829_Jukalian Mandi Bahauddin,GUJRANWALA_CLUSTER_01_Rural,100%,0.0,13.0,0.0,17.0,0.0,90.0,11.0,11.0,0.0,5.0,0.0931,0.0,502.0,504.0,504.0,504.0,0.0,1.0,90.0,90.0,0.0931,100.0,39.0,39.0,0.0,90.0,12.0,13.0,0.0,0.0559,9.4981,0.0642,0.0054,0.0,0.0,9.4981,0.0642,0.0054,0.0,0.0,0.0931,0.0
2021-04-01,20:00,HGJTBSC05,33662.0,33662_Cheleyan Wala Station Mandi Bahauddin,125.0,3662_Cheleyan Wala Station Mandi Bahauddin,GUJRANWALA_CLUSTER_01_Rural,100%,0.0,36.0,0.0,70.0,0.0,404.0,79.0,79.0,0.0,35.0,1.2986,0.0,7696.0,7812.0,7652.0,7812.0,0.0,1.0,404.0,390.0,1.2986,100.0,71.0,71.0,0.0,390.0,35.0,36.0,0.0,0.0,8.8576,0.0106,0.0,0.0,0.0,8.8576,0.0106,0.0,0.0,0.0,1.2986,0.0
2021-04-01,20:00,HGJTBSC05,23662.0,23662_Cheleyan Wala Station Mandi Bahauddin,124.0,3662_Cheleyan Wala Station Mandi Bahauddin,GUJRANWALA_CLUSTER_01_Rural,100%,0.0,29.0,0.0,71.0,0.0,201.0,74.0,74.0,0.0,42.0,1.6264,0.0,10962.0,11078.0,10988.0,11078.0,0.0,0.0,201.0,200.0,1.6264,100.0,55.0,56.0,0.0,200.0,29.0,29.0,0.0,0.0,7.4171,0.0187,0.0,0.0,0.0,7.4171,0.0187,0.0,0.0,0.0,1.6264,0.0
2021-04-01,20:00,HGJTBSC05,13662.0,13662_Cheleyan Wala Station Mandi Bahauddin,123.0,3662_Cheleyan Wala Station Mandi Bahauddin,GUJRANWALA_CLUSTER_01_Rural,100%,0.0,52.0,1.0,72.0,0.0,290.0,42.0,43.0,0.0,20.0,2.1986,1.0,14118.0,14710.0,14698.0,14710.0,0.0,0.0,290.0,289.0,2.1986,100.0,92.0,92.0,0.0,289.0,52.0,52.0,0.0,0.0,6.1579,0.0579,0.0,0.0,0.0,6.1579,0.0579,0.0,0.0,0.0,2.1986,1.0
2021-04-01,20:00,HGJTBSC05,33786.0,33786_Shanalok Mandi Bahauddin (3G-CI-2129),122.0,3786_Shanalok Mandi Bahauddin (3G-CI-2129),GUJRANWALA_CLUSTER_01_Rural,100%,0.0,149.0,0.0,182.0,0.0,1522.0,79.0,82.0,0.0,39.0,4.1542,0.0,22998.0,24778.0,24178.0,24778.0,3.0,9.0,1522.0,1466.0,4.1542,100.0,266.0,281.0,3.0,1466.0,143.0,149.0,2.1805,6.1431,8.744,1.9307,0.4507,0.14400000000000002,0.10400000000000001,8.744,1.9307,0.4507,0.14400000000000002,0.10400000000000001,4.1542,0.0
2021-04-01,20:00,HGJTBSC05,23786.0,23786_Shanalok Mandi Bahauddin (3G-CI-2129),121.0,3786_Shanalok Mandi Bahauddin (3G-CI-2129),GUJRANWALA_CLUSTER_01_Rural,100%,0.0,53.0,0.0,59.0,0.0,208.0,13.0,14.0,0.0,6.0,2.7986,0.0,18882.0,19010.0,18986.0,19010.0,0.0,0.0,208.0,205.0,2.7986,100.0,85.0,85.0,0.0,205.0,53.0,53.0,0.0,0.0,3.6293,0.0057,0.0,0.0,0.0,3.6293,0.0057,0.0,0.0,0.0,2.7986,0.0
2021-04-01,20:00,HGJTBSC05,13786.0,13786_Shanalok Mandi Bahauddin (3G-CI-2129),120.0,3786_Shanalok Mandi Bahauddin (3G-CI-2129),GUJRANWALA_CLUSTER_01_Rural,100%,0.0,72.0,1.0,104.0,0.0,937.0,63.0,72.0,0.0,32.0,2.8833,1.0,18102.0,18486.0,18118.0,18486.0,2.0,2.0,937.0,910.0,2.8833,100.0,138.0,143.0,2.0,910.0,72.0,72.0,0.0,0.4397,4.6134,0.21600000000000003,0.0213,0.0,0.0,4.6134,0.21600000000000003,0.0213,0.0,0.0,2.8833,1.0
2021-04-01,20:00,HGJTBSC05,13690.0,13690_Gojra Mandi Bahauddin,12.0,3690_Gojra Mandi Bahauddin,GUJRANWALA_CLUSTER_01_Rural,100%,0.0,67.0,0.0,77.0,0.0,301.0,17.0,17.0,0.0,11.0,2.2042,0.0,12960.0,13154.0,12852.0,13154.0,0.0,1.0,301.0,298.0,2.2042,100.0,156.0,158.0,0.0,298.0,66.0,67.0,0.8964,3.3865,2.2885,0.4286,0.07,0.0168,0.0084,2.2885,0.4286,0.07,0.0168,0.0084,2.2042,0.0
2021-04-01,20:00,HGJTBSC05,33673.0,33673_Tanda Road Mandi Bahauddin (3G-CI-2108),119.0,3673_Tanda Road Mandi Bahauddin (3G-CI-2108),GUJRANWALA_CLUSTER_01_Rural,100%,0.0,67.0,2.0,177.0,0.0,278.0,237.0,239.0,0.0,111.0,1.5208,2.0,8026.0,8264.0,8162.0,8264.0,1.0,1.0,278.0,277.0,1.5208,100.0,130.0,131.0,1.0,277.0,67.0,67.0,0.0,0.0,14.0695,0.1016,0.0,0.0,0.0,14.0695,0.1016,0.0,0.0,0.0,1.5208,2.0
2021-04-01,20:00,HGJTBSC05,23673.0,23673_Tanda Road Mandi Bahauddin (3G-CI-2108),118.0,3673_Tanda Road Mandi Bahauddin (3G-CI-2108),GUJRANWALA_CLUSTER_01_Rural,100%,0.0,56.0,0.0,237.0,0.0,240.0,339.0,339.0,0.0,182.0,4.1042,0.0,25956.0,25966.0,25958.0,25966.0,0.0,1.0,240.0,240.0,4.1042,100.0,96.0,96.0,0.0,240.0,55.0,56.0,0.0229,0.0686,11.6452,0.0134,0.0053,0.0,0.0027,11.6452,0.0134,0.0053,0.0,0.0027,4.1042,0.0
2021-04-01,20:00,HGJTBSC05,13673.0,13673_Tanda Road Mandi Bahauddin (3G-CI-2108),117.0,3673_Tanda Road Mandi Bahauddin (3G-CI-2108),GUJRANWALA_CLUSTER_01_Rural,100%,0.0,40.0,0.0,80.0,0.0,228.0,77.0,77.0,0.0,40.0,3.6778,0.0,25634.0,25636.0,25604.0,25636.0,0.0,0.0,228.0,228.0,3.6778,100.0,114.0,114.0,0.0,228.0,40.0,40.0,1.1697,3.59,5.9468,0.4268,0.16,0.0373,0.04,5.9468,0.4268,0.16,0.0373,0.04,3.6778,0.0
2021-04-01,20:00,HGJTBSC05,37828.0,37828_Dudrai Mandi Bahauddin,116.0,7828_Dudrai Mandi Bahauddin,GUJRANWALA_CLUSTER_01_Rural,100%,0.0,28.0,0.0,29.0,0.0,107.0,1.0,1.0,0.0,1.0,0.4333,0.0,2662.0,2662.0,2660.0,2662.0,0.0,0.0,107.0,103.0,0.4333,100.0,53.0,55.0,0.0,103.0,28.0,28.0,0.0346,0.0692,7.704,0.008,0.0027,0.0027,0.0,7.704,0.008,0.0027,0.0027,0.0,0.4333,0.0
2021-04-01,20:00,HGJTBSC05,27828.0,27828_Dudrai Mandi Bahauddin,115.0,7828_Dudrai Mandi Bahauddin,GUJRANWALA_CLUSTER_01_Rural,100%,0.0,14.0,0.0,21.0,0.0,105.0,15.0,15.0,0.0,7.0,1.0931,0.0,7544.0,7550.0,7548.0,7550.0,0.0,0.0,105.0,105.0,1.0931,100.0,28.0,28.0,0.0,105.0,14.0,14.0,0.0,0.0,6.2414,0.008,0.0,0.0,0.0,6.2414,0.008,0.0,0.0,0.0,1.0931,0.0
2021-04-01,20:00,HGJTBSC05,17828.0,17828_Dudrai Mandi Bahauddin,114.0,7828_Dudrai Mandi Bahauddin,GUJRANWALA_CLUSTER_01_Rural,100%,0.0,14.0,0.0,21.0,0.0,173.0,13.0,14.0,0.0,7.0,0.2111,0.0,822.0,850.0,846.0,850.0,0.0,0.0,173.0,171.0,0.2111,100.0,36.0,37.0,0.0,171.0,14.0,14.0,0.0,0.2756,7.3627,0.3547,0.0213,0.0,0.0,7.3627,0.3547,0.0213,0.0,0.0,0.2111,0.0
2021-04-01,20:00,HGJTBSC05,37860.0,37860_Ameer Colony Mandi Bahauddin,113.0,7860_Ameer Colony Mandi Bahauddin,GUJRANWALA_CLUSTER_01_Rural,100%,0.0,28.0,0.0,43.0,0.0,772.0,28.0,28.0,0.0,15.0,1.3347,0.0,8804.0,8806.0,8806.0,8806.0,0.0,0.0,772.0,772.0,1.3347,100.0,725.0,725.0,0.0,772.0,28.0,28.0,0.0,0.0,8.2133,0.20800000000000002,0.0,0.0,0.0,8.2133,0.20800000000000002,0.0,0.0,0.0,1.3347,0.0
2021-04-01,20:00,HGJTBSC05,27860.0,27860_Ameer Colony Mandi Bahauddin,112.0,7860_Ameer Colony Mandi Bahauddin,GUJRANWALA_CLUSTER_01_Rural,100%,0.0,23.0,0.0,28.0,0.0,188.0,10.0,10.0,0.0,5.0,1.0667,0.0,7008.0,7086.0,7066.0,7086.0,0.0,0.0,188.0,183.0,1.0667,100.0,39.0,40.0,0.0,183.0,23.0,23.0,0.0,0.043,6.1607,0.0426,0.0027,0.0,0.0,6.1607,0.0426,0.0027,0.0,0.0,1.0667,0.0
2021-04-01,20:00,HGJTBSC05,17860.0,17860_Ameer Colony Mandi Bahauddin,111.0,7860_Ameer Colony Mandi Bahauddin,GUJRANWALA_CLUSTER_01_Rural,100%,0.0,43.0,0.0,104.0,0.0,123.0,116.0,116.0,0.0,61.0,2.4736,0.0,16456.0,16524.0,16524.0,16524.0,0.0,0.0,123.0,123.0,2.4736,100.0,66.0,66.0,0.0,123.0,43.0,43.0,0.0,0.0379,6.8723,0.1489,0.0027,0.0,0.0,6.8723,0.1489,0.0027,0.0,0.0,2.4736,0.0
2021-04-01,20:00,HGJTBSC05,33645.0,33645_Chalian Wala Mandi Bahauddin (3G-CI-3893),110.0,3645_Chalian Wala Mandi Bahauddin (3G-CI-3893),GUJRANWALA_CLUSTER_01_Rural,100%,0.0,81.0,1.0,117.0,0.0,324.0,76.0,80.0,0.0,36.0,2.8028,1.0,17208.0,17410.0,17404.0,17410.0,0.0,0.0,324.0,320.0,2.8028,100.0,120.0,120.0,0.0,320.0,81.0,81.0,0.0,0.0,14.5537,0.0134,0.0,0.0,0.0,14.5537,0.0134,0.0,0.0,0.0,2.8028,1.0
2021-04-01,20:00,HGJTBSC05,33987.0,33987_Bhekhe Shareef Mandi Bahauddin,11.0,3987_Bhekhe Shareef Mandi Bahauddin,GUJRANWALA_CLUSTER_01_Rural,100%,0.0,20.0,0.0,23.0,0.0,103.0,6.0,6.0,0.0,3.0,0.7278,0.0,3656.0,4182.0,4174.0,4182.0,0.0,0.0,103.0,102.0,0.7278,100.0,36.0,36.0,0.0,102.0,20.0,20.0,0.0,0.0,8.4955,0.0,0.0,0.0,0.0,8.4955,0.0,0.0,0.0,0.0,0.7278,0.0
2021-04-01,20:00,HGJTBSC05,23645.0,23645_Chalian Wala Mandi Bahauddin (3G-CI-3893),109.0,3645_Chalian Wala Mandi Bahauddin (3G-CI-3893),GUJRANWALA_CLUSTER_01_Rural,100%,0.0,221.0,2.0,273.0,0.0,1939.0,96.0,99.0,0.0,53.0,12.4333,2.0,79738.0,81032.0,80804.0,81032.0,1.0,2.0,1939.0,1932.0,12.4333,100.0,1083.0,1088.0,1.0,1932.0,220.0,221.0,0.0,0.0,19.8906,0.0,0.0,0.0,0.0,19.8906,0.0,0.0,0.0,0.0,12.4333,2.0
2021-04-01,20:00,HGJTBSC05,13645.0,13645_Chalian Wala Mandi Bahauddin (3G-CI-3893),108.0,3645_Chalian Wala Mandi Bahauddin (3G-CI-3893),GUJRANWALA_CLUSTER_01_Rural,100%,0.0,42.0,0.0,53.0,0.0,240.0,21.0,22.0,0.0,11.0,0.9625,0.0,5396.0,5672.0,5666.0,5672.0,0.0,0.0,240.0,231.0,0.9625,100.0,73.0,74.0,0.0,231.0,42.0,42.0,0.0,0.0,4.2996,0.0,0.0,0.0,0.0,4.2996,0.0,0.0,0.0,0.0,0.9625,0.0
2021-04-01,20:00,HGJTBSC05,27824.0,27824_Parianwali Mandi Bahauddin (3G-CI-2183),106.0,7824_Parianwali Mandi Bahauddin (3G-CI-2183),GUJRANWALA_CLUSTER_01_Rural,100%,0.0,29.0,2.0,43.0,0.0,233.0,30.0,30.0,0.0,15.0,1.1,2.0,6768.0,7094.0,7058.0,7094.0,2.0,3.0,233.0,226.0,1.1,100.0,91.0,92.0,2.0,226.0,28.0,29.0,0.1093,0.6829,9.56,0.136,0.055999999999999994,0.0107,0.0,9.56,0.136,0.055999999999999994,0.0107,0.0,1.1,2.0
2021-04-01,20:00,HGJTBSC05,17824.0,17824_Parianwali Mandi Bahauddin (3G-CI-2183),105.0,7824_Parianwali Mandi Bahauddin (3G-CI-2183),GUJRANWALA_CLUSTER_01_Rural,100%,0.0,96.0,0.0,138.0,0.0,485.0,84.0,86.0,0.0,44.0,4.5681,0.0,30962.0,31298.0,31228.0,31298.0,1.0,3.0,485.0,474.0,4.5681,100.0,256.0,258.0,1.0,474.0,94.0,96.0,0.0,0.34,6.0643,0.2005,0.0214,0.0,0.0,6.0643,0.2005,0.0214,0.0,0.0,4.5681,0.0
2021-04-01,20:00,HGJTBSC05,37824.0,37824_Parianwali Mandi Bahauddin (3G-CI-2183),104.0,7824_Parianwali Mandi Bahauddin (3G-CI-2183),GUJRANWALA_CLUSTER_01_Rural,100%,0.0,29.0,0.0,86.0,0.0,132.0,115.0,115.0,0.0,57.0,1.1708,0.0,7256.0,7272.0,7268.0,7272.0,1.0,1.0,132.0,132.0,1.1708,100.0,76.0,76.0,1.0,132.0,29.0,29.0,0.0303,0.0606,8.728,0.0827,0.0027,0.0027,0.0,8.728,0.0827,0.0027,0.0027,0.0,1.1708,0.0
2021-04-01,20:00,HGJTBSC05,13652.0,13652_Mohallah Shafqatabad Mandi Bahauddin (3G-CI-4819),103.0,3652_Mohallah Shafqatabad Mandi Bahauddin (3G-CI-4819),GUJRANWALA_CLUSTER_01_Rural,100%,0.0,44.0,0.0,68.0,0.0,337.0,39.0,46.0,0.0,27.0,1.0306,0.0,5474.0,5474.0,5474.0,5474.0,0.0,1.0,337.0,337.0,1.0306,100.0,305.0,305.0,0.0,337.0,43.0,44.0,0.2036,0.5936,15.3877,0.2834,0.0615,0.0134,0.0187,15.3877,0.2834,0.0615,0.0134,0.0187,1.0306,0.0
2021-04-01,20:00,HGJTBSC05,33652.0,33652_Mohallah Shafqatabad Mandi Bahauddin (3G-CI-4819),101.0,3652_Mohallah Shafqatabad Mandi Bahauddin (3G-CI-4819),GUJRANWALA_CLUSTER_01_Rural,100%,0.0,95.0,2.0,238.0,0.0,698.0,262.0,278.0,0.0,141.0,4.8097,2.0,30814.0,31190.0,30966.0,31190.0,0.0,0.0,698.0,692.0,4.8097,100.0,574.0,579.0,0.0,692.0,95.0,95.0,0.0,0.0197,13.555,0.024,0.0027,0.0,0.0,13.555,0.024,0.0027,0.0,0.0,4.8097,2.0
2021-04-01,20:00,HGJTBSC05,23987.0,23987_Bhekhe Shareef Mandi Bahauddin,10.0,3987_Bhekhe Shareef Mandi Bahauddin,GUJRANWALA_CLUSTER_01_Rural,100%,0.0,36.0,0.0,47.0,0.0,172.0,27.0,27.0,0.0,11.0,1.0194,0.0,6524.0,6800.0,6800.0,6800.0,0.0,0.0,172.0,172.0,1.0194,100.0,71.0,71.0,0.0,172.0,36.0,36.0,0.0659,0.0659,7.7525,0.3119,0.0,0.0,0.0053,7.7525,0.3119,0.0,0.0,0.0053,1.0194,0.0
2021-04-01,20:00,HHFZBSC01,33875.0,33875_Shahkot Wala Sargodha,54.0,3875_Shahkot Wala Sargodha,GUJRANWALA_CLUSTER_01_Rural,100%,0.0,51.0,0.0,56.0,0.0,210.0,8.0,8.0,0.0,5.0,1.2389,0.0,8088.0,8158.0,8158.0,8158.0,0.0,0.0,210.0,194.0,1.2389,100.0,77.0,85.0,0.0,194.0,51.0,51.0,0.301,0.3763,6.968,0.0907,0.0053,0.016,0.0053,6.968,0.0907,0.0053,0.016,0.0053,1.2389,0.0
2021-04-01,20:00,HHFZBSC01,23875.0,23875_Shahkot Wala Sargodha,53.0,3875_Shahkot Wala Sargodha,GUJRANWALA_CLUSTER_01_Rural,100%,0.0,23.0,0.0,29.0,0.0,278.0,16.0,19.0,0.0,8.0,1.0764,0.0,6904.0,7186.0,7038.0,7186.0,0.0,1.0,278.0,270.0,1.0764,100.0,93.0,95.0,0.0,270.0,22.0,23.0,0.0,0.0,15.9915,0.0267,0.0,0.0,0.0,15.9915,0.0267,0.0,0.0,0.0,1.0764,0.0
2021-04-01,20:00,HHFZBSC01,13875.0,13875_Shahkot Wala Sargodha,49.0,3875_Shahkot Wala Sargodha,GUJRANWALA_CLUSTER_01_Rural,100%,0.0,51.0,1.0,76.0,0.0,603.0,49.0,50.0,0.0,25.0,1.1667,1.0,5240.0,5636.0,5610.0,5636.0,7.0,7.0,603.0,577.0,1.1667,100.0,89.0,91.0,7.0,577.0,51.0,51.0,0.0,0.0,24.504,0.0747,0.0,0.0,0.0,24.504,0.0747,0.0,0.0,0.0,1.1667,1.0
2021-04-01,20:00,HHFZBSC01,33871.0,33871_Miani Sargodha,25.0,3871_Miani Sargodha (3G-CI-3899),GUJRANWALA_CLUSTER_01_Rural,100%,0.0,45.0,1.0,55.0,0.0,939.0,21.0,34.0,0.0,23.0,2.9069,1.0,18942.0,19120.0,19012.0,19120.0,0.0,0.0,939.0,709.0,2.9069,100.0,153.0,154.0,0.0,709.0,45.0,45.0,0.1126,0.2703,23.2213,0.3893,0.0373,0.0187,0.008,23.2213,0.3893,0.0373,0.0187,0.008,2.9069,1.0
2021-04-01,20:00,HHFZBSC01,23871.0,23871_Miani Sargodha,24.0,3871_Miani Sargodha (3G-CI-3899),GUJRANWALA_CLUSTER_01_Rural,100%,0.0,115.0,2.0,160.0,0.0,2661.0,89.0,90.0,0.0,45.0,7.5764,2.0,49902.0,50154.0,49814.0,50154.0,6.0,6.0,2661.0,2584.0,7.5764,100.0,268.0,275.0,6.0,2584.0,115.0,115.0,0.9001,3.4837,7.6772,0.9007,0.2296,0.0507,0.0293,7.6772,0.9007,0.2296,0.0507,0.0293,7.5764,2.0
2021-04-01,20:00,HHFZBSC01,13871.0,13871_Miani Sargodha,23.0,3871_Miani Sargodha (3G-CI-3899),GUJRANWALA_CLUSTER_01_Rural,100%,0.0,174.0,0.0,216.0,0.0,2690.0,84.0,97.0,0.0,43.0,9.6417,0.0,61460.0,62790.0,62524.0,62790.0,6.0,7.0,2690.0,2496.0,9.6417,100.0,606.0,618.0,6.0,2496.0,173.0,174.0,0.0,0.1709,8.9332,0.4385,0.016,0.0,0.0,8.9332,0.4385,0.016,0.0,0.0,9.6417,0.0
2021-04-01,20:00,HGJTBSC04,37899.0,37899_Kotiala Kas Gujrat (3G-CI-1999),94.0,7899_Kotiala Kas Gujrat (3G-CI-1999),GUJRANWALA_CLUSTER_01_Rural,100%,0.0,175.0,2.0,181.0,0.0,819.0,13.0,15.0,0.0,9.0,6.4944,2.0,40324.0,41216.0,40386.0,41216.0,1.0,3.0,819.0,800.0,6.4944,100.0,260.0,262.0,1.0,800.0,173.0,175.0,0.1422,0.4136,20.6071,0.2654,0.0569,0.0244,0.0054,20.6071,0.2654,0.0569,0.0244,0.0054,6.4944,2.0
2021-04-01,20:00,HGJTBSC04,27899.0,27899_Kotiala Kas Gujrat (3G-CI-1999),93.0,7899_Kotiala Kas Gujrat (3G-CI-1999),GUJRANWALA_CLUSTER_01_Rural,100%,0.0,83.0,0.0,157.0,0.0,1013.0,127.0,133.0,0.0,75.0,3.5792,0.0,21950.0,22800.0,22626.0,22800.0,0.0,1.0,1013.0,965.0,3.5792,100.0,129.0,136.0,0.0,965.0,82.0,83.0,0.1262,0.4211,6.1009,0.2607,0.0188,0.0081,0.0,6.1009,0.2607,0.0188,0.0081,0.0,3.5792,0.0
2021-04-01,20:00,HGJTBSC04,17899.0,17899_Kotiala Kas Gujrat (3G-CI-1999),92.0,7899_Kotiala Kas Gujrat (3G-CI-1999),GUJRANWALA_CLUSTER_01_Rural,100%,0.0,87.0,4.0,161.0,0.0,869.0,175.0,191.0,0.0,100.0,3.5319,4.0,20422.0,21668.0,21340.0,21668.0,2.0,26.0,869.0,825.0,3.5319,100.0,202.0,209.0,2.0,825.0,63.0,87.0,0.0,0.0,6.4298,0.0508,0.0,0.0,0.0,6.4298,0.0508,0.0,0.0,0.0,3.5319,4.0
2021-04-01,20:00,HGJTBSC04,37895.0,37895_Bhago Gujrat,82.0,7895_Bhago Gujrat,GUJRANWALA_CLUSTER_01_Rural,100%,0.0,24.0,0.0,56.0,0.0,76.0,63.0,66.0,0.0,33.0,0.55,0.0,2846.0,2902.0,2880.0,2902.0,0.0,1.0,76.0,75.0,0.55,100.0,31.0,32.0,0.0,75.0,23.0,24.0,0.2797,0.7216,5.1979999999999995,0.0371,0.0233,0.0059,0.0089,5.1979999999999995,0.0371,0.0233,0.0059,0.0089,0.55,0.0
2021-04-01,20:00,HGJTBSC04,27895.0,27895_Bhago Gujrat,81.0,7895_Bhago Gujrat,GUJRANWALA_CLUSTER_01_Rural,100%,0.0,34.0,1.0,39.0,0.0,627.0,16.0,17.0,0.0,6.0,0.8014,1.0,4482.0,4518.0,4452.0,4518.0,0.0,1.0,627.0,626.0,0.8014,100.0,79.0,79.0,0.0,626.0,33.0,34.0,0.0,0.0,8.5582,0.0027,0.0,0.0,0.0,8.5582,0.0027,0.0,0.0,0.0,0.8014,1.0
2021-04-01,20:00,HGJTBSC04,17895.0,17895_Bhago Gujrat,80.0,7895_Bhago Gujrat,GUJRANWALA_CLUSTER_01_Rural,100%,0.0,25.0,0.0,43.0,0.0,349.0,37.0,39.0,0.0,18.0,0.7111,0.0,3870.0,4128.0,4008.0,4128.0,0.0,0.0,349.0,346.0,0.7111,100.0,52.0,54.0,0.0,346.0,25.0,25.0,0.0,0.0157,16.8069,0.0344,0.0027,0.0,0.0,16.8069,0.0344,0.0027,0.0,0.0,0.7111,0.0
2021-04-01,20:00,HGJTBSC04,31478.0,CI-1478-3_Noonawali Gujrat (3G-CI-2229),188.0,CI-1478_Noonawali Gujrat (3G-CI-2229),GUJRANWALA_CLUSTER_01_Rural,100%,0.0,37.0,0.0,58.0,0.0,799.0,38.0,41.0,0.0,21.0,0.7556,0.0,3308.0,3694.0,3694.0,3694.0,0.0,0.0,799.0,781.0,0.7556,100.0,63.0,67.0,0.0,781.0,37.0,37.0,0.0343,0.2396,7.5913,0.2035,0.016,0.0027,0.0,7.5913,0.2035,0.016,0.0027,0.0,0.7556,0.0
2021-04-01,20:00,HGJTBSC04,21478.0,CI-1478-2_Noonawali Gujrat (3G-CI-2229),187.0,CI-1478_Noonawali Gujrat (3G-CI-2229),GUJRANWALA_CLUSTER_01_Rural,100%,0.0,88.0,0.0,135.0,0.0,1317.0,110.0,113.0,0.0,57.0,2.0097,0.0,10602.0,11008.0,10972.0,11008.0,1.0,15.0,1317.0,1244.0,2.0097,100.0,136.0,142.0,1.0,1244.0,74.0,88.0,0.0495,0.8227,10.1267,0.5613,0.0833,0.0053,0.0,10.1267,0.5613,0.0833,0.0053,0.0,2.0097,0.0
2021-04-01,20:00,HGJTBSC04,11478.0,CI-1478-1_Noonawali Gujrat (3G-CI-2229),186.0,CI-1478_Noonawali Gujrat (3G-CI-2229),GUJRANWALA_CLUSTER_01_Rural,100%,0.0,328.0,1.0,387.0,0.0,2992.0,115.0,118.0,0.0,62.0,10.7361,1.0,61494.0,65606.0,65206.0,65606.0,0.0,5.0,2992.0,2921.0,10.7361,100.0,578.0,598.0,0.0,2921.0,323.0,328.0,0.1952,1.365,1.7399,0.0999,0.0218,0.0,0.0036,1.7399,0.0999,0.0218,0.0,0.0036,10.7361,1.0
2021-04-01,20:00,HHFZBSC01,43875.0,43875_Shahkot Wala Sargodha,0.0,3875_Shahkot Wala Sargodha,GUJRANWALA_CLUSTER_01_Rural,100%,0.0,42.0,0.0,48.0,0.0,297.0,9.0,9.0,0.0,6.0,1.2,0.0,6928.0,6992.0,6992.0,6992.0,0.0,0.0,297.0,293.0,1.2,100.0,102.0,102.0,0.0,293.0,42.0,42.0,0.0,0.0,18.1138,0.0054,0.0,0.0,0.0,18.1138,0.0054,0.0,0.0,0.0,1.2,0.0
2021-04-01,20:00,HGJTBSC05,47824.0,47824_Parianwali Mandi Bahauddin (3G-CI-2183),0.0,7824_Parianwali Mandi Bahauddin (3G-CI-2183),GUJRANWALA_CLUSTER_01_Rural,100%,0.0,22.0,0.0,68.0,0.0,134.0,93.0,93.0,0.0,46.0,0.7042,0.0,3762.0,3927.0,3849.0,3927.0,0.0,0.0,134.0,132.0,0.7042,100.0,65.0,66.0,0.0,132.0,22.0,22.0,0.0,0.04,6.5787,0.0933,0.0027,0.0,0.0,6.5787,0.0933,0.0027,0.0,0.0,0.7042,0.0
2021-04-01,20:00,HGJWBSC04,33992.0,33992_Mandiala Chatha Gujranwala,251.0,3992_Mandiala Chatha Gujranwala,GUJRANWALA_CLUSTER_01_Rural,100%,0.0,20.0,1.0,31.0,0.0,290.0,17.0,21.0,0.0,12.0,1.4986,1.0,10312.0,10320.0,10288.0,10320.0,4.0,4.0,290.0,284.0,1.4986,100.0,51.0,53.0,4.0,284.0,20.0,20.0,0.0,0.0,6.5642,0.0,0.0,0.0,0.0,6.5642,0.0,0.0,0.0,0.0,1.4986,1.0
2021-04-01,20:00,HGJWBSC04,23992.0,23992_Mandiala Chatha Gujranwala,250.0,3992_Mandiala Chatha Gujranwala,GUJRANWALA_CLUSTER_01_Rural,100%,0.0,83.0,0.0,138.0,0.0,307.0,111.0,113.0,0.0,55.0,3.6847,0.0,23286.0,24038.0,23850.0,24038.0,0.0,0.0,307.0,305.0,3.6847,100.0,149.0,149.0,0.0,305.0,83.0,83.0,0.0,0.0,1.4399,0.0045,0.0,0.0,0.0,1.4399,0.0045,0.0,0.0,0.0,3.6847,0.0
2021-04-01,20:00,HGJWBSC04,13992.0,13992_Mandiala Chatha Gujranwala,249.0,3992_Mandiala Chatha Gujranwala,GUJRANWALA_CLUSTER_01_Rural,100%,0.0,21.0,0.0,41.0,0.0,290.0,40.0,42.0,0.0,20.0,1.3569,0.0,8988.0,9080.0,9080.0,9080.0,4.0,4.0,290.0,267.0,1.3569,100.0,54.0,54.0,4.0,267.0,21.0,21.0,0.0,0.0,4.6416,0.0499,0.0,0.0,0.0,4.6416,0.0499,0.0,0.0,0.0,1.3569,0.0
2021-04-01,20:00,HGJWBSC04,33991.0,33991_Kot Hara Vanekay Road Gujranwala,248.0,3991_Kot Hara Vanekay Road Gujranwala,GUJRANWALA_CLUSTER_01_Rural,100%,0.0,50.0,2.0,66.0,0.0,453.0,32.0,35.0,0.0,20.0,1.1264,2.0,5696.0,6062.0,5676.0,6062.0,0.0,2.0,453.0,433.0,1.1264,100.0,89.0,91.0,0.0,433.0,48.0,50.0,0.0,0.0,16.1402,0.0,0.0,0.0,0.0,16.1402,0.0,0.0,0.0,0.0,1.1264,2.0
2021-04-01,20:00,HGJWBSC04,23991.0,23991_Kot Hara Vanekay Road Gujranwala,247.0,3991_Kot Hara Vanekay Road Gujranwala,GUJRANWALA_CLUSTER_01_Rural,100%,0.0,70.0,0.0,126.0,0.0,547.0,102.0,118.0,0.0,57.0,2.9861,0.0,18848.0,19306.0,19212.0,19306.0,0.0,0.0,547.0,545.0,2.9861,100.0,129.0,129.0,0.0,545.0,70.0,70.0,0.0,0.0,1.5001,0.0035,0.0,0.0,0.0,1.5001,0.0035,0.0,0.0,0.0,2.9861,0.0
2021-04-01,20:00,HGJWBSC04,13991.0,13991_Kot Hara Vanekay Road Gujranwala,246.0,3991_Kot Hara Vanekay Road Gujranwala,GUJRANWALA_CLUSTER_01_Rural,100%,0.0,73.0,0.0,90.0,0.0,352.0,31.0,32.0,0.0,17.0,2.2597,0.0,13930.0,13952.0,13898.0,13952.0,2.0,2.0,352.0,338.0,2.2597,100.0,125.0,125.0,2.0,338.0,73.0,73.0,0.0,0.0,1.3193,0.0063,0.0,0.0,0.0,1.3193,0.0063,0.0,0.0,0.0,2.2597,0.0
2021-04-01,20:00,HGJWBSC04,33990.0,33990_Rasool Nager Gujranwala,245.0,3990_Rasool Nager Gujranwala,GUJRANWALA_CLUSTER_01_Rural,100%,0.0,94.0,0.0,138.0,0.0,1043.0,89.0,95.0,0.0,47.0,3.4069,0.0,21114.0,21478.0,21438.0,21478.0,4.0,6.0,1043.0,1016.0,3.4069,100.0,209.0,215.0,4.0,1016.0,92.0,94.0,0.2427,0.7279,4.3392,0.0373,0.0214,0.0107,0.0,4.3392,0.0373,0.0214,0.0107,0.0,3.4069,0.0
2021-04-01,20:00,HGJWBSC04,23990.0,23990_Rasool Nager Gujranwala,244.0,3990_Rasool Nager Gujranwala,GUJRANWALA_CLUSTER_01_Rural,100%,0.0,17.0,0.0,32.0,0.0,229.0,30.0,30.0,0.0,15.0,1.1111,0.0,7226.0,7560.0,7546.0,7560.0,1.0,1.0,229.0,228.0,1.1111,100.0,80.0,80.0,1.0,228.0,17.0,17.0,0.0,0.213,5.0195,0.0596,0.0108,0.0,0.0,5.0195,0.0596,0.0108,0.0,0.0,1.1111,0.0
2021-04-01,20:00,HGJWBSC04,13990.0,13990_Rasool Nager Gujranwala,243.0,3990_Rasool Nager Gujranwala,GUJRANWALA_CLUSTER_01_Rural,100%,0.0,25.0,0.0,70.0,0.0,229.0,93.0,95.0,0.0,45.0,1.5944,0.0,10928.0,10950.0,10930.0,10950.0,0.0,0.0,229.0,225.0,1.5944,100.0,51.0,51.0,0.0,225.0,25.0,25.0,0.0,0.0,4.8521,0.0095,0.0,0.0,0.0,4.8521,0.0095,0.0,0.0,0.0,1.5944,0.0
2021-04-01,20:00,HGJTBSC05,37910.0,37910_Jhando Gujrat,52.0,7910_Jhando Gujrat,GUJRANWALA_CLUSTER_01_Rural,100%,0.0,98.0,2.0,158.0,0.0,402.0,106.0,112.0,0.0,61.0,4.0847,2.0,25188.0,26396.0,26136.0,26396.0,0.0,1.0,402.0,394.0,4.0847,100.0,193.0,197.0,0.0,394.0,97.0,98.0,0.0,0.0591,8.931000000000001,0.0477,0.0053,0.0,0.0,8.931000000000001,0.0477,0.0053,0.0,0.0,4.0847,2.0
2021-04-01,20:00,HGJTBSC05,27910.0,27910_Jhando Gujrat,51.0,7910_Jhando Gujrat,GUJRANWALA_CLUSTER_01_Rural,100%,0.0,47.0,1.0,86.0,0.0,681.0,79.0,84.0,0.0,41.0,1.3597,1.0,8536.0,8676.0,8570.0,8676.0,0.0,1.0,681.0,621.0,1.3597,100.0,89.0,97.0,0.0,621.0,46.0,47.0,0.0,0.0284,9.4048,0.0214,0.0027,0.0,0.0,9.4048,0.0214,0.0027,0.0,0.0,1.3597,1.0
2021-04-01,20:00,HGJTBSC05,17910.0,17910_Jhando Gujrat,47.0,7910_Jhando Gujrat,GUJRANWALA_CLUSTER_01_Rural,100%,0.0,87.0,0.0,133.0,0.0,1116.0,97.0,105.0,0.0,51.0,3.9194,0.0,23528.0,24480.0,24222.0,24480.0,0.0,3.0,1116.0,1042.0,3.9194,100.0,160.0,165.0,0.0,1042.0,84.0,87.0,0.0,0.0,4.9602,0.0292,0.0,0.0,0.0,4.9602,0.0292,0.0,0.0,0.0,3.9194,0.0
