Date,Time,GBSC,Cell CI,Cell Name,CellIndex,Site Name,Location,Integrity,_CallSetup TCH GOS(%)_N,_CallSetup TCH GOS(%)_D,_DCR_N,_DCR_D,_GOS-SDCCH(%)_N,_GOS-SDCCH(%)_D,_HSR%_N,_HSR%_D,_Mobility TCH GOS(%)_N,_Mobility TCH GOS(%)_D,_MTBD (Mean Time between Drop)_N,_MTBD (Mean Time between Drop)_D,_RxQual Index DL_1,_RxQual Index DL_2,_RxQual Index UL_1,_RxQual Index UL_2,CSSR_Non Blocking_1_N,CSSR_Non Blocking_2_N,CSSR_Non Blocking_1_D,CSSR_Non Blocking_2_D,GlobelTraffic,TCH Availability Rate,_cssr_Call Setup Indications (Circuit Service)_N_1,_Cssr_Channel Requests (Circuit Service)_D_1,_CSSR_Call Drops on SDCCH_N_2,_CSSR_Successful SDCCH Seizures_D_2,_CSSR_Successful TCH Seizures (Traffic Channel)_N_3,_CSSR_TCH Seizure Requests (Traffic Channel)_D_3,Interference Band Proportion (4~5)(%),Interference Band 345,Mean Number of TCH in Interference Band 1,Mean Number of TCH in Interference Band 2,Mean Number of TCH in Interference Band 3,Mean Number of TCH in Interference Band 4,Mean Number of TCH in Interference Band 5,Mean Number of TCH in Interference Band 1.1,Mean Number of TCH in Interference Band 2.1,Mean Number of TCH in Interference Band 3.1,Mean Number of TCH in Interference Band 4.1,Mean Number of TCH in Interference Band 5.1,K3014:Traffic Volume on TCH(Erl),CM33:Call Drops on Traffic Channel
2021-04-01,19:00,HBWNBSC01,14628.0,14628_Minchanabad Chowk Bahawalnagar (3G-CII-3626),125.0,4628_Minchanabad Chowk Bahawalnagar (3G-CII-3626),SAHIWAL_CLUSTER_05_Urban,100%,0.0,320.0,1.0,714.0,0.0,1214.0,758.0,759.0,2.0,397.0,17.4458,1.0,113189.0,115305.0,114735.0,115305.0,0.0,1.0,1214.0,1169.0,17.4458,100.0,535.0,577.0,0.0,1169.0,319.0,320.0,0.1015,0.1526,23.4414,0.1589,0.0121,0.024,0.0,0.1589,0.0121,23.4414,0.024,0.0,17.4458,1.0
2021-04-01,19:00,HBWNBSC01,14620.0,14620_PTCL Exchange Bahawalnagar (3G-CII-3622),65.0,4620_PTCL Exchange Bahawalnagar (3G-CII-3622),SAHIWAL_CLUSTER_05_Urban,100%,0.0,207.0,0.0,370.0,0.0,1265.0,314.0,314.0,0.0,164.0,8.2375,0.0,52199.0,52739.0,52205.0,52739.0,0.0,1.0,1265.0,1255.0,8.2375,100.0,431.0,433.0,0.0,1255.0,206.0,207.0,4.5675,17.2106,9.8674,6.3409,2.4752,0.7128,0.1814,6.3409,2.4752,9.8674,0.7128,0.1814,8.2375,0.0
2021-04-01,19:00,HBWNBSC01,34620.0,34620_PTCL Exchange Bahawalnagar (3G-CII-3622),28.0,4620_PTCL Exchange Bahawalnagar (3G-CII-3622),SAHIWAL_CLUSTER_05_Urban,100%,0.0,91.0,0.0,220.0,0.0,398.0,247.0,248.0,0.0,118.0,3.3639,0.0,21176.0,21474.0,21032.0,21474.0,1.0,2.0,398.0,396.0,3.3639,100.0,174.0,174.0,1.0,396.0,90.0,91.0,2.0606,7.1759,24.2646,6.1335,1.6752,0.4694,0.2054,6.1335,1.6752,24.2646,0.4694,0.2054,3.3639,0.0
2021-04-01,19:00,HBWNBSC01,24620.0,24620_PTCL Exchange Bahawalnagar (3G-CII-3622),27.0,4620_PTCL Exchange Bahawalnagar (3G-CII-3622),SAHIWAL_CLUSTER_05_Urban,100%,0.0,43.0,0.0,106.0,0.0,125.0,117.0,117.0,0.0,63.0,1.8764,0.0,12501.0,12532.0,12519.0,12532.0,0.0,0.0,125.0,125.0,1.8764,100.0,91.0,91.0,0.0,125.0,43.0,43.0,0.6517,1.9908,20.4225,1.6465,0.3015,0.0854,0.0614,1.6465,0.3015,20.4225,0.0854,0.0614,1.8764,0.0
2021-04-01,19:00,HBWNBSC01,15590.0,15590_Meclod Gunj Bahawalnagar (3G-CII-4172),159.0,5590_Meclod Gunj Bahawalnagar (3G-CII-4172),SAHIWAL_CLUSTER_05_Urban,100%,0.0,361.0,3.0,891.0,0.0,2191.0,1052.0,1087.0,0.0,539.0,9.5306,3.0,47426.0,51744.0,51102.0,51744.0,0.0,11.0,2191.0,2098.0,9.5306,100.0,580.0,585.0,0.0,2098.0,350.0,361.0,6.0097,20.6481,6.8032,4.5366,2.0919,0.6454,0.2134,4.5366,2.0919,6.8032,0.6454,0.2134,9.5306,3.0
2021-04-01,19:00,HBWNBSC01,25198.0,25198_Mubarak Gate Bahawalnagar (3G-CII-3621),142.0,5198_Mubarak Gate Bahawalnagar (3G-CII-3621),SAHIWAL_CLUSTER_05_Urban,100%,0.0,94.0,0.0,381.0,0.0,399.0,528.0,529.0,0.0,288.0,6.0153,0.0,40852.0,40929.0,40661.0,40929.0,0.0,1.0,399.0,397.0,6.0153,100.0,177.0,179.0,0.0,397.0,93.0,94.0,1.1246,3.7217,8.6151,1.6188,0.2761,0.0786,0.0409,1.6188,0.2761,8.6151,0.0786,0.0409,6.0153,0.0
2021-04-01,19:00,HBWNBSC01,15198.0,15198_Mubarak Gate Bahawalnagar (3G-CII-3621),141.0,5198_Mubarak Gate Bahawalnagar (3G-CII-3621),SAHIWAL_CLUSTER_05_Urban,100%,0.0,82.0,0.0,353.0,0.0,692.0,510.0,510.0,0.0,271.0,5.7972,0.0,39110.0,39250.0,38895.0,39250.0,1.0,1.0,692.0,692.0,5.7972,100.0,250.0,251.0,1.0,692.0,82.0,82.0,0.1802,0.8714,8.4031,0.3994,0.0614,0.0107,0.0053,0.3994,0.0614,8.4031,0.0107,0.0053,5.7972,0.0
2021-04-01,19:00,HBWNBSC01,15196.0,15196_Model Town Bahawalnagar (3G-CII-3620),138.0,5196_Model Town Bahawalnagar (3G-CII-3620),SAHIWAL_CLUSTER_05_Urban,100%,0.0,110.0,0.0,331.0,0.0,403.0,418.0,418.0,0.0,221.0,5.8569,0.0,39412.0,39587.0,39296.0,39587.0,0.0,0.0,403.0,402.0,5.8569,100.0,253.0,254.0,0.0,402.0,110.0,110.0,0.4477,2.5482,12.3351,2.7181,0.3245,0.0638,0.0053,2.7181,0.3245,12.3351,0.0638,0.0053,5.8569,0.0
2021-04-01,19:00,HBWNBSC01,34628.0,34628_Minchanabad Chowk Bahawalnagar (3G-CII-3626),127.0,4628_Minchanabad Chowk Bahawalnagar (3G-CII-3626),SAHIWAL_CLUSTER_05_Urban,100%,0.0,93.0,0.0,202.0,0.0,361.0,227.0,227.0,0.0,111.0,5.4181,0.0,35987.0,36083.0,35885.0,36083.0,0.0,2.0,361.0,359.0,5.4181,100.0,213.0,213.0,0.0,359.0,91.0,93.0,1.056,1.1,17.9908,0.1314,0.0081,0.0161,0.1774,0.1314,0.0081,17.9908,0.0161,0.1774,5.4181,0.0
2021-04-01,19:00,HBWNBSC01,24628.0,24628_Minchanabad Chowk Bahawalnagar (3G-CII-3626),126.0,4628_Minchanabad Chowk Bahawalnagar (3G-CII-3626),SAHIWAL_CLUSTER_05_Urban,100%,0.0,81.0,0.0,141.0,0.0,162.0,122.0,122.0,0.0,60.0,1.8139,0.0,9816.0,9886.0,9872.0,9886.0,0.0,0.0,162.0,161.0,1.8139,100.0,99.0,99.0,0.0,161.0,81.0,81.0,0.0182,0.0546,14.5053,0.1144,0.0053,0.0027,0.0,0.1144,0.0053,14.5053,0.0027,0.0,1.8139,0.0
2021-04-01,19:00,HBWNBSC01,24624.0,24624_Firdos Masjid Bahawalnagar (3G-CII-3625),122.0,4624_Firdos Masjid Bahawalnagar (3G-CII-3625),SAHIWAL_CLUSTER_05_Urban,100%,0.0,320.0,1.0,538.0,0.0,1613.0,435.0,435.0,0.0,218.0,12.5375,1.0,78996.0,79084.0,78734.0,79084.0,2.0,2.0,1613.0,1594.0,12.5375,100.0,694.0,699.0,2.0,1594.0,320.0,320.0,0.8429,3.5865,42.0195,4.5839,1.3262,0.3272,0.0802,4.5839,1.3262,42.0195,0.3272,0.0802,12.5375,1.0
2021-04-01,19:00,HBWNBSC01,14624.0,14624_Firdos Masjid Bahawalnagar (3G-CII-3625),121.0,4624_Firdos Masjid Bahawalnagar (3G-CII-3625),SAHIWAL_CLUSTER_05_Urban,100%,0.0,429.0,0.0,729.0,0.0,2027.0,657.0,657.0,0.0,301.0,11.275,0.0,69638.0,69897.0,69014.0,69897.0,0.0,1.0,2027.0,2018.0,11.275,100.0,887.0,894.0,0.0,2018.0,428.0,429.0,0.7933,1.9533,21.9776,0.7709999999999999,0.2691,0.0972,0.0868,0.7709999999999999,0.2691,21.9776,0.0972,0.0868,11.275,0.0
2021-04-01,19:00,HBWNBSC01,34623.0,34623_Degree College Road Bahawalnagar (3G-CII-3624),120.0,4623_Degree College Road Bahawalnagar (3G-CII-3624),SAHIWAL_CLUSTER_05_Urban,100%,0.0,266.0,0.0,549.0,0.0,1376.0,526.0,526.0,0.0,284.0,17.3278,0.0,117434.0,117708.0,117362.0,117708.0,0.0,1.0,1376.0,1373.0,17.3278,100.0,540.0,544.0,0.0,1373.0,265.0,266.0,0.11199999999999999,1.1093,42.0807,2.6551,0.4512,0.048,0.0027,2.6551,0.4512,42.0807,0.048,0.0027,17.3278,0.0
2021-04-01,19:00,HBWNBSC01,14623.0,14623_Degree College Road Bahawalnagar (3G-CII-3624),118.0,4623_Degree College Road Bahawalnagar (3G-CII-3624),SAHIWAL_CLUSTER_05_Urban,100%,0.0,133.0,0.0,333.0,0.0,608.0,388.0,398.0,0.0,203.0,7.8986,0.0,50480.0,50596.0,50476.0,50596.0,0.0,1.0,608.0,582.0,7.8986,100.0,267.0,287.0,0.0,582.0,132.0,133.0,4.1116,54.3082,12.5829,0.016,13.8411,0.7487,0.385,0.016,13.8411,12.5829,0.7487,0.385,7.8986,0.0
2021-04-01,19:00,HBWNBSC01,24629.0,24629_Qureshi Abadi Bahawalnagar,104.0,4629_Qureshi Abadi Bahawalnagar,SAHIWAL_CLUSTER_05_Urban,100%,0.0,21.0,0.0,122.0,0.0,234.0,187.0,187.0,0.0,101.0,1.2181,0.0,7901.0,7936.0,7865.0,7936.0,0.0,0.0,234.0,234.0,1.2181,100.0,77.0,77.0,0.0,234.0,21.0,21.0,0.0,0.3622,8.384,0.35,0.0318,0.0,0.0,0.35,0.0318,8.384,0.0,0.0,1.2181,0.0
2021-04-01,19:00,HBWNBSC01,14621.0,14621_Madni Colony Bahawalnagar (3G-CII-3623),71.0,4621_Madni Colony Bahawalnagar (3G-CII-3623),SAHIWAL_CLUSTER_05_Urban,100%,0.0,312.0,0.0,638.0,0.0,1442.0,670.0,672.0,0.0,326.0,17.4889,0.0,117304.0,117456.0,116375.0,117456.0,1.0,1.0,1442.0,1440.0,17.4889,100.0,669.0,671.0,1.0,1440.0,312.0,312.0,0.3848,1.2749,21.4332,1.7528,0.209,0.0675,0.0229,1.7528,0.209,21.4332,0.0675,0.0229,17.4889,0.0
2021-04-01,19:00,HBWNBSC01,34621.0,34621_Madni Colony Bahawalnagar (3G-CII-3623),70.0,4621_Madni Colony Bahawalnagar (3G-CII-3623),SAHIWAL_CLUSTER_05_Urban,100%,0.0,340.0,0.0,632.0,0.0,1548.0,584.0,587.0,0.0,293.0,14.9333,0.0,96227.0,96416.0,95778.0,96416.0,0.0,0.0,1548.0,1533.0,14.9333,100.0,713.0,724.0,0.0,1533.0,340.0,340.0,0.0714,0.5774,43.2796,1.2885,0.2268,0.0267,0.0053,1.2885,0.2268,43.2796,0.0267,0.0053,14.9333,0.0
2021-04-01,19:00,HBWNBSC01,34622.0,34622_Gulshan e Zatoon Bahawalnagar (3G-CII-4330),68.0,4622_Gulshan e Zatoon Bahawalnagar (3G-CII-4330),SAHIWAL_CLUSTER_05_Urban,100%,0.0,147.0,0.0,324.0,0.0,622.0,355.0,359.0,0.0,179.0,5.3819,0.0,34059.0,34404.0,34105.0,34404.0,3.0,3.0,622.0,618.0,5.3819,100.0,246.0,247.0,3.0,618.0,147.0,147.0,0.3205,1.7539,13.9198,1.6578,0.2273,0.0455,0.0054,1.6578,0.2273,13.9198,0.0455,0.0054,5.3819,0.0
2021-04-01,19:00,HBWNBSC01,24626.0,24626_Farooqabad Bahawalnagar (3G-CII-4483),9.0,4626_Farooqabad Bahawalnagar (3G-CII-4483),SAHIWAL_CLUSTER_05_Urban,100%,0.0,193.0,2.0,374.0,0.0,803.0,431.0,431.0,0.0,183.0,5.6556,2.0,36065.0,36392.0,36201.0,36392.0,6.0,8.0,803.0,741.0,5.6556,100.0,430.0,445.0,6.0,741.0,191.0,193.0,3.6624,13.1994,6.7402,9.0771,1.7379,0.4137,0.2537,9.0771,1.7379,6.7402,0.4137,0.2537,5.6556,2.0
2021-04-01,19:00,HBWNBSC01,14626.0,14626_Farooqabad Bahawalnagar (3G-CII-4483),8.0,4626_Farooqabad Bahawalnagar (3G-CII-4483),SAHIWAL_CLUSTER_05_Urban,100%,0.0,52.0,1.0,286.0,0.0,690.0,462.0,463.0,0.0,234.0,3.4167,1.0,22622.0,22756.0,22586.0,22756.0,0.0,0.0,690.0,676.0,3.4167,100.0,215.0,218.0,0.0,676.0,52.0,52.0,0.2315,2.4019,13.5999,4.4077,0.4005,0.0401,0.0027,4.4077,0.4005,13.5999,0.0401,0.0027,3.4167,1.0
