Date,Time,GBSC,Cell CI,Cell Name,CellIndex,Site Name,Location,Integrity,_CallSetup TCH GOS(%)_N,_CallSetup TCH GOS(%)_D,_DCR_N,_DCR_D,_GOS-SDCCH(%)_N,_GOS-SDCCH(%)_D,_HSR%_N,_HSR%_D,_Mobility TCH GOS(%)_N,_Mobility TCH GOS(%)_D,_MTBD (Mean Time between Drop)_N,_MTBD (Mean Time between Drop)_D,_RxQual Index DL_1,_RxQual Index DL_2,_RxQual Index UL_1,_RxQual Index UL_2,CSSR_Non Blocking_1_N,CSSR_Non Blocking_2_N,CSSR_Non Blocking_1_D,CSSR_Non Blocking_2_D,GlobelTraffic,TCH Availability Rate,_cssr_Call Setup Indications (Circuit Service)_N_1,_Cssr_Channel Requests (Circuit Service)_D_1,_CSSR_Call Drops on SDCCH_N_2,_CSSR_Successful SDCCH Seizures_D_2,_CSSR_Successful TCH Seizures (Traffic Channel)_N_3,_CSSR_TCH Seizure Requests (Traffic Channel)_D_3,Interference Band Proportion (4~5)(%),Interference Band 345,Mean Number of TCH in Interference Band 1,Mean Number of TCH in Interference Band 2,Mean Number of TCH in Interference Band 3,Mean Number of TCH in Interference Band 4,Mean Number of TCH in Interference Band 5,Mean Number of TCH in Interference Band 1.1,Mean Number of TCH in Interference Band 2.1,Mean Number of TCH in Interference Band 3.1,Mean Number of TCH in Interference Band 4.1,Mean Number of TCH in Interference Band 5.1,K3014:Traffic Volume on TCH(Erl),CM33:Call Drops on Traffic Channel
2021-04-01,21:00,HFSDBSC05,32262.0,CII-2262-3_Chak No 70 JB Kohala Faisalabad-Z1 (3G-CII-4529),228.0,CII-2262_Chak No 70 JB Kohala Faisalabad-Z1 (3G-CII-4529),FAISALABAD_CLUSTER_01_Rural,100%,0.0,93.0,1.0,275.0,0.0,753.0,364.0,367.0,0.0,182.0,6.4583,1.0,44836.0,44939.0,44601.0,44939.0,1.0,1.0,753.0,745.0,6.4583,100.0,318.0,319.0,1.0,745.0,93.0,93.0,0.0,0.0297,17.9031,0.1529,0.0054,0.0,0.0,17.9031,0.1529,0.0054,0.0,0.0,6.4583,1.0
2021-04-01,21:00,HFSDBSC05,22262.0,CII-2262-2_Chak No 70 JB Kohala Faisalabad-Z1 (3G-CII-4529),220.0,CII-2262_Chak No 70 JB Kohala Faisalabad-Z1 (3G-CII-4529),FAISALABAD_CLUSTER_01_Rural,100%,0.0,109.0,0.0,250.0,0.0,1137.0,295.0,297.0,0.0,141.0,8.0653,0.0,56343.0,56699.0,56473.0,56699.0,2.0,2.0,1137.0,1123.0,8.0653,100.0,207.0,207.0,2.0,1123.0,109.0,109.0,0.2087,0.7577,13.9533,0.3073,0.0789,0.0191,0.0109,13.9533,0.3073,0.0789,0.0191,0.0109,8.0653,0.0
2021-04-01,21:00,HFSDBSC05,12262.0,CII-2262-1_Chak No 70 JB Kohala Faisalabad-Z1 (3G-CII-4529),219.0,CII-2262_Chak No 70 JB Kohala Faisalabad-Z1 (3G-CII-4529),FAISALABAD_CLUSTER_01_Rural,100%,0.0,27.0,0.0,218.0,0.0,775.0,368.0,369.0,0.0,192.0,3.7361,0.0,26138.0,26170.0,25914.0,26170.0,3.0,3.0,775.0,764.0,3.7361,100.0,77.0,77.0,3.0,764.0,27.0,27.0,0.0,0.0227,11.6804,0.0399,0.0027,0.0,0.0,11.6804,0.0399,0.0027,0.0,0.0,3.7361,0.0
2021-04-01,21:00,HFSDBSC05,34068.0,34068_Block D Millat Town Faisalabad-Z1 (3G-CII-3683),169.0,4068_Block D Millat Town Faisalabad-Z1 (3G-CII-3683),FAISALABAD_CLUSTER_01_Rural,100%,0.0,239.0,1.0,494.0,0.0,2007.0,543.0,560.0,0.0,263.0,13.7792,1.0,92907.0,93498.0,93099.0,93498.0,3.0,9.0,2007.0,2001.0,13.7792,100.0,560.0,561.0,3.0,2001.0,233.0,239.0,0.2761,0.9725,12.6414,0.3129,0.0911,0.0306,0.0056,12.6414,0.3129,0.0911,0.0306,0.0056,13.7792,1.0
2021-04-01,21:00,HFSDBSC05,24068.0,24068_Block D Millat Town Faisalabad-Z1 (3G-CII-3683),168.0,4068_Block D Millat Town Faisalabad-Z1 (3G-CII-3683),FAISALABAD_CLUSTER_01_Rural,100%,0.0,139.0,0.0,213.0,0.0,1934.0,138.0,151.0,0.0,74.0,8.9292,0.0,61952.0,62235.0,61763.0,62235.0,0.0,0.0,1934.0,1918.0,8.9292,100.0,303.0,306.0,0.0,1918.0,139.0,139.0,0.0194,0.0778,13.4828,0.2532,0.008,0.0027,0.0,13.4828,0.2532,0.008,0.0027,0.0,8.9292,0.0
2021-04-01,21:00,HFSDBSC05,14068.0,14068_Block D Millat Town Faisalabad-Z1 (3G-CII-3683),167.0,4068_Block D Millat Town Faisalabad-Z1 (3G-CII-3683),FAISALABAD_CLUSTER_01_Rural,100%,0.0,167.0,1.0,312.0,0.0,1912.0,274.0,287.0,0.0,147.0,9.6042,1.0,64796.0,65559.0,65247.0,65559.0,1.0,4.0,1912.0,1892.0,9.6042,100.0,371.0,376.0,1.0,1892.0,164.0,167.0,0.0,0.1602,10.1398,0.1565,0.0165,0.0,0.0,10.1398,0.1565,0.0165,0.0,0.0,9.6042,1.0
2021-04-01,21:00,HFSDBSC08,41053.0,CI-1053-4_Chak No 30 Nankana Sahib (3G-CI-2212),31.0,CI-1053_Chak No 30 Nankana Sahib (3G-CI-2212),FAISALABAD_CLUSTER_01_Rural,100%,0.0,5.0,0.0,6.0,0.0,95.0,1.0,2.0,0.0,2.0,0.3181,0.0,1894.0,2146.0,2146.0,2146.0,0.0,1.0,95.0,93.0,0.3181,100.0,67.0,67.0,0.0,93.0,4.0,5.0,0.0,0.0,5.5067,0.16,0.0,0.0,0.0,5.5067,0.16,0.0,0.0,0.0,0.3181,0.0
2021-04-01,21:00,HFSDBSC08,31166.0,CI-1166-3_Nathuwala Nankana Sahib,305.0,CI-1166_Nathuwala Nankana Sahib,FAISALABAD_CLUSTER_01_Rural,100%,0.0,34.0,1.0,42.0,0.0,414.0,21.0,21.0,0.0,8.0,0.9111,1.0,5313.0,6060.0,5969.0,6060.0,0.0,0.0,414.0,402.0,0.9111,100.0,84.0,84.0,0.0,402.0,34.0,34.0,0.0,0.0,7.9901,0.0291,0.0,0.0,0.0,7.9901,0.0291,0.0,0.0,0.0,0.9111,1.0
2021-04-01,21:00,HFSDBSC08,21166.0,CI-1166-2_Nathuwala Nankana Sahib,304.0,CI-1166_Nathuwala Nankana Sahib,FAISALABAD_CLUSTER_01_Rural,100%,0.0,19.0,1.0,35.0,0.0,255.0,28.0,28.0,0.0,16.0,1.0708,1.0,6696.0,7001.0,6992.0,7001.0,1.0,1.0,255.0,241.0,1.0708,100.0,49.0,52.0,1.0,241.0,19.0,19.0,0.0297,0.1189,8.9069,0.0346,0.008,0.0027,0.0,8.9069,0.0346,0.008,0.0027,0.0,1.0708,1.0
2021-04-01,21:00,HFSDBSC08,11166.0,CI-1166-1_Nathuwala Nankana Sahib,303.0,CI-1166_Nathuwala Nankana Sahib,FAISALABAD_CLUSTER_01_Rural,100%,0.0,50.0,0.0,72.0,0.0,265.0,43.0,43.0,0.0,22.0,1.0361,0.0,5889.0,6054.0,5713.0,6054.0,1.0,1.0,265.0,261.0,1.0361,100.0,68.0,68.0,1.0,261.0,50.0,50.0,0.0,0.0331,7.6006,0.4255,0.0027,0.0,0.0,7.6006,0.4255,0.0027,0.0,0.0,1.0361,0.0
2021-04-01,21:00,HFSDBSC08,34800.0,34800_Shalianwala Interchange M3 Faisalabad-Z1 (3G-CII-4616),21.0,4800_Shalianwala Interchange M3 Faisalabad-Z1 (3G-CII-4616),FAISALABAD_CLUSTER_01_Rural,100%,0.0,53.0,1.0,114.0,0.0,299.0,121.0,125.0,0.0,62.0,2.5764,1.0,17169.0,17838.0,17743.0,17838.0,0.0,1.0,299.0,268.0,2.5764,100.0,116.0,119.0,0.0,268.0,52.0,53.0,0.0608,0.2436,8.5343,0.2217,0.016,0.0027,0.0027,8.5343,0.2217,0.016,0.0027,0.0027,2.5764,1.0
2021-04-01,21:00,HFSDBSC08,24800.0,24800_Shalianwala Interchange M3 Faisalabad-Z1 (3G-CII-4616),20.0,4800_Shalianwala Interchange M3 Faisalabad-Z1 (3G-CII-4616),FAISALABAD_CLUSTER_01_Rural,100%,0.0,108.0,4.0,161.0,0.0,957.0,89.0,98.0,0.0,53.0,6.2694,4.0,40168.0,43088.0,43041.0,43088.0,0.0,3.0,957.0,904.0,6.2694,100.0,238.0,241.0,0.0,904.0,105.0,108.0,0.069,0.1253,20.4229,0.0363,0.0115,0.0106,0.0035,20.4229,0.0363,0.0115,0.0106,0.0035,6.2694,4.0
2021-04-01,21:00,HFSDBSC08,14800.0,14800_Shalianwala Interchange M3 Faisalabad-Z1 (3G-CII-4616),19.0,4800_Shalianwala Interchange M3 Faisalabad-Z1 (3G-CII-4616),FAISALABAD_CLUSTER_01_Rural,100%,0.0,38.0,3.0,75.0,0.0,540.0,83.0,95.0,0.0,38.0,2.1944,3.0,12536.0,14175.0,14106.0,14175.0,2.0,3.0,540.0,506.0,2.1944,100.0,88.0,91.0,2.0,506.0,37.0,38.0,0.2268,0.4532,4.6375,0.0806,0.0107,0.0081,0.0027,4.6375,0.0806,0.0107,0.0081,0.0027,2.1944,3.0
2021-04-01,21:00,HFSDBSC08,32599.0,CII-2599-3_Chak 189 RB Rasoolpur Faisalabad-Z1 (3G-CII-4735),371.0,CII-2599_Chak 189 RB Rasoolpur Faisalabad-Z1 (3G-CII-4735),FAISALABAD_CLUSTER_01_Rural,100%,0.0,53.0,1.0,167.0,0.0,633.0,231.0,231.0,0.0,114.0,3.7083,1.0,24364.0,25252.0,24983.0,25252.0,1.0,1.0,633.0,631.0,3.7083,100.0,166.0,167.0,1.0,631.0,53.0,53.0,0.0353,0.141,7.2,0.3573,0.008,0.0027,0.0,7.2,0.3573,0.008,0.0027,0.0,3.7083,1.0
2021-04-01,21:00,HFSDBSC08,22599.0,CII-2599-2_Chak 189 RB Rasoolpur Faisalabad-Z1 (3G-CII-4735),370.0,CII-2599_Chak 189 RB Rasoolpur Faisalabad-Z1 (3G-CII-4735),FAISALABAD_CLUSTER_01_Rural,100%,0.0,121.0,4.0,299.0,0.0,1288.0,360.0,366.0,0.0,179.0,5.8153,4.0,34885.0,36743.0,36066.0,36743.0,0.0,2.0,1288.0,1253.0,5.8153,100.0,234.0,238.0,0.0,1253.0,119.0,121.0,0.0,0.0185,13.5067,0.92,0.0027,0.0,0.0,13.5067,0.92,0.0027,0.0,0.0,5.8153,4.0
2021-04-01,21:00,HFSDBSC08,12599.0,CII-2599-1_Chak 189 RB Rasoolpur Faisalabad-Z1 (3G-CII-4735),369.0,CII-2599_Chak 189 RB Rasoolpur Faisalabad-Z1 (3G-CII-4735),FAISALABAD_CLUSTER_01_Rural,100%,0.0,100.0,5.0,218.0,0.0,592.0,241.0,249.0,0.0,124.0,5.3986,5.0,34147.0,35845.0,35651.0,35845.0,1.0,7.0,592.0,565.0,5.3986,100.0,247.0,252.0,1.0,565.0,94.0,100.0,0.0,1.6423,5.2347,0.5147,0.096,0.0,0.0,5.2347,0.5147,0.096,0.0,0.0,5.3986,5.0
2021-04-01,21:00,HFSDBSC08,35946.0,35946_Chak No 1 JB Rasulpur Faisalabad-Z1,340.0,5946_Chak No 1 JB Rasulpur Faisalabad-Z1,FAISALABAD_CLUSTER_01_Rural,100%,0.0,25.0,0.0,43.0,0.0,361.0,37.0,37.0,0.0,18.0,1.9083,0.0,13532.0,13789.0,13782.0,13789.0,6.0,6.0,361.0,351.0,1.9083,100.0,134.0,135.0,6.0,351.0,25.0,25.0,0.0,0.0463,22.6373,0.4053,0.0107,0.0,0.0,22.6373,0.4053,0.0107,0.0,0.0,1.9083,0.0
2021-04-01,21:00,HFSDBSC08,25946.0,25946_Chak No 1 JB Rasulpur Faisalabad-Z1,339.0,5946_Chak No 1 JB Rasulpur Faisalabad-Z1,FAISALABAD_CLUSTER_01_Rural,100%,0.0,29.0,0.0,97.0,0.0,557.0,127.0,131.0,0.0,66.0,1.4125,0.0,9115.0,9228.0,9110.0,9228.0,0.0,0.0,557.0,527.0,1.4125,100.0,92.0,97.0,0.0,527.0,29.0,29.0,0.0,0.0353,22.2453,0.4133,0.008,0.0,0.0,22.2453,0.4133,0.008,0.0,0.0,1.4125,0.0
2021-04-01,21:00,HFSDBSC08,15946.0,15946_Chak No 1 JB Rasulpur Faisalabad-Z1,338.0,5946_Chak No 1 JB Rasulpur Faisalabad-Z1,FAISALABAD_CLUSTER_01_Rural,100%,0.0,28.0,0.0,45.0,0.0,197.0,32.0,34.0,0.0,17.0,0.6278,0.0,3598.0,3687.0,3659.0,3687.0,1.0,1.0,197.0,193.0,0.6278,100.0,54.0,55.0,1.0,193.0,28.0,28.0,0.033,0.1978,23.824,0.4,0.04,0.008,0.0,23.824,0.4,0.04,0.008,0.0,0.6278,0.0
2021-04-01,21:00,HFSDBSC08,32613.0,CII-2613-3_Chak Bahga Faisalabad-Z2 (3G-CII-4535),337.0,CII-2613_Chak Bahga Faisalabad-Z2 (3G-CII-4535),FAISALABAD_CLUSTER_01_Rural,100%,0.0,71.0,1.0,169.0,0.0,2031.0,193.0,200.0,0.0,98.0,5.2837,1.0,35510.0,36209.0,35915.0,36209.0,0.0,0.0,2031.0,1994.0,5.2837,100.0,1086.0,1086.0,0.0,1994.0,71.0,71.0,0.2171,0.2949,17.0551,0.0401,0.0133,0.0,0.0372,17.0551,0.0401,0.0133,0.0,0.0372,5.2837,1.0
2021-04-01,21:00,HFSDBSC08,22613.0,CII-2613-2_Chak Bahga Faisalabad-Z2 (3G-CII-4535),336.0,CII-2613_Chak Bahga Faisalabad-Z2 (3G-CII-4535),FAISALABAD_CLUSTER_01_Rural,100%,0.0,116.0,1.0,323.0,0.0,1495.0,407.0,420.0,0.0,211.0,5.8595,1.0,38124.0,38504.0,37815.0,38504.0,0.0,1.0,1495.0,1478.0,5.8595,100.0,193.0,193.0,0.0,1478.0,115.0,116.0,0.0,13.7506,15.9235,1.2467,2.7374,0.0,0.0,15.9235,1.2467,2.7374,0.0,0.0,5.8595,1.0
2021-04-01,21:00,HFSDBSC08,12613.0,CII-2613-1_Chak Bahga Faisalabad-Z2 (3G-CII-4535),335.0,CII-2613_Chak Bahga Faisalabad-Z2 (3G-CII-4535),FAISALABAD_CLUSTER_01_Rural,100%,0.0,44.0,1.0,128.0,0.0,1062.0,163.0,172.0,0.0,84.0,2.943,1.0,19389.0,19816.0,19485.0,19816.0,0.0,0.0,1062.0,1056.0,2.943,100.0,82.0,82.0,0.0,1056.0,44.0,44.0,0.0,0.0,11.799000000000001,0.0106,0.0,0.0,0.0,11.799000000000001,0.0106,0.0,0.0,0.0,2.943,1.0
2021-04-01,21:00,HFSDBSC08,32198.0,CII-2198-3_Chak No 118 JB Bhatta Faisalabad-Z1 (3G-CII-1003),334.0,CII-2198_Chak No 118 JB Bhatta Faisalabad-Z1 (3G-CII-1003),FAISALABAD_CLUSTER_01_Rural,100%,0.0,30.0,0.0,60.0,0.0,519.0,60.0,61.0,0.0,30.0,1.3264,0.0,8685.0,8936.0,8855.0,8936.0,0.0,0.0,519.0,501.0,1.3264,100.0,63.0,64.0,0.0,501.0,30.0,30.0,0.172,1.2227,12.9914,0.6738,0.1454,0.0159,0.0079,12.9914,0.6738,0.1454,0.0159,0.0079,1.3264,0.0
2021-04-01,21:00,HFSDBSC08,22198.0,CII-2198-2_Chak No 118 JB Bhatta Faisalabad-Z1 (3G-CII-1003),333.0,CII-2198_Chak No 118 JB Bhatta Faisalabad-Z1 (3G-CII-1003),FAISALABAD_CLUSTER_01_Rural,100%,0.0,15.0,1.0,29.0,0.0,155.0,23.0,28.0,0.0,14.0,1.4403,1.0,9897.0,9950.0,9949.0,9950.0,0.0,0.0,155.0,153.0,1.4403,100.0,25.0,25.0,0.0,153.0,15.0,15.0,0.1562,0.5723,4.8889,0.1667,0.0212,0.0079,0.0,4.8889,0.1667,0.0212,0.0079,0.0,1.4403,1.0
2021-04-01,21:00,HFSDBSC08,12198.0,CII-2198-1_Chak No 118 JB Bhatta Faisalabad-Z1 (3G-CII-1003),332.0,CII-2198_Chak No 118 JB Bhatta Faisalabad-Z1 (3G-CII-1003),FAISALABAD_CLUSTER_01_Rural,100%,0.0,62.0,0.0,127.0,0.0,634.0,125.0,128.0,0.0,65.0,2.7972,0.0,17292.0,17759.0,17238.0,17759.0,1.0,1.0,634.0,626.0,2.7972,100.0,98.0,98.0,1.0,626.0,62.0,62.0,1.4359,6.8032,13.4577,4.2275,1.0185,0.2222,0.0503,13.4577,4.2275,1.0185,0.2222,0.0503,2.7972,0.0
2021-04-01,21:00,HFSDBSC08,32329.0,CII-2329-3_Kanan Siaan Faisalabad-Z1,331.0,CII-2329_Kanan Siaan Faisalabad-Z1,FAISALABAD_CLUSTER_01_Rural,100%,0.0,56.0,0.0,161.0,0.0,1118.0,223.0,224.0,0.0,106.0,3.5958,0.0,23790.0,24050.0,23372.0,24050.0,3.0,4.0,1118.0,1076.0,3.5958,100.0,174.0,177.0,3.0,1076.0,55.0,56.0,0.0202,0.46299999999999997,12.6369,0.3979,0.057999999999999996,0.0026,0.0,12.6369,0.3979,0.057999999999999996,0.0026,0.0,3.5958,0.0
2021-04-01,21:00,HFSDBSC08,22329.0,CII-2329-2_Kanan Siaan Faisalabad-Z1,330.0,CII-2329_Kanan Siaan Faisalabad-Z1,FAISALABAD_CLUSTER_01_Rural,100%,0.0,52.0,2.0,119.0,0.0,963.0,130.0,136.0,0.0,67.0,2.0111,2.0,11774.0,12106.0,11872.0,12106.0,0.0,0.0,963.0,887.0,2.0111,100.0,164.0,167.0,0.0,887.0,52.0,52.0,0.4143,1.8988,7.1914,0.2976,0.1133,0.028999999999999998,0.0026,7.1914,0.2976,0.1133,0.028999999999999998,0.0026,2.0111,2.0
2021-04-01,21:00,HFSDBSC08,32238.0,CII-2238-3_Muhammad Pura Faisalabad-Z1 (3G-CII-4727),314.0,CII-2238_Muhammad Pura Faisalabad-Z1 (3G-CII-4727),FAISALABAD_CLUSTER_01_Rural,100%,0.0,83.0,1.0,176.0,0.0,340.0,183.0,197.0,0.0,94.0,4.1431,1.0,26884.0,27080.0,26807.0,27080.0,1.0,1.0,340.0,334.0,4.1431,100.0,139.0,141.0,1.0,334.0,83.0,83.0,0.045,0.2699,5.7067,0.2053,0.0133,0.0027,0.0,5.7067,0.2053,0.0133,0.0027,0.0,4.1431,1.0
2021-04-01,21:00,HFSDBSC08,31055.0,CI-1055-3_Walipur Bura Nankana Sahib (3G-CI-2213),311.0,CI-1055_Walipur Bura Nankana Sahib (3G-CI-2213),FAISALABAD_CLUSTER_01_Rural,100%,0.0,30.0,1.0,79.0,0.0,413.0,103.0,110.0,0.0,50.0,1.7861,1.0,11955.0,12318.0,12246.0,12318.0,1.0,1.0,413.0,393.0,1.7861,100.0,163.0,164.0,1.0,393.0,30.0,30.0,0.0,0.2754,7.4628,0.242,0.0213,0.0,0.0,7.4628,0.242,0.0213,0.0,0.0,1.7861,1.0
2021-04-01,21:00,HFSDBSC08,21055.0,CI-1055-2_Walipur Bura Nankana Sahib (3G-CI-2213),310.0,CI-1055_Walipur Bura Nankana Sahib (3G-CI-2213),FAISALABAD_CLUSTER_01_Rural,100%,0.0,101.0,1.0,175.0,0.0,883.0,155.0,156.0,0.0,75.0,4.7097,1.0,30461.0,31393.0,31332.0,31393.0,1.0,3.0,883.0,840.0,4.7097,100.0,164.0,174.0,1.0,840.0,99.0,101.0,0.0,0.0958,10.8668,0.2643,0.0107,0.0,0.0,10.8668,0.2643,0.0107,0.0,0.0,4.7097,1.0
2021-04-01,21:00,HFSDBSC08,11055.0,CI-1055-1_Walipur Bura Nankana Sahib (3G-CI-2213),309.0,CI-1055_Walipur Bura Nankana Sahib (3G-CI-2213),FAISALABAD_CLUSTER_01_Rural,100%,0.0,78.0,6.0,110.0,0.0,768.0,59.0,61.0,0.0,33.0,5.7278,6.0,37410.0,39362.0,38818.0,39362.0,2.0,3.0,768.0,729.0,5.7278,100.0,248.0,255.0,2.0,729.0,77.0,78.0,0.0,0.0436,6.0658,0.083,0.0027,0.0,0.0,6.0658,0.083,0.0027,0.0,0.0,5.7278,6.0
2021-04-01,21:00,HFSDBSC08,31053.0,CI-1053-3_Chak No 30 Nankana Sahib (3G-CI-2212),299.0,CI-1053_Chak No 30 Nankana Sahib (3G-CI-2212),FAISALABAD_CLUSTER_01_Rural,100%,0.0,34.0,0.0,52.0,0.0,429.0,44.0,47.0,0.0,22.0,1.4944,0.0,9251.0,9644.0,9273.0,9644.0,2.0,4.0,429.0,410.0,1.4944,100.0,116.0,119.0,2.0,410.0,32.0,34.0,0.0,0.0,9.9387,0.0293,0.0,0.0,0.0,9.9387,0.0293,0.0,0.0,0.0,1.4944,0.0
2021-04-01,21:00,HFSDBSC08,21053.0,CI-1053-2_Chak No 30 Nankana Sahib (3G-CI-2212),298.0,CI-1053_Chak No 30 Nankana Sahib (3G-CI-2212),FAISALABAD_CLUSTER_01_Rural,100%,0.0,344.0,6.0,411.0,0.0,2444.0,153.0,158.0,0.0,73.0,16.8153,6.0,110302.0,112477.0,110015.0,112477.0,1.0,7.0,2444.0,2404.0,16.8153,100.0,988.0,1007.0,1.0,2404.0,338.0,344.0,0.0,0.0,8.256,0.08800000000000001,0.0,0.0,0.0,8.256,0.08800000000000001,0.0,0.0,0.0,16.8153,6.0
2021-04-01,21:00,HFSDBSC08,11053.0,CI-1053-1_Chak No 30 Nankana Sahib (3G-CI-2212),297.0,CI-1053_Chak No 30 Nankana Sahib (3G-CI-2212),FAISALABAD_CLUSTER_01_Rural,100%,0.0,122.0,2.0,166.0,0.0,1660.0,88.0,103.0,0.0,51.0,7.2486,2.0,47883.0,49638.0,49325.0,49638.0,3.0,12.0,1660.0,1635.0,7.2486,100.0,890.0,892.0,3.0,1635.0,113.0,122.0,0.0,0.0178,14.9348,0.0885,0.0027,0.0,0.0,14.9348,0.0885,0.0027,0.0,0.0,7.2486,2.0
2021-04-01,21:00,HFSDBSC08,32224.0,CII-2224-3_Mohallah Hajiabad Nankana Sahib (3G-CII-4164),287.0,CII-2224_Mohallah Hajiabad Nankana Sahib (3G-CII-4164),FAISALABAD_CLUSTER_01_Rural,100%,0.0,38.0,1.0,74.0,0.0,480.0,75.0,75.0,0.0,36.0,0.9694,1.0,5811.0,6128.0,6013.0,6128.0,0.0,0.0,480.0,466.0,0.9694,100.0,71.0,74.0,0.0,466.0,38.0,38.0,0.1356,1.2887,7.2167,0.4842,0.09,0.0053,0.0053,7.2167,0.4842,0.09,0.0053,0.0053,0.9694,1.0
2021-04-01,21:00,HFSDBSC08,22224.0,CII-2224-2_Mohallah Hajiabad Nankana Sahib (3G-CII-4164),286.0,CII-2224_Mohallah Hajiabad Nankana Sahib (3G-CII-4164),FAISALABAD_CLUSTER_01_Rural,100%,0.0,19.0,0.0,43.0,0.0,124.0,48.0,51.0,0.0,25.0,0.5042,0.0,2694.0,2701.0,2526.0,2701.0,0.0,0.0,124.0,121.0,0.5042,100.0,26.0,27.0,0.0,121.0,19.0,19.0,0.0098,0.039,19.768,7.442,0.0079,0.0027,0.0,19.768,7.442,0.0079,0.0027,0.0,0.5042,0.0
2021-04-01,21:00,HFSDBSC08,12224.0,CII-2224-1_Mohallah Hajiabad Nankana Sahib (3G-CII-4164),285.0,CII-2224_Mohallah Hajiabad Nankana Sahib (3G-CII-4164),FAISALABAD_CLUSTER_01_Rural,100%,0.0,33.0,0.0,62.0,0.0,179.0,53.0,54.0,0.0,29.0,1.3111,0.0,8482.0,8499.0,8308.0,8499.0,0.0,0.0,179.0,172.0,1.3111,100.0,47.0,49.0,0.0,172.0,33.0,33.0,0.0,0.0927,8.25,0.3511,0.008,0.0,0.0,8.25,0.3511,0.008,0.0,0.0,1.3111,0.0
2021-04-01,21:00,HFSDBSC08,32236.0,CII-2236-3_Chak No 194 RB Faisalabad-Z2 (3G-CII-3750),284.0,CII-2236_Chak No 194 RB Faisalabad-Z2 (3G-CII-3750),FAISALABAD_CLUSTER_01_Rural,100%,0.0,109.0,0.0,241.0,0.0,576.0,253.0,262.0,0.0,136.0,4.525,0.0,28838.0,29972.0,29530.0,29972.0,0.0,2.0,576.0,563.0,4.525,100.0,200.0,203.0,0.0,563.0,107.0,109.0,0.0,0.0,11.8516,0.0202,0.0,0.0,0.0,11.8516,0.0202,0.0,0.0,0.0,4.525,0.0
2021-04-01,21:00,HFSDBSC08,22236.0,CII-2236-2_Chak No 194 RB Faisalabad-Z2 (3G-CII-3750),283.0,CII-2236_Chak No 194 RB Faisalabad-Z2 (3G-CII-3750),FAISALABAD_CLUSTER_01_Rural,100%,0.0,66.0,0.0,82.0,0.0,708.0,32.0,33.0,0.0,16.0,3.0806,0.0,21071.0,21372.0,21303.0,21372.0,1.0,1.0,708.0,690.0,3.0806,100.0,250.0,255.0,1.0,690.0,66.0,66.0,0.084,0.4477,9.1534,0.2593,0.0344,0.0079,0.0,9.1534,0.2593,0.0344,0.0079,0.0,3.0806,0.0
2021-04-01,21:00,HFSDBSC08,12236.0,CII-2236-1_Chak No 194 RB Faisalabad-Z2 (3G-CII-3750),282.0,CII-2236_Chak No 194 RB Faisalabad-Z2 (3G-CII-3750),FAISALABAD_CLUSTER_01_Rural,100%,0.0,64.0,0.0,167.0,0.0,261.0,199.0,202.0,0.0,103.0,3.4819,0.0,24366.0,24407.0,24398.0,24407.0,1.0,1.0,261.0,261.0,3.4819,100.0,96.0,96.0,1.0,261.0,64.0,64.0,0.0,0.0,7.4762,0.1217,0.0,0.0,0.0,7.4762,0.1217,0.0,0.0,0.0,3.4819,0.0
2021-04-01,21:00,HFSDBSC08,32199.0,CII-2199-3_Chak No 3 Ram Devali Faisalabad-Z1,275.0,CII-2199_Chak No 3 Ram Devali Faisalabad-Z1,FAISALABAD_CLUSTER_01_Rural,100%,0.0,9.0,0.0,20.0,0.0,134.0,19.0,20.0,0.0,10.0,2.5333,0.0,18282.0,18569.0,18532.0,18569.0,0.0,0.0,134.0,131.0,2.5333,100.0,18.0,20.0,0.0,131.0,9.0,9.0,0.0,0.0,6.9839,0.0107,0.0,0.0,0.0,6.9839,0.0107,0.0,0.0,0.0,2.5333,0.0
2021-04-01,21:00,HFSDBSC08,22199.0,CII-2199-2_Chak No 3 Ram Devali Faisalabad-Z1,274.0,CII-2199_Chak No 3 Ram Devali Faisalabad-Z1,FAISALABAD_CLUSTER_01_Rural,100%,0.0,36.0,2.0,84.0,0.0,590.0,78.0,86.0,0.0,49.0,1.4306,2.0,8612.0,9281.0,9003.0,9281.0,0.0,1.0,590.0,576.0,1.4306,100.0,83.0,83.0,0.0,576.0,35.0,36.0,0.247,0.4941,15.9402,0.1358,0.0399,0.0239,0.016,15.9402,0.1358,0.0399,0.0239,0.016,1.4306,2.0
2021-04-01,21:00,HFSDBSC08,12199.0,CII-2199-1_Chak No 3 Ram Devali Faisalabad-Z1,273.0,CII-2199_Chak No 3 Ram Devali Faisalabad-Z1,FAISALABAD_CLUSTER_01_Rural,100%,0.0,40.0,1.0,51.0,0.0,304.0,26.0,26.0,0.0,11.0,1.0097,1.0,5826.0,5949.0,5734.0,5949.0,2.0,2.0,304.0,300.0,1.0097,100.0,78.0,82.0,2.0,300.0,40.0,40.0,0.0,0.0,7.6463,0.2075,0.0,0.0,0.0,7.6463,0.2075,0.0,0.0,0.0,1.0097,1.0
2021-04-01,21:00,HFSDBSC08,32205.0,CII-2205-3_Chak No 157 RB Gona Faisalabad-Z1 (3G-CII-4726),272.0,CII-2205_Chak No 157 RB Gona Faisalabad-Z1 (3G-CII-4726),FAISALABAD_CLUSTER_01_Rural,100%,0.0,29.0,1.0,44.0,0.0,311.0,28.0,28.0,0.0,14.0,1.3944,1.0,9056.0,9460.0,9426.0,9460.0,1.0,1.0,311.0,298.0,1.3944,100.0,187.0,189.0,1.0,298.0,29.0,29.0,0.0821,0.9852,6.1782,0.2367,0.0585,0.0053,0.0,6.1782,0.2367,0.0585,0.0053,0.0,1.3944,1.0
2021-04-01,21:00,HFSDBSC08,22205.0,CII-2205-2_Chak No 157 RB Gona Faisalabad-Z1 (3G-CII-4726),271.0,CII-2205_Chak No 157 RB Gona Faisalabad-Z1 (3G-CII-4726),FAISALABAD_CLUSTER_01_Rural,100%,0.0,64.0,3.0,207.0,0.0,691.0,283.0,308.0,0.0,144.0,4.5056,3.0,28502.0,29850.0,29118.0,29850.0,0.0,1.0,691.0,645.0,4.5056,100.0,183.0,185.0,0.0,645.0,63.0,64.0,0.0,0.4299,5.4194,0.1828,0.0242,0.0,0.0,5.4194,0.1828,0.0242,0.0,0.0,4.5056,3.0
2021-04-01,21:00,HFSDBSC08,12205.0,CII-2205-1_Chak No 157 RB Gona Faisalabad-Z1 (3G-CII-4726),270.0,CII-2205_Chak No 157 RB Gona Faisalabad-Z1 (3G-CII-4726),FAISALABAD_CLUSTER_01_Rural,100%,0.0,57.0,0.0,155.0,0.0,367.0,200.0,201.0,0.0,99.0,3.4792,0.0,23472.0,24289.0,24164.0,24289.0,0.0,0.0,367.0,354.0,3.4792,100.0,129.0,130.0,0.0,354.0,57.0,57.0,0.0651,0.1949,3.8827,0.2133,0.0053,0.0027,0.0,3.8827,0.2133,0.0053,0.0027,0.0,3.4792,0.0
2021-04-01,21:00,HFSDBSC08,16897.0,16897_JK Textiles (Micro) Faisalabad-Z2,264.0,6897_JK Textiles (Micro) Faisalabad-Z2,FAISALABAD_CLUSTER_01_Rural,100%,0.0,81.0,0.0,112.0,0.0,499.0,55.0,56.0,0.0,31.0,4.7431,0.0,32390.0,32486.0,31759.0,32486.0,0.0,0.0,499.0,498.0,4.7431,100.0,112.0,112.0,0.0,498.0,81.0,81.0,0.0,0.0,9.9759,0.0053,0.0,0.0,0.0,9.9759,0.0053,0.0,0.0,0.0,4.7431,0.0
2021-04-01,21:00,HFSDBSC08,34783.0,34783_Balochani Faisalabad-Z2 (3G-CII-2031),254.0,4783_Balochani Faisalabad-Z2 (3G-CII-2031),FAISALABAD_CLUSTER_01_Rural,100%,0.0,101.0,1.0,264.0,0.0,936.0,310.0,321.0,0.0,165.0,4.5431,1.0,28813.0,29572.0,28788.0,29572.0,0.0,2.0,936.0,914.0,4.5431,100.0,227.0,238.0,0.0,914.0,99.0,101.0,0.0,0.0851,17.64,0.0869,0.0151,0.0,0.0,17.64,0.0869,0.0151,0.0,0.0,4.5431,1.0
2021-04-01,21:00,HFSDBSC08,24783.0,24783_Balochani Faisalabad-Z2 (3G-CII-2031),253.0,4783_Balochani Faisalabad-Z2 (3G-CII-2031),FAISALABAD_CLUSTER_01_Rural,100%,0.0,145.0,1.0,210.0,0.0,2408.0,132.0,133.0,0.0,67.0,7.4819,1.0,49580.0,49996.0,48757.0,49996.0,0.0,1.0,2408.0,2389.0,7.4819,100.0,476.0,488.0,0.0,2389.0,144.0,145.0,0.0,0.0,16.525,0.1722,0.0,0.0,0.0,16.525,0.1722,0.0,0.0,0.0,7.4819,1.0
2021-04-01,21:00,HFSDBSC08,14783.0,14783_Balochani Faisalabad-Z2 (3G-CII-2031),250.0,4783_Balochani Faisalabad-Z2 (3G-CII-2031),FAISALABAD_CLUSTER_01_Rural,100%,0.0,84.0,6.0,144.0,0.0,937.0,102.0,114.0,0.0,55.0,3.2056,6.0,19262.0,19593.0,19012.0,19593.0,0.0,0.0,937.0,928.0,3.2056,100.0,130.0,135.0,0.0,928.0,84.0,84.0,0.0798,0.4985,11.84,1.3625,0.0556,0.0106,0.0,11.84,1.3625,0.0556,0.0106,0.0,3.2056,6.0
2021-04-01,21:00,HFSDBSC08,35764.0,35764_Chak 188 Nalay Wala Faisalabad-Z1 (3G-CII-4693),240.0,5764_Chak 188 Nalay Wala Faisalabad-Z1 (3G-CII-4693),FAISALABAD_CLUSTER_01_Rural,100%,0.0,50.0,0.0,116.0,0.0,450.0,129.0,131.0,0.0,66.0,3.0931,0.0,20007.0,20439.0,20102.0,20439.0,3.0,3.0,450.0,413.0,3.0931,100.0,110.0,117.0,3.0,413.0,50.0,50.0,0.1818,0.8176,10.5893,1.056,0.0747,0.0133,0.008,10.5893,1.056,0.0747,0.0133,0.008,3.0931,0.0
2021-04-01,21:00,HFSDBSC08,25764.0,25764_Chak 188 Nalay Wala Faisalabad-Z1 (3G-CII-4693),239.0,5764_Chak 188 Nalay Wala Faisalabad-Z1 (3G-CII-4693),FAISALABAD_CLUSTER_01_Rural,100%,0.0,108.0,1.0,158.0,0.0,261.0,93.0,94.0,0.0,50.0,3.325,1.0,21098.0,21486.0,21466.0,21486.0,0.0,1.0,261.0,259.0,3.325,100.0,197.0,197.0,0.0,259.0,107.0,108.0,0.652,2.3594,16.9332,1.8923,0.3292,0.0696,0.0562,16.9332,1.8923,0.3292,0.0696,0.0562,3.325,1.0
2021-04-01,21:00,HFSDBSC08,34771.0,34771_Mohallah Ahmedabad Nankana Sahib (3G-CII-2032),235.0,4771_Mohallah Ahmedabad Nankana Sahib (3G-CII-2032),FAISALABAD_CLUSTER_01_Rural,100%,0.0,108.0,1.0,275.0,0.0,3603.0,325.0,334.0,0.0,171.0,6.0333,1.0,39160.0,40082.0,39067.0,40082.0,1.0,5.0,3603.0,3570.0,6.0333,100.0,262.0,269.0,1.0,3570.0,104.0,108.0,1.5626,4.8045,16.127,0.3978,0.5628,0.2429,0.0283,16.127,0.3978,0.5628,0.2429,0.0283,6.0333,1.0
2021-04-01,21:00,HFSDBSC08,24771.0,24771_Mohallah Ahmedabad Nankana Sahib (3G-CII-2032),234.0,4771_Mohallah Ahmedabad Nankana Sahib (3G-CII-2032),FAISALABAD_CLUSTER_01_Rural,100%,0.0,29.0,0.0,81.0,0.0,661.0,107.0,107.0,0.0,52.0,0.9389,0.0,5896.0,5922.0,5821.0,5922.0,0.0,0.0,661.0,660.0,0.9389,100.0,53.0,53.0,0.0,660.0,29.0,29.0,0.033,0.1649,23.8912,0.2016,0.0318,0.008,0.0,23.8912,0.2016,0.0318,0.008,0.0,0.9389,0.0
2021-04-01,21:00,HFSDBSC08,15764.0,15764_Chak 188 Nalay Wala Faisalabad-Z1 (3G-CII-4693),229.0,5764_Chak 188 Nalay Wala Faisalabad-Z1 (3G-CII-4693),FAISALABAD_CLUSTER_01_Rural,100%,0.0,75.0,0.0,117.0,0.0,355.0,78.0,87.0,0.0,46.0,2.7111,0.0,17364.0,17601.0,17459.0,17601.0,1.0,3.0,355.0,323.0,2.7111,100.0,128.0,135.0,1.0,323.0,73.0,75.0,0.0,0.0404,13.0089,0.1978,0.0053,0.0,0.0,13.0089,0.1978,0.0053,0.0,0.0,2.7111,0.0
2021-04-01,21:00,HFSDBSC08,14771.0,14771_Mohallah Ahmedabad Nankana Sahib (3G-CII-2032),228.0,4771_Mohallah Ahmedabad Nankana Sahib (3G-CII-2032),FAISALABAD_CLUSTER_01_Rural,100%,0.0,60.0,2.0,208.0,0.0,1549.0,277.0,305.0,0.0,153.0,3.6194,2.0,23028.0,24228.0,23618.0,24228.0,0.0,3.0,1549.0,1512.0,3.6194,100.0,107.0,109.0,0.0,1512.0,57.0,60.0,0.0,0.0308,19.385,0.1261,0.006,0.0,0.0,19.385,0.1261,0.006,0.0,0.0,3.6194,2.0
2021-04-01,21:00,HFSDBSC08,36975.0,36975_Chak No 116 JB Rara Tali Faisalabad-Z1 (3G-CII-4518),211.0,6975_Chak No 116 JB Rara Tali Faisalabad-Z1 (3G-CII-4518),FAISALABAD_CLUSTER_01_Rural,100%,0.0,57.0,1.0,113.0,0.0,928.0,101.0,105.0,0.0,56.0,2.2722,1.0,13634.0,14536.0,14149.0,14536.0,1.0,1.0,928.0,895.0,2.2722,100.0,159.0,160.0,1.0,895.0,57.0,57.0,0.4546,3.2411,10.9824,2.0399,0.375,0.0532,0.008,10.9824,2.0399,0.375,0.0532,0.008,2.2722,1.0
2021-04-01,21:00,HFSDBSC08,26975.0,26975_Chak No 116 JB Rara Tali Faisalabad-Z1 (3G-CII-4518),210.0,6975_Chak No 116 JB Rara Tali Faisalabad-Z1 (3G-CII-4518),FAISALABAD_CLUSTER_01_Rural,100%,0.0,98.0,4.0,143.0,0.0,1013.0,87.0,91.0,0.0,49.0,4.75,4.0,29176.0,30625.0,29747.0,30625.0,3.0,6.0,1013.0,967.0,4.75,100.0,194.0,206.0,3.0,967.0,95.0,98.0,0.0358,0.1618,14.6079,0.2271,0.0187,0.0053,0.0,14.6079,0.2271,0.0187,0.0053,0.0,4.75,4.0
2021-04-01,21:00,HFSDBSC08,16975.0,16975_Chak No 116 JB Rara Tali Faisalabad-Z1 (3G-CII-4518),209.0,6975_Chak No 116 JB Rara Tali Faisalabad-Z1 (3G-CII-4518),FAISALABAD_CLUSTER_01_Rural,100%,0.0,86.0,0.0,208.0,0.0,1434.0,228.0,243.0,0.0,125.0,5.3542,0.0,34392.0,35282.0,34788.0,35282.0,1.0,1.0,1434.0,1389.0,5.3542,100.0,353.0,356.0,1.0,1389.0,86.0,86.0,0.7148,4.3168,13.3715,3.763,0.645,0.0907,0.0373,13.3715,3.763,0.645,0.0907,0.0373,5.3542,0.0
2021-04-01,21:00,HFSDBSC08,35599.0,35599_Bohurou Nankana Sahib (3G-CII-4686),204.0,5599_Bohurou Nankana Sahib (3G-CII-4686),FAISALABAD_CLUSTER_01_Rural,100%,0.0,109.0,3.0,160.0,1.0,5638.0,103.0,105.0,0.0,50.0,9.2514,3.0,62616.0,64321.0,63326.0,64321.0,1.0,1.0,5637.0,5620.0,9.2514,100.0,249.0,252.0,1.0,5620.0,109.0,109.0,0.0,0.4001,7.0766,0.2076,0.0293,0.0,0.0,7.0766,0.2076,0.0293,0.0,0.0,9.2514,3.0
2021-04-01,21:00,HFSDBSC08,25599.0,25599_Bohurou Nankana Sahib (3G-CII-4686),203.0,5599_Bohurou Nankana Sahib (3G-CII-4686),FAISALABAD_CLUSTER_01_Rural,100%,0.0,68.0,3.0,99.0,0.0,712.0,63.0,64.0,0.0,32.0,2.3194,3.0,13432.0,14344.0,14102.0,14344.0,0.0,1.0,712.0,679.0,2.3194,100.0,121.0,130.0,0.0,679.0,67.0,68.0,0.0337,0.3705,7.7009,0.1676,0.0266,0.0027,0.0,7.7009,0.1676,0.0266,0.0027,0.0,2.3194,3.0
2021-04-01,21:00,HFSDBSC08,15599.0,15599_Bohurou Nankana Sahib (3G-CII-4686),202.0,5599_Bohurou Nankana Sahib (3G-CII-4686),FAISALABAD_CLUSTER_01_Rural,100%,0.0,198.0,3.0,287.0,0.0,5391.0,188.0,190.0,0.0,96.0,11.7431,3.0,79437.0,81373.0,80582.0,81373.0,0.0,6.0,5391.0,5357.0,11.7431,100.0,425.0,432.0,0.0,5357.0,192.0,198.0,0.0,0.1198,9.3603,0.0112,0.0112,0.0,0.0,9.3603,0.0112,0.0112,0.0,0.0,11.7431,3.0
2021-04-01,21:00,HFSDBSC08,35464.0,35464_Sangla Shahkot Road Nankana Sahib,201.0,5464_Sangla Shahkot Road Nankana Sahib,FAISALABAD_CLUSTER_01_Rural,100%,0.0,15.0,0.0,30.0,0.0,233.0,23.0,26.0,0.0,15.0,0.5181,0.0,3262.0,3350.0,3337.0,3350.0,0.0,0.0,233.0,225.0,0.5181,100.0,131.0,137.0,0.0,225.0,15.0,15.0,0.0686,1.1321,6.632999999999999,1.0319,0.0825,0.0,0.0053,6.632999999999999,1.0319,0.0825,0.0,0.0053,0.5181,0.0
2021-04-01,21:00,HFSDBSC08,25464.0,25464_Sangla Shahkot Road Nankana Sahib,200.0,5464_Sangla Shahkot Road Nankana Sahib,FAISALABAD_CLUSTER_01_Rural,100%,0.0,62.0,2.0,127.0,0.0,404.0,118.0,125.0,0.0,64.0,3.9014,2.0,25324.0,26346.0,25922.0,26346.0,1.0,1.0,404.0,402.0,3.9014,100.0,95.0,96.0,1.0,402.0,62.0,62.0,0.0784,0.0784,10.1524,0.0319,0.0,0.0027,0.0053,10.1524,0.0319,0.0,0.0027,0.0053,3.9014,2.0
2021-04-01,21:00,HFSDBSC08,15464.0,15464_Sangla Shahkot Road Nankana Sahib,199.0,5464_Sangla Shahkot Road Nankana Sahib,FAISALABAD_CLUSTER_01_Rural,100%,0.0,35.0,1.0,45.0,0.0,349.0,28.0,32.0,0.0,13.0,1.35,1.0,8527.0,8658.0,8532.0,8658.0,4.0,8.0,349.0,338.0,1.35,100.0,105.0,107.0,4.0,338.0,31.0,35.0,0.0,0.1562,8.1013,0.4213,0.0133,0.0,0.0,8.1013,0.4213,0.0133,0.0,0.0,1.35,1.0
2021-04-01,21:00,HFSDBSC08,35462.0,35462_Marr Balochan Nankana Sahib (3G-CII-4672),198.0,5462_Marr Balochan Nankana Sahib (3G-CII-4672),FAISALABAD_CLUSTER_01_Rural,100%,0.0,17.0,0.0,46.0,0.0,484.0,43.0,53.0,0.0,29.0,1.8278,0.0,12389.0,13106.0,13051.0,13106.0,0.0,0.0,484.0,446.0,1.8278,100.0,34.0,57.0,0.0,446.0,17.0,17.0,0.065,0.4225,7.7787,0.3893,0.0293,0.0053,0.0,7.7787,0.3893,0.0293,0.0053,0.0,1.8278,0.0
2021-04-01,21:00,HFSDBSC08,25462.0,25462_Marr Balochan Nankana Sahib (3G-CII-4672),197.0,5462_Marr Balochan Nankana Sahib (3G-CII-4672),FAISALABAD_CLUSTER_01_Rural,100%,0.0,49.0,1.0,64.0,0.0,837.0,29.0,33.0,0.0,17.0,2.7819,1.0,17606.0,19422.0,19362.0,19422.0,2.0,4.0,837.0,803.0,2.7819,100.0,79.0,84.0,2.0,803.0,47.0,49.0,0.0,0.0849,6.1654,0.1067,0.0053,0.0,0.0,6.1654,0.1067,0.0053,0.0,0.0,2.7819,1.0
2021-04-01,21:00,HFSDBSC08,15462.0,15462_Marr Balochan Nankana Sahib (3G-CII-4672),196.0,5462_Marr Balochan Nankana Sahib (3G-CII-4672),FAISALABAD_CLUSTER_01_Rural,100%,0.0,50.0,3.0,93.0,0.0,906.0,88.0,98.0,0.0,45.0,2.1361,3.0,13012.0,13569.0,13546.0,13569.0,6.0,8.0,906.0,875.0,2.1361,100.0,119.0,124.0,6.0,875.0,48.0,50.0,0.0,2.2273,2.5321,0.8717,0.0775,0.0,0.0,2.5321,0.8717,0.0775,0.0,0.0,2.1361,3.0
2021-04-01,21:00,HFSDBSC08,35598.0,35598_Kuttianwali Nankana Sahib,195.0,5598_Kuttianwali Nankana Sahib,FAISALABAD_CLUSTER_01_Rural,100%,0.0,42.0,1.0,72.0,0.0,529.0,57.0,60.0,0.0,29.0,2.1444,1.0,12533.0,13692.0,13432.0,13692.0,0.0,0.0,529.0,517.0,2.1444,100.0,84.0,89.0,0.0,517.0,42.0,42.0,0.0,0.1749,3.0154,0.0675,0.0054,0.0,0.0,3.0154,0.0675,0.0054,0.0,0.0,2.1444,1.0
2021-04-01,21:00,HFSDBSC08,25598.0,25598_Kuttianwali Nankana Sahib,194.0,5598_Kuttianwali Nankana Sahib,FAISALABAD_CLUSTER_01_Rural,100%,0.0,52.0,2.0,73.0,0.0,607.0,42.0,44.0,0.0,21.0,2.625,2.0,16812.0,17283.0,16351.0,17283.0,0.0,0.0,607.0,560.0,2.625,100.0,110.0,115.0,0.0,560.0,52.0,52.0,0.0,0.5772,8.1129,0.1764,0.0481,0.0,0.0,8.1129,0.1764,0.0481,0.0,0.0,2.625,2.0
2021-04-01,21:00,HFSDBSC08,15598.0,15598_Kuttianwali Nankana Sahib,193.0,5598_Kuttianwali Nankana Sahib,FAISALABAD_CLUSTER_01_Rural,100%,0.0,38.0,1.0,57.0,0.0,328.0,32.0,39.0,0.0,19.0,1.1042,1.0,5669.0,6866.0,6598.0,6866.0,2.0,3.0,328.0,307.0,1.1042,100.0,59.0,64.0,2.0,307.0,37.0,38.0,0.0,0.0,9.677,0.0587,0.0,0.0,0.0,9.677,0.0587,0.0,0.0,0.0,1.1042,1.0
2021-04-01,21:00,HFSDBSC08,35596.0,35596_Abdullah Pur Sheikhupura (3G-CII-4685),189.0,5596_Abdullah Pur Sheikhupura (3G-CII-4685),FAISALABAD_CLUSTER_01_Rural,100%,0.0,522.0,5.0,578.0,3.0,5407.0,107.0,109.0,0.0,55.0,22.2236,5.0,143887.0,145939.0,144812.0,145939.0,0.0,3.0,5404.0,5384.0,22.2236,100.0,1547.0,1553.0,0.0,5384.0,519.0,522.0,0.0589,0.2852,16.3728,0.0736,0.0373,0.0097,0.0,16.3728,0.0736,0.0373,0.0097,0.0,22.2236,5.0
2021-04-01,21:00,HFSDBSC08,25596.0,25596_Abdullah Pur Sheikhupura (3G-CII-4685),188.0,5596_Abdullah Pur Sheikhupura (3G-CII-4685),FAISALABAD_CLUSTER_01_Rural,100%,0.0,32.0,4.0,46.0,0.0,308.0,36.0,37.0,0.0,18.0,1.5028,4.0,9607.0,10294.0,10240.0,10294.0,1.0,5.0,308.0,286.0,1.5028,100.0,53.0,56.0,1.0,286.0,28.0,32.0,0.0646,2.4879,3.4171,4.6524,0.2005,0.0054,0.0,3.4171,4.6524,0.2005,0.0054,0.0,1.5028,4.0
2021-04-01,21:00,HFSDBSC08,15596.0,15596_Abdullah Pur Sheikhupura (3G-CII-4685),187.0,5596_Abdullah Pur Sheikhupura (3G-CII-4685),FAISALABAD_CLUSTER_01_Rural,100%,0.0,20.0,0.0,36.0,0.0,556.0,30.0,32.0,0.0,17.0,1.8056,0.0,12145.0,12807.0,12792.0,12807.0,2.0,3.0,556.0,533.0,1.8056,100.0,60.0,68.0,2.0,533.0,19.0,20.0,0.0,0.0,6.3235,0.1604,0.0,0.0,0.0,6.3235,0.1604,0.0,0.0,0.0,1.8056,0.0
2021-04-01,21:00,HFSDBSC08,34936.0,34936_Safderabad Sheikhupura (3G-CII-4626),186.0,4936_Safderabad Sheikhupura (3G-CII-4626),FAISALABAD_CLUSTER_01_Rural,100%,0.0,47.0,1.0,73.0,0.0,492.0,42.0,43.0,0.0,24.0,1.7181,1.0,10692.0,10985.0,10913.0,10985.0,0.0,0.0,492.0,475.0,1.7181,100.0,143.0,146.0,0.0,475.0,47.0,47.0,0.0,0.1917,7.5401,0.8128,0.016,0.0,0.0,7.5401,0.8128,0.016,0.0,0.0,1.7181,1.0
2021-04-01,21:00,HFSDBSC08,24936.0,24936_Safderabad Sheikhupura (3G-CII-4626),185.0,4936_Safderabad Sheikhupura (3G-CII-4626),FAISALABAD_CLUSTER_01_Rural,100%,0.0,46.0,2.0,66.0,0.0,999.0,33.0,37.0,0.0,20.0,3.0583,2.0,20622.0,21137.0,20808.0,21137.0,2.0,3.0,999.0,983.0,3.0583,100.0,90.0,95.0,2.0,983.0,45.0,46.0,0.0,0.271,5.7922,0.096,0.016,0.0,0.0,5.7922,0.096,0.016,0.0,0.0,3.0583,2.0
2021-04-01,21:00,HFSDBSC08,14936.0,14936_Safderabad Sheikhupura (3G-CII-4626),184.0,4936_Safderabad Sheikhupura (3G-CII-4626),FAISALABAD_CLUSTER_01_Rural,100%,0.0,44.0,0.0,72.0,0.0,1333.0,53.0,58.0,0.0,28.0,2.7861,0.0,18905.0,18996.0,18985.0,18996.0,4.0,4.0,1333.0,1285.0,2.7861,100.0,278.0,279.0,4.0,1285.0,44.0,44.0,0.0,0.08199999999999999,12.739,0.2968,0.0107,0.0,0.0,12.739,0.2968,0.0107,0.0,0.0,2.7861,0.0
2021-04-01,21:00,HFSDBSC08,34932.0,34932_Khurrianwala Sayianwala Faisalabad-Z1 (3G-CII-4624),183.0,4932_Khurrianwala Sayianwala Faisalabad-Z1 (3G-CII-4624),FAISALABAD_CLUSTER_01_Rural,100%,0.0,72.0,0.0,138.0,0.0,549.0,120.0,135.0,0.0,65.0,4.1472,0.0,25688.0,27919.0,27595.0,27919.0,0.0,0.0,549.0,539.0,4.1472,100.0,93.0,93.0,0.0,539.0,72.0,72.0,0.0,0.3367,6.1787,0.1387,0.0213,0.0,0.0,6.1787,0.1387,0.0213,0.0,0.0,4.1472,0.0
2021-04-01,21:00,HFSDBSC08,24932.0,24932_Khurrianwala Sayianwala Faisalabad-Z1 (3G-CII-4624),182.0,4932_Khurrianwala Sayianwala Faisalabad-Z1 (3G-CII-4624),FAISALABAD_CLUSTER_01_Rural,100%,0.0,87.0,1.0,108.0,0.0,509.0,30.0,35.0,0.0,20.0,3.7153,1.0,22978.0,24340.0,23943.0,24340.0,2.0,2.0,509.0,492.0,3.7153,100.0,184.0,192.0,2.0,492.0,87.0,87.0,0.0426,0.2131,6.0293,0.1995,0.0106,0.0027,0.0,6.0293,0.1995,0.0106,0.0027,0.0,3.7153,1.0
2021-04-01,21:00,HFSDBSC08,14932.0,14932_Khurrianwala Sayianwala Faisalabad-Z1 (3G-CII-4624),181.0,4932_Khurrianwala Sayianwala Faisalabad-Z1 (3G-CII-4624),FAISALABAD_CLUSTER_01_Rural,100%,0.0,82.0,3.0,143.0,0.0,1037.0,114.0,118.0,0.0,62.0,3.9361,3.0,25881.0,26496.0,26249.0,26496.0,1.0,2.0,1037.0,1008.0,3.9361,100.0,211.0,213.0,1.0,1008.0,81.0,82.0,0.0548,0.5478,3.2673,1.6127,0.0242,0.0027,0.0,3.2673,1.6127,0.0242,0.0027,0.0,3.9361,3.0
2021-04-01,21:00,HFSDBSC08,34937.0,34937_Khrkan Mor Kalyar Aabad Nankana Sahib,180.0,4937_Khrkan Mor Kalyar Aabad Nankana Sahib,FAISALABAD_CLUSTER_01_Rural,100%,0.0,0.0,0.0,0.0,0.0,0.0,0.0,0.0,0.0,0.0,0.0,0.0,0.0,0.0,0.0,0.0,0.0,0.0,0.0,0.0,0.0,0.0,0.0,0.0,0.0,0.0,0.0,0.0,,,,,,,,,,,,,0.0,0.0
2021-04-01,21:00,HFSDBSC08,24937.0,24937_Khrkan Mor Kalyar Aabad Nankana Sahib,179.0,4937_Khrkan Mor Kalyar Aabad Nankana Sahib,FAISALABAD_CLUSTER_01_Rural,100%,0.0,0.0,0.0,0.0,0.0,0.0,0.0,0.0,0.0,0.0,0.0,0.0,0.0,0.0,0.0,0.0,0.0,0.0,0.0,0.0,0.0,0.0,0.0,0.0,0.0,0.0,0.0,0.0,,,,,,,,,,,,,0.0,0.0
2021-04-01,21:00,HFSDBSC08,14937.0,14937_Khrkan Mor Kalyar Aabad Nankana Sahib,178.0,4937_Khrkan Mor Kalyar Aabad Nankana Sahib,FAISALABAD_CLUSTER_01_Rural,100%,0.0,0.0,0.0,0.0,0.0,0.0,0.0,0.0,0.0,0.0,0.0,0.0,0.0,0.0,0.0,0.0,0.0,0.0,0.0,0.0,0.0,0.0,0.0,0.0,0.0,0.0,0.0,0.0,,,,,,,,,,,,,0.0,0.0
2021-04-01,21:00,HFSDBSC08,35460.0,35460_Mohallah Samnabd Nankana Sahib (3G-CII-4129),174.0,5460_Mohallah Samnabd Nankana Sahib (3G-CII-4129),FAISALABAD_CLUSTER_01_Rural,100%,0.0,95.0,1.0,183.0,0.0,3181.0,180.0,182.0,0.0,89.0,5.0194,1.0,32942.0,33216.0,32677.0,33216.0,0.0,0.0,3181.0,3167.0,5.0194,100.0,241.0,242.0,0.0,3167.0,95.0,95.0,0.0,0.1609,4.9955,0.1294,0.0083,0.0,0.0,4.9955,0.1294,0.0083,0.0,0.0,5.0194,1.0
2021-04-01,21:00,HFSDBSC08,25460.0,25460_Mohallah Samnabd Nankana Sahib (3G-CII-4129),173.0,5460_Mohallah Samnabd Nankana Sahib (3G-CII-4129),FAISALABAD_CLUSTER_01_Rural,100%,0.0,224.0,7.0,377.0,0.0,3596.0,298.0,319.0,0.0,160.0,7.1417,7.0,43904.0,44537.0,43411.0,44537.0,2.0,5.0,3596.0,3586.0,7.1417,100.0,447.0,452.0,2.0,3586.0,221.0,224.0,0.0979,0.1352,18.5344,0.0288,0.006999999999999999,0.0086,0.0096,18.5344,0.0288,0.006999999999999999,0.0086,0.0096,7.1417,7.0
2021-04-01,21:00,HFSDBSC08,15460.0,15460_Mohallah Samnabd Nankana Sahib (3G-CII-4129),172.0,5460_Mohallah Samnabd Nankana Sahib (3G-CII-4129),FAISALABAD_CLUSTER_01_Rural,100%,0.0,129.0,3.0,274.0,4.0,3748.0,280.0,295.0,0.0,145.0,10.2875,3.0,70543.0,71621.0,71152.0,71621.0,1.0,1.0,3744.0,3680.0,10.2875,100.0,336.0,338.0,1.0,3680.0,129.0,129.0,0.0853,0.0853,6.5329,0.0871,0.0,0.0,0.0057,6.5329,0.0871,0.0,0.0,0.0057,10.2875,3.0
2021-04-01,21:00,HFSDBSC08,34780.0,34780_Adda Johal Shahkot Faisalabad-Z2 (3G-CII-4133),171.0,4780_Adda Johal Shahkot Faisalabad-Z2 (3G-CII-4133),FAISALABAD_CLUSTER_01_Rural,100%,0.0,310.0,1.0,515.0,0.0,2820.0,390.0,417.0,0.0,211.0,16.9889,1.0,112662.0,115228.0,113585.0,115228.0,3.0,6.0,2820.0,2761.0,16.9889,100.0,501.0,524.0,3.0,2761.0,307.0,310.0,0.43799999999999994,1.2088,21.27,1.1852,0.1752,0.0611,0.0384,21.27,1.1852,0.1752,0.0611,0.0384,16.9889,1.0
2021-04-01,21:00,HFSDBSC08,24780.0,24780_Adda Johal Shahkot Faisalabad-Z2 (3G-CII-4133),170.0,4780_Adda Johal Shahkot Faisalabad-Z2 (3G-CII-4133),FAISALABAD_CLUSTER_01_Rural,100%,0.0,127.0,1.0,291.0,0.0,2812.0,325.0,347.0,0.0,175.0,6.1944,1.0,38308.0,40107.0,39689.0,40107.0,0.0,10.0,2812.0,2787.0,6.1944,100.0,206.0,208.0,0.0,2787.0,117.0,127.0,0.0246,0.0493,30.5524,0.1916,0.0076,0.0076,0.0,30.5524,0.1916,0.0076,0.0076,0.0,6.1944,1.0
2021-04-01,21:00,HFSDBSC08,14780.0,14780_Adda Johal Shahkot Faisalabad-Z2 (3G-CII-4133),169.0,4780_Adda Johal Shahkot Faisalabad-Z2 (3G-CII-4133),FAISALABAD_CLUSTER_01_Rural,100%,0.0,164.0,3.0,369.0,0.0,2164.0,421.0,444.0,0.0,208.0,6.7931,3.0,41139.0,42822.0,40768.0,42822.0,0.0,3.0,2164.0,2143.0,6.7931,100.0,756.0,761.0,0.0,2143.0,161.0,164.0,0.0,0.2388,20.8089,0.0777,0.05,0.0,0.0,20.8089,0.0777,0.05,0.0,0.0,6.7931,3.0
2021-04-01,21:00,HFSDBSC08,34930.0,34930_Dar ul Ehsan Faisalabad-Z1 (3G-CII-4623),168.0,4930_Dar ul Ehsan Faisalabad-Z1 (3G-CII-4623),FAISALABAD_CLUSTER_01_Rural,100%,0.0,85.0,2.0,122.0,0.0,1148.0,71.0,73.0,0.0,38.0,4.4931,2.0,28798.0,29297.0,28683.0,29297.0,1.0,2.0,1148.0,1102.0,4.4931,100.0,198.0,199.0,1.0,1102.0,84.0,85.0,0.1105,0.7031,12.0925,0.2416,0.0736,0.0055,0.0082,12.0925,0.2416,0.0736,0.0055,0.0082,4.4931,2.0
2021-04-01,21:00,HFSDBSC08,24930.0,24930_Dar ul Ehsan Faisalabad-Z1 (3G-CII-4623),167.0,4930_Dar ul Ehsan Faisalabad-Z1 (3G-CII-4623),FAISALABAD_CLUSTER_01_Rural,100%,0.0,85.0,11.0,93.0,0.0,621.0,23.0,25.0,0.0,12.0,4.225,11.0,25420.0,27641.0,26682.0,27642.0,0.0,7.0,621.0,575.0,4.225,100.0,266.0,300.0,0.0,575.0,78.0,85.0,0.0,0.2968,12.0938,0.4785,0.0374,0.0,0.0,12.0938,0.4785,0.0374,0.0,0.0,4.225,11.0
2021-04-01,21:00,HFSDBSC08,14930.0,14930_Dar ul Ehsan Faisalabad-Z1 (3G-CII-4623),166.0,4930_Dar ul Ehsan Faisalabad-Z1 (3G-CII-4623),FAISALABAD_CLUSTER_01_Rural,100%,0.0,53.0,4.0,101.0,0.0,501.0,82.0,89.0,0.0,46.0,2.3181,4.0,12152.0,13560.0,13143.0,13560.0,1.0,2.0,501.0,480.0,2.3181,100.0,96.0,103.0,1.0,480.0,52.0,53.0,0.0,0.0873,5.4473,3.6889,0.008,0.0,0.0,5.4473,3.6889,0.008,0.0,0.0,2.3181,4.0
2021-04-01,21:00,HFSDBSC08,34770.0,34770_Mohallah Sharifpura Nankana Sahib (3G-CII-2033),156.0,4770_Mohallah Sharifpura Nankana Sahib (3G-CII-2033),FAISALABAD_CLUSTER_01_Rural,100%,0.0,108.0,0.0,203.0,0.0,2853.0,194.0,197.0,0.0,95.0,6.0181,0.0,40756.0,40959.0,40726.0,40959.0,9.0,10.0,2853.0,2803.0,6.0181,100.0,264.0,265.0,9.0,2803.0,107.0,108.0,0.177,1.0336,8.6614,0.2885,0.0775,0.0107,0.0053,8.6614,0.2885,0.0775,0.0107,0.0053,6.0181,0.0
2021-04-01,21:00,HFSDBSC08,24770.0,24770_Mohallah Sharifpura Nankana Sahib (3G-CII-2033),155.0,4770_Mohallah Sharifpura Nankana Sahib (3G-CII-2033),FAISALABAD_CLUSTER_01_Rural,100%,0.0,97.0,4.0,142.0,0.0,1942.0,102.0,107.0,0.0,45.0,3.6778,4.0,23329.0,24221.0,24082.0,24221.0,3.0,3.0,1942.0,1917.0,3.6778,100.0,315.0,323.0,3.0,1917.0,97.0,97.0,0.1127,0.5259,14.1982,0.4725,0.0609,0.0166,0.0,14.1982,0.4725,0.0609,0.0166,0.0,3.6778,4.0
2021-04-01,21:00,HFSDBSC08,14770.0,14770_Mohallah Sharifpura Nankana Sahib (3G-CII-2033),154.0,4770_Mohallah Sharifpura Nankana Sahib (3G-CII-2033),FAISALABAD_CLUSTER_01_Rural,100%,0.0,125.0,0.0,279.0,0.0,2966.0,298.0,306.0,0.0,156.0,4.8972,0.0,30390.0,31156.0,30689.0,31156.0,3.0,5.0,2966.0,2956.0,4.8972,100.0,259.0,260.0,3.0,2956.0,123.0,125.0,2.2425,3.7729,17.9491,1.0441,0.3021,0.0693,0.3733,17.9491,1.0441,0.3021,0.0693,0.3733,4.8972,0.0
2021-04-01,21:00,HFSDBSC08,34765.0,34765_Nankana Road Shahkot Nankana Sahib (3G-CII-4148),153.0,4765_Nankana Road Shahkot Nankana Sahib (3G-CII-4148),FAISALABAD_CLUSTER_01_Rural,100%,0.0,63.0,0.0,227.0,0.0,307.0,325.0,325.0,0.0,164.0,1.8278,0.0,10633.0,10726.0,10719.0,10726.0,0.0,0.0,307.0,305.0,1.8278,100.0,174.0,176.0,0.0,305.0,63.0,63.0,0.0,0.0464,10.9839,0.5481,0.0054,0.0,0.0,10.9839,0.5481,0.0054,0.0,0.0,1.8278,0.0
2021-04-01,21:00,HFSDBSC08,24765.0,24765_Nankana Road Shahkot Nankana Sahib (3G-CII-4148),152.0,4765_Nankana Road Shahkot Nankana Sahib (3G-CII-4148),FAISALABAD_CLUSTER_01_Rural,100%,0.0,250.0,2.0,410.0,0.0,2747.0,313.0,315.0,0.0,160.0,17.1222,2.0,116115.0,116528.0,115436.0,116528.0,2.0,2.0,2747.0,2616.0,17.1222,100.0,559.0,569.0,2.0,2616.0,250.0,250.0,0.0,0.035,18.254,0.1351,0.0064,0.0,0.0,18.254,0.1351,0.0064,0.0,0.0,17.1222,2.0
2021-04-01,21:00,HFSDBSC08,14765.0,14765_Nankana Road Shahkot Nankana Sahib (3G-CII-4148),151.0,4765_Nankana Road Shahkot Nankana Sahib (3G-CII-4148),FAISALABAD_CLUSTER_01_Rural,100%,0.0,52.0,1.0,169.0,0.0,737.0,229.0,230.0,0.0,117.0,5.6694,1.0,36446.0,39632.0,39128.0,39632.0,3.0,3.0,737.0,731.0,5.6694,100.0,147.0,147.0,3.0,731.0,52.0,52.0,0.0,0.2319,5.5173,0.2213,0.0133,0.0,0.0,5.5173,0.2213,0.0133,0.0,0.0,5.6694,1.0
2021-04-01,21:00,HFSDBSC08,34769.0,34769_Darul Ehsan Shahkot Faisalabad-Z2,150.0,4769_Darul Ehsan Shahkot Faisalabad-Z2,FAISALABAD_CLUSTER_01_Rural,100%,0.0,76.0,1.0,99.0,0.0,798.0,34.0,39.0,0.0,24.0,4.7472,1.0,30237.0,31015.0,30057.0,31015.0,0.0,2.0,798.0,769.0,4.7472,100.0,219.0,234.0,0.0,767.0,74.0,76.0,0.1038,0.2284,12.1258,0.6884,0.016,0.0053,0.008,12.1258,0.6884,0.016,0.0053,0.008,4.7472,1.0
2021-04-01,21:00,HFSDBSC08,24769.0,24769_Darul Ehsan Shahkot Faisalabad-Z2,149.0,4769_Darul Ehsan Shahkot Faisalabad-Z2,FAISALABAD_CLUSTER_01_Rural,100%,0.0,23.0,0.0,38.0,0.0,400.0,35.0,40.0,0.0,23.0,2.0375,0.0,13607.0,14173.0,13916.0,14173.0,1.0,6.0,400.0,392.0,2.0375,100.0,126.0,127.0,1.0,392.0,18.0,23.0,0.0383,0.0383,6.8604,0.1014,0.0,0.0,0.0027,6.8604,0.1014,0.0,0.0,0.0027,2.0375,0.0
2021-04-01,21:00,HFSDBSC08,14769.0,14769_Darul Ehsan Shahkot Faisalabad-Z2,148.0,4769_Darul Ehsan Shahkot Faisalabad-Z2,FAISALABAD_CLUSTER_01_Rural,100%,0.0,26.0,1.0,41.0,0.0,377.0,26.0,29.0,0.0,15.0,1.6278,1.0,9542.0,10308.0,9943.0,10308.0,0.0,3.0,377.0,361.0,1.6278,100.0,44.0,46.0,0.0,361.0,23.0,26.0,0.0,0.1852,6.8147,0.39299999999999996,0.0134,0.0,0.0,6.8147,0.39299999999999996,0.0134,0.0,0.0,1.6278,1.0
2021-04-01,21:00,HFSDBSC08,34766.0,34766_Changar Mohallah Nankana Sahib (3G-CII-4614),147.0,4766_Changar Mohallah Nankana Sahib (3G-CII-4614),FAISALABAD_CLUSTER_01_Rural,100%,0.0,49.0,0.0,103.0,0.0,448.0,106.0,111.0,0.0,59.0,2.4472,0.0,16029.0,16559.0,16519.0,16560.0,0.0,5.0,448.0,441.0,2.4472,100.0,176.0,179.0,0.0,441.0,44.0,49.0,0.0,0.9554,8.8409,0.8605,0.0936,0.0,0.0,8.8409,0.8605,0.0936,0.0,0.0,2.4472,0.0
2021-04-01,21:00,HFSDBSC08,24766.0,24766_Changar Mohallah Nankana Sahib (3G-CII-4614),146.0,4766_Changar Mohallah Nankana Sahib (3G-CII-4614),FAISALABAD_CLUSTER_01_Rural,100%,0.0,47.0,0.0,79.0,0.0,471.0,73.0,74.0,0.0,38.0,1.2583,0.0,7783.0,7912.0,7896.0,7912.0,0.0,6.0,471.0,459.0,1.2583,100.0,172.0,179.0,0.0,459.0,41.0,47.0,0.0508,1.0697,9.5857,0.7968,0.1069,0.0,0.0053,9.5857,0.7968,0.1069,0.0,0.0053,1.2583,0.0
2021-04-01,21:00,HFSDBSC08,14766.0,14766_Changar Mohallah Nankana Sahib (3G-CII-4614),145.0,4766_Changar Mohallah Nankana Sahib (3G-CII-4614),FAISALABAD_CLUSTER_01_Rural,100%,0.0,76.0,2.0,130.0,0.0,580.0,115.0,120.0,0.0,56.0,3.4736,2.0,22376.0,22791.0,22689.0,22791.0,0.0,0.0,580.0,550.0,3.4736,100.0,108.0,117.0,0.0,550.0,76.0,76.0,0.6789,1.4452,11.3996,0.6197,0.0935,0.0508,0.032,11.3996,0.6197,0.0935,0.0508,0.032,3.4736,2.0
2021-04-01,21:00,HFSDBSC08,14760.0,14760_Mohallah Fazalshah Faisalabad-Z1 (3G-CII-2002),141.0,4760_Mohallah Fazalshah Faisalabad-Z1 (3G-CII-2002),FAISALABAD_CLUSTER_01_Rural,100%,0.0,65.0,4.0,139.0,0.0,740.0,150.0,161.0,0.0,75.0,3.8097,4.0,23808.0,24349.0,22958.0,24349.0,0.0,1.0,740.0,606.0,3.8097,100.0,200.0,206.0,0.0,606.0,64.0,65.0,0.0258,0.0516,21.0782,0.1914,0.0055,0.0,0.0055,21.0782,0.1914,0.0055,0.0,0.0055,3.8097,4.0
2021-04-01,21:00,HFSDBSC08,34760.0,34760_Mohallah Fazalshah Faisalabad-Z1 (3G-CII-2002),140.0,4760_Mohallah Fazalshah Faisalabad-Z1 (3G-CII-2002),FAISALABAD_CLUSTER_01_Rural,100%,0.0,72.0,0.0,167.0,0.0,562.0,181.0,187.0,0.0,98.0,2.8097,0.0,17542.0,17752.0,17730.0,17752.0,0.0,0.0,562.0,552.0,2.8097,100.0,157.0,159.0,0.0,552.0,72.0,72.0,0.233,0.5328,7.7032,0.2808,0.0241,0.0053,0.0134,7.7032,0.2808,0.0241,0.0053,0.0134,2.8097,0.0
2021-04-01,21:00,HFSDBSC08,24760.0,24760_Mohallah Fazalshah Faisalabad-Z1 (3G-CII-2002),139.0,4760_Mohallah Fazalshah Faisalabad-Z1 (3G-CII-2002),FAISALABAD_CLUSTER_01_Rural,100%,0.0,210.0,1.0,310.0,0.0,1812.0,210.0,218.0,0.0,104.0,8.2278,1.0,53384.0,53914.0,53172.0,53914.0,1.0,4.0,1812.0,1779.0,8.2278,100.0,445.0,453.0,1.0,1779.0,207.0,210.0,0.0109,0.1237,24.1902,0.2115,0.0276,0.0027,0.0,24.1902,0.2115,0.0276,0.0027,0.0,8.2278,1.0
2021-04-01,21:00,HFSDBSC08,34091.0,34091_Malowani Faisalabad-Z1,138.0,4091_Malowani Faisalabad-Z1,FAISALABAD_CLUSTER_01_Rural,100%,0.0,64.0,1.0,192.0,0.0,1246.0,233.0,252.0,0.0,131.0,5.0819,1.0,34055.0,34938.0,34674.0,34938.0,1.0,1.0,1246.0,1215.0,5.0819,100.0,216.0,220.0,1.0,1215.0,64.0,64.0,0.3148,0.4784,3.4757,0.0398,0.0058,0.0085,0.0027,3.4757,0.0398,0.0058,0.0085,0.0027,5.0819,1.0
2021-04-01,21:00,HFSDBSC08,24091.0,24091_Malowani Faisalabad-Z1,137.0,4091_Malowani Faisalabad-Z1,FAISALABAD_CLUSTER_01_Rural,100%,0.0,34.0,1.0,76.0,0.0,523.0,73.0,77.0,0.0,41.0,2.4778,1.0,15581.0,16292.0,15576.0,16292.0,2.0,2.0,523.0,488.0,2.4778,100.0,110.0,115.0,2.0,488.0,34.0,34.0,0.0352,0.8457,7.1979,0.3262,0.0615,0.0,0.0027,7.1979,0.3262,0.0615,0.0,0.0027,2.4778,1.0
2021-04-01,21:00,HFSDBSC08,14091.0,14091_Malowani Faisalabad-Z1,136.0,4091_Malowani Faisalabad-Z1,FAISALABAD_CLUSTER_01_Rural,100%,0.0,22.0,1.0,58.0,0.0,430.0,50.0,62.0,0.0,36.0,0.8847,1.0,5061.0,5393.0,5321.0,5393.0,5.0,6.0,430.0,408.0,0.8847,100.0,77.0,83.0,5.0,408.0,21.0,22.0,0.5526,1.3001,6.0668,2.051,0.0615,0.0214,0.0241,6.0668,2.051,0.0615,0.0214,0.0241,0.8847,1.0
2021-04-01,21:00,HFSDBSC08,34025.0,34025_Sargodha Road Faisalabad-Z1 (3G-CII-4469),126.0,4025_Sargodha Road Faisalabad-Z1 (3G-CII-4469),FAISALABAD_CLUSTER_01_Rural,100%,0.0,88.0,0.0,330.0,0.0,1683.0,467.0,469.0,0.0,242.0,7.4028,0.0,50985.0,51038.0,50307.0,51038.0,0.0,0.0,1683.0,1642.0,7.4028,100.0,166.0,167.0,0.0,1642.0,88.0,88.0,0.0974,0.3664,20.8655,0.5857,0.0579,0.021,0.0,20.8655,0.5857,0.0579,0.021,0.0,7.4028,0.0
2021-04-01,21:00,HFSDBSC08,24025.0,24025_Sargodha Road Faisalabad-Z1 (3G-CII-4469),125.0,4025_Sargodha Road Faisalabad-Z1 (3G-CII-4469),FAISALABAD_CLUSTER_01_Rural,100%,0.0,138.0,0.0,194.0,0.0,3011.0,142.0,143.0,0.0,58.0,7.4694,0.0,50079.0,50283.0,50160.0,50283.0,0.0,2.0,3011.0,2956.0,7.4694,100.0,579.0,581.0,0.0,2956.0,136.0,138.0,0.0,0.1372,3.4358,0.4572,0.0054,0.0,0.0,3.4358,0.4572,0.0054,0.0,0.0,7.4694,0.0
2021-04-01,21:00,HFSDBSC08,14025.0,14025_Sargodha Road Faisalabad-Z1 (3G-CII-4469),124.0,4025_Sargodha Road Faisalabad-Z1 (3G-CII-4469),FAISALABAD_CLUSTER_01_Rural,100%,0.0,113.0,1.0,159.0,0.0,1439.0,92.0,95.0,0.0,46.0,9.2528,1.0,64608.0,64724.0,64656.0,64724.0,5.0,5.0,1439.0,1382.0,9.2528,100.0,261.0,269.0,5.0,1382.0,113.0,113.0,0.0,0.022000000000000002,11.875,0.2021,0.0027,0.0,0.0,11.875,0.2021,0.0027,0.0,0.0,9.2528,1.0
2021-04-01,21:00,HFSDBSC08,34026.0,34026_Gatwala Daak Khana Khas Faisalabad-Z2 (3G-CII-4202),96.0,4026_Gatwala Daak Khana Khas Faisalabad-Z2 (3G-CII-4202),FAISALABAD_CLUSTER_01_Rural,100%,0.0,118.0,3.0,203.0,0.0,1181.0,145.0,154.0,0.0,88.0,5.1627,3.0,32488.0,32639.0,32347.0,32639.0,6.0,7.0,1181.0,1149.0,5.1627,100.0,233.0,234.0,6.0,1149.0,117.0,118.0,0.7186,2.2421,8.328,0.7413,0.1413,0.04,0.0267,8.328,0.7413,0.1413,0.04,0.0267,5.1627,3.0
2021-04-01,21:00,HFSDBSC08,24026.0,24026_Gatwala Daak Khana Khas Faisalabad-Z2 (3G-CII-4202),95.0,4026_Gatwala Daak Khana Khas Faisalabad-Z2 (3G-CII-4202),FAISALABAD_CLUSTER_01_Rural,100%,0.0,249.0,2.0,323.0,0.0,1010.0,136.0,152.0,0.0,81.0,10.1085,2.0,65362.0,66012.0,64323.0,66012.0,4.0,8.0,1010.0,951.0,10.1085,100.0,428.0,440.0,4.0,951.0,245.0,249.0,0.0,0.0724,16.2606,1.5139,0.0129,0.0,0.0,16.2606,1.5139,0.0129,0.0,0.0,10.1085,2.0
2021-04-01,21:00,HFSDBSC08,14026.0,14026_Gatwala Daak Khana Khas Faisalabad-Z2 (3G-CII-4202),94.0,4026_Gatwala Daak Khana Khas Faisalabad-Z2 (3G-CII-4202),FAISALABAD_CLUSTER_01_Rural,100%,114.0,235.0,0.0,113.0,0.0,1146.0,70.0,79.0,236.0,237.0,0.0,0.0,0.0,0.0,0.0,0.0,5.0,14.0,1146.0,1086.0,0.0,0.0,321.0,331.0,5.0,1086.0,112.0,235.0,,,0.0,0.0,0.0,0.0,0.0,0.0,0.0,0.0,0.0,0.0,0.0,0.0
2021-04-01,21:00,HFSDBSC08,34084.0,34084_Chak No 266 RB Faisalabad-Z2 (3G-CII-4543),90.0,4084_Chak No 266 RB Faisalabad-Z2 (3G-CII-4543),FAISALABAD_CLUSTER_01_Rural,100%,0.0,78.0,0.0,202.0,0.0,303.0,252.0,259.0,0.0,124.0,7.1139,0.0,49916.0,50408.0,50167.0,50408.0,0.0,0.0,303.0,298.0,7.1139,100.0,151.0,154.0,0.0,298.0,78.0,78.0,0.0,0.8963,5.4757,0.4276,0.0534,0.0,0.0,5.4757,0.4276,0.0534,0.0,0.0,7.1139,0.0
2021-04-01,21:00,HFSDBSC08,24084.0,24084_Chak No 266 RB Faisalabad-Z2 (3G-CII-4543),89.0,4084_Chak No 266 RB Faisalabad-Z2 (3G-CII-4543),FAISALABAD_CLUSTER_01_Rural,100%,0.0,43.0,1.0,135.0,0.0,282.0,164.0,172.0,0.0,90.0,3.4389,1.0,23190.0,23874.0,23851.0,23874.0,0.0,0.0,282.0,268.0,3.4389,100.0,93.0,98.0,0.0,268.0,43.0,43.0,0.0,0.1088,26.7341,0.5663,0.0297,0.0,0.0,26.7341,0.5663,0.0297,0.0,0.0,3.4389,1.0
2021-04-01,21:00,HFSDBSC08,14084.0,14084_Chak No 266 RB Faisalabad-Z2 (3G-CII-4543),88.0,4084_Chak No 266 RB Faisalabad-Z2 (3G-CII-4543),FAISALABAD_CLUSTER_01_Rural,100%,0.0,48.0,2.0,117.0,0.0,165.0,136.0,142.0,0.0,70.0,4.1667,2.0,28327.0,29426.0,29389.0,29426.0,1.0,2.0,165.0,160.0,4.1667,100.0,82.0,85.0,1.0,160.0,47.0,48.0,0.2337,0.6621,5.9397,0.8797,0.0294,0.0134,0.0027,5.9397,0.8797,0.0294,0.0134,0.0027,4.1667,2.0
2021-04-01,21:00,HFSDBSC08,34085.0,34085_Chak No 66 RB Sarajabad Faisalabad-Z2 (3G-CII-4544),87.0,4085_Chak No 66 RB Sarajabad Faisalabad-Z2 (3G-CII-4544),FAISALABAD_CLUSTER_01_Rural,100%,0.0,78.0,0.0,102.0,0.0,337.0,47.0,55.0,0.0,26.0,5.7861,0.0,37954.0,39801.0,38961.0,39801.0,1.0,2.0,337.0,317.0,5.7861,100.0,121.0,125.0,1.0,317.0,77.0,78.0,0.0313,0.9101,7.4973,0.9439,0.0749,0.0027,0.0,7.4973,0.9439,0.0749,0.0027,0.0,5.7861,0.0
2021-04-01,21:00,HFSDBSC08,24085.0,24085_Chak No 66 RB Sarajabad Faisalabad-Z2 (3G-CII-4544),86.0,4085_Chak No 66 RB Sarajabad Faisalabad-Z2 (3G-CII-4544),FAISALABAD_CLUSTER_01_Rural,100%,0.0,24.0,1.0,49.0,0.0,232.0,39.0,47.0,0.0,27.0,0.6958,1.0,4342.0,4572.0,4541.0,4572.0,0.0,0.0,232.0,224.0,0.6958,100.0,95.0,96.0,0.0,224.0,24.0,24.0,0.0,0.0513,9.8747,0.5147,0.0053,0.0,0.0,9.8747,0.5147,0.0053,0.0,0.0,0.6958,1.0
2021-04-01,21:00,HFSDBSC08,14085.0,14085_Chak No 66 RB Sarajabad Faisalabad-Z2 (3G-CII-4544),85.0,4085_Chak No 66 RB Sarajabad Faisalabad-Z2 (3G-CII-4544),FAISALABAD_CLUSTER_01_Rural,100%,0.0,32.0,1.0,59.0,0.0,408.0,57.0,61.0,0.0,29.0,1.2722,1.0,7614.0,8289.0,8214.0,8289.0,0.0,3.0,408.0,402.0,1.2722,100.0,112.0,114.0,0.0,402.0,29.0,32.0,0.0,0.1216,6.3342,0.2513,0.008,0.0,0.0,6.3342,0.2513,0.008,0.0,0.0,1.2722,1.0
2021-04-01,21:00,HFSDBSC08,36971.0,36971_Bhopalwala Faisalabad-Z1 (3G-CII-4709),81.0,6971_Bhopalwala Faisalabad-Z1 (3G-CII-4709),FAISALABAD_CLUSTER_01_Rural,100%,0.0,55.0,0.0,115.0,0.0,567.0,115.0,124.0,0.0,62.0,1.425,0.0,6478.0,7174.0,7045.0,7174.0,2.0,2.0,567.0,543.0,1.425,100.0,125.0,130.0,2.0,543.0,55.0,55.0,0.3941,1.1829,6.5386,0.1495,0.0534,0.0213,0.0053,6.5386,0.1495,0.0534,0.0213,0.0053,1.425,0.0
2021-04-01,21:00,HFSDBSC08,26971.0,26971_Bhopalwala Faisalabad-Z1 (3G-CII-4709),80.0,6971_Bhopalwala Faisalabad-Z1 (3G-CII-4709),FAISALABAD_CLUSTER_01_Rural,100%,0.0,79.0,1.0,238.0,0.0,934.0,310.0,320.0,0.0,164.0,4.4486,1.0,28975.0,29704.0,29424.0,29704.0,5.0,8.0,934.0,879.0,4.4486,100.0,138.0,142.0,5.0,879.0,76.0,79.0,0.2286,0.4573,4.3707,0.272,0.0107,0.0053,0.0053,4.3707,0.272,0.0107,0.0053,0.0053,4.4486,1.0
2021-04-01,21:00,HFSDBSC08,16971.0,16971_Bhopalwala Faisalabad-Z1 (3G-CII-4709),79.0,6971_Bhopalwala Faisalabad-Z1 (3G-CII-4709),FAISALABAD_CLUSTER_01_Rural,100%,0.0,127.0,7.0,329.0,0.0,697.0,320.0,367.0,0.0,196.0,5.5556,7.0,31598.0,36054.0,35526.0,36054.0,0.0,0.0,697.0,671.0,5.5556,100.0,225.0,228.0,0.0,671.0,127.0,127.0,0.2068,1.3449,2.5936,0.2395,0.0327,0.0033,0.0027,2.5936,0.2395,0.0327,0.0033,0.0027,5.5556,7.0
2021-04-01,21:00,HFSDBSC08,34020.0,34020_Chak No 266 RB Faisalabad-Z2 (3G-CII-3749),51.0,4020_Chak No 266 RB Faisalabad-Z2 (3G-CII-3749),FAISALABAD_CLUSTER_01_Rural,100%,0.0,229.0,3.0,485.0,0.0,1837.0,495.0,504.0,0.0,255.0,11.8153,3.0,76954.0,78239.0,76710.0,78239.0,4.0,5.0,1837.0,1820.0,11.8153,100.0,421.0,428.0,4.0,1820.0,228.0,229.0,0.1554,0.8189,24.0307,0.703,0.1655,0.0388,0.0,24.0307,0.703,0.1655,0.0388,0.0,11.8153,3.0
2021-04-01,21:00,HFSDBSC08,24020.0,24020_Chak No 266 RB Faisalabad-Z2 (3G-CII-3749),50.0,4020_Chak No 266 RB Faisalabad-Z2 (3G-CII-3749),FAISALABAD_CLUSTER_01_Rural,100%,0.0,90.0,0.0,380.0,0.0,632.0,562.0,562.0,0.0,290.0,6.7931,0.0,46341.0,46646.0,46630.0,46646.0,1.0,1.0,632.0,629.0,6.7931,100.0,202.0,202.0,1.0,629.0,90.0,90.0,0.0,0.0,9.7147,0.0351,0.0,0.0,0.0,9.7147,0.0351,0.0,0.0,0.0,6.7931,0.0
2021-04-01,21:00,HFSDBSC08,14020.0,14020_Chak No 266 RB Faisalabad-Z2 (3G-CII-3749),27.0,4020_Chak No 266 RB Faisalabad-Z2 (3G-CII-3749),FAISALABAD_CLUSTER_01_Rural,100%,0.0,295.0,3.0,689.0,0.0,2694.0,780.0,790.0,0.0,381.0,12.8403,3.0,80697.0,81829.0,80131.0,81829.0,4.0,5.0,2694.0,2678.0,12.8403,100.0,746.0,750.0,4.0,2678.0,294.0,295.0,0.275,0.5272,25.2818,0.2492,0.0647,0.0294,0.0412,25.2818,0.2492,0.0647,0.0294,0.0412,12.8403,3.0
2021-04-01,21:00,HFSDBSC08,12329.0,CII-2329-1_Kanan Siaan Faisalabad-Z1,0.0,CII-2329_Kanan Siaan Faisalabad-Z1,FAISALABAD_CLUSTER_01_Rural,100%,0.0,6.0,1.0,18.0,0.0,153.0,24.0,25.0,0.0,12.0,1.5306,1.0,9054.0,11070.0,10946.0,11070.0,0.0,0.0,153.0,146.0,1.5306,100.0,12.0,12.0,0.0,146.0,6.0,6.0,0.0,0.0,8.0635,0.0027,0.0,0.0,0.0,8.0635,0.0027,0.0,0.0,0.0,1.5306,1.0
