Date,Time,GBSC,Cell CI,Cell Name,CellIndex,Site Name,Location,Integrity,_CallSetup TCH GOS(%)_N,_CallSetup TCH GOS(%)_D,_DCR_N,_DCR_D,_GOS-SDCCH(%)_N,_GOS-SDCCH(%)_D,_HSR%_N,_HSR%_D,_Mobility TCH GOS(%)_N,_Mobility TCH GOS(%)_D,_MTBD (Mean Time between Drop)_N,_MTBD (Mean Time between Drop)_D,_RxQual Index DL_1,_RxQual Index DL_2,_RxQual Index UL_1,_RxQual Index UL_2,CSSR_Non Blocking_1_N,CSSR_Non Blocking_2_N,CSSR_Non Blocking_1_D,CSSR_Non Blocking_2_D,GlobelTraffic,TCH Availability Rate,_cssr_Call Setup Indications (Circuit Service)_N_1,_Cssr_Channel Requests (Circuit Service)_D_1,_CSSR_Call Drops on SDCCH_N_2,_CSSR_Successful SDCCH Seizures_D_2,_CSSR_Successful TCH Seizures (Traffic Channel)_N_3,_CSSR_TCH Seizure Requests (Traffic Channel)_D_3,Interference Band Proportion (4~5)(%),Interference Band 345,Mean Number of TCH in Interference Band 1,Mean Number of TCH in Interference Band 2,Mean Number of TCH in Interference Band 3,Mean Number of TCH in Interference Band 4,Mean Number of TCH in Interference Band 5,Mean Number of TCH in Interference Band 1.1,Mean Number of TCH in Interference Band 2.1,Mean Number of TCH in Interference Band 3.1,Mean Number of TCH in Interference Band 4.1,Mean Number of TCH in Interference Band 5.1,K3014:Traffic Volume on TCH(Erl),CM33:Call Drops on Traffic Channel
2021-04-01,20:00,HLHRBSC10,17559.0,17559_Azgard 9 (Micro) Kasur,50.0,7559_Azgard 9 (Micro) Kasur,KASUR_CLUSTER_02_Rural,100%,0.0,0.0,0.0,0.0,0.0,1.0,0.0,0.0,0.0,0.0,0.0,0.0,0.0,0.0,0.0,0.0,0.0,0.0,1.0,1.0,0.0,100.0,1.0,1.0,0.0,1.0,0.0,0.0,0.0,0.0,10.0,0.0,0.0,0.0,0.0,10.0,0.0,0.0,0.0,0.0,0.0,0.0
2021-04-01,20:00,HLHRBSC10,17586.0,17586_Azgard 9 (Micro) Kasur (3G-CI-1551),49.0,7586_Azgard 9 (Micro) Kasur (3G-CI-1551),KASUR_CLUSTER_02_Rural,100%,0.0,190.0,0.0,215.0,0.0,531.0,44.0,45.0,0.0,25.0,6.1431,0.0,40131.0,40146.0,39892.0,40146.0,0.0,0.0,531.0,529.0,6.1431,100.0,412.0,412.0,0.0,529.0,190.0,190.0,0.0,0.0,19.8355,0.1134,0.0,0.0,0.0,19.8355,0.1134,0.0,0.0,0.0,6.1431,0.0
2021-04-01,20:00,HLHRBSC10,37818.0,37818_Janiper Block Bahria (Gold) Lahore-Z3 (3G-CI-4469),47.0,7818_Janiper Block Bahria (Gold) Lahore-Z3 (3G-CI-4469),KASUR_CLUSTER_02_Rural,100%,0.0,97.0,2.0,180.0,0.0,952.0,157.0,164.0,0.0,87.0,5.0528,2.0,31642.0,32158.0,31586.0,32158.0,5.0,9.0,952.0,901.0,5.0528,100.0,232.0,242.0,5.0,901.0,93.0,97.0,1.9348,6.8431,13.0213,11.373,1.2853,0.32799999999999996,0.1787,13.0213,11.373,1.2853,0.32799999999999996,0.1787,5.0528,2.0
2021-04-01,20:00,HLHRBSC10,27818.0,27818_Janiper Block Bahria (Gold) Lahore-Z3 (3G-CI-4469),46.0,7818_Janiper Block Bahria (Gold) Lahore-Z3 (3G-CI-4469),KASUR_CLUSTER_02_Rural,100%,0.0,83.0,0.0,235.0,0.0,558.0,294.0,301.0,0.0,156.0,5.2486,0.0,34588.0,34760.0,34486.0,34760.0,10.0,13.0,558.0,524.0,5.2486,100.0,161.0,163.0,10.0,524.0,80.0,83.0,0.6443,3.5182,5.6168,10.7319,0.48700000000000004,0.0905,0.0187,5.6168,10.7319,0.48700000000000004,0.0905,0.0187,5.2486,0.0
2021-04-01,20:00,HLHRBSC10,17818.0,17818_Janiper Block Bahria (Gold) Lahore-Z3 (3G-CI-4469),45.0,7818_Janiper Block Bahria (Gold) Lahore-Z3 (3G-CI-4469),KASUR_CLUSTER_02_Rural,100%,0.0,127.0,3.0,402.0,0.0,652.0,557.0,575.0,0.0,283.0,7.6153,3.0,50011.0,50326.0,49127.0,50326.0,3.0,7.0,652.0,638.0,7.6153,100.0,215.0,216.0,3.0,638.0,123.0,127.0,3.5878,6.1763,18.1096,6.5016,0.679,0.4305,0.5107,18.1096,6.5016,0.679,0.4305,0.5107,7.6153,3.0
2021-04-01,20:00,HLHRBSC10,31504.0,CI-1504-3_Sharif Palace Lahore-Z3 (3G-CI-4590),311.0,CI-1504_Sharif Palace Lahore-Z3 (3G-CI-4590),KASUR_CLUSTER_02_Rural,100%,0.0,38.0,0.0,147.0,0.0,416.0,222.0,229.0,0.0,110.0,1.6833,0.0,9304.0,10106.0,9968.0,10106.0,0.0,0.0,416.0,402.0,1.6833,100.0,70.0,71.0,0.0,402.0,38.0,38.0,0.0269,0.2418,9.7202,0.1895,0.0214,0.0027,0.0,9.7202,0.1895,0.0214,0.0027,0.0,1.6833,0.0
2021-04-01,20:00,HLHRBSC10,21504.0,CI-1504-2_Sharif Palace Lahore-Z3 (3G-CI-4590),310.0,CI-1504_Sharif Palace Lahore-Z3 (3G-CI-4590),KASUR_CLUSTER_02_Rural,100%,0.0,217.0,2.0,419.0,0.0,2878.0,413.0,426.0,0.0,206.0,12.4694,2.0,78858.0,79474.0,76658.0,79474.0,29.0,32.0,2878.0,2744.0,12.4694,100.0,348.0,359.0,29.0,2744.0,214.0,217.0,0.0558,0.5589999999999999,8.4509,5.8047,0.0721,0.008,0.0,8.4509,5.8047,0.0721,0.008,0.0,12.4694,2.0
2021-04-01,20:00,HLHRBSC10,11504.0,CI-1504-1_Sharif Palace Lahore-Z3 (3G-CI-4590),309.0,CI-1504_Sharif Palace Lahore-Z3 (3G-CI-4590),KASUR_CLUSTER_02_Rural,100%,0.0,87.0,1.0,152.0,0.0,581.0,128.0,129.0,0.0,69.0,4.9486,1.0,32636.0,32858.0,32616.0,32858.0,2.0,5.0,581.0,577.0,4.9486,100.0,129.0,130.0,2.0,577.0,84.0,87.0,0.0,0.1917,12.1177,0.4064,0.0241,0.0,0.0,12.1177,0.4064,0.0241,0.0,0.0,4.9486,1.0
2021-04-01,20:00,HLHRBSC10,13260.0,13260_Mac and Rains Pharma (Micro) Kasur,3.0,3260_Mac and Rains Pharma (Micro) Kasur,KASUR_CLUSTER_02_Rural,100%,0.0,3.0,0.0,3.0,0.0,7.0,0.0,0.0,0.0,0.0,0.075,0.0,446.0,446.0,445.0,446.0,0.0,0.0,7.0,7.0,0.075,100.0,5.0,5.0,0.0,7.0,3.0,3.0,0.0,0.3027,7.867000000000001,0.0186,0.0239,0.0,0.0,7.867000000000001,0.0186,0.0239,0.0,0.0,0.075,0.0
2021-04-01,20:00,HLHRBSC10,33020.0,33020_Cha Kala Wala Manga Mandi Kasur (3G-CI-3951),285.0,3020_Cha Kala Wala Manga Mandi Kasur (3G-CI-3951),KASUR_CLUSTER_02_Rural,100%,0.0,458.0,1.0,689.0,0.0,3220.0,529.0,560.0,0.0,257.0,11.7306,1.0,65285.0,66886.0,64207.0,66886.0,12.0,30.0,3220.0,3129.0,11.7306,100.0,823.0,830.0,12.0,3129.0,440.0,458.0,0.7037,3.2666,20.2058,2.4619999999999997,0.6006,0.1596,0.0053,20.2058,2.4619999999999997,0.6006,0.1596,0.0053,11.7306,1.0
2021-04-01,20:00,HLHRBSC10,23020.0,23020_Cha Kala Wala Manga Mandi Kasur (3G-CI-3951),284.0,3020_Cha Kala Wala Manga Mandi Kasur (3G-CI-3951),KASUR_CLUSTER_02_Rural,100%,0.0,189.0,4.0,395.0,0.0,1680.0,415.0,439.0,0.0,222.0,8.8875,4.0,53448.0,54894.0,52260.0,54894.0,10.0,23.0,1680.0,1575.0,8.8875,100.0,403.0,414.0,10.0,1575.0,176.0,189.0,0.3064,2.4953,16.3065,0.9136,0.3866,0.0241,0.03,16.3065,0.9136,0.3866,0.0241,0.03,8.8875,4.0
2021-04-01,20:00,HLHRBSC10,13020.0,13020_Cha Kala Wala Manga Mandi Kasur (3G-CI-3951),283.0,3020_Cha Kala Wala Manga Mandi Kasur (3G-CI-3951),KASUR_CLUSTER_02_Rural,100%,0.0,159.0,1.0,247.0,0.0,546.0,200.0,205.0,0.0,98.0,3.5986,1.0,19949.0,20502.0,20013.0,20502.0,0.0,8.0,546.0,503.0,3.5986,100.0,293.0,315.0,0.0,503.0,151.0,159.0,0.5443,1.6783,16.2618,1.0632,0.1998,0.0826,0.0133,16.2618,1.0632,0.1998,0.0826,0.0133,3.5986,1.0
2021-04-01,20:00,HLHRBSC10,33038.0,33038_Maraka Lahore-Z3 (3G-CI-1562),282.0,3038_Maraka Lahore-Z3 (3G-CI-1562),KASUR_CLUSTER_02_Rural,100%,0.0,223.0,1.0,476.0,0.0,733.0,479.0,484.0,0.0,257.0,9.4,1.0,58162.0,58400.0,58334.0,58400.0,0.0,4.0,733.0,729.0,9.4,100.0,360.0,363.0,0.0,729.0,219.0,223.0,4.6199,9.747,14.5377,2.125,0.9466,0.5535,0.2995,14.5377,2.125,0.9466,0.5535,0.2995,9.4,1.0
2021-04-01,20:00,HLHRBSC10,23038.0,23038_Maraka Lahore-Z3 (3G-CI-1562),281.0,3038_Maraka Lahore-Z3 (3G-CI-1562),KASUR_CLUSTER_02_Rural,100%,0.0,90.0,2.0,208.0,0.0,364.0,251.0,255.0,0.0,119.0,3.9,2.0,25684.0,25882.0,25695.0,25882.0,1.0,2.0,364.0,362.0,3.9,100.0,126.0,128.0,1.0,362.0,89.0,90.0,0.0,0.0,10.2822,0.1174,0.0,0.0,0.0,10.2822,0.1174,0.0,0.0,0.0,3.9,2.0
2021-04-01,20:00,HLHRBSC10,13038.0,13038_Maraka Lahore-Z3 (3G-CI-1562),280.0,3038_Maraka Lahore-Z3 (3G-CI-1562),KASUR_CLUSTER_02_Rural,100%,0.0,104.0,1.0,226.0,0.0,350.0,243.0,249.0,0.0,122.0,5.4069,1.0,36061.0,36252.0,35922.0,36252.0,4.0,4.0,350.0,343.0,5.4069,100.0,174.0,174.0,4.0,343.0,104.0,104.0,0.0,0.1171,3.7139,5.4158,0.0107,0.0,0.0,3.7139,5.4158,0.0107,0.0,0.0,5.4069,1.0
2021-04-01,20:00,HLHRBSC10,37615.0,37615_Nathee Jageer Pind Kasur (3G-CI-3881),273.0,7615_Nathee Jageer Pind Kasur (3G-CI-3881),KASUR_CLUSTER_02_Rural,100%,0.0,573.0,2.0,883.0,0.0,2172.0,600.0,635.0,0.0,321.0,18.5153,2.0,111970.0,114043.0,112930.0,114043.0,3.0,13.0,2172.0,2069.0,18.5153,100.0,1043.0,1049.0,3.0,2069.0,563.0,573.0,0.5574,1.3945,32.1389,1.7945,0.2881,0.1279,0.0639,32.1389,1.7945,0.2881,0.1279,0.0639,18.5153,2.0
2021-04-01,20:00,HLHRBSC10,17401.0,17401_Kohinoor Mills Manga (Micro) Kasur,272.0,7401_Kohinoor Mills Manga (Micro) Kasur,KASUR_CLUSTER_02_Rural,100%,0.0,7.0,0.0,7.0,0.0,20.0,0.0,0.0,0.0,0.0,0.1264,0.0,737.0,737.0,737.0,737.0,0.0,0.0,20.0,20.0,0.1264,100.0,10.0,10.0,0.0,20.0,7.0,7.0,0.0,0.0,7.8556,0.0,0.0,0.0,0.0,7.8556,0.0,0.0,0.0,0.0,0.1264,0.0
2021-04-01,20:00,HLHRBSC10,27615.0,27615_Nathee Jageer Pind Kasur (3G-CI-3881),271.0,7615_Nathee Jageer Pind Kasur (3G-CI-3881),KASUR_CLUSTER_02_Rural,100%,0.0,166.0,2.0,360.0,0.0,964.0,402.0,409.0,0.0,204.0,4.4819,2.0,27092.0,27830.0,27307.0,27830.0,1.0,11.0,964.0,936.0,4.4819,100.0,302.0,302.0,1.0,936.0,156.0,166.0,0.109,0.4362,16.4563,0.5587,0.0559,0.0106,0.008,16.4563,0.5587,0.0559,0.0106,0.008,4.4819,2.0
2021-04-01,20:00,HLHRBSC10,17381.0,17381_Azgard 9 (Micro) Kasur,270.0,7381_Azgard 9 (Micro) Kasur,KASUR_CLUSTER_02_Rural,100%,0.0,54.0,0.0,62.0,0.0,74.0,19.0,19.0,0.0,8.0,1.2403,0.0,6893.0,6903.0,6888.0,6903.0,0.0,0.0,74.0,74.0,1.2403,100.0,68.0,68.0,0.0,74.0,54.0,54.0,0.0278,0.0557,9.5161,0.0722,0.0027,0.0,0.0027,9.5161,0.0722,0.0027,0.0,0.0027,1.2403,0.0
2021-04-01,20:00,HLHRBSC10,17368.0,17368_Azgard 9 (Micro) Kasur,269.0,7368_Azgard 9 (Micro) Kasur,KASUR_CLUSTER_02_Rural,100%,0.0,2.0,0.0,3.0,0.0,13.0,3.0,3.0,0.0,1.0,0.0125,0.0,55.0,55.0,55.0,55.0,0.0,0.0,13.0,13.0,0.0125,100.0,7.0,7.0,0.0,13.0,2.0,2.0,0.0,0.0,10.9626,0.0,0.0,0.0,0.0,10.9626,0.0,0.0,0.0,0.0,0.0125,0.0
2021-04-01,20:00,HLHRBSC10,17367.0,17367_Azgard 9 (Micro) Kasur,268.0,7367_Azgard 9 (Micro) Kasur,KASUR_CLUSTER_02_Rural,100%,0.0,15.0,0.0,18.0,0.0,43.0,9.0,9.0,0.0,3.0,0.2208,0.0,1242.0,1242.0,1237.0,1242.0,0.0,0.0,43.0,43.0,0.2208,100.0,27.0,27.0,0.0,43.0,15.0,15.0,0.0,0.0,23.7182,0.0,0.0,0.0,0.0,23.7182,0.0,0.0,0.0,0.0,0.2208,0.0
2021-04-01,20:00,HLHRBSC10,37182.0,37182_Manga Mandi Multan Road (Gold) Lahore-Z3 (3G-CI-1654),252.0,7182_Manga Mandi Multan Road (Gold) Lahore-Z3 (3G-CI-1654),KASUR_CLUSTER_02_Rural,100%,0.0,467.0,1.0,707.0,0.0,1239.0,528.0,549.0,0.0,255.0,14.1931,1.0,85512.0,87356.0,86806.0,87356.0,0.0,12.0,1239.0,1203.0,14.1931,100.0,790.0,823.0,0.0,1203.0,455.0,467.0,0.0141,0.6747,17.44,1.4027,0.1253,0.0027,0.0,17.44,1.4027,0.1253,0.0027,0.0,14.1931,1.0
2021-04-01,20:00,HLHRBSC10,27182.0,27182_Manga Mandi Multan Road (Gold) Lahore-Z3 (3G-CI-1654),251.0,7182_Manga Mandi Multan Road (Gold) Lahore-Z3 (3G-CI-1654),KASUR_CLUSTER_02_Rural,100%,0.0,219.0,1.0,398.0,0.0,668.0,354.0,360.0,0.0,181.0,8.0778,1.0,50404.0,50648.0,50560.0,50648.0,0.0,1.0,668.0,664.0,8.0778,100.0,335.0,338.0,0.0,664.0,218.0,219.0,0.0151,0.2575,16.9599,0.6497,0.0428,0.0027,0.0,16.9599,0.6497,0.0428,0.0027,0.0,8.0778,1.0
2021-04-01,20:00,HLHRBSC10,17182.0,17182_Manga Mandi Multan Road (Gold) Lahore-Z3 (3G-CI-1654),250.0,7182_Manga Mandi Multan Road (Gold) Lahore-Z3 (3G-CI-1654),KASUR_CLUSTER_02_Rural,100%,0.0,600.0,0.0,789.0,0.0,1286.0,387.0,393.0,0.0,192.0,13.9139,0.0,78394.0,78480.0,78354.0,78480.0,0.0,2.0,1286.0,1276.0,13.9139,100.0,1110.0,1120.0,0.0,1276.0,598.0,600.0,0.3497,1.9676,27.0394,2.2459,0.4833,0.0751,0.0294,27.0394,2.2459,0.4833,0.0751,0.0294,13.9139,0.0
2021-04-01,20:00,HLHRBSC10,37171.0,37171_Adda Talab Saray Raiwind Road Kasur (3G-CI-2018),246.0,7171_Adda Talab Saray Raiwind Road Kasur (3G-CI-2018),KASUR_CLUSTER_02_Rural,100%,0.0,216.0,3.0,305.0,0.0,1081.0,157.0,166.0,0.0,92.0,10.3319,3.0,67894.0,69705.0,69524.0,69705.0,0.0,2.0,1081.0,1027.0,10.3319,100.0,445.0,457.0,0.0,1027.0,214.0,216.0,0.8016,2.1095,11.4843,0.8795,0.1652,0.0719,0.0293,11.4843,0.8795,0.1652,0.0719,0.0293,10.3319,3.0
2021-04-01,20:00,HLHRBSC10,27171.0,27171_Adda Talab Saray Raiwind Road Kasur (3G-CI-2018),245.0,7171_Adda Talab Saray Raiwind Road Kasur (3G-CI-2018),KASUR_CLUSTER_02_Rural,100%,0.0,144.0,11.0,317.0,0.0,2242.0,314.0,336.0,2.0,184.0,7.0583,11.0,38719.0,40592.0,38800.0,40592.0,10.0,14.0,2242.0,2120.0,7.0583,100.0,1332.0,1348.0,10.0,2120.0,140.0,144.0,0.1724,5.3443,0.3098,1.5901,0.1038,0.0,0.0035,0.3098,1.5901,0.1038,0.0,0.0035,7.0583,11.0
2021-04-01,20:00,HLHRBSC10,17171.0,17171_Adda Talab Saray Raiwind Road Kasur (3G-CI-2018),244.0,7171_Adda Talab Saray Raiwind Road Kasur (3G-CI-2018),KASUR_CLUSTER_02_Rural,100%,0.0,63.0,2.0,107.0,0.0,392.0,94.0,107.0,0.0,57.0,2.7917,2.0,13374.0,17687.0,17431.0,17687.0,0.0,12.0,392.0,354.0,2.7917,100.0,93.0,100.0,0.0,354.0,51.0,63.0,0.9703,4.5994,4.9006,1.1295,0.2294,0.04,0.0213,4.9006,1.1295,0.2294,0.04,0.0213,2.7917,2.0
2021-04-01,20:00,HLHRBSC10,37170.0,37170_Cura Tech Pharma Manga Lahore-Z3 (3G-CI-3913),243.0,7170_Cura Tech Pharma Manga Lahore-Z3 (3G-CI-3913),KASUR_CLUSTER_02_Rural,100%,0.0,58.0,1.0,84.0,0.0,179.0,52.0,53.0,0.0,28.0,2.3958,1.0,14872.0,15309.0,15287.0,15309.0,0.0,2.0,179.0,176.0,2.3958,100.0,114.0,117.0,0.0,176.0,56.0,58.0,0.0,0.0436,12.1838,0.0908,0.0054,0.0,0.0,12.1838,0.0908,0.0054,0.0,0.0,2.3958,1.0
2021-04-01,20:00,HLHRBSC10,27170.0,27170_Cura Tech Pharma Manga Lahore-Z3 (3G-CI-3913),242.0,7170_Cura Tech Pharma Manga Lahore-Z3 (3G-CI-3913),KASUR_CLUSTER_02_Rural,100%,0.0,139.0,6.0,213.0,0.0,594.0,165.0,185.0,0.0,80.0,3.7181,6.0,22725.0,23947.0,23721.0,23947.0,1.0,3.0,594.0,564.0,3.7181,100.0,240.0,247.0,1.0,564.0,137.0,139.0,0.0802,0.4012,9.7782,0.1304,0.0319,0.008,0.0,9.7782,0.1304,0.0319,0.008,0.0,3.7181,6.0
2021-04-01,20:00,HLHRBSC10,17170.0,17170_Cura Tech Pharma Manga Lahore-Z3 (3G-CI-3913),241.0,7170_Cura Tech Pharma Manga Lahore-Z3 (3G-CI-3913),KASUR_CLUSTER_02_Rural,100%,0.0,311.0,1.0,445.0,0.0,995.0,245.0,249.0,0.0,134.0,8.5639,1.0,53110.0,53503.0,53080.0,53503.0,0.0,0.0,995.0,973.0,8.5639,100.0,623.0,630.0,0.0,973.0,311.0,311.0,0.1614,0.8054,19.1397,0.7597,0.1292,0.0244,0.008,19.1397,0.7597,0.1292,0.0244,0.008,8.5639,1.0
2021-04-01,20:00,HLHRBSC10,17615.0,17615_Nathee Jageer Pind Kasur (3G-CI-3881),240.0,7615_Nathee Jageer Pind Kasur (3G-CI-3881),KASUR_CLUSTER_02_Rural,100%,0.0,746.0,4.0,1049.0,0.0,1581.0,602.0,629.0,0.0,314.0,18.3847,4.0,110808.0,112146.0,111365.0,112146.0,3.0,10.0,1581.0,1557.0,18.3847,100.0,1201.0,1206.0,3.0,1557.0,739.0,746.0,0.4762,1.2897,24.4429,0.6332,0.2067,0.0914,0.0296,24.4429,0.6332,0.2067,0.0914,0.0296,18.3847,4.0
2021-04-01,20:00,HLHRBSC10,37613.0,37613_Mall Lahore-Z3 (3G-CI-1745),237.0,7613_Mall Lahore-Z3 (3G-CI-1745),KASUR_CLUSTER_02_Rural,100%,0.0,78.0,0.0,138.0,0.0,528.0,130.0,139.0,0.0,66.0,3.0958,0.0,19283.0,19437.0,19368.0,19437.0,0.0,6.0,528.0,520.0,3.0958,100.0,135.0,136.0,0.0,520.0,72.0,78.0,0.0633,0.2152,20.7469,0.3235,0.0321,0.0134,0.0,20.7469,0.3235,0.0321,0.0134,0.0,3.0958,0.0
2021-04-01,20:00,HLHRBSC10,27613.0,27613_Mall Lahore-Z3 (3G-CI-1745),236.0,7613_Mall Lahore-Z3 (3G-CI-1745),KASUR_CLUSTER_02_Rural,100%,0.0,188.0,10.0,324.0,0.0,1501.0,252.0,263.0,0.0,148.0,14.7181,10.0,96721.0,99871.0,97516.0,99871.0,1.0,13.0,1501.0,1455.0,14.7181,100.0,295.0,301.0,1.0,1455.0,176.0,188.0,0.0196,0.0783,13.4043,0.2189,0.008,0.0027,0.0,13.4043,0.2189,0.008,0.0027,0.0,14.7181,10.0
2021-04-01,20:00,HLHRBSC10,17613.0,17613_Mall Lahore-Z3 (3G-CI-1745),235.0,7613_Mall Lahore-Z3 (3G-CI-1745),KASUR_CLUSTER_02_Rural,100%,0.0,156.0,1.0,259.0,0.0,623.0,224.0,232.0,0.0,108.0,5.5708,1.0,34512.0,35238.0,34541.0,35238.0,0.0,4.0,623.0,615.0,5.5708,100.0,261.0,263.0,0.0,615.0,152.0,156.0,0.0369,0.3198,21.5,0.1684,0.0615,0.008,0.0,21.5,0.1684,0.0615,0.008,0.0,5.5708,1.0
2021-04-01,20:00,HLHRBSC10,37612.0,37612_Rangil Pur Lahore-Z3 (3G-CI-1744),234.0,7612_Rangil Pur Lahore-Z3 (3G-CI-1744),KASUR_CLUSTER_02_Rural,100%,0.0,1054.0,0.0,1526.0,0.0,2179.0,860.0,893.0,0.0,479.0,28.1542,0.0,178681.0,180496.0,179564.0,180496.0,2.0,8.0,2179.0,2136.0,28.1542,100.0,1660.0,1663.0,2.0,2136.0,1048.0,1054.0,0.0376,0.2186,11.6323,0.536,0.0221,0.0,0.0046,11.6323,0.536,0.0221,0.0,0.0046,28.1542,0.0
2021-04-01,20:00,HLHRBSC10,27612.0,27612_Rangil Pur Lahore-Z3 (3G-CI-1744),233.0,7612_Rangil Pur Lahore-Z3 (3G-CI-1744),KASUR_CLUSTER_02_Rural,100%,0.0,248.0,2.0,573.0,0.0,676.0,589.0,599.0,0.0,326.0,7.4028,2.0,46110.0,47112.0,46881.0,47112.0,0.0,1.0,676.0,673.0,7.4028,100.0,592.0,594.0,0.0,673.0,247.0,248.0,0.1613,1.5479,12.7242,0.9535,0.1926,0.013999999999999999,0.0084,12.7242,0.9535,0.1926,0.013999999999999999,0.0084,7.4028,2.0
2021-04-01,20:00,HLHRBSC10,17612.0,17612_Rangil Pur Lahore-Z3 (3G-CI-1744),232.0,7612_Rangil Pur Lahore-Z3 (3G-CI-1744),KASUR_CLUSTER_02_Rural,100%,0.0,479.0,5.0,731.0,0.0,1304.0,581.0,587.0,0.0,256.0,11.3819,5.0,68271.0,69423.0,68998.0,69423.0,0.0,2.0,1304.0,1266.0,11.3819,100.0,720.0,739.0,0.0,1266.0,477.0,479.0,0.0,0.0982,16.1042,0.2598,0.0161,0.0,0.0,16.1042,0.2598,0.0161,0.0,0.0,11.3819,5.0
2021-04-01,20:00,HLHRBSC10,37611.0,37611_Hospital Road Lahore-Z3 (3G-CI-3945),231.0,7611_Hospital Road Lahore-Z3 (3G-CI-3945),KASUR_CLUSTER_02_Rural,100%,0.0,158.0,1.0,268.0,0.0,563.0,214.0,217.0,0.0,112.0,5.2708,1.0,32440.0,32661.0,32596.0,32661.0,1.0,3.0,563.0,552.0,5.2708,100.0,304.0,305.0,1.0,552.0,156.0,158.0,0.0266,0.9722,17.9869,1.8864,0.1898,0.0053,0.0,17.9869,1.8864,0.1898,0.0053,0.0,5.2708,1.0
2021-04-01,20:00,HLHRBSC10,27611.0,27611_Hospital Road Lahore-Z3 (3G-CI-3945),230.0,7611_Hospital Road Lahore-Z3 (3G-CI-3945),KASUR_CLUSTER_02_Rural,100%,0.0,250.0,1.0,447.0,0.0,953.0,430.0,439.0,0.0,206.0,7.3014,1.0,44448.0,45181.0,45017.0,45181.0,0.0,5.0,953.0,935.0,7.3014,100.0,588.0,594.0,0.0,935.0,245.0,250.0,0.8831,2.5802,26.4781,2.3979,0.503,0.2245,0.0373,26.4781,2.3979,0.503,0.2245,0.0373,7.3014,1.0
2021-04-01,20:00,HLHRBSC10,17611.0,17611_Hospital Road Lahore-Z3 (3G-CI-3945),229.0,7611_Hospital Road Lahore-Z3 (3G-CI-3945),KASUR_CLUSTER_02_Rural,100%,0.0,102.0,1.0,348.0,0.0,323.0,440.0,443.0,0.0,247.0,7.2347,1.0,47869.0,48346.0,48110.0,48346.0,0.0,0.0,323.0,321.0,7.2347,100.0,171.0,171.0,0.0,321.0,102.0,102.0,0.1832,1.328,21.2824,1.6440000000000001,0.266,0.0346,0.008,21.2824,1.6440000000000001,0.266,0.0346,0.008,7.2347,1.0
2021-04-01,20:00,HLHRBSC10,37610.0,37610_New Qilla Lahore-Z3 (3G-CI-3877),228.0,7610_New Qilla Lahore-Z3 (3G-CI-3877),KASUR_CLUSTER_02_Rural,100%,0.0,230.0,0.0,324.0,0.0,822.0,194.0,196.0,0.0,97.0,8.525,0.0,54515.0,55393.0,55270.0,55393.0,1.0,3.0,822.0,784.0,8.525,100.0,459.0,465.0,1.0,784.0,228.0,230.0,0.0,0.0169,15.8071,0.0749,0.0027,0.0,0.0,15.8071,0.0749,0.0027,0.0,0.0,8.525,0.0
2021-04-01,20:00,HLHRBSC10,27610.0,27610_New Qilla Lahore-Z3 (3G-CI-3877),227.0,7610_New Qilla Lahore-Z3 (3G-CI-3877),KASUR_CLUSTER_02_Rural,100%,0.0,222.0,3.0,384.0,0.0,968.0,311.0,314.0,0.0,162.0,8.375,3.0,52087.0,53217.0,52808.0,53217.0,0.0,0.0,968.0,951.0,8.375,100.0,539.0,543.0,0.0,951.0,222.0,222.0,0.0532,0.735,28.3248,1.63,0.2058,0.0161,0.0,28.3248,1.63,0.2058,0.0161,0.0,8.375,3.0
2021-04-01,20:00,HLHRBSC10,17610.0,17610_New Qilla Lahore-Z3 (3G-CI-3877),226.0,7610_New Qilla Lahore-Z3 (3G-CI-3877),KASUR_CLUSTER_02_Rural,100%,0.0,319.0,5.0,517.0,0.0,1143.0,443.0,456.0,0.0,217.0,9.8944,5.0,60032.0,61684.0,60864.0,61684.0,5.0,21.0,1143.0,1065.0,9.8944,100.0,507.0,526.0,5.0,1065.0,303.0,319.0,0.0,0.2127,13.527999999999999,0.2373,0.0293,0.0,0.0,13.527999999999999,0.2373,0.0293,0.0,0.0,9.8944,5.0
2021-04-01,20:00,HLHRBSC10,17605.0,17605_Maraka Quarter Lahore-Z3 (3G-CI-1742),222.0,7605_Maraka Quarter Lahore-Z3 (3G-CI-1742),KASUR_CLUSTER_02_Rural,100%,0.0,232.0,2.0,328.0,0.0,1837.0,190.0,219.0,0.0,102.0,11.1986,2.0,71850.0,72388.0,70854.0,72388.0,1.0,2.0,1837.0,1782.0,11.1986,100.0,541.0,571.0,1.0,1782.0,231.0,232.0,0.2575,1.0298,24.5674,2.1216,0.2083,0.0374,0.0321,24.5674,2.1216,0.2083,0.0374,0.0321,11.1986,2.0
2021-04-01,20:00,HLHRBSC10,37605.0,37605_Maraka Quarter Lahore-Z3 (3G-CI-1742),221.0,7605_Maraka Quarter Lahore-Z3 (3G-CI-1742),KASUR_CLUSTER_02_Rural,100%,0.0,326.0,0.0,558.0,0.0,1163.0,442.0,456.0,0.0,237.0,13.0847,0.0,83318.0,83870.0,83490.0,83870.0,1.0,5.0,1163.0,1111.0,13.0847,100.0,621.0,635.0,1.0,1111.0,322.0,326.0,0.5586,1.8383,21.3291,1.2213,0.294,0.1096,0.0187,21.3291,1.2213,0.294,0.1096,0.0187,13.0847,0.0
2021-04-01,20:00,HLHRBSC10,27605.0,27605_Maraka Quarter Lahore-Z3 (3G-CI-1742),220.0,7605_Maraka Quarter Lahore-Z3 (3G-CI-1742),KASUR_CLUSTER_02_Rural,100%,0.0,36.0,0.0,185.0,0.0,423.0,266.0,275.0,0.0,150.0,3.6153,0.0,23719.0,24020.0,23238.0,24020.0,1.0,1.0,423.0,412.0,3.6153,100.0,112.0,113.0,1.0,412.0,36.0,36.0,1.6416,3.283,5.9733,1.8827,0.1333,0.0587,0.0747,5.9733,1.8827,0.1333,0.0587,0.0747,3.6153,0.0
2021-04-01,20:00,HLHRBSC10,37980.0,37980_Mohlanwal Multan Road Lahore-Z3 (3G-CI-1768),180.0,7980_Mohlanwal Multan Road Lahore-Z3 (3G-CI-1768),KASUR_CLUSTER_02_Rural,100%,0.0,103.0,1.0,117.0,0.0,343.0,31.0,32.0,0.0,15.0,1.9472,1.0,10894.0,10906.0,10906.0,10906.0,0.0,1.0,343.0,336.0,1.9472,100.0,280.0,281.0,0.0,336.0,102.0,103.0,0.0438,0.0875,12.1307,0.048,0.0053,0.0027,0.0027,12.1307,0.048,0.0053,0.0027,0.0027,1.9472,1.0
2021-04-01,20:00,HLHRBSC10,27980.0,27980_Mohlanwal Multan Road Lahore-Z3 (3G-CI-1768),179.0,7980_Mohlanwal Multan Road Lahore-Z3 (3G-CI-1768),KASUR_CLUSTER_02_Rural,100%,0.0,76.0,1.0,230.0,0.0,264.0,290.0,315.0,0.0,157.0,3.5597,1.0,22364.0,22678.0,22678.0,22678.0,0.0,1.0,264.0,263.0,3.5597,100.0,189.0,190.0,0.0,263.0,75.0,76.0,0.0282,0.1409,9.1738,0.2968,0.0107,0.0027,0.0,9.1738,0.2968,0.0107,0.0027,0.0,3.5597,1.0
2021-04-01,20:00,HLHRBSC10,17980.0,17980_Mohlanwal Multan Road Lahore-Z3 (3G-CI-1768),175.0,7980_Mohlanwal Multan Road Lahore-Z3 (3G-CI-1768),KASUR_CLUSTER_02_Rural,100%,0.0,113.0,1.0,282.0,0.0,348.0,318.0,332.0,0.0,169.0,4.7292,1.0,30760.0,31304.0,31100.0,31304.0,0.0,0.0,348.0,345.0,4.7292,100.0,216.0,219.0,0.0,345.0,113.0,113.0,0.052000000000000005,0.1561,10.1845,0.0669,0.0107,0.0027,0.0027,10.1845,0.0669,0.0107,0.0027,0.0027,4.7292,1.0
2021-04-01,20:00,HLHRBSC10,31316.0,CI-1316-3_Nano Dogar Lahore-Z3 (3G-CI-2019),15.0,CI-1316_Nano Dogar Lahore-Z3 (3G-CI-2019),KASUR_CLUSTER_02_Rural,100%,0.0,95.0,0.0,262.0,0.0,371.0,339.0,343.0,0.0,171.0,2.5861,0.0,15305.0,15751.0,15588.0,15751.0,0.0,1.0,371.0,360.0,2.5861,100.0,131.0,132.0,0.0,360.0,94.0,95.0,0.0966,0.3285,13.5805,0.1008,0.0318,0.0133,0.0,13.5805,0.1008,0.0318,0.0133,0.0,2.5861,0.0
2021-04-01,20:00,HLHRBSC10,21316.0,CI-1316-2_Nano Dogar Lahore-Z3 (3G-CI-2019),14.0,CI-1316_Nano Dogar Lahore-Z3 (3G-CI-2019),KASUR_CLUSTER_02_Rural,100%,0.0,285.0,2.0,529.0,0.0,670.0,485.0,496.0,0.0,247.0,6.3889,2.0,37423.0,38383.0,38111.0,38383.0,2.0,5.0,670.0,647.0,6.3889,100.0,455.0,475.0,2.0,647.0,282.0,285.0,0.0339,0.1868,15.505,0.0849,0.0239,0.0027,0.0027,15.505,0.0849,0.0239,0.0027,0.0027,6.3889,2.0
2021-04-01,20:00,HLHRBSC10,31311.0,CI-1311-3_Manga Mandi Bypass Lahore-Z3 (3G-CI-3928),128.0,CI-1311_Manga Mandi Bypass Lahore-Z3 (3G-CI-3928),KASUR_CLUSTER_02_Rural,100%,0.0,207.0,0.0,451.0,0.0,715.0,483.0,487.0,0.0,244.0,7.5597,0.0,48470.0,48535.0,48489.0,48535.0,0.0,0.0,715.0,714.0,7.5597,100.0,384.0,385.0,0.0,714.0,207.0,207.0,0.0384,0.6528,13.1478,0.6759,0.0855,0.0054,0.0,13.1478,0.6759,0.0855,0.0054,0.0,7.5597,0.0
2021-04-01,20:00,HLHRBSC10,21311.0,CI-1311-2_Manga Mandi Bypass Lahore-Z3 (3G-CI-3928),127.0,CI-1311_Manga Mandi Bypass Lahore-Z3 (3G-CI-3928),KASUR_CLUSTER_02_Rural,100%,0.0,52.0,0.0,135.0,0.0,130.0,157.0,158.0,0.0,84.0,1.3292,0.0,7921.0,7988.0,7943.0,7988.0,0.0,1.0,130.0,130.0,1.3292,100.0,86.0,86.0,0.0,130.0,51.0,52.0,0.7189,2.0706,8.7891,0.3155,0.1257,0.0321,0.0348,8.7891,0.3155,0.1257,0.0321,0.0348,1.3292,0.0
2021-04-01,20:00,HLHRBSC10,11311.0,CI-1311-1_Manga Mandi Bypass Lahore-Z3 (3G-CI-3928),126.0,CI-1311_Manga Mandi Bypass Lahore-Z3 (3G-CI-3928),KASUR_CLUSTER_02_Rural,100%,0.0,295.0,1.0,542.0,0.0,1138.0,546.0,547.0,0.0,248.0,8.6208,1.0,51750.0,52086.0,51485.0,52086.0,1.0,2.0,1138.0,1132.0,8.6208,100.0,806.0,811.0,1.0,1132.0,294.0,295.0,1.1144,3.3028,17.4987,1.7067,0.4347,0.1227,0.0987,17.4987,1.7067,0.4347,0.1227,0.0987,8.6208,1.0
2021-04-01,20:00,HLHRBSC10,31312.0,CI-1312-3_Lakhen Kay Panghoor Kasur Sialkot (3G-CI-3894),118.0,CI-1312_Lakhen Kay Panghoor Kasur Sialkot (3G-CI-3894),KASUR_CLUSTER_02_Rural,100%,0.0,324.0,4.0,436.0,0.0,2477.0,232.0,242.0,0.0,131.0,10.4611,4.0,60144.0,63957.0,63190.0,63957.0,7.0,29.0,2477.0,2362.0,10.4611,100.0,470.0,486.0,7.0,2362.0,302.0,324.0,0.1483,1.213,22.2397,1.4739,0.2556,0.0196,0.016,22.2397,1.4739,0.2556,0.0196,0.016,10.4611,4.0
2021-04-01,20:00,HLHRBSC10,21312.0,CI-1312-2_Lakhen Kay Panghoor Kasur Sialkot (3G-CI-3894),117.0,CI-1312_Lakhen Kay Panghoor Kasur Sialkot (3G-CI-3894),KASUR_CLUSTER_02_Rural,100%,0.0,428.0,1.0,626.0,0.0,1013.0,420.0,448.0,0.0,219.0,9.1569,1.0,54646.0,55496.0,55195.0,55496.0,1.0,14.0,1013.0,993.0,9.1569,100.0,706.0,710.0,1.0,993.0,415.0,428.0,0.2019,1.2648,24.3479,1.7062,0.2805,0.024,0.0293,24.3479,1.7062,0.2805,0.024,0.0293,9.1569,1.0
2021-04-01,20:00,HLHRBSC10,11312.0,CI-1312-1_Lakhen Kay Panghoor Kasur Sialkot (3G-CI-3894),116.0,CI-1312_Lakhen Kay Panghoor Kasur Sialkot (3G-CI-3894),KASUR_CLUSTER_02_Rural,100%,0.0,304.0,4.0,488.0,0.0,1030.0,426.0,439.0,0.0,215.0,8.4167,4.0,51789.0,53422.0,53256.0,53422.0,3.0,29.0,1030.0,998.0,8.4167,100.0,477.0,480.0,3.0,998.0,278.0,304.0,0.0204,0.4274,25.8177,0.3314,0.1069,0.0054,0.0,25.8177,0.3314,0.1069,0.0054,0.0,8.4167,4.0
2021-04-01,20:00,HLHRBSC10,11316.0,CI-1316-1_Nano Dogar Lahore-Z3 (3G-CI-2019),0.0,CI-1316_Nano Dogar Lahore-Z3 (3G-CI-2019),KASUR_CLUSTER_02_Rural,100%,0.0,509.0,3.0,780.0,0.0,1200.0,560.0,567.0,0.0,275.0,14.5861,3.0,90751.0,91058.0,90952.0,91058.0,0.0,4.0,1200.0,1200.0,14.5861,100.0,942.0,942.0,0.0,1200.0,505.0,509.0,0.0109,0.0983,24.1381,0.1301,0.0212,0.0027,0.0,24.1381,0.1301,0.0212,0.0027,0.0,14.5861,3.0
2021-04-01,20:00,HLHRBSC10,11735.0,CI-1735-1_Volka Foods Sundar Industrial Estate,145.0,CI-1735_Volka Foods Sundar Industrial Estate_(N_C),KASUR_CLUSTER_02_Rural,100%,0.0,13.0,0.0,19.0,0.0,38.0,11.0,12.0,0.0,6.0,0.1917,0.0,875.0,894.0,893.0,894.0,0.0,0.0,38.0,38.0,0.1917,100.0,15.0,15.0,0.0,38.0,13.0,13.0,0.0,0.0494,10.7268,0.0239,0.0053,0.0,0.0,10.7268,0.0239,0.0053,0.0,0.0,0.1917,0.0
2021-04-01,20:00,HLHRBSC10,21728.0,CI-1728-2_Agar Nine Lahore-Z3 (3G-CI-1325),219.0,CI-1728_Agar Nine Lahore-Z3 (3G-CI-1325),KASUR_CLUSTER_02_Rural,100%,0.0,12.0,0.0,16.0,0.0,31.0,8.0,8.0,0.0,4.0,0.2569,0.0,569.0,569.0,564.0,569.0,0.0,0.0,31.0,31.0,0.2569,100.0,13.0,13.0,0.0,31.0,12.0,12.0,0.0,0.0,9.6693,0.0,0.0,0.0,0.0,9.6693,0.0,0.0,0.0,0.0,0.2569,0.0
2021-04-01,20:00,HLHRBSC10,11728.0,CI-1728-1_Agar Nine Lahore-Z3 (3G-CI-1325),218.0,CI-1728_Agar Nine Lahore-Z3 (3G-CI-1325),KASUR_CLUSTER_02_Rural,100%,0.0,22.0,1.0,103.0,0.0,213.0,154.0,160.0,0.0,82.0,1.525,1.0,9674.0,9912.0,9334.0,9912.0,0.0,0.0,213.0,208.0,1.525,100.0,35.0,35.0,0.0,208.0,22.0,22.0,0.0,0.0,7.9093,0.0613,0.0,0.0,0.0,7.9093,0.0613,0.0,0.0,0.0,1.525,1.0
2021-04-01,20:00,HLHRBSC10,31758.0,CI-1758-3_AA Block Bahria Town (Gold) Lahore-Z1 (3G-CI-2038),326.0,CI-1758_AA Block Bahria Town (Gold) Lahore-Z1 (3G-CI-2038),KASUR_CLUSTER_02_Rural,100%,0.0,135.0,0.0,221.0,0.0,1532.0,190.0,190.0,0.0,90.0,3.9458,0.0,23934.0,24006.0,23898.0,24006.0,1.0,5.0,1532.0,1436.0,3.9458,100.0,1063.0,1084.0,1.0,1436.0,131.0,135.0,0.4802,63.5454,5.1676,0.1064,9.1237,0.0668,0.0027,5.1676,0.1064,9.1237,0.0668,0.0027,3.9458,0.0
2021-04-01,20:00,HLHRBSC10,21758.0,CI-1758-2_AA Block Bahria Town (Gold) Lahore-Z1 (3G-CI-2038),324.0,CI-1758_AA Block Bahria Town (Gold) Lahore-Z1 (3G-CI-2038),KASUR_CLUSTER_02_Rural,100%,0.0,120.0,4.0,203.0,0.0,402.0,170.0,173.0,0.0,84.0,5.1944,4.0,33612.0,33938.0,33396.0,33938.0,0.0,1.0,402.0,381.0,5.1944,100.0,160.0,168.0,0.0,381.0,119.0,120.0,0.0,0.1576,14.112,11.1882,0.0399,0.0,0.0,14.112,11.1882,0.0399,0.0,0.0,5.1944,4.0
2021-04-01,20:00,HLHRBSC10,11758.0,CI-1758-1_AA Block Bahria Town (Gold) Lahore-Z1 (3G-CI-2038),314.0,CI-1758_AA Block Bahria Town (Gold) Lahore-Z1 (3G-CI-2038),KASUR_CLUSTER_02_Rural,100%,0.0,134.0,2.0,304.0,0.0,975.0,342.0,355.0,0.0,177.0,7.6556,2.0,49420.0,50598.0,50260.0,50598.0,0.0,2.0,975.0,924.0,7.6556,100.0,251.0,272.0,0.0,924.0,132.0,134.0,0.04,1.5524,20.8203,11.9826,0.5039,0.0133,0.0,20.8203,11.9826,0.5039,0.0133,0.0,7.6556,2.0
2021-04-01,20:00,HKASBSC03,37270.0,37270_Jambar Kalan Kasur (3G-CI-3926),97.0,7270_Jambar Kalan Kasur (3G-CI-3926),KASUR_CLUSTER_02_Rural,100%,0.0,51.0,1.0,101.0,0.0,347.0,94.0,98.0,0.0,51.0,2.8736,1.0,18358.0,19376.0,19144.0,19376.0,3.0,4.0,347.0,294.0,2.8736,100.0,128.0,130.0,3.0,294.0,50.0,51.0,0.0,58.6583,0.0061,1.5259,2.1737,0.0,0.0,0.0061,1.5259,2.1737,0.0,0.0,2.8736,1.0
2021-04-01,20:00,HKASBSC03,27270.0,27270_Jambar Kalan Kasur (3G-CI-3926),96.0,7270_Jambar Kalan Kasur (3G-CI-3926),KASUR_CLUSTER_02_Rural,100%,0.0,190.0,0.0,324.0,0.0,946.0,263.0,264.0,0.0,134.0,5.6778,0.0,35090.0,35240.0,35060.0,35240.0,0.0,0.0,946.0,900.0,5.6778,100.0,691.0,694.0,0.0,900.0,190.0,190.0,0.0,0.0,45.4907,0.0027,0.0,0.0,0.0,45.4907,0.0027,0.0,0.0,0.0,5.6778,0.0
2021-04-01,20:00,HKASBSC03,17270.0,17270_Jambar Kalan Kasur (3G-CI-3926),95.0,7270_Jambar Kalan Kasur (3G-CI-3926),KASUR_CLUSTER_02_Rural,100%,0.0,128.0,4.0,261.0,0.0,292.0,270.0,279.0,0.0,136.0,4.7153,4.0,28941.0,30126.0,29680.0,30126.0,0.0,3.0,292.0,291.0,4.7153,100.0,187.0,188.0,0.0,291.0,125.0,128.0,0.0995,0.5068,9.6396,0.0983,0.0399,0.0033,0.0065,9.6396,0.0983,0.0399,0.0033,0.0065,4.7153,4.0
2021-04-01,20:00,HKASBSC03,13851.0,13851_Bhoi Asal Kasur (3G-CI-2149),9.0,3851_Bhoi Asal Kasur (3G-CI-2149),KASUR_CLUSTER_02_Rural,100%,0.0,20.0,1.0,32.0,0.0,99.0,19.0,19.0,0.0,12.0,1.4889,1.0,9954.0,10260.0,10211.0,10260.0,0.0,0.0,99.0,96.0,1.4889,100.0,49.0,49.0,0.0,96.0,20.0,20.0,0.0,1.0383,6.0427,0.312,0.0667,0.0,0.0,6.0427,0.312,0.0667,0.0,0.0,1.4889,1.0
2021-04-01,20:00,HKASBSC03,37621.0,37621_Rehman Pura (Gold) Kasur (3G-CI-4983),88.0,7621_Rehman Pura (Gold) Kasur (3G-CI-4983),KASUR_CLUSTER_02_Rural,100%,0.0,1382.0,0.0,1897.0,0.0,2429.0,947.0,975.0,0.0,519.0,39.9222,0.0,245821.0,246352.0,245756.0,246352.0,0.0,3.0,2429.0,2415.0,39.9222,100.0,2131.0,2142.0,0.0,2415.0,1379.0,1382.0,1.2678,4.9853,24.1986,5.0455,1.1442,0.3197,0.0705,24.1986,5.0455,1.1442,0.3197,0.0705,39.9222,0.0
2021-04-01,20:00,HKASBSC03,27621.0,27621_Rehman Pura (Gold) Kasur (3G-CI-4983),87.0,7621_Rehman Pura (Gold) Kasur (3G-CI-4983),KASUR_CLUSTER_02_Rural,100%,0.0,147.0,0.0,285.0,0.0,537.0,281.0,288.0,0.0,140.0,3.1097,0.0,17070.0,17458.0,17292.0,17458.0,0.0,1.0,537.0,523.0,3.1097,100.0,313.0,321.0,0.0,523.0,146.0,147.0,0.2889,2.3774,10.7051,1.0409,0.2513,0.0294,0.0054,10.7051,1.0409,0.2513,0.0294,0.0054,3.1097,0.0
2021-04-01,20:00,HKASBSC03,17621.0,17621_Rehman Pura (Gold) Kasur (3G-CI-4983),86.0,7621_Rehman Pura (Gold) Kasur (3G-CI-4983),KASUR_CLUSTER_02_Rural,100%,0.0,208.0,4.0,387.0,0.0,530.0,338.0,361.0,0.0,181.0,5.8875,4.0,34251.0,34879.0,34279.0,34879.0,1.0,2.0,530.0,526.0,5.8875,100.0,418.0,420.0,1.0,526.0,207.0,208.0,0.213,1.2248,9.4252,0.4946,0.1016,0.0187,0.0027,9.4252,0.4946,0.1016,0.0187,0.0027,5.8875,4.0
2021-04-01,20:00,HKASBSC03,33555.0,33555_Bhai Pheru Road Kasur,85.0,3555_Bhai Pheru Road Kasur,KASUR_CLUSTER_02_Rural,100%,0.0,41.0,1.0,55.0,0.0,258.0,24.0,26.0,0.0,14.0,1.7472,1.0,8403.0,11111.0,10813.0,11111.0,0.0,0.0,258.0,251.0,1.7472,100.0,88.0,90.0,0.0,251.0,41.0,41.0,0.1114,0.2228,6.8767,0.3075,0.008,0.008,0.0,6.8767,0.3075,0.008,0.008,0.0,1.7472,1.0
2021-04-01,20:00,HKASBSC03,23555.0,23555_Bhai Pheru Road Kasur,84.0,3555_Bhai Pheru Road Kasur,KASUR_CLUSTER_02_Rural,100%,0.0,167.0,1.0,214.0,0.0,897.0,100.0,105.0,0.0,50.0,8.0278,1.0,52764.0,53698.0,53346.0,53698.0,1.0,2.0,897.0,881.0,8.0278,100.0,376.0,379.0,1.0,881.0,166.0,167.0,0.2061,0.4314,14.4341,0.0515,0.0328,0.0191,0.0109,14.4341,0.0515,0.0328,0.0191,0.0109,8.0278,1.0
2021-04-01,20:00,HKASBSC03,13555.0,13555_Bhai Pheru Road Kasur,83.0,3555_Bhai Pheru Road Kasur,KASUR_CLUSTER_02_Rural,100%,0.0,42.0,1.0,89.0,0.0,260.0,96.0,97.0,0.0,48.0,2.2083,1.0,14350.0,14807.0,14530.0,14807.0,0.0,0.0,260.0,254.0,2.2083,100.0,87.0,89.0,0.0,254.0,42.0,42.0,1.7071,2.7694,6.584,0.2507,0.0747,0.0373,0.0827,6.584,0.2507,0.0747,0.0373,0.0827,2.2083,1.0
2021-04-01,20:00,HKASBSC03,33526.0,33526_Ghaniyekay Kasur,82.0,3526_Ghaniyekay Kasur,KASUR_CLUSTER_02_Rural,100%,0.0,54.0,0.0,118.0,0.0,256.0,126.0,129.0,0.0,65.0,2.8958,0.0,18318.0,19461.0,19332.0,19461.0,2.0,3.0,256.0,256.0,2.8958,100.0,112.0,112.0,2.0,256.0,53.0,54.0,0.2082,0.853,12.4704,0.2672,0.0828,0.0268,0.0,12.4704,0.2672,0.0828,0.0268,0.0,2.8958,0.0
2021-04-01,20:00,HKASBSC03,23526.0,23526_Ghaniyekay Kasur,81.0,3526_Ghaniyekay Kasur,KASUR_CLUSTER_02_Rural,100%,0.0,150.0,1.0,223.0,0.0,512.0,141.0,142.0,0.0,73.0,4.0819,1.0,25316.0,25419.0,25240.0,25419.0,1.0,1.0,512.0,495.0,4.0819,100.0,221.0,227.0,1.0,495.0,150.0,150.0,0.2921,1.6371,10.1194,0.7205,0.1482,0.0188,0.0134,10.1194,0.7205,0.1482,0.0188,0.0134,4.0819,1.0
2021-04-01,20:00,HKASBSC03,13526.0,13526_Ghaniyekay Kasur,80.0,3526_Ghaniyekay Kasur,KASUR_CLUSTER_02_Rural,100%,0.0,11.0,0.0,49.0,0.0,278.0,74.0,75.0,0.0,38.0,0.525,0.0,3283.0,3377.0,3342.0,3377.0,3.0,3.0,278.0,230.0,0.525,100.0,19.0,21.0,3.0,230.0,11.0,11.0,0.0321,0.8963,7.8747,0.3813,0.07200000000000001,0.0027,0.0,7.8747,0.3813,0.07200000000000001,0.0027,0.0,0.525,0.0
2021-04-01,20:00,HKASBSC03,33575.0,33575_Rakh Mundeke Kalan Kasur (3G-CI-2096),8.0,3575_Rakh Mundeke Kalan Kasur (3G-CI-2096),KASUR_CLUSTER_02_Rural,100%,0.0,7.0,1.0,9.0,0.0,62.0,3.0,3.0,0.0,2.0,1.0944,1.0,7745.0,7887.0,7859.0,7887.0,0.0,0.0,62.0,58.0,1.0944,100.0,14.0,15.0,0.0,58.0,7.0,7.0,0.0,0.1358,7.7246,0.1444,0.0107,0.0,0.0,7.7246,0.1444,0.0107,0.0,0.0,1.0944,1.0
2021-04-01,20:00,HKASBSC03,33081.0,33081_Raiwand City Kasur (3G-CI-4905),79.0,3081_Raiwand City Kasur (3G-CI-4905),KASUR_CLUSTER_02_Rural,100%,0.0,134.0,0.0,279.0,0.0,338.0,268.0,290.0,0.0,146.0,3.7667,0.0,21794.0,22124.0,22012.0,22124.0,1.0,1.0,338.0,334.0,3.7667,100.0,244.0,245.0,1.0,334.0,134.0,134.0,0.2458,1.5027,16.9982,1.287,0.2333,0.0376,0.008,16.9982,1.287,0.2333,0.0376,0.008,3.7667,0.0
2021-04-01,20:00,HKASBSC03,23081.0,23081_Raiwand City Kasur (3G-CI-4905),78.0,3081_Raiwand City Kasur (3G-CI-4905),KASUR_CLUSTER_02_Rural,100%,0.0,138.0,2.0,204.0,0.0,1562.0,123.0,128.0,0.0,67.0,3.6681,2.0,22337.0,22635.0,22164.0,22635.0,0.0,0.0,1562.0,1557.0,3.6681,100.0,1278.0,1278.0,0.0,1557.0,138.0,138.0,1.4546,4.84,11.9555,1.8523,0.4912,0.171,0.0401,11.9555,1.8523,0.4912,0.171,0.0401,3.6681,2.0
2021-04-01,20:00,HKASBSC03,13081.0,13081_Raiwand City Kasur (3G-CI-4905),77.0,3081_Raiwand City Kasur (3G-CI-4905),KASUR_CLUSTER_02_Rural,100%,0.0,102.0,0.0,467.0,0.0,370.0,637.0,658.0,0.0,365.0,5.7375,0.0,36705.0,37466.0,37334.0,37466.0,0.0,0.0,370.0,365.0,5.7375,100.0,206.0,209.0,0.0,365.0,102.0,102.0,0.4563,3.7825,12.9818,2.4061,0.532,0.0622,0.0108,12.9818,2.4061,0.532,0.0622,0.0108,5.7375,0.0
2021-04-01,20:00,HKASBSC03,33022.0,33022_Pajian Village Lahore-Z3 (3G-CI-1560),76.0,3022_Pajian Village Lahore-Z3 (3G-CI-1560),KASUR_CLUSTER_02_Rural,100%,0.0,191.0,7.0,643.0,0.0,714.0,851.0,917.0,1.0,477.0,9.8819,7.0,62318.0,64485.0,63394.0,64485.0,5.0,8.0,714.0,681.0,9.8819,100.0,342.0,347.0,5.0,681.0,188.0,191.0,0.0,0.3355,3.0317,5.8244,0.0298,0.0,0.0,3.0317,5.8244,0.0298,0.0,0.0,9.8819,7.0
2021-04-01,20:00,HKASBSC03,23022.0,23022_Pajian Village Lahore-Z3 (3G-CI-1560),75.0,3022_Pajian Village Lahore-Z3 (3G-CI-1560),KASUR_CLUSTER_02_Rural,100%,0.0,149.0,2.0,523.0,0.0,972.0,741.0,761.0,0.0,381.0,6.4639,2.0,40614.0,41702.0,41518.0,41702.0,1.0,3.0,972.0,928.0,6.4639,100.0,458.0,489.0,1.0,928.0,147.0,149.0,0.035,0.3328,14.8896,0.3289,0.0455,0.0054,0.0,14.8896,0.3289,0.0455,0.0054,0.0,6.4639,2.0
2021-04-01,20:00,HKASBSC03,13022.0,13022_Pajian Village Lahore-Z3 (3G-CI-1560),74.0,3022_Pajian Village Lahore-Z3 (3G-CI-1560),KASUR_CLUSTER_02_Rural,100%,0.0,391.0,2.0,732.0,0.0,1817.0,642.0,648.0,0.0,342.0,17.8931,2.0,116567.0,117641.0,116820.0,117641.0,13.0,14.0,1817.0,1801.0,17.8931,100.0,560.0,560.0,13.0,1801.0,390.0,391.0,0.2606,0.9464,17.6271,1.6829,0.1337,0.0401,0.0107,17.6271,1.6829,0.1337,0.0401,0.0107,17.8931,2.0
2021-04-01,20:00,HKASBSC03,23575.0,23575_Rakh Mundeke Kalan Kasur (3G-CI-2096),7.0,3575_Rakh Mundeke Kalan Kasur (3G-CI-2096),KASUR_CLUSTER_02_Rural,100%,0.0,258.0,1.0,264.0,0.0,808.0,11.0,11.0,0.0,6.0,5.9778,1.0,36807.0,36855.0,36824.0,36855.0,0.0,0.0,808.0,793.0,5.9778,100.0,489.0,489.0,0.0,793.0,258.0,258.0,0.0169,0.0508,15.6933,0.055999999999999994,0.0053,0.0,0.0027,15.6933,0.055999999999999994,0.0053,0.0,0.0027,5.9778,1.0
2021-04-01,20:00,HKASBSC03,17529.0,17529_Din Textile Kot Radha Kishan (Micro) Kasur,69.0,7529_Din Textile Kot Radha Kishan (Micro) Kasur,KASUR_CLUSTER_02_Rural,100%,0.0,61.0,0.0,75.0,0.0,266.0,31.0,31.0,0.0,14.0,3.2972,0.0,22062.0,22116.0,21836.0,22116.0,0.0,0.0,266.0,266.0,3.2972,100.0,92.0,92.0,0.0,266.0,61.0,61.0,0.0,0.0,8.4648,0.0027,0.0,0.0,0.0,8.4648,0.0027,0.0,0.0,0.0,3.2972,0.0
2021-04-01,20:00,HKASBSC03,33525.0,33525_Mohallah Tarkhanwala Kasur (3G-CI-4930),65.0,3525_Mohallah Tarkhanwala Kasur (3G-CI-4930),KASUR_CLUSTER_02_Rural,100%,0.0,438.0,4.0,1130.0,0.0,2106.0,1351.0,1365.0,0.0,699.0,17.4861,4.0,108575.0,112500.0,111741.0,112500.0,7.0,12.0,2106.0,2040.0,17.4861,100.0,758.0,765.0,7.0,2040.0,433.0,438.0,1.6888,6.3841,11.8314,3.2417,0.7559999999999999,0.2235,0.0485,11.8314,3.2417,0.7559999999999999,0.2235,0.0485,17.4861,4.0
2021-04-01,20:00,HKASBSC03,23525.0,23525_Mohallah Tarkhanwala Kasur (3G-CI-4930),64.0,3525_Mohallah Tarkhanwala Kasur (3G-CI-4930),KASUR_CLUSTER_02_Rural,100%,0.0,72.0,0.0,613.0,0.0,343.0,1004.0,1017.0,0.0,545.0,5.0972,0.0,32659.0,32764.0,32569.0,32764.0,2.0,2.0,343.0,338.0,5.0972,100.0,94.0,94.0,2.0,338.0,72.0,72.0,0.9438,4.9825,23.3367,9.4902,1.3953,0.2664,0.0596,23.3367,9.4902,1.3953,0.2664,0.0596,5.0972,0.0
2021-04-01,20:00,HKASBSC03,13525.0,13525_Mohallah Tarkhanwala Kasur (3G-CI-4930),63.0,3525_Mohallah Tarkhanwala Kasur (3G-CI-4930),KASUR_CLUSTER_02_Rural,100%,0.0,576.0,1.0,1321.0,0.0,1865.0,1555.0,1559.0,0.0,745.0,18.2431,1.0,114760.0,115543.0,114748.0,115543.0,1.0,1.0,1865.0,1864.0,18.2431,100.0,854.0,861.0,1.0,1864.0,576.0,576.0,0.1058,0.4838,29.1733,1.4340000000000002,0.1163,0.0216,0.0109,29.1733,1.4340000000000002,0.1163,0.0216,0.0109,18.2431,1.0
2021-04-01,20:00,HKASBSC03,33527.0,33527_Kunja Kasur (3G-CI-4931),62.0,3527_Kunja Kasur (3G-CI-4931),KASUR_CLUSTER_02_Rural,100%,0.0,401.0,0.0,887.0,0.0,1883.0,1045.0,1059.0,0.0,492.0,10.5958,0.0,65850.0,66543.0,66414.0,66543.0,0.0,4.0,1883.0,1864.0,10.5958,100.0,1386.0,1397.0,0.0,1864.0,397.0,401.0,1.4289,11.8244,12.5151,8.4677,2.4738,0.2489,0.0912,12.5151,8.4677,2.4738,0.2489,0.0912,10.5958,0.0
2021-04-01,20:00,HKASBSC03,23527.0,23527_Kunja Kasur (3G-CI-4931),61.0,3527_Kunja Kasur (3G-CI-4931),KASUR_CLUSTER_02_Rural,100%,0.0,465.0,1.0,1671.0,0.0,1788.0,2365.0,2370.0,0.0,1206.0,18.7583,1.0,120461.0,120835.0,120459.0,120835.0,4.0,4.0,1788.0,1770.0,18.7583,100.0,1170.0,1171.0,4.0,1770.0,465.0,465.0,20.427,58.7721,5.6146,0.4344,5.626,2.2974,0.6997,5.6146,0.4344,5.626,2.2974,0.6997,18.7583,1.0
2021-04-01,20:00,HKASBSC03,13527.0,13527_Kunja Kasur (3G-CI-4931),60.0,3527_Kunja Kasur (3G-CI-4931),KASUR_CLUSTER_02_Rural,100%,0.0,812.0,1.0,2387.0,0.0,2428.0,3305.0,3317.0,0.0,1581.0,20.9833,1.0,127882.0,129076.0,128304.0,129076.0,2.0,11.0,2428.0,2402.0,20.9833,100.0,1569.0,1577.0,2.0,2402.0,803.0,812.0,51.9403,55.4438,3.4118,2.8312,0.4909,3.1528,4.1247,3.4118,2.8312,0.4909,3.1528,4.1247,20.9833,1.0
2021-04-01,20:00,HKASBSC03,13575.0,13575_Rakh Mundeke Kalan Kasur (3G-CI-2096),6.0,3575_Rakh Mundeke Kalan Kasur (3G-CI-2096),KASUR_CLUSTER_02_Rural,100%,0.0,267.0,3.0,289.0,0.0,627.0,49.0,51.0,0.0,22.0,10.7986,3.0,70171.0,71301.0,70513.0,71301.0,2.0,2.0,627.0,609.0,10.7986,100.0,449.0,454.0,2.0,609.0,267.0,267.0,0.0,0.0414,19.2306,0.08800000000000001,0.008,0.0,0.0,19.2306,0.08800000000000001,0.008,0.0,0.0,10.7986,3.0
2021-04-01,20:00,HKASBSC03,33574.0,33574_Aalowala Road Kasur (3G-CI-2095),5.0,3574_Aalowala Road Kasur (3G-CI-2095),KASUR_CLUSTER_02_Rural,100%,0.0,79.0,2.0,115.0,0.0,239.0,72.0,73.0,0.0,36.0,3.3861,2.0,21689.0,22348.0,22006.0,22348.0,1.0,1.0,239.0,232.0,3.3861,100.0,142.0,146.0,1.0,232.0,79.0,79.0,0.0616,0.3063,4.2966,0.1565,0.0109,0.0028,0.0,4.2966,0.1565,0.0109,0.0028,0.0,3.3861,2.0
2021-04-01,20:00,HKASBSC03,37623.0,37623_Nishat Mill Kasur (3G-CI-3903),47.0,7623_Nishat Mill Kasur (3G-CI-3903),KASUR_CLUSTER_02_Rural,100%,0.0,184.0,1.0,294.0,0.0,1903.0,210.0,233.0,0.0,119.0,8.0083,1.0,50731.0,52548.0,51465.0,52548.0,7.0,15.0,1903.0,1838.0,8.0083,100.0,306.0,314.0,7.0,1838.0,176.0,184.0,0.0,0.0134,19.7792,0.1084,0.0027,0.0,0.0,19.7792,0.1084,0.0027,0.0,0.0,8.0083,1.0
2021-04-01,20:00,HKASBSC03,27623.0,27623_Nishat Mill Kasur (3G-CI-3903),46.0,7623_Nishat Mill Kasur (3G-CI-3903),KASUR_CLUSTER_02_Rural,100%,0.0,120.0,0.0,249.0,0.0,322.0,258.0,258.0,0.0,130.0,4.7958,0.0,30611.0,31085.0,30846.0,31085.0,1.0,2.0,322.0,317.0,4.7958,100.0,189.0,193.0,1.0,317.0,119.0,120.0,0.0,0.068,4.07,0.0476,0.0028,0.0,0.0,4.07,0.0476,0.0028,0.0,0.0,4.7958,0.0
2021-04-01,20:00,HKASBSC03,17623.0,17623_Nishat Mill Kasur (3G-CI-3903),45.0,7623_Nishat Mill Kasur (3G-CI-3903),KASUR_CLUSTER_02_Rural,100%,0.0,289.0,3.0,525.0,0.0,1168.0,464.0,475.0,0.0,240.0,17.4333,3.0,118642.0,119065.0,118211.0,119065.0,1.0,2.0,1168.0,1144.0,17.4333,100.0,411.0,414.0,1.0,1144.0,288.0,289.0,0.0743,0.4905,17.6389,0.2131,0.0747,0.0133,0.0,17.6389,0.2131,0.0747,0.0133,0.0,17.4333,3.0
2021-04-01,20:00,HKASBSC03,37620.0,37620_Main Chowk Raiwand Kasur (3G-CI-1746),41.0,7620_Main Chowk Raiwand Kasur (3G-CI-1746),KASUR_CLUSTER_02_Rural,100%,0.0,89.0,4.0,267.0,0.0,278.0,281.0,293.0,0.0,142.0,3.7417,4.0,22601.0,23668.0,23231.0,23668.0,0.0,1.0,278.0,275.0,3.7417,100.0,179.0,181.0,0.0,275.0,88.0,89.0,0.2598,0.4942,10.2601,0.2323,0.0247,0.0193,0.0081,10.2601,0.2323,0.0247,0.0193,0.0081,3.7417,4.0
2021-04-01,20:00,HKASBSC03,27620.0,27620_Main Chowk Raiwand Kasur (3G-CI-1746),40.0,7620_Main Chowk Raiwand Kasur (3G-CI-1746),KASUR_CLUSTER_02_Rural,100%,0.0,73.0,1.0,283.0,0.0,967.0,383.0,396.0,0.0,204.0,2.7194,1.0,14772.0,15294.0,15008.0,15294.0,0.0,2.0,967.0,959.0,2.7194,100.0,477.0,483.0,0.0,959.0,71.0,73.0,1.9219,4.2859,12.0027,1.3128,0.3289,0.1417,0.1257,12.0027,1.3128,0.3289,0.1417,0.1257,2.7194,1.0
2021-04-01,20:00,HKASBSC03,17620.0,17620_Main Chowk Raiwand Kasur (3G-CI-1746),39.0,7620_Main Chowk Raiwand Kasur (3G-CI-1746),KASUR_CLUSTER_02_Rural,100%,0.0,43.0,2.0,256.0,0.0,174.0,383.0,412.0,0.0,217.0,1.6,2.0,9004.0,9713.0,9475.0,9713.0,0.0,0.0,174.0,174.0,1.6,100.0,122.0,122.0,0.0,174.0,43.0,43.0,2.4748,6.685,16.4327,5.0293,0.9683,0.2793,0.2899,16.4327,5.0293,0.9683,0.2793,0.2899,1.6,2.0
2021-04-01,20:00,HKASBSC03,33540.0,33540_Hizar Town Kasur (3G-CI-4934),306.0,3540_Hizar Town Kasur (3G-CI-4934),KASUR_CLUSTER_02_Rural,100%,0.0,692.0,4.0,1113.0,0.0,2406.0,835.0,845.0,0.0,425.0,20.2097,4.0,125828.0,127066.0,126406.0,127066.0,1.0,4.0,2406.0,2395.0,20.2097,100.0,1422.0,1435.0,1.0,2395.0,689.0,692.0,0.2875,84.6875,0.0,0.9128,5.0313,0.0171,0.0,0.0,0.9128,5.0313,0.0171,0.0,20.2097,4.0
2021-04-01,20:00,HKASBSC03,23540.0,23540_Hizar Town Kasur (3G-CI-4934),305.0,3540_Hizar Town Kasur (3G-CI-4934),KASUR_CLUSTER_02_Rural,100%,0.0,233.0,0.0,693.0,0.0,785.0,899.0,906.0,0.0,460.0,8.7778,0.0,56131.0,56314.0,56114.0,56314.0,0.0,0.0,785.0,785.0,8.7778,100.0,532.0,532.0,0.0,785.0,233.0,233.0,0.3584,2.1524,7.1314,0.5594,0.141,0.0197,0.0085,7.1314,0.5594,0.141,0.0197,0.0085,8.7778,0.0
2021-04-01,20:00,HKASBSC03,13540.0,13540_Hizar Town Kasur (3G-CI-4934),304.0,3540_Hizar Town Kasur (3G-CI-4934),KASUR_CLUSTER_02_Rural,100%,0.0,370.0,0.0,986.0,0.0,1795.0,1240.0,1250.0,0.0,621.0,13.9681,0.0,87886.0,89310.0,88441.0,89310.0,5.0,8.0,1795.0,1757.0,13.9681,100.0,1077.0,1084.0,5.0,1757.0,367.0,370.0,0.0,0.18899999999999997,19.1018,0.614,0.0373,0.0,0.0,19.1018,0.614,0.0373,0.0,0.0,13.9681,0.0
2021-04-01,20:00,HKASBSC03,33556.0,33556_Kot Radha Kishan Kasur (3G-CI-3964),303.0,3556_Kot Radha Kishan Kasur (3G-CI-3964),KASUR_CLUSTER_02_Rural,100%,0.0,235.0,5.0,374.0,0.0,1035.0,282.0,285.0,0.0,142.0,7.2861,5.0,44675.0,45615.0,44952.0,45615.0,7.0,9.0,1035.0,999.0,7.2861,100.0,406.0,416.0,7.0,999.0,233.0,235.0,0.0386,0.1447,27.2729,0.3983,0.0294,0.0107,0.0,27.2729,0.3983,0.0294,0.0107,0.0,7.2861,5.0
2021-04-01,20:00,HKASBSC03,23556.0,23556_Kot Radha Kishan Kasur (3G-CI-3964),302.0,3556_Kot Radha Kishan Kasur (3G-CI-3964),KASUR_CLUSTER_02_Rural,100%,0.0,132.0,0.0,418.0,0.0,938.0,544.0,544.0,0.0,288.0,9.5875,0.0,65585.0,65788.0,65209.0,65788.0,0.0,2.0,938.0,930.0,9.5875,100.0,287.0,289.0,0.0,930.0,130.0,132.0,0.0,0.013000000000000001,20.6267,0.129,0.0027,0.0,0.0,20.6267,0.129,0.0027,0.0,0.0,9.5875,0.0
2021-04-01,20:00,HKASBSC03,13556.0,13556_Kot Radha Kishan Kasur (3G-CI-3964),301.0,3556_Kot Radha Kishan Kasur (3G-CI-3964),KASUR_CLUSTER_02_Rural,100%,0.0,130.0,2.0,337.0,0.0,459.0,432.0,442.0,0.0,210.0,6.1667,2.0,39544.0,39823.0,39187.0,39823.0,0.0,3.0,459.0,457.0,6.1667,100.0,251.0,251.0,0.0,457.0,127.0,130.0,0.0,0.0,18.0846,0.1443,0.0,0.0,0.0,18.0846,0.1443,0.0,0.0,0.0,6.1667,2.0
2021-04-01,20:00,HKASBSC03,37024.0,37024_Manga Raiwind Road Kasur (3G-CI-3891),297.0,7024_Manga Raiwind Road Kasur (3G-CI-3891),KASUR_CLUSTER_02_Rural,100%,0.0,293.0,10.0,747.0,0.0,1497.0,851.0,900.0,0.0,472.0,16.2931,10.0,106385.0,108020.0,106868.0,108020.0,0.0,1.0,1497.0,1442.0,16.2931,100.0,680.0,684.0,0.0,1442.0,292.0,293.0,1.4976,5.9446,8.5802,2.3342,0.516,0.1444,0.0294,8.5802,2.3342,0.516,0.1444,0.0294,16.2931,10.0
2021-04-01,20:00,HKASBSC03,27024.0,27024_Manga Raiwind Road Kasur (3G-CI-3891),296.0,7024_Manga Raiwind Road Kasur (3G-CI-3891),KASUR_CLUSTER_02_Rural,100%,0.0,130.0,2.0,299.0,0.0,648.0,342.0,344.0,0.0,170.0,7.5431,2.0,51002.0,51206.0,50899.0,51206.0,0.0,1.0,648.0,636.0,7.5431,100.0,303.0,304.0,0.0,636.0,129.0,130.0,3.3139999999999996,3.9025,12.4917,0.5764,0.08,0.0213,0.4293,12.4917,0.5764,0.08,0.0213,0.4293,7.5431,2.0
2021-04-01,20:00,HKASBSC03,17024.0,17024_Manga Raiwind Road Kasur (3G-CI-3891),295.0,7024_Manga Raiwind Road Kasur (3G-CI-3891),KASUR_CLUSTER_02_Rural,100%,5.0,337.0,1.0,388.0,0.0,997.0,154.0,177.0,0.0,56.0,14.725,1.0,96670.0,97360.0,96504.0,97360.0,0.0,0.0,997.0,988.0,14.725,100.0,490.0,495.0,0.0,988.0,332.0,337.0,1.5352,5.6692,5.3885,0.77,0.2699,0.0712,0.028999999999999998,5.3885,0.77,0.2699,0.0712,0.028999999999999998,14.725,1.0
2021-04-01,20:00,HKASBSC03,33070.0,33070_Multan Road Kasur (3G-CI-3947),294.0,3070_Multan Road Kasur (3G-CI-3947),KASUR_CLUSTER_02_Rural,100%,0.0,279.0,0.0,500.0,0.0,1433.0,478.0,480.0,0.0,223.0,9.3528,0.0,59261.0,59717.0,59103.0,59717.0,2.0,4.0,1433.0,1406.0,9.3528,100.0,597.0,609.0,2.0,1406.0,277.0,279.0,0.0,0.0405,26.0987,0.2888,0.0107,0.0,0.0,26.0987,0.2888,0.0107,0.0,0.0,9.3528,0.0
2021-04-01,20:00,HKASBSC03,23070.0,23070_Multan Road Kasur (3G-CI-3947),293.0,3070_Multan Road Kasur (3G-CI-3947),KASUR_CLUSTER_02_Rural,100%,0.0,306.0,0.0,505.0,0.0,1910.0,338.0,348.0,0.0,203.0,10.9444,0.0,67858.0,69637.0,69446.0,69637.0,2.0,3.0,1910.0,1883.0,10.9444,100.0,448.0,450.0,2.0,1883.0,305.0,306.0,0.507,2.5571,10.9931,0.8263,0.2487,0.0214,0.0401,10.9931,0.8263,0.2487,0.0214,0.0401,10.9444,0.0
2021-04-01,20:00,HKASBSC03,13070.0,13070_Multan Road Kasur (3G-CI-3947),292.0,3070_Multan Road Kasur (3G-CI-3947),KASUR_CLUSTER_02_Rural,100%,0.0,292.0,0.0,492.0,0.0,1246.0,425.0,431.0,0.0,200.0,8.4944,0.0,53222.0,53587.0,53303.0,53587.0,0.0,0.0,1246.0,1233.0,8.4944,100.0,411.0,411.0,0.0,1233.0,292.0,292.0,0.1955,0.7613,13.4148,0.4571,0.0791,0.0273,0.0,13.4148,0.4571,0.0791,0.0273,0.0,8.4944,0.0
2021-04-01,20:00,HKASBSC03,37172.0,37172_Century Paper Mill Kasur Lahore-Z1 (3G-CI-3905),29.0,7172_Century Paper Mill Kasur Lahore-Z1 (3G-CI-3905),KASUR_CLUSTER_02_Rural,100%,0.0,147.0,3.0,258.0,0.0,811.0,213.0,218.0,0.0,112.0,7.7389,3.0,50201.0,51500.0,51169.0,51500.0,0.0,1.0,811.0,796.0,7.7389,100.0,324.0,327.0,0.0,796.0,146.0,147.0,0.0116,0.3292,24.3298,0.2518,0.0783,0.0,0.0029,24.3298,0.2518,0.0783,0.0,0.0029,7.7389,3.0
2021-04-01,20:00,HKASBSC03,33021.0,33021_PTCL Exchange Phool Nagar (Gold) Kasur (3G-CI-3960),288.0,3021_PTCL Exchange Phool Nagar (Gold) Kasur (3G-CI-3960),KASUR_CLUSTER_02_Rural,100%,0.0,808.0,2.0,2378.0,0.0,2193.0,2945.0,2978.0,0.0,1570.0,36.0222,2.0,231189.0,233375.0,231155.0,233375.0,0.0,2.0,2193.0,2185.0,36.0222,100.0,1251.0,1255.0,0.0,2185.0,806.0,808.0,41.7396,47.7955,3.1364,4.4536,0.8805,0.4833,5.5852,3.1364,4.4536,0.8805,0.4833,5.5852,36.0222,2.0
2021-04-01,20:00,HKASBSC03,23021.0,23021_PTCL Exchange Phool Nagar (Gold) Kasur (3G-CI-3960),287.0,3021_PTCL Exchange Phool Nagar (Gold) Kasur (3G-CI-3960),KASUR_CLUSTER_02_Rural,100%,0.0,637.0,7.0,906.0,0.0,2514.0,615.0,640.0,0.0,272.0,14.4528,7.0,79327.0,83078.0,81007.0,83078.0,12.0,16.0,2514.0,2369.0,14.4528,100.0,1284.0,1316.0,12.0,2369.0,633.0,637.0,55.1952,84.2249,2.9885,3.3573,11.6775,6.9369,15.265999999999998,2.9885,3.3573,11.6775,6.9369,15.265999999999998,14.4528,7.0
2021-04-01,20:00,HKASBSC03,13021.0,13021_PTCL Exchange Phool Nagar (Gold) Kasur (3G-CI-3960),286.0,3021_PTCL Exchange Phool Nagar (Gold) Kasur (3G-CI-3960),KASUR_CLUSTER_02_Rural,100%,0.0,293.0,4.0,612.0,0.0,1128.0,627.0,636.0,0.0,320.0,7.8556,4.0,47059.0,48024.0,47545.0,48024.0,1.0,2.0,1128.0,1109.0,7.8556,100.0,549.0,561.0,1.0,1109.0,292.0,293.0,3.3093,37.8501,6.7383,0.5256,4.037,0.2669,0.1199,6.7383,0.5256,4.037,0.2669,0.1199,7.8556,4.0
2021-04-01,20:00,HKASBSC03,17350.0,17350_Shahtaj Textile (Micro) Kasur,283.0,7350_Shahtaj Textile (Micro) Kasur,KASUR_CLUSTER_02_Rural,100%,0.0,91.0,0.0,223.0,0.0,1009.0,242.0,247.0,0.0,134.0,6.8694,0.0,46437.0,46715.0,45928.0,46715.0,0.0,0.0,1009.0,1002.0,6.8694,100.0,237.0,238.0,0.0,1002.0,91.0,91.0,0.2999,0.6997,5.6123,0.1962,0.0234,0.0088,0.0088,5.6123,0.1962,0.0234,0.0088,0.0088,6.8694,0.0
2021-04-01,20:00,HKASBSC03,37562.0,37562_Chak No 65 Raiwind Road Kasur (3G-CI-3883),282.0,7562_Chak No 65 Raiwind Road Kasur (3G-CI-3883),KASUR_CLUSTER_02_Rural,100%,0.0,77.0,2.0,336.0,0.0,607.0,512.0,525.0,0.0,262.0,4.2097,2.0,26673.0,27303.0,26622.0,27303.0,0.0,3.0,607.0,588.0,4.2097,100.0,280.0,291.0,0.0,588.0,74.0,77.0,0.0,0.1259,10.4923,0.08800000000000001,0.0133,0.0,0.0,10.4923,0.08800000000000001,0.0133,0.0,0.0,4.2097,2.0
2021-04-01,20:00,HKASBSC03,27562.0,27562_Chak No 65 Raiwind Road Kasur (3G-CI-3883),281.0,7562_Chak No 65 Raiwind Road Kasur (3G-CI-3883),KASUR_CLUSTER_02_Rural,100%,0.0,271.0,2.0,511.0,0.0,744.0,487.0,489.0,0.0,243.0,11.275,2.0,74112.0,74505.0,73464.0,74505.0,0.0,3.0,744.0,741.0,11.275,100.0,424.0,425.0,0.0,741.0,268.0,271.0,0.0124,0.1743,20.8752,0.4848,0.0346,0.0027,0.0,20.8752,0.4848,0.0346,0.0027,0.0,11.275,2.0
2021-04-01,20:00,HKASBSC03,17562.0,17562_Chak No 65 Raiwind Road Kasur (3G-CI-3883),280.0,7562_Chak No 65 Raiwind Road Kasur (3G-CI-3883),KASUR_CLUSTER_02_Rural,100%,0.0,334.0,4.0,783.0,0.0,1749.0,945.0,967.0,0.0,458.0,12.9167,4.0,79899.0,82196.0,79190.0,82196.0,1.0,8.0,1749.0,1704.0,12.9167,100.0,664.0,674.0,1.0,1704.0,327.0,334.0,0.0998,5.2011,22.5453,0.2509,1.2267,0.024,0.0,22.5453,0.2509,1.2267,0.024,0.0,12.9167,4.0
2021-04-01,20:00,HKASBSC03,27172.0,27172_Century Paper Mill Kasur Lahore-Z1 (3G-CI-3905),28.0,7172_Century Paper Mill Kasur Lahore-Z1 (3G-CI-3905),KASUR_CLUSTER_02_Rural,100%,0.0,50.0,0.0,156.0,0.0,204.0,207.0,211.0,0.0,107.0,2.8125,0.0,17625.0,19026.0,18830.0,19026.0,0.0,0.0,204.0,202.0,2.8125,100.0,139.0,141.0,0.0,202.0,50.0,50.0,0.0,0.0346,7.6952,0.0214,0.0027,0.0,0.0,7.6952,0.0214,0.0027,0.0,0.0,2.8125,0.0
2021-04-01,20:00,HKASBSC03,17172.0,17172_Century Paper Mill Kasur Lahore-Z1 (3G-CI-3905),27.0,7172_Century Paper Mill Kasur Lahore-Z1 (3G-CI-3905),KASUR_CLUSTER_02_Rural,100%,0.0,223.0,4.0,418.0,0.0,1060.0,383.0,401.0,0.0,199.0,9.7639,4.0,61730.0,64877.0,63898.0,64877.0,2.0,4.0,1060.0,1054.0,9.7639,100.0,414.0,418.0,2.0,1054.0,221.0,223.0,0.0258,0.3183,21.0498,0.9366,0.0645,0.0057,0.0,21.0498,0.9366,0.0645,0.0057,0.0,9.7639,4.0
2021-04-01,20:00,HKASBSC03,37952.0,37952_Bhaipheru Bazar (Gold) Kasur (3G-CI-4991),266.0,7952_Bhaipheru Bazar (Gold) Kasur (3G-CI-4991),KASUR_CLUSTER_02_Rural,100%,0.0,302.0,3.0,1454.0,0.0,1059.0,2124.0,2166.0,0.0,1168.0,10.7833,3.0,61232.0,62034.0,60909.0,62034.0,2.0,11.0,1059.0,1024.0,10.7833,100.0,462.0,469.0,2.0,1024.0,293.0,302.0,8.1822,21.5515,5.0598,3.2232,1.4116,0.5447,0.3193,5.0598,3.2232,1.4116,0.5447,0.3193,10.7833,3.0
2021-04-01,20:00,HKASBSC03,27952.0,27952_Bhaipheru Bazar (Gold) Kasur (3G-CI-4991),265.0,7952_Bhaipheru Bazar (Gold) Kasur (3G-CI-4991),KASUR_CLUSTER_02_Rural,100%,0.0,665.0,0.0,2666.0,0.0,2076.0,3837.0,3852.0,0.0,2005.0,24.2181,0.0,143289.0,144112.0,141642.0,144112.0,1.0,8.0,2076.0,2065.0,24.2181,100.0,1011.0,1017.0,1.0,2065.0,658.0,665.0,2.6861,11.1479,14.1988,7.3429,2.0515,0.5382,0.113,14.1988,7.3429,2.0515,0.5382,0.113,24.2181,0.0
2021-04-01,20:00,HKASBSC03,17952.0,17952_Bhaipheru Bazar (Gold) Kasur (3G-CI-4991),264.0,7952_Bhaipheru Bazar (Gold) Kasur (3G-CI-4991),KASUR_CLUSTER_02_Rural,100%,0.0,545.0,2.0,1549.0,0.0,1549.0,2076.0,2086.0,0.0,1007.0,12.7306,2.0,74437.0,75264.0,74767.0,75264.0,3.0,6.0,1549.0,1529.0,12.7306,100.0,905.0,907.0,3.0,1529.0,542.0,545.0,0.7020000000000001,2.6896,22.5395,1.9287,0.4998,0.1123,0.0642,22.5395,1.9287,0.4998,0.1123,0.0642,12.7306,2.0
2021-04-01,20:00,HKASBSC03,37618.0,37618_Railway Colony (Gold) Kasur (3G-CI-4981),263.0,7618_Railway Colony (Gold) Kasur (3G-CI-4981),KASUR_CLUSTER_02_Rural,100%,0.0,31.0,1.0,140.0,0.0,130.0,192.0,201.0,0.0,110.0,2.8458,1.0,19540.0,19800.0,19570.0,19800.0,0.0,0.0,130.0,130.0,2.8458,100.0,75.0,75.0,0.0,130.0,31.0,31.0,0.1751,1.3217,15.6587,0.8667,0.192,0.0293,0.0,15.6587,0.8667,0.192,0.0293,0.0,2.8458,1.0
2021-04-01,20:00,HKASBSC03,37616.0,37616_Parnawa Kasur (3G-CI-3916),26.0,7616_Parnawa Kasur (3G-CI-3916),KASUR_CLUSTER_02_Rural,100%,0.0,356.0,1.0,560.0,0.0,856.0,420.0,425.0,0.0,206.0,12.9431,1.0,80543.0,82735.0,82445.0,82735.0,1.0,2.0,856.0,852.0,12.9431,100.0,567.0,567.0,1.0,852.0,355.0,356.0,28.5287,69.0694,3.6674,1.4016,6.6439,3.9476,0.7277,3.6674,1.4016,6.6439,3.9476,0.7277,12.9431,1.0
2021-04-01,20:00,HKASBSC03,33389.0,33389_Eid Gaha Raod Kasur (3G-CI-4924),259.0,3389_Eid Gaha Raod Kasur (3G-CI-4924),KASUR_CLUSTER_02_Rural,100%,0.0,517.0,0.0,1376.0,0.0,1372.0,1797.0,1816.0,0.0,865.0,14.6708,0.0,90904.0,91330.0,90667.0,91330.0,0.0,6.0,1372.0,1370.0,14.6708,100.0,965.0,966.0,0.0,1370.0,511.0,517.0,38.0747,39.5466,12.2662,2.2406,0.3532,7.569,1.5676,12.2662,2.2406,0.3532,7.569,1.5676,14.6708,0.0
2021-04-01,20:00,HKASBSC03,23389.0,23389_Eid Gaha Raod Kasur (3G-CI-4924),258.0,3389_Eid Gaha Raod Kasur (3G-CI-4924),KASUR_CLUSTER_02_Rural,100%,0.0,262.0,0.0,1352.0,0.0,611.0,2179.0,2201.0,0.0,1094.0,10.0375,0.0,64524.0,64954.0,64754.0,64954.0,0.0,2.0,611.0,610.0,10.0375,100.0,415.0,420.0,0.0,610.0,260.0,262.0,0.9638,6.3522,11.8515,2.6089,0.8320000000000001,0.1191,0.0298,11.8515,2.6089,0.8320000000000001,0.1191,0.0298,10.0375,0.0
2021-04-01,20:00,HKASBSC03,13389.0,13389_Eid Gaha Raod Kasur (3G-CI-4924),257.0,3389_Eid Gaha Raod Kasur (3G-CI-4924),KASUR_CLUSTER_02_Rural,100%,0.0,340.0,0.0,1901.0,0.0,837.0,3208.0,3233.0,0.0,1564.0,8.3667,0.0,49873.0,50418.0,49715.0,50418.0,0.0,0.0,837.0,835.0,8.3667,100.0,561.0,561.0,0.0,835.0,340.0,340.0,0.4318,2.2688,21.088,3.0610000000000004,0.4539,0.0709,0.0358,21.088,3.0610000000000004,0.4539,0.0709,0.0358,8.3667,0.0
2021-04-01,20:00,HKASBSC03,13277.0,13277_Shahtaj Textile Limited (Micro) Kasur,256.0,3277_Shahtaj Textile Limited (Micro) Kasur,KASUR_CLUSTER_02_Rural,100%,0.0,12.0,0.0,37.0,0.0,151.0,41.0,48.0,0.0,25.0,0.3083,0.0,1592.0,1798.0,1758.0,1798.0,0.0,0.0,151.0,146.0,0.3083,100.0,35.0,39.0,0.0,146.0,12.0,12.0,0.0,0.0,9.4282,0.0266,0.0,0.0,0.0,9.4282,0.0266,0.0,0.0,0.0,0.3083,0.0
2021-04-01,20:00,HKASBSC03,13270.0,13270_Sheikhupura Textile Mills (Micro) Kasur,255.0,3270_Sheikhupura Textile Mills (Micro) Kasur,KASUR_CLUSTER_02_Rural,100%,0.0,325.0,5.0,384.0,0.0,1403.0,115.0,124.0,0.0,63.0,9.4542,5.0,54122.0,56683.0,55555.0,56683.0,3.0,5.0,1403.0,1365.0,9.4542,100.0,590.0,595.0,3.0,1365.0,323.0,325.0,7.627000000000001,66.9731,1.9359,2.0161,7.1013,0.8811,0.0315,1.9359,2.0161,7.1013,0.8811,0.0315,9.4542,5.0
2021-04-01,20:00,HKASBSC03,27616.0,27616_Parnawa Kasur (3G-CI-3916),25.0,7616_Parnawa Kasur (3G-CI-3916),KASUR_CLUSTER_02_Rural,100%,0.0,294.0,1.0,409.0,0.0,1022.0,220.0,220.0,0.0,115.0,10.1125,1.0,62379.0,64700.0,64353.0,64700.0,2.0,2.0,1022.0,1010.0,10.1125,100.0,502.0,510.0,2.0,1010.0,294.0,294.0,0.0746,0.5988,10.6265,0.3325,0.0578,0.0055,0.0027,10.6265,0.3325,0.0578,0.0055,0.0027,10.1125,1.0
2021-04-01,20:00,HKASBSC03,37625.0,37625_Sunder Road Raiwind City Kasur (3G-CI-4984),245.0,7625_Sunder Road Raiwind City Kasur (3G-CI-4984),KASUR_CLUSTER_02_Rural,100%,0.0,146.0,6.0,491.0,0.0,691.0,699.0,725.0,0.0,352.0,4.8861,6.0,29514.0,29912.0,28873.0,29912.0,0.0,3.0,691.0,675.0,4.8861,100.0,389.0,398.0,0.0,675.0,143.0,146.0,0.0899,2.2986,12.8139,1.6997,0.3281,0.0134,0.0,12.8139,1.6997,0.3281,0.0134,0.0,4.8861,6.0
2021-04-01,20:00,HKASBSC03,27625.0,27625_Sunder Road Raiwind City Kasur (3G-CI-4984),244.0,7625_Sunder Road Raiwind City Kasur (3G-CI-4984),KASUR_CLUSTER_02_Rural,100%,0.0,91.0,1.0,187.0,0.0,454.0,184.0,195.0,0.0,97.0,1.8236,1.0,9244.0,9447.0,9305.0,9447.0,0.0,1.0,454.0,447.0,1.8236,100.0,167.0,169.0,0.0,447.0,90.0,91.0,0.0847,0.5716,12.1255,0.4332,0.0615,0.0107,0.0,12.1255,0.4332,0.0615,0.0107,0.0,1.8236,1.0
2021-04-01,20:00,HKASBSC03,17625.0,17625_Sunder Road Raiwind City Kasur (3G-CI-4984),243.0,7625_Sunder Road Raiwind City Kasur (3G-CI-4984),KASUR_CLUSTER_02_Rural,100%,0.0,207.0,4.0,436.0,0.0,629.0,440.0,468.0,0.0,229.0,8.3028,4.0,52281.0,53564.0,52725.0,53564.0,0.0,0.0,629.0,613.0,8.3028,100.0,434.0,438.0,0.0,613.0,207.0,207.0,0.1036,0.5596,19.5788,0.9356,0.0941,0.0214,0.0,19.5788,0.9356,0.0941,0.0214,0.0,8.3028,4.0
2021-04-01,20:00,HKASBSC03,17616.0,17616_Parnawa Kasur (3G-CI-3916),24.0,7616_Parnawa Kasur (3G-CI-3916),KASUR_CLUSTER_02_Rural,100%,0.0,227.0,5.0,414.0,0.0,1121.0,350.0,351.0,0.0,189.0,8.5569,5.0,51599.0,53492.0,53126.0,53492.0,2.0,4.0,1121.0,1089.0,8.5569,100.0,380.0,384.0,2.0,1089.0,225.0,227.0,1.6787,4.3918,12.5547,1.4847,0.3984,0.1899,0.0566,12.5547,1.4847,0.3984,0.1899,0.0566,8.5569,5.0
2021-04-01,20:00,HKASBSC03,37650.0,37650_Handal Kasur,23.0,7650_Handal Kasur,KASUR_CLUSTER_02_Rural,100%,0.0,53.0,1.0,65.0,0.0,238.0,27.0,27.0,0.0,12.0,1.9194,1.0,11806.0,12049.0,11530.0,12049.0,0.0,0.0,238.0,231.0,1.9194,100.0,102.0,103.0,0.0,231.0,53.0,53.0,0.0544,0.4898,4.7406,0.1471,0.0214,0.0027,0.0,4.7406,0.1471,0.0214,0.0027,0.0,1.9194,1.0
2021-04-01,20:00,HKASBSC03,27650.0,27650_Handal Kasur,22.0,7650_Handal Kasur,KASUR_CLUSTER_02_Rural,100%,0.0,31.0,1.0,36.0,0.0,488.0,12.0,12.0,0.0,7.0,1.4097,1.0,8922.0,9245.0,9181.0,9245.0,1.0,3.0,488.0,466.0,1.4097,100.0,120.0,124.0,1.0,466.0,29.0,31.0,0.0,0.0,7.8667,0.0,0.0,0.0,0.0,7.8667,0.0,0.0,0.0,0.0,1.4097,1.0
2021-04-01,20:00,HKASBSC03,17650.0,17650_Handal Kasur,21.0,7650_Handal Kasur,KASUR_CLUSTER_02_Rural,100%,0.0,38.0,0.0,39.0,0.0,206.0,2.0,3.0,0.0,2.0,1.5375,0.0,10213.0,10382.0,9760.0,10382.0,0.0,0.0,206.0,201.0,1.5375,100.0,90.0,94.0,0.0,201.0,38.0,38.0,0.0,0.0,5.9225,0.0054,0.0,0.0,0.0,5.9225,0.0054,0.0,0.0,0.0,1.5375,0.0
2021-04-01,20:00,HKASBSC03,33557.0,33557_Kot Radha Kishan Kasur (3G-CI-3923),186.0,3557_Kot Radha Kishan Kasur (3G-CI-3923),KASUR_CLUSTER_02_Rural,100%,0.0,100.0,0.0,177.0,0.0,370.0,167.0,167.0,0.0,77.0,3.9792,0.0,26693.0,26772.0,26615.0,26772.0,0.0,0.0,370.0,370.0,3.9792,100.0,269.0,269.0,0.0,370.0,100.0,100.0,0.0,0.0,15.8873,0.0294,0.0,0.0,0.0,15.8873,0.0294,0.0,0.0,0.0,3.9792,0.0
2021-04-01,20:00,HKASBSC03,23557.0,23557_Kot Radha Kishan Kasur (3G-CI-3923),185.0,3557_Kot Radha Kishan Kasur (3G-CI-3923),KASUR_CLUSTER_02_Rural,100%,0.0,48.0,1.0,97.0,0.0,120.0,88.0,88.0,0.0,49.0,1.0056,1.0,5717.0,5985.0,5960.0,5985.0,0.0,0.0,120.0,118.0,1.0056,100.0,86.0,87.0,0.0,118.0,48.0,48.0,0.0,0.0,10.4786,0.0428,0.0,0.0,0.0,10.4786,0.0428,0.0,0.0,0.0,1.0056,1.0
2021-04-01,20:00,HKASBSC03,13557.0,13557_Kot Radha Kishan Kasur (3G-CI-3923),184.0,3557_Kot Radha Kishan Kasur (3G-CI-3923),KASUR_CLUSTER_02_Rural,100%,0.0,93.0,2.0,246.0,0.0,459.0,295.0,304.0,0.0,154.0,4.3889,2.0,27557.0,27883.0,27748.0,27883.0,0.0,0.0,459.0,445.0,4.3889,100.0,222.0,227.0,0.0,445.0,93.0,93.0,4.268,7.1015,7.2053,0.2429,0.2272,0.1791,0.1631,7.2053,0.2429,0.2272,0.1791,0.1631,4.3889,2.0
2021-04-01,20:00,HKASBSC03,37658.0,37658_Bhamba Kalan Kasur,180.0,7658_Bhamba Kalan Kasur,KASUR_CLUSTER_02_Rural,100%,0.0,36.0,0.0,40.0,0.0,101.0,9.0,10.0,0.0,5.0,0.3431,0.0,1612.0,1687.0,1687.0,1687.0,0.0,0.0,101.0,101.0,0.3431,100.0,68.0,68.0,0.0,101.0,36.0,36.0,0.0,0.0,4.2926,0.0,0.0,0.0,0.0,4.2926,0.0,0.0,0.0,0.0,0.3431,0.0
2021-04-01,20:00,HKASBSC03,27658.0,27658_Bhamba Kalan Kasur,179.0,7658_Bhamba Kalan Kasur,KASUR_CLUSTER_02_Rural,100%,0.0,8.0,0.0,12.0,0.0,162.0,5.0,5.0,0.0,4.0,0.0667,0.0,238.0,246.0,246.0,246.0,0.0,0.0,162.0,150.0,0.0667,100.0,20.0,20.0,0.0,150.0,8.0,8.0,0.0,0.025,10.6461,0.0107,0.0027,0.0,0.0,10.6461,0.0107,0.0027,0.0,0.0,0.0667,0.0
2021-04-01,20:00,HKASBSC03,17658.0,17658_Bhamba Kalan Kasur,178.0,7658_Bhamba Kalan Kasur,KASUR_CLUSTER_02_Rural,100%,0.0,74.0,0.0,114.0,0.0,320.0,83.0,85.0,0.0,41.0,2.4556,0.0,14040.0,14763.0,14473.0,14763.0,1.0,2.0,320.0,311.0,2.4556,100.0,131.0,135.0,1.0,311.0,73.0,74.0,0.0,0.0818,6.4791,0.0213,0.0053,0.0,0.0,6.4791,0.0213,0.0053,0.0,0.0,2.4556,0.0
2021-04-01,20:00,HKASBSC03,37181.0,37181_Haveli Salamat Pura Kasur (3G-CI-1653),17.0,7181_Haveli Salamat Pura Kasur (3G-CI-1653),KASUR_CLUSTER_02_Rural,100%,0.0,99.0,2.0,317.0,0.0,312.0,420.0,431.0,0.0,218.0,6.2486,2.0,40813.0,41739.0,41212.0,41739.0,1.0,1.0,312.0,312.0,6.2486,100.0,175.0,175.0,1.0,312.0,99.0,99.0,0.2019,1.6744,13.7405,1.516,0.2285,0.0256,0.0058,13.7405,1.516,0.2285,0.0256,0.0058,6.2486,2.0
2021-04-01,20:00,HKASBSC03,37659.0,37659_Clarkabad Kasur (3G-CI-2166),168.0,7659_Clarkabad Kasur (3G-CI-2166),KASUR_CLUSTER_02_Rural,100%,0.0,21.0,1.0,54.0,0.0,68.0,62.0,62.0,0.0,33.0,1.5208,1.0,10568.0,10772.0,10767.0,10772.0,0.0,0.0,68.0,67.0,1.5208,100.0,40.0,40.0,0.0,67.0,21.0,21.0,0.0,0.35200000000000004,5.1578,0.1417,0.0187,0.0,0.0,5.1578,0.1417,0.0187,0.0,0.0,1.5208,1.0
2021-04-01,20:00,HKASBSC03,27659.0,27659_Clarkabad Kasur (3G-CI-2166),167.0,7659_Clarkabad Kasur (3G-CI-2166),KASUR_CLUSTER_02_Rural,100%,0.0,241.0,1.0,241.0,0.0,704.0,5.0,5.0,0.0,2.0,7.0903,1.0,45728.0,46100.0,45964.0,46100.0,0.0,2.0,704.0,694.0,7.0903,100.0,619.0,619.0,0.0,694.0,239.0,241.0,0.019,0.0285,28.1088,0.0294,0.0027,0.0027,0.0027,28.1088,0.0294,0.0027,0.0027,0.0027,7.0903,1.0
2021-04-01,20:00,HKASBSC03,17659.0,17659_Clarkabad Kasur (3G-CI-2166),166.0,7659_Clarkabad Kasur (3G-CI-2166),KASUR_CLUSTER_02_Rural,100%,0.0,68.0,0.0,151.0,0.0,237.0,167.0,178.0,0.0,83.0,1.9792,0.0,11732.0,12075.0,12006.0,12075.0,0.0,0.0,237.0,222.0,1.9792,100.0,106.0,110.0,0.0,222.0,68.0,68.0,0.0,0.0,6.5829,0.0241,0.0,0.0,0.0,6.5829,0.0241,0.0,0.0,0.0,1.9792,0.0
2021-04-01,20:00,HKASBSC03,37660.0,37660_Prem Garh Kasur,165.0,7660_Prem Garh Kasur,KASUR_CLUSTER_02_Rural,100%,0.0,54.0,0.0,114.0,0.0,723.0,122.0,128.0,0.0,62.0,2.1056,0.0,13166.0,13935.0,13902.0,13935.0,3.0,5.0,723.0,702.0,2.1056,100.0,103.0,105.0,3.0,702.0,52.0,54.0,0.0,0.0,4.3091,0.0619,0.0,0.0,0.0,4.3091,0.0619,0.0,0.0,0.0,2.1056,0.0
2021-04-01,20:00,HKASBSC03,27660.0,27660_Prem Garh Kasur,164.0,7660_Prem Garh Kasur,KASUR_CLUSTER_02_Rural,100%,0.0,45.0,2.0,82.0,0.0,219.0,74.0,75.0,0.0,37.0,1.6986,2.0,10743.0,11027.0,11010.0,11027.0,1.0,1.0,219.0,156.0,1.6986,100.0,72.0,113.0,1.0,156.0,45.0,45.0,0.1386,2.4586,6.5669,0.9652,0.1792,0.0107,0.0,6.5669,0.9652,0.1792,0.0107,0.0,1.6986,2.0
2021-04-01,20:00,HKASBSC03,17660.0,17660_Prem Garh Kasur,163.0,7660_Prem Garh Kasur,KASUR_CLUSTER_02_Rural,100%,0.0,16.0,0.0,83.0,0.0,59.0,134.0,135.0,0.0,67.0,0.7833,0.0,4917.0,4989.0,4861.0,4989.0,0.0,0.0,59.0,59.0,0.7833,100.0,18.0,18.0,0.0,59.0,16.0,16.0,0.0,0.0542,9.8128,0.0508,0.0054,0.0,0.0,9.8128,0.0508,0.0054,0.0,0.0,0.7833,0.0
2021-04-01,20:00,HKASBSC03,27181.0,27181_Haveli Salamat Pura Kasur (3G-CI-1653),16.0,7181_Haveli Salamat Pura Kasur (3G-CI-1653),KASUR_CLUSTER_02_Rural,100%,0.0,63.0,0.0,183.0,0.0,140.0,248.0,255.0,0.0,121.0,2.3278,0.0,15065.0,15333.0,15315.0,15333.0,0.0,0.0,140.0,136.0,2.3278,100.0,89.0,90.0,0.0,136.0,63.0,63.0,0.1429,0.3215,14.2741,0.6468,0.0267,0.016,0.0054,14.2741,0.6468,0.0267,0.016,0.0054,2.3278,0.0
2021-04-01,20:00,HKASBSC03,37271.0,37271_Sarangki Kasur (3G-CI-2000),153.0,7271_Sarangki Kasur (3G-CI-2000),KASUR_CLUSTER_02_Rural,100%,0.0,325.0,1.0,785.0,0.0,1609.0,820.0,827.0,0.0,475.0,20.6528,1.0,140193.0,140693.0,140566.0,140693.0,0.0,13.0,1609.0,1609.0,20.6528,100.0,618.0,618.0,0.0,1609.0,312.0,325.0,0.131,0.623,16.6985,1.6824,0.091,0.0242,0.0,16.6985,1.6824,0.091,0.0242,0.0,20.6528,1.0
2021-04-01,20:00,HKASBSC03,27271.0,27271_Sarangki Kasur (3G-CI-2000),152.0,7271_Sarangki Kasur (3G-CI-2000),KASUR_CLUSTER_02_Rural,100%,0.0,490.0,3.0,812.0,0.0,1440.0,785.0,793.0,0.0,334.0,10.625,3.0,64330.0,65552.0,64824.0,65552.0,1.0,12.0,1440.0,1432.0,10.625,100.0,1048.0,1053.0,1.0,1432.0,479.0,490.0,0.0244,0.0489,10.7781,0.1443,0.0027,0.0027,0.0,10.7781,0.1443,0.0027,0.0027,0.0,10.625,3.0
2021-04-01,20:00,HKASBSC03,17271.0,17271_Sarangki Kasur (3G-CI-2000),151.0,7271_Sarangki Kasur (3G-CI-2000),KASUR_CLUSTER_02_Rural,100%,0.0,309.0,2.0,567.0,0.0,1490.0,489.0,496.0,0.0,264.0,12.3347,2.0,76882.0,77869.0,77187.0,77869.0,2.0,6.0,1490.0,1480.0,12.3347,100.0,475.0,479.0,2.0,1480.0,305.0,309.0,0.0334,0.4029,15.2842,0.6818,0.0592,0.0054,0.0,15.2842,0.6818,0.0592,0.0054,0.0,12.3347,2.0
2021-04-01,20:00,HKASBSC03,17181.0,17181_Haveli Salamat Pura Kasur (3G-CI-1653),15.0,7181_Haveli Salamat Pura Kasur (3G-CI-1653),KASUR_CLUSTER_02_Rural,100%,0.0,152.0,2.0,414.0,0.0,615.0,473.0,506.0,0.0,262.0,9.6167,2.0,60989.0,62926.0,61038.0,62926.0,0.0,0.0,615.0,592.0,9.6167,100.0,212.0,214.0,0.0,592.0,152.0,152.0,0.1136,1.7215,24.1017,3.6114,0.4534,0.032,0.0,24.1017,3.6114,0.4534,0.032,0.0,9.6167,2.0
2021-04-01,20:00,HKASBSC03,23574.0,23574_Aalowala Road Kasur (3G-CI-2095),141.0,3574_Aalowala Road Kasur (3G-CI-2095),KASUR_CLUSTER_02_Rural,100%,0.0,45.0,0.0,68.0,0.0,239.0,46.0,46.0,0.0,23.0,2.8736,0.0,20011.0,20104.0,20063.0,20104.0,0.0,0.0,239.0,232.0,2.8736,100.0,79.0,82.0,0.0,232.0,45.0,45.0,0.0,0.0,4.73,0.0187,0.0,0.0,0.0,4.73,0.0187,0.0,0.0,0.0,2.8736,0.0
2021-04-01,20:00,HKASBSC03,13574.0,13574_Aalowala Road Kasur (3G-CI-2095),140.0,3574_Aalowala Road Kasur (3G-CI-2095),KASUR_CLUSTER_02_Rural,100%,0.0,48.0,0.0,56.0,0.0,169.0,13.0,14.0,0.0,9.0,2.8444,0.0,18681.0,18936.0,18875.0,18936.0,0.0,0.0,169.0,162.0,2.8444,100.0,92.0,94.0,0.0,162.0,48.0,48.0,0.983,5.0726,5.5733,0.8640000000000001,0.2773,0.0667,0.0,5.5733,0.8640000000000001,0.2773,0.0667,0.0,2.8444,0.0
2021-04-01,20:00,HKASBSC03,17180.0,17180_Sunder Estate Kasur (3G-CI-1652),14.0,7180_Sunder Estate Kasur (3G-CI-1652),KASUR_CLUSTER_02_Rural,100%,0.0,34.0,0.0,47.0,0.0,465.0,32.0,33.0,0.0,14.0,1.0736,0.0,7192.0,7462.0,7396.0,7462.0,1.0,1.0,465.0,442.0,1.0736,100.0,79.0,81.0,1.0,442.0,34.0,34.0,0.0,0.1101,9.2451,0.441,0.0107,0.0,0.0,9.2451,0.441,0.0107,0.0,0.0,1.0736,0.0
2021-04-01,20:00,HKASBSC03,37180.0,37180_Sunder Estate Kasur (3G-CI-1652),13.0,7180_Sunder Estate Kasur (3G-CI-1652),KASUR_CLUSTER_02_Rural,100%,0.0,268.0,4.0,518.0,0.0,1711.0,523.0,544.0,0.0,253.0,13.2236,4.0,85994.0,86850.0,86482.0,86850.0,3.0,5.0,1711.0,1567.0,13.2236,100.0,488.0,507.0,3.0,1567.0,266.0,268.0,0.0175,0.8263,14.9502,0.6547,0.1273,0.0028,0.0,14.9502,0.6547,0.1273,0.0028,0.0,13.2236,4.0
2021-04-01,20:00,HKASBSC03,27180.0,27180_Sunder Estate Kasur (3G-CI-1652),12.0,7180_Sunder Estate Kasur (3G-CI-1652),KASUR_CLUSTER_02_Rural,100%,0.0,390.0,4.0,628.0,0.0,934.0,509.0,530.0,0.0,242.0,16.4514,4.0,106276.0,106778.0,106300.0,106778.0,1.0,5.0,934.0,929.0,16.4514,100.0,671.0,675.0,1.0,929.0,386.0,390.0,0.5579,1.9882,13.4959,1.4092,0.2175,0.0415,0.0433,13.4959,1.4092,0.2175,0.0415,0.0433,16.4514,4.0
2021-04-01,20:00,HKASBSC03,33851.0,33851_Bhoi Asal Kasur (3G-CI-2149),11.0,3851_Bhoi Asal Kasur (3G-CI-2149),KASUR_CLUSTER_02_Rural,100%,0.0,27.0,2.0,38.0,0.0,145.0,20.0,22.0,0.0,11.0,1.6889,2.0,11106.0,11696.0,11475.0,11696.0,0.0,0.0,145.0,144.0,1.6889,100.0,96.0,97.0,0.0,144.0,27.0,27.0,0.0,0.0,5.7877,0.0134,0.0,0.0,0.0,5.7877,0.0134,0.0,0.0,0.0,1.6889,2.0
2021-04-01,20:00,HKASBSC03,37624.0,37624_Baghiana Kalan Kasur (3G-CI-3949),103.0,7624_Baghiana Kalan Kasur (3G-CI-3949),KASUR_CLUSTER_02_Rural,100%,0.0,762.0,10.0,1297.0,0.0,2633.0,1117.0,1128.0,0.0,539.0,22.9597,10.0,138702.0,140077.0,138738.0,140077.0,2.0,6.0,2633.0,2618.0,22.9597,100.0,1285.0,1286.0,2.0,2618.0,758.0,762.0,0.0084,0.0384,31.6034,0.3319,0.0096,0.0027,0.0,31.6034,0.3319,0.0096,0.0027,0.0,22.9597,10.0
2021-04-01,20:00,HKASBSC03,27624.0,27624_Baghiana Kalan Kasur (3G-CI-3949),102.0,7624_Baghiana Kalan Kasur (3G-CI-3949),KASUR_CLUSTER_02_Rural,100%,0.0,385.0,1.0,812.0,0.0,1456.0,830.0,831.0,0.0,428.0,12.3264,1.0,78899.0,79232.0,79002.0,79232.0,0.0,1.0,1456.0,1449.0,12.3264,100.0,598.0,601.0,0.0,1449.0,384.0,385.0,0.2495,1.3017,23.3082,0.9554,0.2587,0.0587,0.0027,23.3082,0.9554,0.2587,0.0587,0.0027,12.3264,1.0
2021-04-01,20:00,HKASBSC03,17624.0,17624_Baghiana Kalan Kasur (3G-CI-3949),101.0,7624_Baghiana Kalan Kasur (3G-CI-3949),KASUR_CLUSTER_02_Rural,100%,0.0,308.0,1.0,448.0,0.0,1427.0,310.0,313.0,0.0,141.0,8.5819,1.0,52108.0,52634.0,52334.0,52634.0,0.0,1.0,1427.0,1398.0,8.5819,100.0,669.0,675.0,0.0,1398.0,307.0,308.0,0.013999999999999999,0.1681,18.6694,0.3497,0.0294,0.0027,0.0,18.6694,0.3497,0.0294,0.0027,0.0,8.5819,1.0
2021-04-01,20:00,HKASBSC03,23851.0,23851_Bhoi Asal Kasur (3G-CI-2149),10.0,3851_Bhoi Asal Kasur (3G-CI-2149),KASUR_CLUSTER_02_Rural,100%,0.0,22.0,0.0,39.0,0.0,82.0,30.0,30.0,0.0,17.0,0.5278,0.0,2746.0,2791.0,2790.0,2791.0,0.0,0.0,82.0,74.0,0.5278,100.0,52.0,60.0,0.0,74.0,22.0,22.0,0.0,0.0,9.7727,0.0027,0.0,0.0,0.0,9.7727,0.0027,0.0,0.0,0.0,0.5278,0.0
2021-04-01,20:00,HKASBSC03,27618.0,27618_Railway Colony (Gold) Kasur (3G-CI-4981),1.0,7618_Railway Colony (Gold) Kasur (3G-CI-4981),KASUR_CLUSTER_02_Rural,100%,0.0,447.0,2.0,901.0,0.0,1021.0,988.0,1011.0,0.0,457.0,8.5986,2.0,49226.0,50272.0,49883.0,50272.0,1.0,2.0,1021.0,1019.0,8.5986,100.0,803.0,803.0,1.0,1019.0,446.0,447.0,0.0557,1.1848,13.6292,1.7208,0.1754,0.0087,0.0,13.6292,1.7208,0.1754,0.0087,0.0,8.5986,2.0
2021-04-01,20:00,HKASBSC03,17618.0,17618_Railway Colony (Gold) Kasur (3G-CI-4981),0.0,7618_Railway Colony (Gold) Kasur (3G-CI-4981),KASUR_CLUSTER_02_Rural,100%,0.0,200.0,8.0,605.0,0.0,515.0,800.0,849.0,0.0,414.0,4.6819,8.0,26197.0,28201.0,28048.0,28201.0,0.0,7.0,515.0,512.0,4.6819,100.0,356.0,357.0,0.0,512.0,193.0,200.0,0.5231,3.3514,10.4293,2.8747,0.3893,0.055999999999999994,0.016,10.4293,2.8747,0.3893,0.055999999999999994,0.016,4.6819,8.0
2021-04-01,20:00,HLHRBSC10,31800.0,CI-1800-3_Johar block Bahria Town Lahore (3G-CI-1341),342.0,CI-1800_Johar block Bahria Town Lahore (3G-CI-1341),KASUR_CLUSTER_02_Rural,100%,0.0,25.0,0.0,50.0,0.0,158.0,52.0,52.0,0.0,25.0,1.6417,0.0,10547.0,11070.0,10914.0,11070.0,0.0,0.0,158.0,151.0,1.6417,100.0,40.0,41.0,0.0,151.0,25.0,25.0,0.0,0.1121,40.1095,0.371,0.0454,0.0,0.0,40.1095,0.371,0.0454,0.0,0.0,1.6417,0.0
2021-04-01,20:00,HLHRBSC10,21800.0,CI-1800-2_Johar block Bahria Town Lahore (3G-CI-1341),341.0,CI-1800_Johar block Bahria Town Lahore (3G-CI-1341),KASUR_CLUSTER_02_Rural,100%,0.0,87.0,0.0,163.0,0.0,478.0,142.0,146.0,0.0,76.0,3.1931,0.0,19859.0,20337.0,20234.0,20337.0,0.0,0.0,478.0,477.0,3.1931,100.0,131.0,132.0,0.0,477.0,87.0,87.0,0.0071,1.3721,27.2107,9.783999999999999,0.512,0.0027,0.0,27.2107,9.783999999999999,0.512,0.0027,0.0,3.1931,0.0
2021-04-01,20:00,HLHRBSC10,11800.0,CI-1800-1_Johar block Bahria Town Lahore (3G-CI-1341),340.0,CI-1800_Johar block Bahria Town Lahore (3G-CI-1341),KASUR_CLUSTER_02_Rural,100%,0.0,64.0,1.0,114.0,0.0,557.0,97.0,99.0,0.0,53.0,3.5931,1.0,23260.0,23768.0,23661.0,23768.0,0.0,4.0,557.0,448.0,3.5931,100.0,136.0,153.0,0.0,448.0,60.0,64.0,0.1457,0.9743,25.8453,3.1573,0.2427,0.0293,0.0133,25.8453,3.1573,0.2427,0.0293,0.0133,3.5931,1.0
