Date,Time,GBSC,Cell CI,Cell Name,CellIndex,Site Name,Location,Integrity,_CallSetup TCH GOS(%)_N,_CallSetup TCH GOS(%)_D,_DCR_N,_DCR_D,_GOS-SDCCH(%)_N,_GOS-SDCCH(%)_D,_HSR%_N,_HSR%_D,_Mobility TCH GOS(%)_N,_Mobility TCH GOS(%)_D,_MTBD (Mean Time between Drop)_N,_MTBD (Mean Time between Drop)_D,_RxQual Index DL_1,_RxQual Index DL_2,_RxQual Index UL_1,_RxQual Index UL_2,CSSR_Non Blocking_1_N,CSSR_Non Blocking_2_N,CSSR_Non Blocking_1_D,CSSR_Non Blocking_2_D,GlobelTraffic,TCH Availability Rate,_cssr_Call Setup Indications (Circuit Service)_N_1,_Cssr_Channel Requests (Circuit Service)_D_1,_CSSR_Call Drops on SDCCH_N_2,_CSSR_Successful SDCCH Seizures_D_2,_CSSR_Successful TCH Seizures (Traffic Channel)_N_3,_CSSR_TCH Seizure Requests (Traffic Channel)_D_3,Interference Band Proportion (4~5)(%),Interference Band 345,Mean Number of TCH in Interference Band 1,Mean Number of TCH in Interference Band 2,Mean Number of TCH in Interference Band 3,Mean Number of TCH in Interference Band 4,Mean Number of TCH in Interference Band 5,Mean Number of TCH in Interference Band 1.1,Mean Number of TCH in Interference Band 2.1,Mean Number of TCH in Interference Band 3.1,Mean Number of TCH in Interference Band 4.1,Mean Number of TCH in Interference Band 5.1,K3014:Traffic Volume on TCH(Erl),CM33:Call Drops on Traffic Channel
2021-04-01,11:00,HKNWBSC02,32286.0,CII-2286-3_Faisal Town Shamali Khanewal (3G-CII-3753),152.0,CII-2286_Faisal Town Shamali Khanewal (3G-CII-3753),SAHIWAL_CLUSTER_04_Urban,100%,0.0,132.0,0.0,226.0,0.0,342.0,205.0,205.0,0.0,94.0,3.6792,0.0,22091.0,22159.0,21893.0,22159.0,0.0,0.0,342.0,342.0,3.6792,100.0,216.0,216.0,0.0,342.0,132.0,132.0,0.0,0.0,19.3436,0.0,0.0,0.0,0.0,0.0,0.0,19.3436,0.0,0.0,3.6792,0.0
2021-04-01,11:00,HKNWBSC02,34427.0,34427_Husnain Abad Khanewal (3G-CII-4477),111.0,4427_Husnain Abad Khanewal (3G-CII-4477),SAHIWAL_CLUSTER_04_Urban,100%,0.0,174.0,2.0,297.0,0.0,759.0,243.0,244.0,0.0,124.0,5.5958,2.0,33944.0,35143.0,34072.0,35143.0,0.0,1.0,759.0,756.0,5.5958,100.0,350.0,352.0,0.0,756.0,173.0,174.0,0.0,0.0,13.5036,0.0688,0.0,0.0,0.0,0.0688,0.0,13.5036,0.0,0.0,5.5958,2.0
2021-04-01,11:00,HKNWBSC02,24420.0,24420_PTCL Exchange Channu (Gold) Khanewal (3G-CII-3751),61.0,4420_PTCL Exchange Channu (Gold) Khanewal (3G-CII-3751),SAHIWAL_CLUSTER_04_Urban,100%,0.0,386.0,0.0,503.0,0.0,1423.0,253.0,254.0,0.0,118.0,8.0792,0.0,45079.0,45508.0,44914.0,45508.0,0.0,1.0,1423.0,1422.0,8.0792,100.0,751.0,751.0,0.0,1422.0,385.0,386.0,0.0135,0.0679,19.4125,0.4036,0.0108,0.0027,0.0,0.4036,0.0108,19.4125,0.0027,0.0,8.0792,0.0
2021-04-01,11:00,HKNWBSC02,14423.0,14423_Fakhr Town Khanewal (3G-CII-3755),42.0,4423_Fakhr Town Khanewal (3G-CII-3755),SAHIWAL_CLUSTER_04_Urban,100%,0.0,304.0,0.0,454.0,0.0,1204.0,296.0,299.0,0.0,152.0,10.6833,0.0,68619.0,68824.0,68190.0,68824.0,0.0,1.0,1204.0,1197.0,10.6833,100.0,518.0,519.0,0.0,1197.0,303.0,304.0,0.2252,2.4509,7.9351,1.2881,0.2104,0.0107,0.0106,1.2881,0.2104,7.9351,0.0107,0.0106,10.6833,0.0
2021-04-01,11:00,HKNWBSC02,34421.0,34421_Rehmania Mohallah Khanewal (3G-CII-3754),38.0,4421_Rehmania Mohallah Khanewal (3G-CII-3754),SAHIWAL_CLUSTER_04_Urban,100%,0.0,223.0,1.0,413.0,0.0,1245.0,377.0,378.0,0.0,192.0,8.5583,1.0,54837.0,54915.0,53043.0,54915.0,0.0,1.0,1245.0,1243.0,8.5583,100.0,362.0,363.0,0.0,1243.0,222.0,223.0,0.49200000000000005,1.7690000000000001,4.0657,1.0558,0.0666,0.0105,0.0151,1.0558,0.0666,4.0657,0.0105,0.0151,8.5583,1.0
2021-04-01,11:00,HKNWBSC02,24421.0,24421_Rehmania Mohallah Khanewal (3G-CII-3754),37.0,4421_Rehmania Mohallah Khanewal (3G-CII-3754),SAHIWAL_CLUSTER_04_Urban,100%,0.0,57.0,1.0,73.0,0.0,358.0,36.0,38.0,0.0,16.0,3.6403,1.0,24790.0,24882.0,24684.0,24882.0,0.0,0.0,358.0,357.0,3.6403,100.0,116.0,117.0,0.0,357.0,57.0,57.0,0.0,0.1279,11.9706,0.5535,0.016,0.0,0.0,0.5535,0.016,11.9706,0.0,0.0,3.6403,1.0
2021-04-01,11:00,HKNWBSC02,14421.0,14421_Rehmania Mohallah Khanewal (3G-CII-3754),36.0,4421_Rehmania Mohallah Khanewal (3G-CII-3754),SAHIWAL_CLUSTER_04_Urban,100%,0.0,243.0,0.0,408.0,0.0,1036.0,320.0,321.0,0.0,165.0,6.8014,0.0,42910.0,43003.0,42435.0,43003.0,0.0,0.0,1036.0,1035.0,6.8014,100.0,497.0,497.0,0.0,1035.0,243.0,243.0,0.2357,0.5506,9.3054,1.0636,0.0328,0.0191,0.0055,1.0636,0.0328,9.3054,0.0191,0.0055,6.8014,0.0
2021-04-01,11:00,HKNWBSC01,32276.0,CII-2276-3_Bari Wala Kabristan Khanewal (3G-CII-3632),154.0,CII-2276_Bari Wala Kabristan Khanewal (3G-CII-3632),SAHIWAL_CLUSTER_04_Urban,100%,0.0,47.0,0.0,72.0,0.0,87.0,46.0,51.0,0.0,25.0,1.8556,0.0,12074.0,12081.0,12071.0,12081.0,0.0,0.0,87.0,87.0,1.8556,100.0,77.0,77.0,0.0,87.0,47.0,47.0,0.0271,0.1354,9.8133,0.0267,0.0107,0.0027,0.0,0.0267,0.0107,9.8133,0.0027,0.0,1.8556,0.0
2021-04-01,11:00,HKNWBSC01,12276.0,CII-2276-1_Bari Wala Kabristan Khanewal (3G-CII-3632),152.0,CII-2276_Bari Wala Kabristan Khanewal (3G-CII-3632),SAHIWAL_CLUSTER_04_Urban,100%,0.0,9.0,0.0,14.0,0.0,30.0,12.0,12.0,0.0,5.0,0.1639,0.0,949.0,949.0,949.0,949.0,0.0,0.0,30.0,30.0,0.1639,100.0,23.0,23.0,0.0,30.0,9.0,9.0,0.0271,0.2844,19.1093,0.5227,0.0507,0.0053,0.0,0.5227,0.0507,19.1093,0.0053,0.0,0.1639,0.0
2021-04-01,11:00,HKNWBSC01,32274.0,CII-2274-3_Kabeer Wala City Khanewal (3G-CII-4729),151.0,CII-2274_Kabeer Wala City Khanewal (3G-CII-4729),SAHIWAL_CLUSTER_04_Urban,100%,0.0,46.0,2.0,131.0,0.0,178.0,172.0,172.0,0.0,85.0,2.5181,2.0,16191.0,16879.0,16798.0,16879.0,0.0,0.0,178.0,177.0,2.5181,100.0,132.0,133.0,0.0,177.0,46.0,46.0,0.0353,0.0353,7.5431,0.0107,0.0,0.0,0.0027,0.0107,0.0,7.5431,0.0,0.0027,2.5181,2.0
2021-04-01,11:00,HKNWBSC01,35863.0,35863_Civil Line Road Khanewal (3G-CII-3634),130.0,5863_Civil Line Road Khanewal (3G-CII-3634),SAHIWAL_CLUSTER_04_Urban,100%,0.0,74.0,0.0,107.0,0.0,383.0,73.0,73.0,0.0,33.0,1.5639,0.0,9380.0,9399.0,9358.0,9399.0,1.0,1.0,383.0,195.0,1.5639,100.0,151.0,151.0,1.0,195.0,74.0,74.0,0.0,0.0146,18.274,0.024,0.0027,0.0,0.0,0.024,0.0027,18.274,0.0,0.0,1.5639,0.0
2021-04-01,11:00,HKNWBSC01,35835.0,35835_Civil Lines Khanewal (3G-CII-3631),122.0,5835_Civil Lines Khanewal (3G-CII-3631),SAHIWAL_CLUSTER_04_Urban,100%,0.0,117.0,0.0,228.0,0.0,423.0,213.0,216.0,0.0,115.0,4.6556,0.0,29976.0,30093.0,29919.0,30093.0,0.0,3.0,423.0,418.0,4.6556,100.0,267.0,267.0,0.0,418.0,114.0,117.0,0.0,0.0,14.1601,0.008,0.0,0.0,0.0,0.008,0.0,14.1601,0.0,0.0,4.6556,0.0
2021-04-01,11:00,HKNWBSC01,25835.0,25835_Civil Lines Khanewal (3G-CII-3631),121.0,5835_Civil Lines Khanewal (3G-CII-3631),SAHIWAL_CLUSTER_04_Urban,100%,0.0,70.0,0.0,112.0,0.0,204.0,92.0,92.0,0.0,43.0,2.0597,0.0,12859.0,12871.0,12794.0,12871.0,0.0,1.0,204.0,204.0,2.0597,100.0,170.0,170.0,0.0,204.0,69.0,70.0,0.0,0.0362,14.6432,0.08800000000000001,0.0053,0.0,0.0,0.08800000000000001,0.0053,14.6432,0.0,0.0,2.0597,0.0
2021-04-01,11:00,HKNWBSC01,35836.0,35836_Awan Chowk Khanewal (3G-CII-3633),120.0,5836_Awan Chowk Khanewal (3G-CII-3633),SAHIWAL_CLUSTER_04_Urban,100%,0.0,59.0,0.0,90.0,0.0,291.0,72.0,72.0,0.0,34.0,2.05,0.0,13758.0,13835.0,13801.0,13835.0,0.0,4.0,291.0,288.0,2.05,100.0,122.0,122.0,0.0,288.0,55.0,59.0,0.016,0.0963,16.5106,0.0479,0.0133,0.0027,0.0,0.0479,0.0133,16.5106,0.0027,0.0,2.05,0.0
2021-04-01,11:00,HKNWBSC01,15835.0,15835_Civil Lines Khanewal (3G-CII-3631),107.0,5835_Civil Lines Khanewal (3G-CII-3631),SAHIWAL_CLUSTER_04_Urban,100%,0.0,145.0,0.0,212.0,0.0,524.0,122.0,122.0,0.0,67.0,3.1181,0.0,17949.0,18018.0,17869.0,18018.0,0.0,0.0,524.0,490.0,3.1181,100.0,349.0,352.0,0.0,490.0,145.0,145.0,0.0,0.0639,20.4133,0.4533,0.0133,0.0,0.0,0.4533,0.0133,20.4133,0.0,0.0,3.1181,0.0
2021-04-01,11:00,HKNWBSC01,15836.0,15836_Awan Chowk Khanewal (3G-CII-3633),104.0,5836_Awan Chowk Khanewal (3G-CII-3633),SAHIWAL_CLUSTER_04_Urban,100%,0.0,54.0,0.0,103.0,0.0,168.0,89.0,89.0,0.0,49.0,1.4347,0.0,9461.0,9489.0,9486.0,9489.0,0.0,0.0,168.0,168.0,1.4347,100.0,134.0,134.0,0.0,168.0,54.0,54.0,0.0115,0.0922,22.9043,0.23199999999999998,0.0187,0.0027,0.0,0.23199999999999998,0.0187,22.9043,0.0027,0.0,1.4347,0.0
2021-04-01,11:00,HKNWBSC01,34441.0,34441_Mohalla Kabeerwala Khanewal,83.0,4441_Mohalla Kabeerwala Khanewal,SAHIWAL_CLUSTER_04_Urban,100%,0.0,33.0,0.0,126.0,0.0,116.0,185.0,185.0,0.0,93.0,1.5972,0.0,10668.0,10808.0,10774.0,10808.0,0.0,0.0,116.0,116.0,1.5972,100.0,79.0,79.0,0.0,116.0,33.0,33.0,0.0,0.0,9.6884,0.0508,0.0,0.0,0.0,0.0508,0.0,9.6884,0.0,0.0,1.5972,0.0
2021-04-01,11:00,HKNWBSC01,34463.0,34463_Civil Lines Khanewal (3G-CII-3941),79.0,4463_Civil Lines Khanewal (3G-CII-3941),SAHIWAL_CLUSTER_04_Urban,100%,0.0,31.0,0.0,49.0,0.0,77.0,38.0,38.0,0.0,18.0,2.05,0.0,13973.0,13981.0,13961.0,13981.0,0.0,0.0,77.0,77.0,2.05,100.0,53.0,53.0,0.0,77.0,31.0,31.0,0.0,0.0579,9.016,0.1787,0.0053,0.0,0.0,0.1787,0.0053,9.016,0.0,0.0,2.05,0.0
2021-04-01,11:00,HKNWBSC01,14463.0,14463_Civil Lines Khanewal (3G-CII-3941),78.0,4463_Civil Lines Khanewal (3G-CII-3941),SAHIWAL_CLUSTER_04_Urban,100%,0.0,127.0,0.0,169.0,0.0,263.0,83.0,83.0,0.0,42.0,3.4347,0.0,21484.0,21484.0,21479.0,21484.0,1.0,1.0,263.0,262.0,3.4347,100.0,189.0,189.0,1.0,262.0,127.0,127.0,0.0,0.2095,6.1631,0.2059,0.0134,0.0,0.0,0.2059,0.0134,6.1631,0.0,0.0,3.4347,0.0
2021-04-01,11:00,HKNWBSC01,34467.0,34467_People Colony Khanewal (3G-CII-3635),72.0,4467_People Colony Khanewal (3G-CII-3635),SAHIWAL_CLUSTER_04_Urban,100%,0.0,48.0,2.0,120.0,0.0,210.0,118.0,123.0,0.0,73.0,2.1125,2.0,12486.0,13070.0,12854.0,13070.0,0.0,0.0,210.0,204.0,2.1125,100.0,103.0,103.0,0.0,204.0,48.0,48.0,0.0,0.0337,15.7553,0.008,0.0053,0.0,0.0,0.008,0.0053,15.7553,0.0,0.0,2.1125,2.0
2021-04-01,11:00,HKNWBSC01,34461.0,34461_House 492 Colony No 3 Khanewal (3G-CII-3940),68.0,4461_House 492 Colony No 3 Khanewal (3G-CII-3940),SAHIWAL_CLUSTER_04_Urban,100%,0.0,74.0,0.0,171.0,0.0,439.0,194.0,196.0,0.0,96.0,6.5931,0.0,45338.0,46252.0,45729.0,46252.0,0.0,1.0,439.0,424.0,6.5931,100.0,167.0,171.0,0.0,424.0,73.0,74.0,0.0,0.0,17.7541,0.016,0.0,0.0,0.0,0.016,0.0,17.7541,0.0,0.0,6.5931,0.0
2021-04-01,11:00,HKNWBSC01,24461.0,24461_House 492 Colony No 3 Khanewal (3G-CII-3940),67.0,4461_House 492 Colony No 3 Khanewal (3G-CII-3940),SAHIWAL_CLUSTER_04_Urban,100%,0.0,76.0,0.0,100.0,0.0,310.0,52.0,52.0,0.0,24.0,4.0458,0.0,27780.0,27791.0,27787.0,27791.0,0.0,0.0,310.0,310.0,4.0458,100.0,289.0,289.0,0.0,310.0,76.0,76.0,0.3427,2.1552,5.0526,0.275,0.0987,0.0133,0.0053,0.275,0.0987,5.0526,0.0133,0.0053,4.0458,0.0
2021-04-01,11:00,HKNWBSC01,14461.0,14461_House 492 Colony No 3 Khanewal (3G-CII-3940),66.0,4461_House 492 Colony No 3 Khanewal (3G-CII-3940),SAHIWAL_CLUSTER_04_Urban,100%,0.0,52.0,0.0,127.0,0.0,127.0,148.0,148.0,0.0,74.0,2.4514,0.0,16305.0,16407.0,16346.0,16407.0,0.0,0.0,127.0,127.0,2.4514,100.0,105.0,105.0,0.0,127.0,52.0,52.0,0.052000000000000005,1.5584,4.6266,0.4267,0.0773,0.0027,0.0,0.4267,0.0773,4.6266,0.0027,0.0,2.4514,0.0
2021-04-01,11:00,HKNWBSC01,34460.0,34460_PTCL Exchange Khanewal (3G-CII-3629),56.0,4460_PTCL Exchange Khanewal (3G-CII-3629),SAHIWAL_CLUSTER_04_Urban,100%,0.0,270.0,2.0,341.0,0.0,859.0,215.0,216.0,0.0,76.0,5.6611,2.0,33281.0,33942.0,33675.0,33942.0,1.0,6.0,859.0,841.0,5.6611,100.0,562.0,569.0,1.0,841.0,265.0,270.0,0.1096,0.3943,24.1092,0.1387,0.0693,0.016,0.0107,0.1387,0.0693,24.1092,0.016,0.0107,5.6611,2.0
2021-04-01,11:00,HKNWBSC01,24460.0,24460_PTCL Exchange Khanewal (3G-CII-3629),55.0,4460_PTCL Exchange Khanewal (3G-CII-3629),SAHIWAL_CLUSTER_04_Urban,100%,0.0,72.0,0.0,137.0,0.0,653.0,122.0,122.0,0.0,65.0,1.9875,0.0,11911.0,11917.0,11909.0,11917.0,0.0,0.0,653.0,650.0,1.9875,100.0,546.0,549.0,0.0,650.0,72.0,72.0,0.0,1.3596,5.5642,0.8369,0.0882,0.0,0.0,0.8369,0.0882,5.5642,0.0,0.0,1.9875,0.0
2021-04-01,11:00,HKNWBSC01,14460.0,14460_PTCL Exchange Khanewal (3G-CII-3629),54.0,4460_PTCL Exchange Khanewal (3G-CII-3629),SAHIWAL_CLUSTER_04_Urban,100%,0.0,48.0,0.0,85.0,0.0,152.0,61.0,61.0,0.0,37.0,1.6222,0.0,10145.0,10149.0,9867.0,10149.0,0.0,0.0,152.0,152.0,1.6222,100.0,126.0,126.0,0.0,152.0,48.0,48.0,0.0,0.0,9.4973,0.0856,0.0,0.0,0.0,0.0856,0.0,9.4973,0.0,0.0,1.6222,0.0
2021-04-01,11:00,HKNWBSC01,34465.0,34465_Peoples Colony Khanewal (3G-CII-3943),43.0,4465_Peoples Colony Khanewal (3G-CII-3943),SAHIWAL_CLUSTER_04_Urban,100%,0.0,66.0,0.0,122.0,0.0,288.0,112.0,113.0,0.0,56.0,2.2111,0.0,13903.0,13908.0,13886.0,13908.0,1.0,1.0,288.0,288.0,2.2111,100.0,166.0,166.0,1.0,288.0,66.0,66.0,0.0351,0.8404,7.3312,0.2214,0.0613,0.0027,0.0,0.2214,0.0613,7.3312,0.0027,0.0,2.2111,0.0
2021-04-01,11:00,HKNWBSC01,14466.0,14466_Chak No 100 Khanewal (3G-CII-3944),35.0,4466_Chak No 100 Khanewal (3G-CII-3944),SAHIWAL_CLUSTER_04_Urban,100%,0.0,60.0,0.0,83.0,0.0,133.0,41.0,41.0,0.0,23.0,1.9042,0.0,12094.0,12101.0,12079.0,12101.0,0.0,0.0,133.0,133.0,1.9042,100.0,115.0,115.0,0.0,133.0,60.0,60.0,0.0487,0.1949,16.2573,0.1253,0.024,0.008,0.0,0.1253,0.024,16.2573,0.008,0.0,1.9042,0.0
2021-04-01,11:00,HKNWBSC01,24464.0,24464_K Mart Khanewal (3G-CII-3942),19.0,4464_K Mart Khanewal (3G-CII-3942),SAHIWAL_CLUSTER_04_Urban,100%,0.0,45.0,0.0,64.0,0.0,75.0,40.0,40.0,0.0,19.0,2.1708,0.0,14007.0,14037.0,14027.0,14037.0,0.0,0.0,75.0,74.0,2.1708,100.0,59.0,60.0,0.0,74.0,45.0,45.0,0.0,0.0332,15.9364,0.128,0.0053,0.0,0.0,0.128,0.0053,15.9364,0.0,0.0,2.1708,0.0
2021-04-01,11:00,HKNWBSC01,14464.0,14464_K Mart Khanewal (3G-CII-3942),18.0,4464_K Mart Khanewal (3G-CII-3942),SAHIWAL_CLUSTER_04_Urban,100%,0.0,60.0,0.0,131.0,0.0,216.0,130.0,130.0,0.0,71.0,1.8722,0.0,11638.0,11655.0,11643.0,11655.0,0.0,0.0,216.0,208.0,1.8722,100.0,131.0,131.0,0.0,208.0,60.0,60.0,0.0365,0.4006,13.9903,0.6,0.0533,0.0027,0.0027,0.6,0.0533,13.9903,0.0027,0.0027,1.8722,0.0
