Date,Time,GBSC,Cell CI,Cell Name,CellIndex,Site Name,Location,Integrity,_CallSetup TCH GOS(%)_N,_CallSetup TCH GOS(%)_D,_DCR_N,_DCR_D,_GOS-SDCCH(%)_N,_GOS-SDCCH(%)_D,_HSR%_N,_HSR%_D,_Mobility TCH GOS(%)_N,_Mobility TCH GOS(%)_D,_MTBD (Mean Time between Drop)_N,_MTBD (Mean Time between Drop)_D,_RxQual Index DL_1,_RxQual Index DL_2,_RxQual Index UL_1,_RxQual Index UL_2,CSSR_Non Blocking_1_N,CSSR_Non Blocking_2_N,CSSR_Non Blocking_1_D,CSSR_Non Blocking_2_D,GlobelTraffic,TCH Availability Rate,_cssr_Call Setup Indications (Circuit Service)_N_1,_Cssr_Channel Requests (Circuit Service)_D_1,_CSSR_Call Drops on SDCCH_N_2,_CSSR_Successful SDCCH Seizures_D_2,_CSSR_Successful TCH Seizures (Traffic Channel)_N_3,_CSSR_TCH Seizure Requests (Traffic Channel)_D_3,Interference Band Proportion (4~5)(%),Interference Band 345,Mean Number of TCH in Interference Band 1,Mean Number of TCH in Interference Band 2,Mean Number of TCH in Interference Band 3,Mean Number of TCH in Interference Band 4,Mean Number of TCH in Interference Band 5,Mean Number of TCH in Interference Band 1.1,Mean Number of TCH in Interference Band 2.1,Mean Number of TCH in Interference Band 3.1,Mean Number of TCH in Interference Band 4.1,Mean Number of TCH in Interference Band 5.1,K3014:Traffic Volume on TCH(Erl),CM33:Call Drops on Traffic Channel
2021-04-01,21:00,HSWLBSC03,14563.0,14563_Pakpatan Pakpattan (3G-CII-4596),99.0,4563_Pakpatan Pakpattan (3G-CII-4596),SAHIWAL_CLUSTER_02_Rural,100%,0.0,49.0,0.0,67.0,0.0,203.0,34.0,34.0,0.0,18.0,2.0139,0.0,13466.0,13490.0,13490.0,13490.0,1.0,1.0,203.0,193.0,2.0139,100.0,88.0,98.0,1.0,193.0,49.0,49.0,0.0,0.1698,7.7234,0.0958,0.0133,0.0,0.0,7.7234,0.0958,0.0133,0.0,0.0,2.0139,0.0
2021-04-01,21:00,HSWLBSC03,35301.0,35301_Kalyana Pakpattan,95.0,5301_Kalyana Pakpattan,SAHIWAL_CLUSTER_02_Rural,100%,0.0,2.0,0.0,30.0,0.0,55.0,52.0,53.0,0.0,28.0,0.8097,0.0,5250.0,5388.0,5198.0,5388.0,0.0,0.0,55.0,43.0,0.8097,100.0,4.0,15.0,0.0,43.0,2.0,2.0,0.0,0.0,9.6064,0.0479,0.0,0.0,0.0,9.6064,0.0479,0.0,0.0,0.0,0.8097,0.0
2021-04-01,21:00,HSWLBSC03,25301.0,25301_Kalyana Pakpattan,94.0,5301_Kalyana Pakpattan,SAHIWAL_CLUSTER_02_Rural,100%,0.0,11.0,0.0,39.0,0.0,159.0,57.0,57.0,0.0,28.0,1.4375,0.0,9660.0,9862.0,9716.0,9862.0,0.0,0.0,159.0,146.0,1.4375,100.0,25.0,36.0,0.0,146.0,11.0,11.0,0.0,0.0,7.4122,0.0213,0.0,0.0,0.0,7.4122,0.0213,0.0,0.0,0.0,1.4375,0.0
2021-04-01,21:00,HSWLBSC03,15301.0,15301_Kalyana Pakpattan,93.0,5301_Kalyana Pakpattan,SAHIWAL_CLUSTER_02_Rural,100%,0.0,9.0,2.0,45.0,0.0,111.0,67.0,69.0,0.0,36.0,0.9681,2.0,6416.0,6556.0,6528.0,6556.0,0.0,0.0,111.0,81.0,0.9681,100.0,16.0,46.0,0.0,81.0,9.0,9.0,0.0,0.0,9.4628,0.0,0.0,0.0,0.0,9.4628,0.0,0.0,0.0,0.0,0.9681,2.0
2021-04-01,21:00,HSWLBSC03,34569.0,34569_Darbar Bazar Pakpattan Pakpattan (3G-CII-4319),8.0,4569_Darbar Bazar Pakpattan Pakpattan (3G-CII-4319),SAHIWAL_CLUSTER_02_Rural,100%,0.0,53.0,0.0,162.0,0.0,272.0,214.0,218.0,0.0,109.0,1.8542,0.0,10542.0,10788.0,10276.0,10788.0,1.0,1.0,272.0,252.0,1.8542,100.0,93.0,112.0,1.0,252.0,53.0,53.0,0.0,0.0409,19.4751,0.008,0.008,0.0,0.0,19.4751,0.008,0.008,0.0,0.0,1.8542,0.0
2021-04-01,21:00,HSWLBSC03,35510.0,35510_Adda Jahan Khan Sahiwal,62.0,5510_Adda Jahan Khan Sahiwal,SAHIWAL_CLUSTER_02_Rural,100%,0.0,35.0,0.0,70.0,0.0,498.0,60.0,66.0,0.0,36.0,1.8083,0.0,12436.0,12466.0,12456.0,12466.0,0.0,0.0,498.0,334.0,1.8083,100.0,58.0,218.0,0.0,334.0,35.0,35.0,0.0,0.2925,13.5087,0.0904,0.0399,0.0,0.0,13.5087,0.0904,0.0399,0.0,0.0,1.8083,0.0
2021-04-01,21:00,HSWLBSC03,25510.0,25510_Adda Jahan Khan Sahiwal,61.0,5510_Adda Jahan Khan Sahiwal,SAHIWAL_CLUSTER_02_Rural,100%,0.0,21.0,1.0,24.0,0.0,241.0,7.0,7.0,0.0,3.0,0.2486,1.0,980.0,1002.0,1002.0,1002.0,0.0,0.0,241.0,182.0,0.2486,100.0,43.0,99.0,0.0,182.0,21.0,21.0,0.0,0.0,8.736,0.0,0.0,0.0,0.0,8.736,0.0,0.0,0.0,0.0,0.2486,1.0
2021-04-01,21:00,HSWLBSC03,15510.0,15510_Adda Jahan Khan Sahiwal,60.0,5510_Adda Jahan Khan Sahiwal,SAHIWAL_CLUSTER_02_Rural,100%,0.0,41.0,0.0,86.0,0.0,554.0,71.0,83.0,0.0,45.0,0.8361,0.0,3342.0,3496.0,3454.0,3496.0,0.0,0.0,554.0,532.0,0.8361,100.0,89.0,91.0,0.0,532.0,41.0,41.0,0.0,0.0,7.8723,0.0772,0.0,0.0,0.0,7.8723,0.0772,0.0,0.0,0.0,0.8361,0.0
2021-04-01,21:00,HSWLBSC03,34415.0,34415_Kameer Sahiwal,56.0,4415_Kameer Sahiwal,SAHIWAL_CLUSTER_02_Rural,100%,0.0,100.0,1.0,128.0,0.0,618.0,57.0,59.0,0.0,28.0,2.2486,1.0,13624.0,13764.0,13574.0,13764.0,0.0,0.0,618.0,603.0,2.2486,100.0,243.0,253.0,0.0,603.0,100.0,100.0,2.7941,9.8529,10.2507,2.8267,1.024,0.2747,0.1307,10.2507,2.8267,1.024,0.2747,0.1307,2.2486,1.0
2021-04-01,21:00,HSWLBSC03,24415.0,24415_Kameer Sahiwal,55.0,4415_Kameer Sahiwal,SAHIWAL_CLUSTER_02_Rural,100%,0.0,322.0,0.0,361.0,0.0,931.0,106.0,106.0,0.0,45.0,6.0611,0.0,34726.0,34740.0,34588.0,34740.0,7.0,13.0,931.0,910.0,6.0611,100.0,784.0,795.0,7.0,910.0,316.0,322.0,0.1849,0.2219,7.1333,0.0613,0.0027,0.0,0.0133,7.1333,0.0613,0.0027,0.0,0.0133,6.0611,0.0
2021-04-01,21:00,HSWLBSC03,14415.0,14415_Kameer Sahiwal,54.0,4415_Kameer Sahiwal,SAHIWAL_CLUSTER_02_Rural,100%,0.0,334.0,0.0,409.0,0.0,1585.0,142.0,142.0,0.0,79.0,7.8333,0.0,47258.0,47282.0,47160.0,47282.0,3.0,7.0,1585.0,1566.0,7.8333,100.0,1454.0,1467.0,3.0,1566.0,330.0,334.0,0.2553,2.3482,4.8635,0.4652,0.1142,0.0111,0.0028,4.8635,0.4652,0.1142,0.0111,0.0028,7.8333,0.0
2021-04-01,21:00,HSWLBSC03,34561.0,34561_College Road Pakpattan Pakpattan (3G-CII-4122),53.0,4561_College Road Pakpattan Pakpattan (3G-CII-4122),SAHIWAL_CLUSTER_02_Rural,100%,0.0,118.0,1.0,233.0,0.0,1493.0,229.0,233.0,0.0,116.0,5.5583,1.0,35642.0,35834.0,35620.0,35834.0,0.0,1.0,1493.0,1481.0,5.5583,100.0,334.0,342.0,0.0,1481.0,117.0,118.0,0.0,0.5546,21.2911,0.7793,0.1231,0.0,0.0,21.2911,0.7793,0.1231,0.0,0.0,5.5583,1.0
2021-04-01,21:00,HSWLBSC03,24561.0,24561_College Road Pakpattan Pakpattan (3G-CII-4122),52.0,4561_College Road Pakpattan Pakpattan (3G-CII-4122),SAHIWAL_CLUSTER_02_Rural,100%,0.0,80.0,0.0,217.0,0.0,648.0,278.0,278.0,0.0,137.0,4.9569,0.0,32254.0,32292.0,32220.0,32292.0,0.0,0.0,648.0,648.0,4.9569,100.0,159.0,159.0,0.0,648.0,80.0,80.0,0.061,0.2684,21.623,0.2407,0.0455,0.008,0.0054,21.623,0.2407,0.0455,0.008,0.0054,4.9569,0.0
2021-04-01,21:00,HSWLBSC03,14561.0,14561_College Road Pakpattan Pakpattan (3G-CII-4122),51.0,4561_College Road Pakpattan Pakpattan (3G-CII-4122),SAHIWAL_CLUSTER_02_Rural,100%,0.0,49.0,1.0,137.0,0.0,818.0,180.0,185.0,0.0,91.0,3.0764,1.0,20152.0,20242.0,19922.0,20242.0,1.0,1.0,818.0,808.0,3.0764,100.0,229.0,231.0,1.0,808.0,49.0,49.0,0.6209,1.3969999999999998,13.4861,0.1015,0.107,0.0668,0.0187,13.4861,0.1015,0.107,0.0668,0.0187,3.0764,1.0
2021-04-01,21:00,HSWLBSC03,34560.0,34560_Mohalla Eid Gah Pakpattan Pakpattan (3G-CII-4187),50.0,4560_Mohalla Eid Gah Pakpattan Pakpattan (3G-CII-4187),SAHIWAL_CLUSTER_02_Rural,100%,0.0,63.0,1.0,117.0,0.0,320.0,108.0,112.0,0.0,58.0,4.625,1.0,30376.0,31018.0,30842.0,31018.0,0.0,1.0,320.0,311.0,4.625,100.0,113.0,122.0,0.0,311.0,62.0,63.0,0.0,0.0,21.2277,0.024,0.0,0.0,0.0,21.2277,0.024,0.0,0.0,0.0,4.625,1.0
2021-04-01,21:00,HSWLBSC03,24560.0,24560_Mohalla Eid Gah Pakpattan Pakpattan (3G-CII-4187),49.0,4560_Mohalla Eid Gah Pakpattan Pakpattan (3G-CII-4187),SAHIWAL_CLUSTER_02_Rural,100%,0.0,63.0,0.0,110.0,0.0,133.0,96.0,97.0,0.0,47.0,2.5667,0.0,15638.0,15678.0,15678.0,15678.0,0.0,0.0,133.0,133.0,2.5667,100.0,87.0,87.0,0.0,133.0,63.0,63.0,0.0,0.0,16.1169,0.155,0.0,0.0,0.0,16.1169,0.155,0.0,0.0,0.0,2.5667,0.0
2021-04-01,21:00,HSWLBSC03,14560.0,14560_Mohalla Eid Gah Pakpattan Pakpattan (3G-CII-4187),48.0,4560_Mohalla Eid Gah Pakpattan Pakpattan (3G-CII-4187),SAHIWAL_CLUSTER_02_Rural,100%,0.0,43.0,0.0,202.0,0.0,315.0,308.0,309.0,0.0,159.0,1.7486,0.0,10374.0,10374.0,10374.0,10374.0,0.0,0.0,315.0,315.0,1.7486,100.0,137.0,137.0,0.0,315.0,43.0,43.0,0.0,0.0145,17.9519,0.4225,0.0027,0.0,0.0,17.9519,0.4225,0.0027,0.0,0.0,1.7486,0.0
2021-04-01,21:00,HSWLBSC03,35557.0,35557_Malka Hans Pakpattan,4.0,5557_Malka Hans Pakpattan,SAHIWAL_CLUSTER_02_Rural,100%,0.0,42.0,0.0,66.0,0.0,328.0,46.0,46.0,0.0,24.0,2.325,0.0,15258.0,15264.0,15264.0,15264.0,0.0,0.0,328.0,284.0,2.325,100.0,122.0,162.0,0.0,284.0,42.0,42.0,0.1423,0.2134,3.9553,0.0142,0.0028,0.0028,0.0028,3.9553,0.0142,0.0028,0.0028,0.0028,2.325,0.0
2021-04-01,21:00,HSWLBSC03,34417.0,34417_Adda Shabeel Sahiwal,32.0,4417_Adda Shabeel Sahiwal,SAHIWAL_CLUSTER_02_Rural,100%,0.0,85.0,1.0,105.0,0.0,505.0,41.0,41.0,0.0,21.0,2.9528,1.0,18516.0,18788.0,18238.0,18788.0,1.0,2.0,505.0,450.0,2.9528,100.0,136.0,175.0,1.0,450.0,84.0,85.0,0.1147,0.6647,10.5016,1.1096,0.0643,0.0081,0.0054,10.5016,1.1096,0.0643,0.0081,0.0054,2.9528,1.0
2021-04-01,21:00,HSWLBSC03,24417.0,24417_Adda Shabeel Sahiwal,31.0,4417_Adda Shabeel Sahiwal,SAHIWAL_CLUSTER_02_Rural,100%,0.0,16.0,0.0,40.0,0.0,248.0,48.0,51.0,0.0,24.0,1.8042,0.0,12970.0,12970.0,12970.0,12970.0,0.0,0.0,248.0,192.0,1.8042,100.0,108.0,162.0,0.0,192.0,16.0,16.0,0.0754,0.0754,7.0482,0.04,0.0,0.0,0.0054,7.0482,0.04,0.0,0.0,0.0054,1.8042,0.0
2021-04-01,21:00,HSWLBSC03,14417.0,14417_Adda Shabeel Sahiwal,30.0,4417_Adda Shabeel Sahiwal,SAHIWAL_CLUSTER_02_Rural,100%,0.0,118.0,2.0,201.0,0.0,896.0,169.0,181.0,0.0,86.0,5.5361,2.0,35668.0,36256.0,36006.0,36256.0,2.0,5.0,896.0,799.0,5.5361,100.0,168.0,229.0,2.0,799.0,115.0,118.0,0.0,0.1966,5.0685,0.3722,0.0107,0.0,0.0,5.0685,0.3722,0.0107,0.0,0.0,5.5361,2.0
2021-04-01,21:00,HSWLBSC03,25557.0,25557_Malka Hans Pakpattan,3.0,5557_Malka Hans Pakpattan,SAHIWAL_CLUSTER_02_Rural,100%,0.0,23.0,0.0,42.0,0.0,325.0,35.0,35.0,0.0,19.0,0.7569,0.0,4436.0,4838.0,4790.0,4838.0,1.0,1.0,325.0,249.0,0.7569,100.0,50.0,118.0,1.0,249.0,23.0,23.0,0.2562,0.3201,4.1388,0.0053,0.0027,0.0053,0.0053,4.1388,0.0053,0.0027,0.0053,0.0053,0.7569,0.0
2021-04-01,21:00,HSWLBSC03,15509.0,15509_Chak No 49 L Sahiwal,29.0,5509_Chak No 49 L Sahiwal,SAHIWAL_CLUSTER_02_Rural,100%,0.0,165.0,7.0,561.0,0.0,1287.0,754.0,852.0,0.0,428.0,8.5681,7.0,50716.0,51518.0,49638.0,51518.0,0.0,2.0,1287.0,1264.0,8.5681,100.0,607.0,613.0,0.0,1264.0,163.0,165.0,0.0,0.0,6.8781,0.0037,0.0,0.0,0.0,6.8781,0.0037,0.0,0.0,0.0,8.5681,7.0
2021-04-01,21:00,HSWLBSC03,35556.0,35556_Chak Shafi Pakpattan,23.0,5556_Chak Shafi Pakpattan,SAHIWAL_CLUSTER_02_Rural,100%,0.0,27.0,1.0,43.0,0.0,329.0,27.0,28.0,0.0,16.0,2.0292,1.0,14098.0,14224.0,14212.0,14224.0,1.0,1.0,329.0,315.0,2.0292,100.0,98.0,105.0,1.0,315.0,27.0,27.0,0.0,0.0542,4.8745,0.0479,0.0027,0.0,0.0,4.8745,0.0479,0.0027,0.0,0.0,2.0292,1.0
2021-04-01,21:00,HSWLBSC03,25556.0,25556_Chak Shafi Pakpattan,22.0,5556_Chak Shafi Pakpattan,SAHIWAL_CLUSTER_02_Rural,100%,0.0,7.0,0.0,9.0,0.0,42.0,5.0,5.0,0.0,2.0,0.5597,0.0,4016.0,4032.0,4028.0,4032.0,0.0,0.0,42.0,37.0,0.5597,100.0,17.0,22.0,0.0,37.0,7.0,7.0,0.0,0.0,10.5745,0.0585,0.0,0.0,0.0,10.5745,0.0585,0.0,0.0,0.0,0.5597,0.0
2021-04-01,21:00,HSWLBSC03,15556.0,15556_Chak Shafi Pakpattan,21.0,5556_Chak Shafi Pakpattan,SAHIWAL_CLUSTER_02_Rural,100%,0.0,21.0,0.0,25.0,0.0,280.0,12.0,12.0,0.0,4.0,1.7639,0.0,12564.0,12682.0,12568.0,12682.0,0.0,0.0,280.0,203.0,1.7639,100.0,64.0,140.0,0.0,203.0,21.0,21.0,0.0,0.2045,6.2717,0.2318,0.0133,0.0,0.0,6.2717,0.2318,0.0133,0.0,0.0,1.7639,0.0
2021-04-01,21:00,HSWLBSC03,15557.0,15557_Malka Hans Pakpattan,2.0,5557_Malka Hans Pakpattan,SAHIWAL_CLUSTER_02_Rural,100%,0.0,100.0,0.0,119.0,0.0,459.0,42.0,42.0,0.0,20.0,4.9306,0.0,32860.0,33522.0,33438.0,33522.0,1.0,2.0,459.0,400.0,4.9306,100.0,257.0,303.0,1.0,400.0,99.0,100.0,0.0,0.0911,11.4713,0.1949,0.0106,0.0,0.0,11.4713,0.1949,0.0106,0.0,0.0,4.9306,0.0
2021-04-01,21:00,HSWLBSC03,34672.0,34672_Chak No 3 EB Pakpattan,17.0,4672_Chak No 3 EB Pakpattan,SAHIWAL_CLUSTER_02_Rural,100%,0.0,36.0,0.0,55.0,0.0,295.0,40.0,41.0,0.0,19.0,1.3472,0.0,8310.0,8332.0,8320.0,8332.0,0.0,0.0,295.0,278.0,1.3472,100.0,78.0,89.0,0.0,278.0,36.0,36.0,0.0,0.0,7.2613,0.0427,0.0,0.0,0.0,7.2613,0.0427,0.0,0.0,0.0,1.3472,0.0
2021-04-01,21:00,HSWLBSC03,35555.0,35555_Chanwat Pakpattan,168.0,5555_Chanwat Pakpattan,SAHIWAL_CLUSTER_02_Rural,100%,0.0,27.0,0.0,31.0,0.0,175.0,12.0,12.0,0.0,4.0,0.7875,0.0,5032.0,5052.0,5052.0,5052.0,1.0,1.0,175.0,124.0,0.7875,100.0,36.0,87.0,1.0,124.0,27.0,27.0,0.0,0.3221,8.0291,0.1587,0.0265,0.0,0.0,8.0291,0.1587,0.0265,0.0,0.0,0.7875,0.0
2021-04-01,21:00,HSWLBSC03,25555.0,25555_Chanwat Pakpattan,167.0,5555_Chanwat Pakpattan,SAHIWAL_CLUSTER_02_Rural,100%,0.0,50.0,2.0,66.0,0.0,329.0,32.0,32.0,0.0,17.0,3.2389,2.0,21078.0,22502.0,22178.0,22502.0,0.0,1.0,329.0,271.0,3.2389,100.0,99.0,155.0,0.0,271.0,49.0,50.0,0.0,1.2744,1.1477,4.4005,0.0716,0.0,0.0,1.1477,4.4005,0.0716,0.0,0.0,3.2389,2.0
2021-04-01,21:00,HSWLBSC03,15555.0,15555_Chanwat Pakpattan,166.0,5555_Chanwat Pakpattan,SAHIWAL_CLUSTER_02_Rural,100%,0.0,18.0,0.0,22.0,0.0,325.0,11.0,11.0,0.0,5.0,1.8069,0.0,12650.0,12708.0,12486.0,12706.0,0.0,1.0,325.0,262.0,1.8069,100.0,54.0,98.0,0.0,262.0,17.0,18.0,0.0,0.0,6.921,0.2586,0.0,0.0,0.0,6.921,0.2586,0.0,0.0,0.0,1.8069,0.0
2021-04-01,21:00,HSWLBSC03,35509.0,35509_Chak No 49 L Sahiwal,162.0,5509_Chak No 49 L Sahiwal,SAHIWAL_CLUSTER_02_Rural,100%,0.0,18.0,0.0,34.0,0.0,211.0,31.0,33.0,0.0,17.0,0.4278,0.0,2264.0,2346.0,2298.0,2346.0,0.0,0.0,211.0,196.0,0.4278,100.0,32.0,36.0,0.0,196.0,18.0,18.0,0.0,0.0,9.7936,0.069,0.0,0.0,0.0,9.7936,0.069,0.0,0.0,0.0,0.4278,0.0
2021-04-01,21:00,HSWLBSC03,25509.0,25509_Chak No 49 L Sahiwal,161.0,5509_Chak No 49 L Sahiwal,SAHIWAL_CLUSTER_02_Rural,100%,0.0,100.0,1.0,135.0,0.0,606.0,65.0,72.0,0.0,38.0,4.6181,1.0,29958.0,30392.0,30210.0,30392.0,0.0,3.0,606.0,569.0,4.6181,100.0,252.0,283.0,0.0,569.0,97.0,100.0,0.0,0.0,5.0557,0.0,0.0,0.0,0.0,5.0557,0.0,0.0,0.0,0.0,4.6181,1.0
2021-04-01,21:00,HSWLBSC03,24672.0,24672_Chak No 3 EB Pakpattan,16.0,4672_Chak No 3 EB Pakpattan,SAHIWAL_CLUSTER_02_Rural,100%,0.0,8.0,0.0,27.0,0.0,292.0,38.0,38.0,0.0,19.0,0.3361,0.0,2166.0,2180.0,2178.0,2180.0,0.0,0.0,292.0,219.0,0.3361,100.0,30.0,33.0,0.0,219.0,8.0,8.0,0.0,0.0,8.6205,0.0588,0.0,0.0,0.0,8.6205,0.0588,0.0,0.0,0.0,0.3361,0.0
2021-04-01,21:00,HSWLBSC03,14672.0,14672_Chak No 3 EB Pakpattan,15.0,4672_Chak No 3 EB Pakpattan,SAHIWAL_CLUSTER_02_Rural,100%,0.0,54.0,1.0,64.0,0.0,251.0,20.0,20.0,0.0,10.0,2.7903,1.0,17638.0,17808.0,17804.0,17808.0,1.0,1.0,251.0,222.0,2.7903,100.0,115.0,141.0,1.0,222.0,54.0,54.0,0.0,0.1874,4.2039,0.0668,0.008,0.0,0.0,4.2039,0.0668,0.008,0.0,0.0,2.7903,1.0
2021-04-01,21:00,HSWLBSC03,34562.0,34562_Islamia Urban School Pakpattan (3G-CII-4595),131.0,4562_Islamia Urban School Pakpattan (3G-CII-4595),SAHIWAL_CLUSTER_02_Rural,100%,0.0,77.0,0.0,219.0,0.0,499.0,287.0,288.0,0.0,142.0,4.4792,0.0,28650.0,29064.0,28956.0,29064.0,1.0,1.0,499.0,487.0,4.4792,100.0,154.0,161.0,1.0,487.0,77.0,77.0,0.022000000000000002,0.044000000000000004,24.0398,0.1957,0.0053,0.0053,0.0,24.0398,0.1957,0.0053,0.0053,0.0,4.4792,0.0
2021-04-01,21:00,HSWLBSC03,24562.0,24562_Islamia Urban School Pakpattan (3G-CII-4595),130.0,4562_Islamia Urban School Pakpattan (3G-CII-4595),SAHIWAL_CLUSTER_02_Rural,100%,0.0,23.0,0.0,87.0,0.0,321.0,118.0,120.0,0.0,64.0,2.3319,0.0,16094.0,16104.0,16094.0,16104.0,1.0,1.0,321.0,298.0,2.3319,100.0,126.0,144.0,1.0,298.0,23.0,23.0,0.0575,1.006,8.9808,0.1782,0.0878,0.0053,0.0,8.9808,0.1782,0.0878,0.0053,0.0,2.3319,0.0
2021-04-01,21:00,HSWLBSC03,14562.0,14562_Islamia Urban School Pakpattan (3G-CII-4595),129.0,4562_Islamia Urban School Pakpattan (3G-CII-4595),SAHIWAL_CLUSTER_02_Rural,100%,0.0,19.0,0.0,35.0,0.0,221.0,31.0,32.0,0.0,17.0,0.8528,0.0,5224.0,5386.0,5260.0,5386.0,2.0,3.0,221.0,175.0,0.8528,100.0,50.0,83.0,2.0,175.0,18.0,19.0,0.1599,0.1599,9.2976,0.6676,0.0,0.008,0.008,9.2976,0.6676,0.0,0.008,0.008,0.8528,0.0
2021-04-01,21:00,HSWLBSC03,35314.0,35314_Noorpur Pakpattan,128.0,5314_Noorpur Pakpattan,SAHIWAL_CLUSTER_02_Rural,100%,0.0,18.0,0.0,22.0,0.0,360.0,10.0,10.0,0.0,4.0,1.6611,0.0,11900.0,11906.0,11904.0,11906.0,0.0,0.0,360.0,238.0,1.6611,100.0,59.0,176.0,0.0,238.0,18.0,18.0,0.0212,0.594,12.1729,0.2899,0.0718,0.0,0.0027,12.1729,0.2899,0.0718,0.0,0.0027,1.6611,0.0
2021-04-01,21:00,HSWLBSC03,25314.0,25314_Noorpur Pakpattan,127.0,5314_Noorpur Pakpattan,SAHIWAL_CLUSTER_02_Rural,100%,0.0,59.0,0.0,78.0,0.0,322.0,33.0,33.0,0.0,19.0,1.6528,0.0,9758.0,11082.0,11058.0,11082.0,2.0,2.0,322.0,256.0,1.6528,100.0,109.0,175.0,2.0,256.0,59.0,59.0,0.0219,0.0874,11.802999999999999,0.3999,0.008,0.0,0.0027,11.802999999999999,0.3999,0.008,0.0,0.0027,1.6528,0.0
2021-04-01,21:00,HSWLBSC03,15314.0,15314_Noorpur Pakpattan,126.0,5314_Noorpur Pakpattan,SAHIWAL_CLUSTER_02_Rural,100%,0.0,14.0,0.0,17.0,0.0,173.0,7.0,7.0,0.0,3.0,0.2528,0.0,1430.0,1430.0,1430.0,1430.0,0.0,0.0,173.0,141.0,0.2528,100.0,55.0,87.0,0.0,141.0,14.0,14.0,0.0,0.0,6.209,0.0053,0.0,0.0,0.0,6.209,0.0053,0.0,0.0,0.0,0.2528,0.0
2021-04-01,21:00,HSWLBSC03,34563.0,34563_Pakpatan Pakpattan (3G-CII-4596),101.0,4563_Pakpatan Pakpattan (3G-CII-4596),SAHIWAL_CLUSTER_02_Rural,100%,0.0,74.0,0.0,139.0,0.0,415.0,129.0,131.0,0.0,66.0,4.0681,0.0,27678.0,27784.0,27782.0,27784.0,1.0,1.0,415.0,404.0,4.0681,100.0,280.0,291.0,1.0,404.0,74.0,74.0,0.0,1.7145,5.6198,0.87,0.1132,0.0,0.0,5.6198,0.87,0.1132,0.0,0.0,4.0681,0.0
2021-04-01,21:00,HSWLBSC03,24563.0,24563_Pakpatan Pakpattan (3G-CII-4596),100.0,4563_Pakpatan Pakpattan (3G-CII-4596),SAHIWAL_CLUSTER_02_Rural,100%,0.0,34.0,1.0,79.0,0.0,187.0,84.0,86.0,0.0,45.0,1.8722,1.0,12280.0,12312.0,12312.0,12312.0,0.0,0.0,187.0,180.0,1.8722,100.0,72.0,79.0,0.0,180.0,34.0,34.0,0.0336,0.4709,7.5213,0.3484,0.0346,0.0027,0.0,7.5213,0.3484,0.0346,0.0027,0.0,1.8722,1.0
2021-04-01,21:00,HSWLBSC03,24569.0,24569_Darbar Bazar Pakpattan Pakpattan (3G-CII-4319),1.0,4569_Darbar Bazar Pakpattan Pakpattan (3G-CII-4319),SAHIWAL_CLUSTER_02_Rural,100%,0.0,93.0,1.0,213.0,0.0,564.0,250.0,259.0,0.0,123.0,2.9444,1.0,17082.0,17312.0,17128.0,17312.0,1.0,2.0,564.0,543.0,2.9444,100.0,341.0,348.0,1.0,543.0,92.0,93.0,0.0411,0.3015,19.1739,0.2267,0.0507,0.008,0.0,19.1739,0.2267,0.0507,0.008,0.0,2.9444,1.0
2021-04-01,21:00,HSWLBSC03,14569.0,14569_Darbar Bazar Pakpattan Pakpattan (3G-CII-4319),0.0,4569_Darbar Bazar Pakpattan Pakpattan (3G-CII-4319),SAHIWAL_CLUSTER_02_Rural,100%,0.0,31.0,1.0,79.0,0.0,137.0,97.0,97.0,0.0,49.0,1.5,1.0,9430.0,9432.0,9424.0,9432.0,0.0,1.0,137.0,134.0,1.5,100.0,53.0,56.0,0.0,134.0,30.0,31.0,0.0121,0.1089,21.9013,0.11199999999999999,0.0213,0.0027,0.0,21.9013,0.11199999999999999,0.0213,0.0027,0.0,1.5,1.0
2021-04-01,21:00,HTTSBSC03,34434.0,34434_Tara Havaili Toba Tek Singh,80.0,4434_Tara Havaili Toba Tek Singh,SAHIWAL_CLUSTER_02_Rural,100%,0.0,9.0,1.0,127.0,0.0,380.0,222.0,228.0,0.0,118.0,1.2181,1.0,7668.0,8035.0,7878.0,8035.0,2.0,2.0,380.0,370.0,1.2181,100.0,16.0,20.0,2.0,370.0,9.0,9.0,0.1408,0.1877,5.6623,0.0107,0.0027,0.0053,0.0027,5.6623,0.0107,0.0027,0.0053,0.0027,1.2181,1.0
2021-04-01,21:00,HTTSBSC03,24434.0,24434_Tara Havaili Toba Tek Singh,79.0,4434_Tara Havaili Toba Tek Singh,SAHIWAL_CLUSTER_02_Rural,100%,0.0,55.0,1.0,70.0,0.0,496.0,44.0,47.0,0.0,19.0,1.3097,1.0,6575.0,7493.0,7081.0,7493.0,0.0,2.0,496.0,452.0,1.3097,100.0,110.0,142.0,0.0,452.0,53.0,55.0,0.1791,2.5521,5.6103,0.304,0.14400000000000002,0.0082,0.0027,5.6103,0.304,0.14400000000000002,0.0082,0.0027,1.3097,1.0
2021-04-01,21:00,HTTSBSC03,14434.0,14434_Tara Havaili Toba Tek Singh,78.0,4434_Tara Havaili Toba Tek Singh,SAHIWAL_CLUSTER_02_Rural,100%,0.0,95.0,1.0,131.0,0.0,543.0,80.0,87.0,0.0,41.0,3.6764,1.0,23725.0,24472.0,23931.0,24472.0,1.0,5.0,543.0,503.0,3.6764,100.0,175.0,186.0,1.0,503.0,91.0,95.0,3.7602,5.343999999999999,8.0353,0.8951,0.1494,0.3067,0.048,8.0353,0.8951,0.1494,0.3067,0.048,3.6764,1.0
2021-04-01,21:00,HTTSBSC03,34796.0,34796_PTCL Exchange Killanwali Faisalabad (3G-CII-4233),74.0,4796_PTCL Exchange Killanwali Faisalabad (3G-CII-4233),SAHIWAL_CLUSTER_02_Rural,100%,0.0,662.0,17.0,1379.0,0.0,1887.0,1404.0,1475.0,0.0,726.0,23.2611,17.0,141584.0,145748.0,142616.0,145748.0,0.0,5.0,1887.0,1874.0,23.2611,100.0,1379.0,1389.0,0.0,1874.0,657.0,662.0,0.0897,0.1131,12.7486,0.1176,0.003,0.003,0.0085,12.7486,0.1176,0.003,0.003,0.0085,23.2611,17.0
2021-04-01,21:00,HTTSBSC03,24796.0,24796_PTCL Exchange Killanwali Faisalabad (3G-CII-4233),73.0,4796_PTCL Exchange Killanwali Faisalabad (3G-CII-4233),SAHIWAL_CLUSTER_02_Rural,100%,0.0,1106.0,9.0,1335.0,0.0,2772.0,492.0,524.0,0.0,244.0,34.4694,9.0,200926.0,207930.0,203366.0,207930.0,0.0,12.0,2772.0,2714.0,34.4694,100.0,1688.0,1731.0,0.0,2714.0,1094.0,1106.0,0.6739,0.9043,9.6948,0.1283,0.0228,0.0086,0.0582,9.6948,0.1283,0.0228,0.0086,0.0582,34.4694,9.0
2021-04-01,21:00,HTTSBSC03,14796.0,14796_PTCL Exchange Killanwali Faisalabad (3G-CII-4233),72.0,4796_PTCL Exchange Killanwali Faisalabad (3G-CII-4233),SAHIWAL_CLUSTER_02_Rural,100%,0.0,273.0,10.0,495.0,0.0,1102.0,410.0,476.0,0.0,246.0,15.1653,10.0,96255.0,99863.0,97291.0,99863.0,0.0,1.0,1102.0,1085.0,15.1653,100.0,438.0,444.0,0.0,1085.0,272.0,273.0,0.0615,0.4583,21.4267,0.9057,0.08900000000000001,0.0054,0.0085,21.4267,0.9057,0.08900000000000001,0.0054,0.0085,15.1653,10.0
2021-04-01,21:00,HTTSBSC03,34798.0,34798_Tukara Mamoon Kanjun Faisalabad (3G-CII-4399),65.0,4798_Tukara Mamoon Kanjun Faisalabad (3G-CII-4399),SAHIWAL_CLUSTER_02_Rural,100%,0.0,1300.0,13.0,1756.0,0.0,4247.0,936.0,958.0,0.0,475.0,48.8375,13.0,312905.0,322013.0,318209.0,322013.0,2.0,18.0,4247.0,4166.0,48.8375,100.0,3560.0,3614.0,2.0,4166.0,1284.0,1300.0,0.1068,0.5710000000000001,25.8591,3.5354,0.1373,0.0187,0.0128,25.8591,3.5354,0.1373,0.0187,0.0128,48.8375,13.0
2021-04-01,21:00,HTTSBSC03,24798.0,24798_Tukara Mamoon Kanjun Faisalabad (3G-CII-4399),64.0,4798_Tukara Mamoon Kanjun Faisalabad (3G-CII-4399),SAHIWAL_CLUSTER_02_Rural,100%,0.0,642.0,1.0,717.0,0.0,1630.0,161.0,162.0,0.0,81.0,30.8861,1.0,200925.0,206105.0,204814.0,206105.0,2.0,8.0,1630.0,1610.0,30.8861,100.0,1068.0,1079.0,2.0,1610.0,636.0,642.0,0.0487,0.6909,10.955,1.0206,0.0775,0.0059,0.0,10.955,1.0206,0.0775,0.0059,0.0,30.8861,1.0
2021-04-01,21:00,HTTSBSC03,14798.0,14798_Tukara Mamoon Kanjun Faisalabad (3G-CII-4399),63.0,4798_Tukara Mamoon Kanjun Faisalabad (3G-CII-4399),SAHIWAL_CLUSTER_02_Rural,100%,0.0,729.0,5.0,1202.0,0.0,2196.0,881.0,905.0,0.0,477.0,34.3639,5.0,223665.0,228120.0,226287.0,228120.0,0.0,4.0,2196.0,2165.0,34.3639,100.0,1825.0,1835.0,0.0,2165.0,725.0,729.0,0.1196,0.7007,33.4817,3.5127,0.2165,0.0322,0.0123,33.4817,3.5127,0.2165,0.0322,0.0123,34.3639,5.0
2021-04-01,21:00,HTTSBSC03,35264.0,35264_Ghar Fateh Shah Rehmay Shah Faisalabad,59.0,5264_Ghar Fateh Shah Rehmay Shah Faisalabad,SAHIWAL_CLUSTER_02_Rural,100%,0.0,174.0,4.0,237.0,0.0,820.0,117.0,133.0,0.0,64.0,6.1722,4.0,36772.0,38120.0,37086.0,38120.0,0.0,1.0,820.0,779.0,6.1722,100.0,289.0,307.0,0.0,779.0,173.0,174.0,0.2396,0.5992,4.7516,0.2299,0.018000000000000002,0.0,0.012,4.7516,0.2299,0.018000000000000002,0.0,0.012,6.1722,4.0
2021-04-01,21:00,HTTSBSC03,25264.0,25264_Ghar Fateh Shah Rehmay Shah Faisalabad,58.0,5264_Ghar Fateh Shah Rehmay Shah Faisalabad,SAHIWAL_CLUSTER_02_Rural,100%,0.0,42.0,0.0,46.0,0.0,426.0,12.0,13.0,0.0,4.0,1.8472,0.0,11878.0,12156.0,12154.0,12156.0,3.0,3.0,426.0,411.0,1.8472,100.0,74.0,76.0,3.0,411.0,42.0,42.0,0.0569,0.1421,9.0729,0.2713,0.008,0.0,0.0053,9.0729,0.2713,0.008,0.0,0.0053,1.8472,0.0
2021-04-01,21:00,HTTSBSC03,15264.0,15264_Ghar Fateh Shah Rehmay Shah Faisalabad,57.0,5264_Ghar Fateh Shah Rehmay Shah Faisalabad,SAHIWAL_CLUSTER_02_Rural,100%,0.0,60.0,0.0,86.0,0.0,1010.0,50.0,52.0,0.0,27.0,5.1236,0.0,35250.0,36050.0,35225.0,36050.0,0.0,1.0,1010.0,982.0,5.1236,100.0,132.0,132.0,0.0,982.0,59.0,60.0,0.0569,0.1139,4.7091,0.0107,0.0027,0.0,0.0027,4.7091,0.0107,0.0027,0.0,0.0027,5.1236,0.0
2021-04-01,21:00,HTTSBSC03,32551.0,CII-2551-3_Yaru Ke Thatta Toba Tek Singh (3G-CII-4152),313.0,CII-2551_Yaru Ke Thatta Toba Tek Singh (3G-CII-4152),SAHIWAL_CLUSTER_02_Rural,100%,0.0,512.0,5.0,779.0,0.0,1956.0,556.0,567.0,0.0,273.0,19.6681,5.0,127633.0,130530.0,129728.0,130530.0,2.0,8.0,1956.0,1922.0,19.6681,100.0,1537.0,1560.0,2.0,1922.0,506.0,512.0,0.2805,1.0712,20.4368,0.2079,0.165,0.0452,0.0133,20.4368,0.2079,0.165,0.0452,0.0133,19.6681,5.0
2021-04-01,21:00,HTTSBSC03,22551.0,CII-2551-2_Yaru Ke Thatta Toba Tek Singh (3G-CII-4152),312.0,CII-2551_Yaru Ke Thatta Toba Tek Singh (3G-CII-4152),SAHIWAL_CLUSTER_02_Rural,100%,0.0,630.0,3.0,833.0,0.0,1716.0,389.0,393.0,0.0,211.0,25.8806,3.0,168815.0,171566.0,170660.0,171566.0,1.0,6.0,1716.0,1692.0,25.8806,100.0,1207.0,1222.0,1.0,1692.0,625.0,630.0,0.0667,0.312,12.265999999999998,0.2032,0.0307,0.0028,0.0056,12.265999999999998,0.2032,0.0307,0.0028,0.0056,25.8806,3.0
2021-04-01,21:00,HTTSBSC03,12551.0,CII-2551-1_Yaru Ke Thatta Toba Tek Singh (3G-CII-4152),311.0,CII-2551_Yaru Ke Thatta Toba Tek Singh (3G-CII-4152),SAHIWAL_CLUSTER_02_Rural,100%,0.0,905.0,3.0,1268.0,0.0,2295.0,758.0,784.0,0.0,370.0,24.9931,3.0,148215.0,153134.0,150437.0,153134.0,0.0,7.0,2295.0,2221.0,24.9931,100.0,1737.0,1771.0,0.0,2221.0,898.0,905.0,0.0125,0.2989,40.321999999999996,2.17,0.1221,0.0053,0.0,40.321999999999996,2.17,0.1221,0.0053,0.0,24.9931,3.0
2021-04-01,21:00,HTTSBSC03,35327.0,35327_Darbar Pir Salahuddin Faisalabad (3G-CII-4254),29.0,5327_Darbar Pir Salahuddin Faisalabad (3G-CII-4254),SAHIWAL_CLUSTER_02_Rural,100%,0.0,913.0,13.0,1379.0,0.0,2963.0,1067.0,1074.0,0.0,573.0,35.8097,13.0,226298.0,230943.0,223925.0,230943.0,4.0,152.0,2963.0,2923.0,35.8097,100.0,1914.0,1935.0,4.0,2923.0,765.0,913.0,0.1513,0.5735,25.2857,1.2501,0.1127,0.0252,0.0152,25.2857,1.2501,0.1127,0.0252,0.0152,35.8097,13.0
2021-04-01,21:00,HTTSBSC03,32098.0,CII-2098-3_Moza Shiekh Buman Toba Tek Singh,283.0,CII-2098_Moza Shiekh Buman Toba Tek Singh,SAHIWAL_CLUSTER_02_Rural,100%,0.0,2.0,0.0,5.0,0.0,75.0,6.0,6.0,0.0,3.0,0.075,0.0,220.0,247.0,246.0,247.0,0.0,0.0,75.0,72.0,0.075,100.0,9.0,9.0,0.0,72.0,2.0,2.0,0.0,0.0,9.4788,0.0027,0.0,0.0,0.0,9.4788,0.0027,0.0,0.0,0.0,0.075,0.0
2021-04-01,21:00,HTTSBSC03,22098.0,CII-2098-2_Moza Shiekh Buman Toba Tek Singh,282.0,CII-2098_Moza Shiekh Buman Toba Tek Singh,SAHIWAL_CLUSTER_02_Rural,100%,0.0,66.0,1.0,79.0,0.0,427.0,27.0,27.0,0.0,12.0,1.2444,1.0,7380.0,7652.0,7624.0,7652.0,1.0,1.0,427.0,404.0,1.2444,100.0,230.0,237.0,1.0,404.0,66.0,66.0,0.0,0.9389,6.6208,0.3571,0.0661,0.0,0.0,6.6208,0.3571,0.0661,0.0,0.0,1.2444,1.0
2021-04-01,21:00,HTTSBSC03,12098.0,CII-2098-1_Moza Shiekh Buman Toba Tek Singh,281.0,CII-2098_Moza Shiekh Buman Toba Tek Singh,SAHIWAL_CLUSTER_02_Rural,100%,0.0,130.0,0.0,205.0,0.0,382.0,127.0,137.0,0.0,74.0,4.5889,0.0,27376.0,28732.0,28525.0,28732.0,0.0,0.0,382.0,375.0,4.5889,100.0,177.0,179.0,0.0,375.0,130.0,130.0,0.055999999999999994,0.22399999999999998,4.8124,0.1044,0.0083,0.0028,0.0,4.8124,0.1044,0.0083,0.0028,0.0,4.5889,0.0
2021-04-01,21:00,HTTSBSC03,25327.0,25327_Darbar Pir Salahuddin Faisalabad (3G-CII-4254),28.0,5327_Darbar Pir Salahuddin Faisalabad (3G-CII-4254),SAHIWAL_CLUSTER_02_Rural,100%,0.0,761.0,4.0,982.0,0.0,2941.0,523.0,528.0,0.0,236.0,24.2931,4.0,151233.0,156457.0,154670.0,156457.0,8.0,22.0,2941.0,2884.0,24.2931,100.0,2045.0,2070.0,8.0,2884.0,747.0,761.0,0.1831,0.8318,14.4818,0.405,0.0974,0.0172,0.0103,14.4818,0.405,0.0974,0.0172,0.0103,24.2931,4.0
2021-04-01,21:00,HTTSBSC03,15327.0,15327_Darbar Pir Salahuddin Faisalabad (3G-CII-4254),27.0,5327_Darbar Pir Salahuddin Faisalabad (3G-CII-4254),SAHIWAL_CLUSTER_02_Rural,100%,0.0,586.0,2.0,1381.0,0.0,1983.0,1474.0,1501.0,0.0,818.0,28.3736,2.0,186843.0,191717.0,187799.0,191717.0,1.0,25.0,1983.0,1966.0,28.3736,100.0,1536.0,1550.0,1.0,1966.0,562.0,586.0,0.047,0.1057,36.5276,0.2903,0.0216,0.0028,0.0145,36.5276,0.2903,0.0216,0.0028,0.0145,28.3736,2.0
2021-04-01,21:00,HTTSBSC03,35328.0,35328_Chak No 503 Faisalabad (3G-CII-4216),185.0,5328_Chak No 503 Faisalabad (3G-CII-4216),SAHIWAL_CLUSTER_02_Rural,100%,0.0,379.0,4.0,427.0,0.0,998.0,101.0,110.0,0.0,53.0,13.9361,4.0,86692.0,89051.0,86885.0,89051.0,0.0,4.0,998.0,980.0,13.9361,100.0,604.0,613.0,0.0,980.0,375.0,379.0,0.0,0.0449,19.7856,0.35600000000000004,0.009000000000000001,0.0,0.0,19.7856,0.35600000000000004,0.009000000000000001,0.0,0.0,13.9361,4.0
2021-04-01,21:00,HTTSBSC03,25328.0,25328_Chak No 503 Faisalabad (3G-CII-4216),184.0,5328_Chak No 503 Faisalabad (3G-CII-4216),SAHIWAL_CLUSTER_02_Rural,100%,0.0,928.0,7.0,1197.0,0.0,2380.0,566.0,583.0,0.0,277.0,29.5486,7.0,178259.0,182443.0,180483.0,182443.0,0.0,9.0,2380.0,2255.0,29.5486,100.0,1512.0,1601.0,0.0,2255.0,919.0,928.0,0.0237,0.0237,11.2949,0.1979,0.0,0.0027,0.0,11.2949,0.1979,0.0,0.0027,0.0,29.5486,7.0
2021-04-01,21:00,HTTSBSC03,15328.0,15328_Chak No 503 Faisalabad (3G-CII-4216),180.0,5328_Chak No 503 Faisalabad (3G-CII-4216),SAHIWAL_CLUSTER_02_Rural,100%,0.0,652.0,6.0,847.0,0.0,1401.0,380.0,409.0,0.0,204.0,23.4208,6.0,143321.0,151164.0,149197.0,151164.0,4.0,10.0,1401.0,1312.0,23.4208,100.0,976.0,1051.0,4.0,1312.0,646.0,652.0,0.0145,0.0436,18.5681,0.17600000000000002,0.0055,0.0027,0.0,18.5681,0.17600000000000002,0.0055,0.0027,0.0,23.4208,6.0
2021-04-01,21:00,HSWLBSC02,34822.0,34822_Old Harrapa City Sahiwal,99.0,4822_Old Harrapa City Sahiwal,SAHIWAL_CLUSTER_02_Rural,100%,0.0,89.0,0.0,98.0,0.0,314.0,21.0,22.0,0.0,9.0,4.8875,0.0,32881.0,33130.0,33030.0,33130.0,0.0,0.0,314.0,281.0,4.8875,100.0,140.0,168.0,0.0,281.0,89.0,89.0,0.1427,0.8324,10.9067,0.2133,0.0773,0.0133,0.0027,10.9067,0.2133,0.0773,0.0133,0.0027,4.8875,0.0
2021-04-01,21:00,HSWLBSC02,24822.0,24822_Old Harrapa City Sahiwal,98.0,4822_Old Harrapa City Sahiwal,SAHIWAL_CLUSTER_02_Rural,100%,0.0,49.0,0.0,70.0,0.0,209.0,36.0,36.0,0.0,21.0,1.0903,0.0,6201.0,6216.0,6210.0,6216.0,0.0,0.0,209.0,132.0,1.0903,100.0,73.0,76.0,0.0,132.0,49.0,49.0,0.0,0.693,8.3085,0.4575,0.0612,0.0,0.0,8.3085,0.4575,0.0612,0.0,0.0,1.0903,0.0
2021-04-01,21:00,HSWLBSC02,14822.0,14822_Old Harrapa City Sahiwal,97.0,4822_Old Harrapa City Sahiwal,SAHIWAL_CLUSTER_02_Rural,100%,0.0,204.0,0.0,224.0,0.0,1545.0,66.0,68.0,0.0,23.0,8.6694,0.0,55895.0,57580.0,57107.0,57580.0,0.0,2.0,1545.0,1434.0,8.6694,100.0,415.0,457.0,0.0,1434.0,202.0,204.0,0.0,0.9591,7.5801,0.6832,0.08,0.0,0.0,7.5801,0.6832,0.08,0.0,0.0,8.6694,0.0
2021-04-01,21:00,HSWLBSC02,34538.0,34538_Green View Housing Colony Sahiwal (3G-CII-3700),96.0,4538_Green View Housing Colony Sahiwal (3G-CII-3700),SAHIWAL_CLUSTER_02_Rural,100%,0.0,50.0,2.0,68.0,0.0,349.0,39.0,46.0,0.0,21.0,2.7333,2.0,18286.0,18526.0,18269.0,18526.0,2.0,3.0,349.0,328.0,2.7333,100.0,204.0,222.0,2.0,328.0,49.0,50.0,0.0,1.7702,6.0348,0.92,0.1253,0.0,0.0,6.0348,0.92,0.1253,0.0,0.0,2.7333,2.0
2021-04-01,21:00,HSWLBSC02,24538.0,24538_Green View Housing Colony Sahiwal (3G-CII-3700),95.0,4538_Green View Housing Colony Sahiwal (3G-CII-3700),SAHIWAL_CLUSTER_02_Rural,100%,0.0,43.0,0.0,49.0,0.0,236.0,14.0,14.0,0.0,6.0,2.4486,0.0,16492.0,16806.0,16790.0,16806.0,2.0,2.0,236.0,217.0,2.4486,100.0,76.0,91.0,2.0,217.0,43.0,43.0,0.0,0.0,6.0408,0.5554,0.0,0.0,0.0,6.0408,0.5554,0.0,0.0,0.0,2.4486,0.0
2021-04-01,21:00,HSWLBSC02,14538.0,14538_Green View Housing Colony Sahiwal (3G-CII-3700),93.0,4538_Green View Housing Colony Sahiwal (3G-CII-3700),SAHIWAL_CLUSTER_02_Rural,100%,0.0,42.0,0.0,51.0,0.0,189.0,16.0,17.0,0.0,9.0,3.6375,0.0,25364.0,26116.0,25977.0,26116.0,0.0,0.0,189.0,168.0,3.6375,100.0,68.0,88.0,0.0,168.0,42.0,42.0,4.0722,6.598,4.3182,0.5267,0.131,0.0535,0.1578,4.3182,0.5267,0.131,0.0535,0.1578,3.6375,0.0
2021-04-01,21:00,HSWLBSC02,12635.0,CII-2635-1_Philip Morric (Micro) Sahiwal (3G-CII-4120),87.0,CII-2635_Philip Morric (Micro) Sahiwal (3G-CII-4120),SAHIWAL_CLUSTER_02_Rural,100%,0.0,9.0,0.0,16.0,0.0,81.0,13.0,14.0,0.0,7.0,0.2389,0.0,1260.0,1265.0,1228.0,1265.0,0.0,0.0,81.0,81.0,0.2389,100.0,20.0,20.0,0.0,81.0,9.0,9.0,0.0,0.0,10.0213,0.0,0.0,0.0,0.0,10.0213,0.0,0.0,0.0,0.0,0.2389,0.0
2021-04-01,21:00,HSWLBSC02,35266.0,35266_Chak No 55 GD Sahiwal,83.0,5266_Chak No 55 GD Sahiwal,SAHIWAL_CLUSTER_02_Rural,100%,0.0,43.0,2.0,67.0,0.0,202.0,44.0,51.0,0.0,29.0,1.55,2.0,8783.0,9312.0,8766.0,9312.0,0.0,2.0,202.0,194.0,1.55,100.0,80.0,82.0,0.0,194.0,41.0,43.0,0.1162,0.1162,6.8693,0.0053,0.0,0.0,0.008,6.8693,0.0053,0.0,0.0,0.008,1.55,2.0
2021-04-01,21:00,HSWLBSC02,25266.0,25266_Chak No 55 GD Sahiwal,82.0,5266_Chak No 55 GD Sahiwal,SAHIWAL_CLUSTER_02_Rural,100%,0.0,9.0,0.0,22.0,0.0,94.0,26.0,27.0,0.0,13.0,0.3111,0.0,1808.0,1989.0,1904.0,1989.0,0.0,0.0,94.0,86.0,0.3111,100.0,26.0,30.0,0.0,86.0,9.0,9.0,0.0,0.0308,8.4546,0.2112,0.0027,0.0,0.0,8.4546,0.2112,0.0027,0.0,0.0,0.3111,0.0
2021-04-01,21:00,HSWLBSC02,15266.0,15266_Chak No 55 GD Sahiwal,81.0,5266_Chak No 55 GD Sahiwal,SAHIWAL_CLUSTER_02_Rural,100%,0.0,60.0,2.0,63.0,0.0,581.0,8.0,9.0,0.0,3.0,1.8236,2.0,10228.0,10724.0,10700.0,10724.0,2.0,2.0,581.0,551.0,1.8236,100.0,349.0,357.0,2.0,551.0,60.0,60.0,1.0654,3.4245,6.232,0.536,0.1653,0.0533,0.0213,6.232,0.536,0.1653,0.0533,0.0213,1.8236,2.0
2021-04-01,21:00,HSWLBSC02,35265.0,35265_Noor Shah City Sahiwal,80.0,5265_Noor Shah City Sahiwal,SAHIWAL_CLUSTER_02_Rural,100%,0.0,25.0,0.0,42.0,0.0,154.0,19.0,21.0,0.0,18.0,1.8278,0.0,12233.0,12289.0,12278.0,12289.0,0.0,0.0,154.0,134.0,1.8278,100.0,74.0,94.0,0.0,134.0,25.0,25.0,0.0724,0.0724,7.3253,0.0267,0.0,0.0,0.0053,7.3253,0.0267,0.0,0.0,0.0053,1.8278,0.0
2021-04-01,21:00,HSWLBSC02,14814.0,14814_Harappa Sahiwal,8.0,4814_Harappa Sahiwal,SAHIWAL_CLUSTER_02_Rural,100%,0.0,38.0,0.0,47.0,0.0,84.0,19.0,20.0,0.0,9.0,1.0667,0.0,6074.0,6081.0,6074.0,6081.0,0.0,0.0,84.0,84.0,1.0667,100.0,63.0,63.0,0.0,84.0,38.0,38.0,0.0312,0.0781,16.6878,0.2381,0.0079,0.0,0.0053,16.6878,0.2381,0.0079,0.0,0.0053,1.0667,0.0
2021-04-01,21:00,HSWLBSC02,25265.0,25265_Noor Shah City Sahiwal,79.0,5265_Noor Shah City Sahiwal,SAHIWAL_CLUSTER_02_Rural,100%,0.0,36.0,1.0,48.0,0.0,176.0,23.0,27.0,0.0,13.0,2.4431,1.0,17081.0,17180.0,16682.0,17180.0,1.0,1.0,176.0,153.0,2.4431,100.0,56.0,74.0,1.0,153.0,36.0,36.0,0.0,0.0747,7.1132,0.0187,0.0053,0.0,0.0,7.1132,0.0187,0.0053,0.0,0.0,2.4431,1.0
2021-04-01,21:00,HSWLBSC02,15265.0,15265_Noor Shah City Sahiwal,78.0,5265_Noor Shah City Sahiwal,SAHIWAL_CLUSTER_02_Rural,100%,0.0,28.0,1.0,31.0,0.0,145.0,14.0,19.0,0.0,4.0,1.0069,1.0,6248.0,6609.0,6590.0,6609.0,3.0,4.0,145.0,130.0,1.0069,100.0,43.0,57.0,3.0,130.0,27.0,28.0,0.3277,0.5572,7.2453,0.8453,0.0187,0.0133,0.0133,7.2453,0.8453,0.0187,0.0133,0.0133,1.0069,1.0
2021-04-01,21:00,HSWLBSC02,34533.0,34533_Chak No 92 R Sahiwal,74.0,4533_Chak No 92 R Sahiwal,SAHIWAL_CLUSTER_02_Rural,100%,0.0,58.0,1.0,83.0,0.0,453.0,53.0,53.0,0.0,27.0,1.7139,1.0,9664.0,9937.0,9575.0,9937.0,0.0,2.0,453.0,378.0,1.7139,100.0,142.0,214.0,0.0,378.0,56.0,58.0,0.0,0.0307,8.617,0.0238,0.0027,0.0,0.0,8.617,0.0238,0.0027,0.0,0.0,1.7139,1.0
2021-04-01,21:00,HSWLBSC02,24533.0,24533_Chak No 92 R Sahiwal,73.0,4533_Chak No 92 R Sahiwal,SAHIWAL_CLUSTER_02_Rural,100%,0.0,31.0,1.0,54.0,0.0,259.0,46.0,47.0,0.0,23.0,1.6847,1.0,10875.0,11520.0,11195.0,11520.0,1.0,1.0,259.0,220.0,1.6847,100.0,81.0,119.0,1.0,220.0,31.0,31.0,0.0,0.2856,7.8677,0.4445,0.0238,0.0,0.0,7.8677,0.4445,0.0238,0.0,0.0,1.6847,1.0
2021-04-01,21:00,HSWLBSC02,14533.0,14533_Chak No 92 R Sahiwal,72.0,4533_Chak No 92 R Sahiwal,SAHIWAL_CLUSTER_02_Rural,100%,0.0,221.0,6.0,248.0,0.0,1087.0,60.0,60.0,0.0,32.0,6.2847,6.0,37400.0,39971.0,37862.0,39971.0,4.0,9.0,1087.0,961.0,6.2847,100.0,330.0,412.0,4.0,961.0,216.0,221.0,0.0,1.4885,9.3242,0.6964,0.1514,0.0,0.0,9.3242,0.6964,0.1514,0.0,0.0,6.2847,6.0
2021-04-01,21:00,HSWLBSC02,34814.0,34814_Harappa Sahiwal,7.0,4814_Harappa Sahiwal,SAHIWAL_CLUSTER_02_Rural,100%,0.0,28.0,0.0,43.0,0.0,121.0,29.0,29.0,0.0,15.0,1.2014,0.0,7826.0,8005.0,7931.0,8005.0,0.0,0.0,121.0,105.0,1.2014,100.0,44.0,60.0,0.0,105.0,28.0,28.0,0.0,0.0,20.1516,0.1968,0.0,0.0,0.0,20.1516,0.1968,0.0,0.0,0.0,1.2014,0.0
2021-04-01,21:00,HSWLBSC02,24524.0,24524_Jhaal Road Sahiwal (3G-CII-3696),61.0,4524_Jhaal Road Sahiwal (3G-CII-3696),SAHIWAL_CLUSTER_02_Rural,100%,0.0,44.0,0.0,59.0,0.0,162.0,30.0,32.0,0.0,15.0,1.6139,0.0,10464.0,10546.0,10500.0,10546.0,0.0,0.0,162.0,153.0,1.6139,100.0,66.0,75.0,0.0,153.0,44.0,44.0,0.0,0.0149,17.9258,0.024,0.0027,0.0,0.0,17.9258,0.024,0.0027,0.0,0.0,1.6139,0.0
2021-04-01,21:00,HSWLBSC02,14524.0,14524_Jhaal Road Sahiwal (3G-CII-3696),60.0,4524_Jhaal Road Sahiwal (3G-CII-3696),SAHIWAL_CLUSTER_02_Rural,100%,0.0,86.0,0.0,108.0,0.0,480.0,47.0,51.0,0.0,23.0,6.4708,0.0,44160.0,45431.0,44693.0,45431.0,0.0,0.0,480.0,465.0,6.4708,100.0,156.0,168.0,0.0,465.0,86.0,86.0,5.6009,46.5502,8.9611,0.5315,7.2725,0.9947,0.0,8.9611,0.5315,7.2725,0.9947,0.0,6.4708,0.0
2021-04-01,21:00,HSWLBSC02,24814.0,24814_Harappa Sahiwal,6.0,4814_Harappa Sahiwal,SAHIWAL_CLUSTER_02_Rural,100%,0.0,79.0,0.0,102.0,0.0,355.0,48.0,48.0,0.0,23.0,1.7875,0.0,10948.0,11091.0,10967.0,11091.0,0.0,0.0,355.0,343.0,1.7875,100.0,186.0,198.0,0.0,343.0,79.0,79.0,0.0,0.0,12.844000000000001,0.0212,0.0,0.0,0.0,12.844000000000001,0.0212,0.0,0.0,0.0,1.7875,0.0
2021-04-01,21:00,HSWLBSC02,34820.0,34820_Harrapa Sahiwal,59.0,4820_Harrapa Sahiwal,SAHIWAL_CLUSTER_02_Rural,100%,0.0,176.0,0.0,235.0,0.0,476.0,117.0,117.0,0.0,59.0,15.3361,0.0,104366.0,107267.0,105896.0,107267.0,0.0,0.0,476.0,443.0,15.3361,100.0,290.0,317.0,0.0,443.0,176.0,176.0,0.0571,0.8729,8.3067,0.1983,0.07,0.0,0.0049,8.3067,0.1983,0.07,0.0,0.0049,15.3361,0.0
2021-04-01,21:00,HSWLBSC02,24820.0,24820_Harrapa Sahiwal,58.0,4820_Harrapa Sahiwal,SAHIWAL_CLUSTER_02_Rural,100%,0.0,147.0,0.0,194.0,0.0,469.0,94.0,95.0,0.0,47.0,5.2431,0.0,34640.0,35380.0,34591.0,35380.0,0.0,0.0,469.0,442.0,5.2431,100.0,312.0,336.0,0.0,442.0,147.0,147.0,0.1905,0.3483,8.133,0.2649,0.0133,0.0028,0.0133,8.133,0.2649,0.0133,0.0028,0.0133,5.2431,0.0
2021-04-01,21:00,HSWLBSC02,14820.0,14820_Harrapa Sahiwal,57.0,4820_Harrapa Sahiwal,SAHIWAL_CLUSTER_02_Rural,100%,0.0,64.0,1.0,100.0,0.0,308.0,75.0,78.0,0.0,37.0,2.4319,1.0,14519.0,15309.0,14913.0,15309.0,0.0,1.0,308.0,287.0,2.4319,100.0,110.0,121.0,0.0,287.0,63.0,64.0,0.0411,0.0411,6.2487,0.2261,0.0,0.0,0.0027,6.2487,0.2261,0.0,0.0,0.0027,2.4319,1.0
2021-04-01,21:00,HSWLBSC02,36956.0,36956_Yusufwala Sahiwal (3G-CII-4072),56.0,6956_Yusufwala Sahiwal (3G-CII-4072),SAHIWAL_CLUSTER_02_Rural,100%,0.0,60.0,0.0,74.0,0.0,170.0,29.0,29.0,0.0,14.0,1.7708,0.0,11104.0,11470.0,11452.0,11470.0,0.0,0.0,170.0,159.0,1.7708,100.0,88.0,99.0,0.0,159.0,60.0,60.0,0.0552,0.0552,9.6415,0.0213,0.0,0.0027,0.0027,9.6415,0.0213,0.0,0.0027,0.0027,1.7708,0.0
2021-04-01,21:00,HSWLBSC02,26956.0,26956_Yusufwala Sahiwal (3G-CII-4072),55.0,6956_Yusufwala Sahiwal (3G-CII-4072),SAHIWAL_CLUSTER_02_Rural,100%,0.0,46.0,2.0,76.0,0.0,263.0,59.0,60.0,0.0,31.0,3.0431,2.0,20492.0,20529.0,20110.0,20529.0,1.0,1.0,263.0,237.0,3.0431,100.0,88.0,112.0,1.0,237.0,46.0,46.0,0.0,0.1169,6.6925,0.1578,0.008,0.0,0.0,6.6925,0.1578,0.008,0.0,0.0,3.0431,2.0
2021-04-01,21:00,HSWLBSC02,16956.0,16956_Yusufwala Sahiwal (3G-CII-4072),54.0,6956_Yusufwala Sahiwal (3G-CII-4072),SAHIWAL_CLUSTER_02_Rural,100%,0.0,78.0,4.0,185.0,0.0,432.0,202.0,219.0,0.0,110.0,3.4486,4.0,20939.0,22382.0,22036.0,22382.0,0.0,2.0,432.0,424.0,3.4486,100.0,138.0,142.0,0.0,424.0,76.0,78.0,0.0,0.0401,13.1815,0.139,0.0054,0.0,0.0,13.1815,0.139,0.0054,0.0,0.0,3.4486,4.0
2021-04-01,21:00,HSWLBSC02,24527.0,24527_Habib Town Sahiwal (3G-CII-3583),46.0,4527_Habib Town Sahiwal (3G-CII-3583),SAHIWAL_CLUSTER_02_Rural,100%,0.0,55.0,1.0,82.0,0.0,160.0,59.0,61.0,0.0,28.0,2.7069,1.0,17889.0,18348.0,18200.0,18348.0,0.0,0.0,160.0,144.0,2.7069,100.0,76.0,85.0,0.0,144.0,55.0,55.0,0.0,1.1668,5.5321,1.4893,0.0829,0.0,0.0,5.5321,1.4893,0.0829,0.0,0.0,2.7069,1.0
2021-04-01,21:00,HSWLBSC02,14527.0,14527_Habib Town Sahiwal (3G-CII-3583),45.0,4527_Habib Town Sahiwal (3G-CII-3583),SAHIWAL_CLUSTER_02_Rural,100%,0.0,85.0,3.0,124.0,0.0,262.0,76.0,80.0,0.0,39.0,3.1292,3.0,20111.0,20340.0,20294.0,20340.0,0.0,1.0,262.0,257.0,3.1292,100.0,151.0,153.0,0.0,257.0,84.0,85.0,0.0269,0.9707,9.1709,0.6466,0.0936,0.0027,0.0,9.1709,0.6466,0.0936,0.0027,0.0,3.1292,3.0
2021-04-01,21:00,HSWLBSC02,14523.0,14523_Old Civil Line Sahiwal (3G-CII-3580),42.0,4523_Old Civil Line Sahiwal (3G-CII-3580),SAHIWAL_CLUSTER_02_Rural,100%,0.0,24.0,0.0,67.0,0.0,115.0,67.0,68.0,0.0,43.0,2.1597,0.0,15218.0,15348.0,15206.0,15348.0,0.0,0.0,115.0,112.0,2.1597,100.0,37.0,39.0,0.0,112.0,24.0,24.0,0.0296,0.0591,8.4693,0.56,0.0027,0.0027,0.0,8.4693,0.56,0.0027,0.0027,0.0,2.1597,0.0
2021-04-01,21:00,HSWLBSC02,24521.0,24521_Ghalla Mandi Sahiwal (3G-CII-3695),40.0,4521_Ghalla Mandi Sahiwal (3G-CII-3695),SAHIWAL_CLUSTER_02_Rural,100%,0.0,31.0,0.0,54.0,0.0,141.0,37.0,38.0,0.0,23.0,3.2458,0.0,21176.0,21324.0,21308.0,21324.0,0.0,0.0,141.0,130.0,3.2458,100.0,54.0,64.0,0.0,130.0,31.0,31.0,0.0285,1.1963,7.9628,1.2633,0.1091,0.0027,0.0,7.9628,1.2633,0.1091,0.0027,0.0,3.2458,0.0
2021-04-01,21:00,HSWLBSC02,32164.0,CII-2164-3_Chak No 108 R Sahiwal,268.0,CII-2164_Chak No 108 R Sahiwal,SAHIWAL_CLUSTER_02_Rural,100%,0.0,37.0,0.0,90.0,0.0,373.0,101.0,109.0,0.0,53.0,1.1375,0.0,6491.0,7221.0,7173.0,7221.0,1.0,1.0,373.0,361.0,1.1375,100.0,127.0,130.0,1.0,361.0,37.0,37.0,0.0,0.0339,15.2909,0.2865,0.0053,0.0,0.0,15.2909,0.2865,0.0053,0.0,0.0,1.1375,0.0
2021-04-01,21:00,HSWLBSC02,22164.0,CII-2164-2_Chak No 108 R Sahiwal,267.0,CII-2164_Chak No 108 R Sahiwal,SAHIWAL_CLUSTER_02_Rural,100%,0.0,50.0,0.0,90.0,0.0,154.0,82.0,83.0,0.0,42.0,3.9958,0.0,28029.0,28347.0,28165.0,28347.0,0.0,1.0,154.0,146.0,3.9958,100.0,69.0,76.0,0.0,146.0,49.0,50.0,0.0,0.4946,17.0442,0.5128,0.0873,0.0,0.0,17.0442,0.5128,0.0873,0.0,0.0,3.9958,0.0
2021-04-01,21:00,HSWLBSC02,12164.0,CII-2164-1_Chak No 108 R Sahiwal,266.0,CII-2164_Chak No 108 R Sahiwal,SAHIWAL_CLUSTER_02_Rural,100%,0.0,20.0,0.0,67.0,0.0,424.0,91.0,91.0,0.0,47.0,1.0806,0.0,6983.0,7178.0,6850.0,7178.0,0.0,0.0,424.0,383.0,1.0806,100.0,57.0,90.0,0.0,383.0,20.0,20.0,0.0,0.0389,13.2101,0.4458,0.0053,0.0,0.0,13.2101,0.4458,0.0053,0.0,0.0,1.0806,0.0
2021-04-01,21:00,HSWLBSC02,32165.0,CII-2165-3_Chak No 99 L Sahiwal,265.0,CII-2165_Chak No 99 L Sahiwal,SAHIWAL_CLUSTER_02_Rural,100%,0.0,56.0,0.0,70.0,0.0,473.0,25.0,32.0,0.0,15.0,0.7417,0.0,3698.0,3822.0,3765.0,3822.0,0.0,0.0,473.0,452.0,0.7417,100.0,74.0,89.0,0.0,452.0,56.0,56.0,0.0,0.0,9.0174,0.0266,0.0,0.0,0.0,9.0174,0.0266,0.0,0.0,0.0,0.7417,0.0
2021-04-01,21:00,HSWLBSC02,22165.0,CII-2165-2_Chak No 99 L Sahiwal,264.0,CII-2165_Chak No 99 L Sahiwal,SAHIWAL_CLUSTER_02_Rural,100%,0.0,27.0,0.0,38.0,0.0,258.0,22.0,22.0,0.0,12.0,0.5694,0.0,3473.0,3477.0,3453.0,3477.0,0.0,1.0,258.0,246.0,0.5694,100.0,45.0,51.0,0.0,246.0,26.0,27.0,0.0,0.1909,8.125,0.2181,0.016,0.0,0.0,8.125,0.2181,0.016,0.0,0.0,0.5694,0.0
2021-04-01,21:00,HSWLBSC02,12165.0,CII-2165-1_Chak No 99 L Sahiwal,263.0,CII-2165_Chak No 99 L Sahiwal,SAHIWAL_CLUSTER_02_Rural,100%,0.0,0.0,0.0,0.0,0.0,10.0,0.0,0.0,0.0,0.0,0.0,0.0,0.0,0.0,0.0,0.0,0.0,0.0,10.0,7.0,0.0,100.0,0.0,3.0,0.0,7.0,0.0,0.0,0.0,0.1639,9.4096,0.3112,0.016,0.0,0.0,9.4096,0.3112,0.016,0.0,0.0,0.0,0.0
2021-04-01,21:00,HSWLBSC02,32166.0,CII-2166-3_Basti Vakilan Sahiwal (3G-CII-4088),250.0,CII-2166_Basti Vakilan Sahiwal (3G-CII-4088),SAHIWAL_CLUSTER_02_Rural,100%,0.0,14.0,0.0,37.0,0.0,150.0,42.0,46.0,0.0,24.0,0.6319,0.0,3991.0,4122.0,4120.0,4122.0,1.0,1.0,150.0,146.0,0.6319,100.0,33.0,35.0,1.0,146.0,14.0,14.0,0.0,0.0791,10.0107,0.1177,0.008,0.0,0.0,10.0107,0.1177,0.008,0.0,0.0,0.6319,0.0
2021-04-01,21:00,HSWLBSC02,22166.0,CII-2166-2_Basti Vakilan Sahiwal (3G-CII-4088),249.0,CII-2166_Basti Vakilan Sahiwal (3G-CII-4088),SAHIWAL_CLUSTER_02_Rural,100%,0.0,24.0,1.0,38.0,0.0,400.0,28.0,30.0,0.0,14.0,3.0542,1.0,20675.0,21470.0,21053.0,21470.0,0.0,0.0,400.0,379.0,3.0542,100.0,57.0,71.0,0.0,379.0,24.0,24.0,0.0446,0.0446,5.9413,0.0427,0.0,0.0,0.0027,5.9413,0.0427,0.0,0.0,0.0027,3.0542,1.0
2021-04-01,21:00,HSWLBSC02,12166.0,CII-2166-1_Basti Vakilan Sahiwal (3G-CII-4088),248.0,CII-2166_Basti Vakilan Sahiwal (3G-CII-4088),SAHIWAL_CLUSTER_02_Rural,100%,0.0,57.0,2.0,119.0,0.0,351.0,110.0,117.0,0.0,63.0,1.8403,2.0,10737.0,11682.0,11596.0,11682.0,0.0,2.0,351.0,321.0,1.8403,100.0,141.0,165.0,0.0,321.0,55.0,57.0,0.0,0.0,7.3369,0.0187,0.0,0.0,0.0,7.3369,0.0187,0.0,0.0,0.0,1.8403,2.0
2021-04-01,21:00,HSWLBSC02,25828.0,25828_Chak No 85 R (Gold) Sahiwal (3G-CII-3721),228.0,5828_Chak No 85 R (Gold) Sahiwal (3G-CII-3721),SAHIWAL_CLUSTER_02_Rural,100%,0.0,44.0,1.0,78.0,0.0,221.0,54.0,56.0,0.0,34.0,2.5708,1.0,16699.0,17150.0,17025.0,17150.0,0.0,0.0,221.0,211.0,2.5708,100.0,66.0,76.0,0.0,211.0,44.0,44.0,0.4428,3.6441,5.9364,1.6282,0.2513,0.0267,0.008,5.9364,1.6282,0.2513,0.0267,0.008,2.5708,1.0
2021-04-01,21:00,HSWLBSC02,15828.0,15828_Chak No 85 R (Gold) Sahiwal (3G-CII-3721),227.0,5828_Chak No 85 R (Gold) Sahiwal (3G-CII-3721),SAHIWAL_CLUSTER_02_Rural,100%,0.0,23.0,0.0,31.0,0.0,104.0,6.0,7.0,0.0,5.0,1.4708,0.0,9838.0,10046.0,10046.0,10046.0,0.0,0.0,104.0,102.0,1.4708,100.0,35.0,37.0,0.0,102.0,23.0,23.0,0.0,0.0357,7.3449,0.139,0.0027,0.0,0.0,7.3449,0.139,0.0027,0.0,0.0,1.4708,0.0
2021-04-01,21:00,HSWLBSC02,35826.0,35826_Farid Town Sahiwal (3G-CII-3588),221.0,5826_Farid Town Sahiwal (3G-CII-3588),SAHIWAL_CLUSTER_02_Rural,100%,0.0,68.0,1.0,102.0,0.0,874.0,74.0,85.0,0.0,35.0,3.1222,1.0,20412.0,20777.0,20732.0,20777.0,0.0,3.0,874.0,868.0,3.1222,100.0,786.0,792.0,0.0,868.0,65.0,68.0,0.0,0.1591,14.9811,0.0827,0.024,0.0,0.0,14.9811,0.0827,0.024,0.0,0.0,3.1222,1.0
2021-04-01,21:00,HSWLBSC02,36961.0,36961_Chak No 73 R Sahiwal,207.0,6961_Chak No 73 R Sahiwal,SAHIWAL_CLUSTER_02_Rural,100%,0.0,64.0,2.0,94.0,0.0,202.0,64.0,66.0,0.0,30.0,1.1583,2.0,6539.0,6916.0,6783.0,6916.0,1.0,1.0,202.0,201.0,1.1583,100.0,113.0,113.0,1.0,201.0,64.0,64.0,0.0,0.0,9.6931,0.0,0.0,0.0,0.0,9.6931,0.0,0.0,0.0,0.0,1.1583,2.0
2021-04-01,21:00,HSWLBSC02,26961.0,26961_Chak No 73 R Sahiwal,206.0,6961_Chak No 73 R Sahiwal,SAHIWAL_CLUSTER_02_Rural,100%,0.0,86.0,2.0,164.0,0.0,523.0,157.0,165.0,0.0,79.0,3.9903,2.0,25466.0,26428.0,25477.0,26429.0,0.0,0.0,523.0,507.0,3.9903,100.0,361.0,376.0,0.0,507.0,86.0,86.0,0.3488,0.6975,9.4559,0.4412,0.0348,0.008,0.0267,9.4559,0.4412,0.0348,0.008,0.0267,3.9903,2.0
2021-04-01,21:00,HSWLBSC02,16961.0,16961_Chak No 73 R Sahiwal,205.0,6961_Chak No 73 R Sahiwal,SAHIWAL_CLUSTER_02_Rural,100%,0.0,33.0,0.0,41.0,0.0,153.0,14.0,15.0,0.0,8.0,0.5139,0.0,2472.0,2561.0,2546.0,2561.0,0.0,0.0,153.0,128.0,0.5139,100.0,52.0,77.0,0.0,128.0,33.0,33.0,0.0,0.0,8.4788,0.0106,0.0,0.0,0.0,8.4788,0.0106,0.0,0.0,0.0,0.5139,0.0
2021-04-01,21:00,HSWLBSC02,35513.0,35513_Chak No 100 R Sahiwal,202.0,5513_Chak No 100 R Sahiwal,SAHIWAL_CLUSTER_02_Rural,100%,0.0,50.0,0.0,96.0,0.0,308.0,84.0,87.0,0.0,47.0,2.4847,0.0,15995.0,16355.0,16221.0,16355.0,13.0,14.0,308.0,260.0,2.4847,100.0,164.0,200.0,13.0,260.0,49.0,50.0,0.0,1.6032,8.6622,3.0904,0.1915,0.0,0.0,8.6622,3.0904,0.1915,0.0,0.0,2.4847,0.0
2021-04-01,21:00,HSWLBSC02,25513.0,25513_Chak No 100 R Sahiwal,201.0,5513_Chak No 100 R Sahiwal,SAHIWAL_CLUSTER_02_Rural,100%,0.0,35.0,1.0,59.0,0.0,226.0,46.0,48.0,0.0,25.0,2.925,1.0,20017.0,20724.0,20311.0,20724.0,0.0,1.0,226.0,195.0,2.925,100.0,59.0,90.0,0.0,195.0,34.0,35.0,0.0,0.0453,5.8852,0.0107,0.0027,0.0,0.0,5.8852,0.0107,0.0027,0.0,0.0,2.925,1.0
2021-04-01,21:00,HSWLBSC02,34530.0,34530_Chand Mari Road Sahiwal (3G-CII-3586),2.0,4530_Chand Mari Road Sahiwal (3G-CII-3586),SAHIWAL_CLUSTER_02_Rural,100%,0.0,42.0,0.0,64.0,0.0,290.0,52.0,54.0,0.0,23.0,1.7722,0.0,10037.0,11399.0,11251.0,11399.0,0.0,1.0,290.0,255.0,1.7722,100.0,91.0,121.0,0.0,255.0,41.0,42.0,0.0,0.0,16.0419,0.0426,0.0,0.0,0.0,16.0419,0.0426,0.0,0.0,0.0,1.7722,0.0
2021-04-01,21:00,HSWLBSC02,15513.0,15513_Chak No 100 R Sahiwal,199.0,5513_Chak No 100 R Sahiwal,SAHIWAL_CLUSTER_02_Rural,100%,0.0,253.0,4.0,268.0,0.0,1868.0,36.0,36.0,0.0,18.0,11.6167,4.0,73923.0,78122.0,76693.0,78122.0,0.0,3.0,1868.0,1741.0,11.6167,100.0,1100.0,1166.0,0.0,1741.0,250.0,253.0,0.0,0.40399999999999997,7.4217,1.0768,0.0345,0.0,0.0,7.4217,1.0768,0.0345,0.0,0.0,11.6167,4.0
2021-04-01,21:00,HSWLBSC02,35512.0,35512_Chak No 132 L Sahiwal,196.0,5512_Chak No 132 L Sahiwal,SAHIWAL_CLUSTER_02_Rural,100%,0.0,41.0,0.0,65.0,0.0,307.0,47.0,48.0,0.0,24.0,1.4639,0.0,9193.0,9325.0,9236.0,9325.0,27.0,27.0,307.0,219.0,1.4639,100.0,103.0,116.0,27.0,219.0,41.0,41.0,0.0,0.8178,12.2636,0.2146,0.1029,0.0,0.0,12.2636,0.2146,0.1029,0.0,0.0,1.4639,0.0
2021-04-01,21:00,HSWLBSC02,25512.0,25512_Chak No 132 L Sahiwal,195.0,5512_Chak No 132 L Sahiwal,SAHIWAL_CLUSTER_02_Rural,100%,0.0,15.0,0.0,40.0,0.0,96.0,50.0,52.0,0.0,25.0,0.9194,0.0,6095.0,6193.0,6177.0,6193.0,0.0,0.0,96.0,91.0,0.9194,100.0,27.0,30.0,0.0,91.0,15.0,15.0,0.0,0.0,8.1085,0.0212,0.0,0.0,0.0,8.1085,0.0212,0.0,0.0,0.0,0.9194,0.0
2021-04-01,21:00,HSWLBSC02,35278.0,35278_Chak No 180 L Sahiwal,194.0,5278_Chak No 180 L Sahiwal,SAHIWAL_CLUSTER_02_Rural,100%,0.0,54.0,0.0,72.0,0.0,458.0,30.0,31.0,0.0,18.0,3.7792,0.0,26227.0,26485.0,25667.0,26485.0,1.0,1.0,458.0,434.0,3.7792,100.0,116.0,117.0,1.0,434.0,54.0,54.0,0.0,0.0332,15.9339,0.0132,0.0053,0.0,0.0,15.9339,0.0132,0.0053,0.0,0.0,3.7792,0.0
2021-04-01,21:00,HSWLBSC02,25278.0,25278_Chak No 180 L Sahiwal,193.0,5278_Chak No 180 L Sahiwal,SAHIWAL_CLUSTER_02_Rural,100%,0.0,59.0,1.0,76.0,0.0,395.0,34.0,34.0,0.0,17.0,2.7264,1.0,17870.0,18296.0,17770.0,18296.0,0.0,0.0,395.0,369.0,2.7264,100.0,223.0,235.0,0.0,369.0,59.0,59.0,0.0211,0.0423,12.4206,0.1111,0.0027,0.0027,0.0,12.4206,0.1111,0.0027,0.0027,0.0,2.7264,1.0
2021-04-01,21:00,HSWLBSC02,15512.0,15512_Chak No 132 L Sahiwal,188.0,5512_Chak No 132 L Sahiwal,SAHIWAL_CLUSTER_02_Rural,100%,0.0,68.0,1.0,98.0,0.0,497.0,54.0,57.0,0.0,32.0,4.4847,1.0,31269.0,31394.0,31101.0,31394.0,0.0,0.0,497.0,466.0,4.4847,100.0,217.0,242.0,0.0,466.0,68.0,68.0,0.0,0.0,2.4343,0.0531,0.0,0.0,0.0,2.4343,0.0531,0.0,0.0,0.0,4.4847,1.0
2021-04-01,21:00,HSWLBSC02,15278.0,15278_Chak No 180 L Sahiwal,187.0,5278_Chak No 180 L Sahiwal,SAHIWAL_CLUSTER_02_Rural,100%,0.0,27.0,0.0,51.0,0.0,134.0,48.0,49.0,0.0,26.0,1.6611,0.0,10938.0,11124.0,10622.0,11124.0,1.0,2.0,134.0,131.0,1.6611,100.0,37.0,40.0,1.0,131.0,26.0,27.0,0.0511,0.5626,19.6931,0.8783,0.1058,0.0106,0.0,19.6931,0.8783,0.1058,0.0106,0.0,1.6611,0.0
2021-04-01,21:00,HSWLBSC02,34518.0,34518_Farid Town Sahiwal (3G-CII-3578),175.0,4518_Farid Town Sahiwal (3G-CII-3578),SAHIWAL_CLUSTER_02_Rural,100%,0.0,69.0,1.0,145.0,0.0,434.0,150.0,152.0,0.0,76.0,3.7069,1.0,23305.0,24165.0,23893.0,24165.0,1.0,1.0,434.0,398.0,3.7069,100.0,129.0,160.0,1.0,398.0,69.0,69.0,0.0528,0.2466,14.9538,0.1736,0.0294,0.0053,0.0027,14.9538,0.1736,0.0294,0.0053,0.0027,3.7069,1.0
2021-04-01,21:00,HSWLBSC02,14518.0,14518_Farid Town Sahiwal (3G-CII-3578),167.0,4518_Farid Town Sahiwal (3G-CII-3578),SAHIWAL_CLUSTER_02_Rural,100%,0.0,129.0,0.0,186.0,0.0,1316.0,119.0,119.0,0.0,58.0,4.6347,0.0,28990.0,29548.0,29332.0,29548.0,1.0,2.0,1316.0,698.0,4.6347,100.0,208.0,208.0,1.0,698.0,128.0,129.0,0.0167,0.833,12.0798,3.9622,0.1321,0.0027,0.0,12.0798,3.9622,0.1321,0.0027,0.0,4.6347,0.0
2021-04-01,21:00,HSWLBSC02,24537.0,24537_Model Town Sahiwal (3G-CII-3587),164.0,4537_Model Town Sahiwal (3G-CII-3587),SAHIWAL_CLUSTER_02_Rural,100%,0.0,32.0,0.0,60.0,0.0,270.0,55.0,56.0,0.0,29.0,1.2403,0.0,8372.0,8473.0,8442.0,8473.0,6.0,6.0,270.0,237.0,1.2403,100.0,91.0,92.0,6.0,237.0,32.0,32.0,0.0,0.4243,8.9813,7.9599,0.0722,0.0,0.0,8.9813,7.9599,0.0722,0.0,0.0,1.2403,0.0
2021-04-01,21:00,HSWLBSC02,24525.0,24525_Ansaar Gali Sahiwal (3G-CII-3581),160.0,4525_Ansaar Gali Sahiwal (3G-CII-3581),SAHIWAL_CLUSTER_02_Rural,100%,0.0,19.0,0.0,30.0,0.0,77.0,12.0,13.0,0.0,11.0,0.5972,0.0,3352.0,3426.0,3412.0,3426.0,0.0,0.0,77.0,71.0,0.5972,100.0,27.0,27.0,0.0,71.0,19.0,19.0,0.1127,1.8319999999999999,8.5413,0.7467,0.1627,0.0107,0.0,8.5413,0.7467,0.1627,0.0107,0.0,0.5972,0.0
2021-04-01,21:00,HSWLBSC02,35511.0,35511_Chak No 138 L Sahiwal,154.0,5511_Chak No 138 L Sahiwal,SAHIWAL_CLUSTER_02_Rural,100%,0.0,37.0,0.0,49.0,0.0,190.0,23.0,23.0,0.0,12.0,3.5194,0.0,24850.0,25139.0,25117.0,25139.0,0.0,0.0,190.0,187.0,3.5194,100.0,129.0,132.0,0.0,187.0,37.0,37.0,0.6791,2.0959,11.3655,0.3248,0.1692,0.0757,0.0054,11.3655,0.3248,0.1692,0.0757,0.0054,3.5194,0.0
2021-04-01,21:00,HSWLBSC02,25511.0,25511_Chak No 138 L Sahiwal,153.0,5511_Chak No 138 L Sahiwal,SAHIWAL_CLUSTER_02_Rural,100%,0.0,65.0,1.0,124.0,0.0,347.0,117.0,122.0,0.0,61.0,3.1139,1.0,20421.0,20979.0,20724.0,20979.0,1.0,1.0,347.0,314.0,3.1139,100.0,87.0,110.0,1.0,314.0,65.0,65.0,0.0,0.0,6.8883,0.0,0.0,0.0,0.0,6.8883,0.0,0.0,0.0,0.0,3.1139,1.0
2021-04-01,21:00,HSWLBSC02,15511.0,15511_Chak No 138 L Sahiwal,152.0,5511_Chak No 138 L Sahiwal,SAHIWAL_CLUSTER_02_Rural,100%,0.0,14.0,0.0,21.0,0.0,165.0,12.0,13.0,0.0,7.0,0.3,0.0,1619.0,1775.0,1772.0,1775.0,0.0,0.0,165.0,163.0,0.3,100.0,98.0,100.0,0.0,163.0,14.0,14.0,0.0,0.0,8.809,0.0133,0.0,0.0,0.0,8.809,0.0133,0.0,0.0,0.0,0.3,0.0
2021-04-01,21:00,HSWLBSC02,35238.0,35238_Chak No 58 GD Bahadar Shah Sahiwal,151.0,5238_Chak No 58 GD Bahadar Shah Sahiwal,SAHIWAL_CLUSTER_02_Rural,100%,0.0,79.0,1.0,104.0,0.0,304.0,51.0,51.0,0.0,26.0,3.0833,1.0,19571.0,20222.0,20025.0,20222.0,1.0,2.0,304.0,296.0,3.0833,100.0,128.0,136.0,1.0,296.0,78.0,79.0,0.0,0.0,7.0373,0.0187,0.0,0.0,0.0,7.0373,0.0187,0.0,0.0,0.0,3.0833,1.0
2021-04-01,21:00,HSWLBSC02,25238.0,25238_Chak No 58 GD Bahadar Shah Sahiwal,150.0,5238_Chak No 58 GD Bahadar Shah Sahiwal,SAHIWAL_CLUSTER_02_Rural,100%,0.0,33.0,0.0,54.0,0.0,117.0,35.0,36.0,0.0,21.0,1.7847,0.0,12630.0,12664.0,12357.0,12664.0,0.0,0.0,117.0,117.0,1.7847,100.0,66.0,66.0,0.0,117.0,33.0,33.0,0.0,0.2655,6.744,0.2693,0.0187,0.0,0.0,6.744,0.2693,0.0187,0.0,0.0,1.7847,0.0
2021-04-01,21:00,HSWLBSC02,14529.0,14529_Farid Town Sahiwal (3G-CII-3585),15.0,4529_Farid Town Sahiwal (3G-CII-3585),SAHIWAL_CLUSTER_02_Rural,100%,0.0,6.0,0.0,21.0,0.0,13.0,22.0,23.0,0.0,15.0,1.0819,0.0,7808.0,7864.0,7862.0,7864.0,0.0,0.0,13.0,11.0,1.0819,100.0,7.0,9.0,0.0,11.0,6.0,6.0,0.0448,0.3736,15.8235,1.9463,0.0587,0.008,0.0,15.8235,1.9463,0.0587,0.008,0.0,1.0819,0.0
2021-04-01,21:00,HSWLBSC02,15238.0,15238_Chak No 58 GD Bahadar Shah Sahiwal,149.0,5238_Chak No 58 GD Bahadar Shah Sahiwal,SAHIWAL_CLUSTER_02_Rural,100%,0.0,40.0,0.0,56.0,0.0,508.0,36.0,44.0,0.0,16.0,2.5764,0.0,17558.0,18033.0,17810.0,18033.0,0.0,0.0,508.0,496.0,2.5764,100.0,110.0,115.0,0.0,496.0,40.0,40.0,0.0,0.0391,13.3316,0.3396,0.0054,0.0,0.0,13.3316,0.3396,0.0054,0.0,0.0,2.5764,0.0
2021-04-01,21:00,HSWLBSC02,34531.0,34531_Daewoo Terminal Sahiwal (3G-CII-3697),14.0,4531_Daewoo Terminal Sahiwal (3G-CII-3697),SAHIWAL_CLUSTER_02_Rural,100%,0.0,25.0,0.0,56.0,0.0,212.0,53.0,53.0,0.0,32.0,1.775,0.0,11446.0,11897.0,11693.0,11897.0,0.0,1.0,212.0,203.0,1.775,100.0,87.0,93.0,0.0,203.0,24.0,25.0,0.0,0.0,8.0428,0.0054,0.0,0.0,0.0,8.0428,0.0054,0.0,0.0,0.0,1.775,0.0
2021-04-01,21:00,HSWLBSC02,34816.0,34816_Nai Wala Bangla Sahiwal,139.0,4816_Nai Wala Bangla Sahiwal,SAHIWAL_CLUSTER_02_Rural,100%,0.0,31.0,1.0,50.0,0.0,379.0,37.0,41.0,0.0,19.0,2.4472,1.0,16072.0,16525.0,16214.0,16525.0,19.0,19.0,379.0,309.0,2.4472,100.0,123.0,140.0,19.0,309.0,31.0,31.0,0.4968,2.3649,12.2667,0.8347,0.2507,0.0667,0.0,12.2667,0.8347,0.2507,0.0667,0.0,2.4472,1.0
2021-04-01,21:00,HSWLBSC02,24816.0,24816_Nai Wala Bangla Sahiwal,138.0,4816_Nai Wala Bangla Sahiwal,SAHIWAL_CLUSTER_02_Rural,100%,0.0,44.0,0.0,78.0,0.0,554.0,68.0,70.0,0.0,34.0,2.0819,0.0,13476.0,13782.0,13414.0,13782.0,0.0,0.0,554.0,540.0,2.0819,100.0,262.0,268.0,0.0,540.0,44.0,44.0,0.0,0.0,7.1123,0.6096,0.0,0.0,0.0,7.1123,0.6096,0.0,0.0,0.0,2.0819,0.0
2021-04-01,21:00,HSWLBSC02,14816.0,14816_Nai Wala Bangla Sahiwal,137.0,4816_Nai Wala Bangla Sahiwal,SAHIWAL_CLUSTER_02_Rural,100%,0.0,71.0,6.0,86.0,0.0,462.0,26.0,28.0,0.0,12.0,3.4153,6.0,19280.0,21471.0,20295.0,21471.0,12.0,12.0,462.0,397.0,3.4153,100.0,182.0,213.0,12.0,397.0,71.0,71.0,0.2392,3.062,9.0224,1.784,0.3147,0.0267,0.0,9.0224,1.784,0.3147,0.0267,0.0,3.4153,6.0
2021-04-01,21:00,HSWLBSC02,35268.0,35268_Bahadar Nagar Sahiwal,130.0,5268_Bahadar Nagar Sahiwal,SAHIWAL_CLUSTER_02_Rural,100%,0.0,13.0,0.0,22.0,0.0,79.0,18.0,19.0,0.0,10.0,0.9625,0.0,5913.0,6265.0,5935.0,6265.0,0.0,0.0,79.0,65.0,0.9625,100.0,17.0,31.0,0.0,65.0,13.0,13.0,0.0,0.0,9.6011,0.016,0.0,0.0,0.0,9.6011,0.016,0.0,0.0,0.0,0.9625,0.0
2021-04-01,21:00,HSWLBSC02,25268.0,25268_Bahadar Nagar Sahiwal,129.0,5268_Bahadar Nagar Sahiwal,SAHIWAL_CLUSTER_02_Rural,100%,0.0,48.0,1.0,109.0,0.0,529.0,110.0,117.0,0.0,59.0,4.1056,1.0,26393.0,28839.0,28417.0,28839.0,2.0,2.0,529.0,501.0,4.1056,100.0,255.0,270.0,2.0,501.0,48.0,48.0,0.0,0.0,5.3603,0.1965,0.0,0.0,0.0,5.3603,0.1965,0.0,0.0,0.0,4.1056,1.0
2021-04-01,21:00,HSWLBSC02,15268.0,15268_Bahadar Nagar Sahiwal,128.0,5268_Bahadar Nagar Sahiwal,SAHIWAL_CLUSTER_02_Rural,100%,0.0,19.0,0.0,28.0,0.0,212.0,19.0,20.0,0.0,10.0,1.0306,0.0,6806.0,6894.0,6892.0,6894.0,1.0,1.0,212.0,182.0,1.0306,100.0,92.0,101.0,1.0,182.0,19.0,19.0,0.1253,0.5368,14.6187,0.2053,0.0613,0.016,0.0027,14.6187,0.2053,0.0613,0.016,0.0027,1.0306,0.0
2021-04-01,21:00,HSWLBSC02,34532.0,34532_Shadman Town Sahiwal (3G-CII-3698),126.0,4532_Shadman Town Sahiwal (3G-CII-3698),SAHIWAL_CLUSTER_02_Rural,100%,0.0,75.0,0.0,197.0,0.0,883.0,204.0,208.0,0.0,122.0,4.7806,0.0,32164.0,32640.0,32514.0,32640.0,4.0,4.0,883.0,865.0,4.7806,100.0,147.0,149.0,4.0,865.0,75.0,75.0,0.0,0.0,15.265,0.0748,0.0,0.0,0.0,15.265,0.0748,0.0,0.0,0.0,4.7806,0.0
2021-04-01,21:00,HSWLBSC02,14532.0,14532_Shadman Town Sahiwal (3G-CII-3698),124.0,4532_Shadman Town Sahiwal (3G-CII-3698),SAHIWAL_CLUSTER_02_Rural,100%,0.0,85.0,3.0,152.0,0.0,1046.0,134.0,136.0,0.0,70.0,4.5653,3.0,29288.0,30164.0,29211.0,30164.0,16.0,17.0,1046.0,1000.0,4.5653,100.0,277.0,279.0,16.0,1000.0,84.0,85.0,0.0,0.0228,7.1016,4.8479,0.0027,0.0,0.0,7.1016,4.8479,0.0027,0.0,0.0,4.5653,3.0
2021-04-01,21:00,HSWLBSC02,34539.0,34539_Chak No 89 R Sahiwal (3G-CII-3701),123.0,4539_Chak No 89 R Sahiwal (3G-CII-3701),SAHIWAL_CLUSTER_02_Rural,100%,0.0,2.0,0.0,7.0,0.0,599.0,8.0,8.0,0.0,5.0,0.0681,0.0,451.0,452.0,452.0,452.0,0.0,0.0,599.0,14.0,0.0681,100.0,7.0,7.0,0.0,14.0,2.0,2.0,0.0,0.0,3.8663,0.0481,0.0,0.0,0.0,3.8663,0.0481,0.0,0.0,0.0,0.0681,0.0
2021-04-01,21:00,HSWLBSC02,14531.0,14531_Daewoo Terminal Sahiwal (3G-CII-3697),12.0,4531_Daewoo Terminal Sahiwal (3G-CII-3697),SAHIWAL_CLUSTER_02_Rural,100%,0.0,8.0,0.0,16.0,0.0,88.0,14.0,15.0,0.0,9.0,0.4639,0.0,3154.0,3185.0,3115.0,3185.0,0.0,0.0,88.0,87.0,0.4639,100.0,21.0,22.0,0.0,87.0,8.0,8.0,0.0,0.5705,8.9057,0.8662,0.0561,0.0,0.0,8.9057,0.8662,0.0561,0.0,0.0,0.4639,0.0
2021-04-01,21:00,HSWLBSC02,34535.0,34535_Mozza Nama Sayyal Sahiwal,119.0,4535_Mozza Nama Sayyal Sahiwal,SAHIWAL_CLUSTER_02_Rural,100%,0.0,80.0,7.0,99.0,0.0,355.0,36.0,36.0,0.0,22.0,2.5653,7.0,14481.0,15097.0,14205.0,15097.0,0.0,4.0,355.0,290.0,2.5653,100.0,112.0,139.0,0.0,290.0,76.0,80.0,34.0723,100.0,0.0,0.0,8.4749,0.496,3.8839,0.0,0.0,8.4749,0.496,3.8839,2.5653,7.0
2021-04-01,21:00,HSWLBSC02,24535.0,24535_Mozza Nama Sayyal Sahiwal,118.0,4535_Mozza Nama Sayyal Sahiwal,SAHIWAL_CLUSTER_02_Rural,100%,0.0,42.0,1.0,58.0,0.0,163.0,30.0,30.0,0.0,16.0,1.5931,1.0,8383.0,9834.0,9452.0,9834.0,0.0,0.0,163.0,137.0,1.5931,100.0,81.0,101.0,0.0,137.0,42.0,42.0,0.0,0.0,7.2586,0.1214,0.0,0.0,0.0,7.2586,0.1214,0.0,0.0,0.0,1.5931,1.0
2021-04-01,21:00,HSWLBSC02,14539.0,14539_Chak No 89 R Sahiwal (3G-CII-3701),117.0,4539_Chak No 89 R Sahiwal (3G-CII-3701),SAHIWAL_CLUSTER_02_Rural,100%,0.0,45.0,1.0,72.0,0.0,378.0,51.0,52.0,0.0,27.0,3.3903,1.0,21935.0,22899.0,22506.0,22899.0,0.0,0.0,378.0,371.0,3.3903,100.0,128.0,128.0,0.0,371.0,45.0,45.0,0.0,0.1481,5.3093,0.0853,0.008,0.0,0.0,5.3093,0.0853,0.008,0.0,0.0,3.3903,1.0
2021-04-01,21:00,HSWLBSC02,14535.0,14535_Mozza Nama Sayyal Sahiwal,115.0,4535_Mozza Nama Sayyal Sahiwal,SAHIWAL_CLUSTER_02_Rural,100%,0.0,406.0,5.0,405.0,0.0,1977.0,25.0,25.0,0.0,7.0,12.3347,5.0,65364.0,75532.0,73069.0,75532.0,0.0,11.0,1977.0,1846.0,12.3347,100.0,635.0,679.0,0.0,1846.0,395.0,406.0,0.0811,0.6895,24.1486,1.6237,0.1579,0.0211,0.0,24.1486,1.6237,0.1579,0.0211,0.0,12.3347,5.0
2021-04-01,21:00,HSWLBSC02,22301.0,CII-2301-2_Fateh Sher Colony Sahiwal (3G-CII-3577),113.0,CII-2301_Fateh Sher Colony Sahiwal (3G-CII-3577),SAHIWAL_CLUSTER_02_Rural,100%,0.0,67.0,1.0,120.0,0.0,472.0,112.0,114.0,0.0,54.0,1.7556,1.0,10733.0,10839.0,10752.0,10839.0,0.0,0.0,472.0,463.0,1.7556,100.0,244.0,252.0,0.0,463.0,67.0,67.0,0.0,0.0,21.8933,0.1653,0.0,0.0,0.0,21.8933,0.1653,0.0,0.0,0.0,1.7556,1.0
2021-04-01,21:00,HSWLBSC02,34821.0,34821_Dad Ftiana Sahiwal,111.0,4821_Dad Ftiana Sahiwal,SAHIWAL_CLUSTER_02_Rural,100%,0.0,23.0,1.0,35.0,0.0,201.0,23.0,26.0,0.0,13.0,0.4028,1.0,1272.0,1594.0,1571.0,1594.0,0.0,1.0,201.0,187.0,0.4028,100.0,50.0,59.0,0.0,187.0,22.0,23.0,2.4788,6.9857,8.0248,0.8046,0.4278,0.23,0.0054,8.0248,0.8046,0.4278,0.23,0.0054,0.4028,1.0
2021-04-01,21:00,HSWLBSC02,24821.0,24821_Dad Ftiana Sahiwal,110.0,4821_Dad Ftiana Sahiwal,SAHIWAL_CLUSTER_02_Rural,100%,0.0,68.0,1.0,156.0,0.0,1187.0,164.0,171.0,0.0,89.0,4.3375,1.0,27716.0,28947.0,28028.0,28947.0,6.0,7.0,1187.0,1094.0,4.3375,100.0,151.0,219.0,6.0,1094.0,67.0,68.0,1.7001,3.2456,1.8495,0.2033,0.0328,0.0295,0.0066,1.8495,0.2033,0.0328,0.0295,0.0066,4.3375,1.0
2021-04-01,21:00,HSWLBSC02,14821.0,14821_Dad Ftiana Sahiwal,109.0,4821_Dad Ftiana Sahiwal,SAHIWAL_CLUSTER_02_Rural,100%,0.0,41.0,1.0,76.0,0.0,284.0,74.0,74.0,0.0,35.0,3.15,1.0,21395.0,22012.0,21789.0,22012.0,0.0,0.0,284.0,235.0,3.15,100.0,100.0,145.0,0.0,235.0,41.0,41.0,3.1128,5.8651,7.1227,0.5387,0.22399999999999998,0.1493,0.10400000000000001,7.1227,0.5387,0.22399999999999998,0.1493,0.10400000000000001,3.15,1.0
2021-04-01,21:00,HSWLBSC02,34534.0,34534_Shahbaz Town Sahiwal (3G-CII-3699),103.0,4534_Shahbaz Town Sahiwal (3G-CII-3699),SAHIWAL_CLUSTER_02_Rural,100%,0.0,73.0,0.0,103.0,0.0,242.0,62.0,63.0,0.0,30.0,3.9014,0.0,26513.0,26635.0,26466.0,26635.0,0.0,0.0,242.0,238.0,3.9014,100.0,139.0,143.0,0.0,238.0,73.0,73.0,0.0,0.0,6.1069,0.0186,0.0,0.0,0.0,6.1069,0.0186,0.0,0.0,0.0,3.9014,0.0
2021-04-01,21:00,HSWLBSC02,24534.0,24534_Shahbaz Town Sahiwal (3G-CII-3699),102.0,4534_Shahbaz Town Sahiwal (3G-CII-3699),SAHIWAL_CLUSTER_02_Rural,100%,0.0,73.0,1.0,88.0,0.0,235.0,32.0,37.0,0.0,15.0,2.5514,1.0,15722.0,16190.0,16103.0,16190.0,0.0,0.0,235.0,226.0,2.5514,100.0,133.0,137.0,0.0,226.0,73.0,73.0,0.0,0.1914,2.8468,0.0841,0.0056,0.0,0.0,2.8468,0.0841,0.0056,0.0,0.0,2.5514,1.0
