Date,Time,GBSC,Cell CI,Cell Name,CellIndex,Site Name,Location,Integrity,_CallSetup TCH GOS(%)_N,_CallSetup TCH GOS(%)_D,_DCR_N,_DCR_D,_GOS-SDCCH(%)_N,_GOS-SDCCH(%)_D,_HSR%_N,_HSR%_D,_Mobility TCH GOS(%)_N,_Mobility TCH GOS(%)_D,_MTBD (Mean Time between Drop)_N,_MTBD (Mean Time between Drop)_D,_RxQual Index DL_1,_RxQual Index DL_2,_RxQual Index UL_1,_RxQual Index UL_2,CSSR_Non Blocking_1_N,CSSR_Non Blocking_2_N,CSSR_Non Blocking_1_D,CSSR_Non Blocking_2_D,GlobelTraffic,TCH Availability Rate,_cssr_Call Setup Indications (Circuit Service)_N_1,_Cssr_Channel Requests (Circuit Service)_D_1,_CSSR_Call Drops on SDCCH_N_2,_CSSR_Successful SDCCH Seizures_D_2,_CSSR_Successful TCH Seizures (Traffic Channel)_N_3,_CSSR_TCH Seizure Requests (Traffic Channel)_D_3,Interference Band Proportion (4~5)(%),Interference Band 345,Mean Number of TCH in Interference Band 1,Mean Number of TCH in Interference Band 2,Mean Number of TCH in Interference Band 3,Mean Number of TCH in Interference Band 4,Mean Number of TCH in Interference Band 5,Mean Number of TCH in Interference Band 1.1,Mean Number of TCH in Interference Band 2.1,Mean Number of TCH in Interference Band 3.1,Mean Number of TCH in Interference Band 4.1,Mean Number of TCH in Interference Band 5.1,K3014:Traffic Volume on TCH(Erl),CM33:Call Drops on Traffic Channel
2021-04-01,20:00,HHFZBSC02,33811.0,33811_Pindi Bhattian Hafizabad (3G-CI-2137),96.0,3811_Pindi Bhattian Hafizabad (3G-CI-2137),GUJRANWALA_CLUSTER_06_Rural,100%,0.0,71.0,2.0,117.0,0.0,523.0,76.0,90.0,0.0,48.0,3.2403,2.0,20400.0,20854.0,20820.0,20854.0,3.0,4.0,523.0,495.0,3.2403,100.0,149.0,152.0,3.0,495.0,70.0,71.0,0.4869,4.8695,5.3636,0.3824,0.2647,0.0294,0.0,5.3636,0.3824,0.2647,0.0294,0.0,3.2403,2.0
2021-04-01,20:00,HHFZBSC02,23811.0,23811_Pindi Bhattian Hafizabad (3G-CI-2137),95.0,3811_Pindi Bhattian Hafizabad (3G-CI-2137),GUJRANWALA_CLUSTER_06_Rural,100%,0.0,195.0,1.0,361.0,0.0,743.0,336.0,352.0,0.0,166.0,9.075,1.0,56220.0,56718.0,56562.0,56718.0,0.0,0.0,743.0,721.0,9.075,100.0,433.0,438.0,0.0,721.0,195.0,195.0,1.4929,5.1516,7.6722,0.992,0.3342,0.0963,0.0401,7.6722,0.992,0.3342,0.0963,0.0401,9.075,1.0
2021-04-01,20:00,HHFZBSC02,13811.0,13811_Pindi Bhattian Hafizabad (3G-CI-2137),94.0,3811_Pindi Bhattian Hafizabad (3G-CI-2137),GUJRANWALA_CLUSTER_06_Rural,100%,0.0,69.0,3.0,180.0,0.0,176.0,212.0,225.0,0.0,115.0,2.2278,3.0,11866.0,12630.0,12592.0,12630.0,0.0,0.0,176.0,170.0,2.2278,100.0,111.0,114.0,0.0,170.0,69.0,69.0,0.3188,1.5945,7.1077,0.3181,0.0963,0.016,0.008,7.1077,0.3181,0.0963,0.016,0.008,2.2278,3.0
2021-04-01,20:00,HHFZBSC02,23755.0,23755_Pindi Bhattian Road Hafizabad,93.0,3755_Pindi Bhattian Road Hafizabad,GUJRANWALA_CLUSTER_06_Rural,100%,0.0,33.0,2.0,80.0,0.0,189.0,74.0,86.0,0.0,48.0,1.375,2.0,8042.0,8442.0,8368.0,8442.0,0.0,0.0,189.0,185.0,1.375,100.0,74.0,77.0,0.0,185.0,33.0,33.0,0.0,0.0,7.2713,0.0479,0.0,0.0,0.0,7.2713,0.0479,0.0,0.0,0.0,1.375,2.0
2021-04-01,20:00,HHFZBSC02,13755.0,13755_Pindi Bhattian Road Hafizabad,92.0,3755_Pindi Bhattian Road Hafizabad,GUJRANWALA_CLUSTER_06_Rural,100%,0.0,90.0,1.0,116.0,0.0,711.0,41.0,43.0,0.0,26.0,3.2389,1.0,19560.0,20374.0,19900.0,20374.0,2.0,2.0,711.0,691.0,3.2389,100.0,416.0,425.0,2.0,691.0,90.0,90.0,0.0,0.0,8.4987,0.0,0.0,0.0,0.0,8.4987,0.0,0.0,0.0,0.0,3.2389,1.0
2021-04-01,20:00,HHFZBSC02,33791.0,33791_Chapawali China Sheikhupura (3G-CI-2020),91.0,3791_Chapawali China Sheikhupura (3G-CI-2020),GUJRANWALA_CLUSTER_06_Rural,100%,8.0,534.0,0.0,637.0,179.0,10400.0,233.0,238.0,1.0,117.0,15.3722,0.0,91440.0,93102.0,91952.0,93102.0,0.0,5.0,10221.0,10163.0,15.3722,100.0,863.0,875.0,0.0,10163.0,521.0,534.0,4.3088,4.5485,1.9669,0.462,0.0061,0.0365,0.0732,1.9669,0.462,0.0061,0.0365,0.0732,15.3722,0.0
2021-04-01,20:00,HHFZBSC02,23791.0,23791_Chapawali China Sheikhupura (3G-CI-2020),90.0,3791_Chapawali China Sheikhupura (3G-CI-2020),GUJRANWALA_CLUSTER_06_Rural,100%,0.0,44.0,0.0,65.0,0.0,868.0,41.0,43.0,0.0,23.0,1.2486,0.0,6656.0,6660.0,6652.0,6660.0,0.0,1.0,868.0,862.0,1.2486,100.0,82.0,85.0,0.0,862.0,43.0,44.0,0.0279,0.0559,9.512,0.0427,0.0027,0.0027,0.0,9.512,0.0427,0.0027,0.0027,0.0,1.2486,0.0
2021-04-01,20:00,HHFZBSC02,13848.0,13848_Chadar Chak Sheikhupura (3G-CI-2147),9.0,3848_Chadar Chak Sheikhupura (3G-CI-2147),GUJRANWALA_CLUSTER_06_Rural,100%,0.0,50.0,0.0,110.0,0.0,669.0,114.0,121.0,0.0,62.0,2.6486,0.0,16728.0,17248.0,17184.0,17248.0,1.0,3.0,669.0,652.0,2.6486,100.0,187.0,195.0,1.0,652.0,48.0,50.0,0.0,0.032,8.1852,0.152,0.0027,0.0,0.0,8.1852,0.152,0.0027,0.0,0.0,2.6486,0.0
2021-04-01,20:00,HHFZBSC02,13791.0,13791_Chapawali China Sheikhupura (3G-CI-2020),89.0,3791_Chapawali China Sheikhupura (3G-CI-2020),GUJRANWALA_CLUSTER_06_Rural,100%,0.0,222.0,1.0,353.0,0.0,3965.0,263.0,274.0,0.0,136.0,8.7556,1.0,54248.0,54556.0,54420.0,54556.0,1.0,6.0,3965.0,3943.0,8.7556,100.0,344.0,349.0,1.0,3943.0,217.0,222.0,0.1884,0.3769,16.7923,0.1255,0.032,0.016,0.016,16.7923,0.1255,0.032,0.016,0.016,8.7556,1.0
2021-04-01,20:00,HHFZBSC02,33819.0,33819_Sukheki Market Hafizabad (3G-CI-3929),87.0,3819_Sukheki Market Hafizabad (3G-CI-3929),GUJRANWALA_CLUSTER_06_Rural,100%,0.0,283.0,4.0,303.0,0.0,4718.0,42.0,49.0,0.0,25.0,10.0542,4.0,63612.0,64242.0,63892.0,64242.0,7.0,9.0,4718.0,4630.0,10.0542,100.0,495.0,505.0,7.0,4630.0,281.0,283.0,0.0,0.0551,19.317999999999998,0.024,0.0107,0.0,0.0,19.317999999999998,0.024,0.0107,0.0,0.0,10.0542,4.0
2021-04-01,20:00,HHFZBSC02,23819.0,23819_Sukheki Market Hafizabad (3G-CI-3929),86.0,3819_Sukheki Market Hafizabad (3G-CI-3929),GUJRANWALA_CLUSTER_06_Rural,100%,0.0,134.0,4.0,181.0,0.0,2129.0,110.0,117.0,0.0,55.0,3.9153,4.0,21884.0,23324.0,23226.0,23324.0,1.0,8.0,2129.0,2101.0,3.9153,100.0,301.0,307.0,1.0,2101.0,127.0,134.0,0.551,0.9368,8.9679,0.6471,0.0374,0.0455,0.008,8.9679,0.6471,0.0374,0.0455,0.008,3.9153,4.0
2021-04-01,20:00,HHFZBSC02,13819.0,13819_Sukheki Market Hafizabad (3G-CI-3929),85.0,3819_Sukheki Market Hafizabad (3G-CI-3929),GUJRANWALA_CLUSTER_06_Rural,100%,0.0,27.0,0.0,60.0,0.0,178.0,57.0,61.0,0.0,33.0,0.5556,0.0,3008.0,3090.0,3088.0,3090.0,0.0,0.0,178.0,178.0,0.5556,100.0,47.0,47.0,0.0,178.0,27.0,27.0,0.0,0.0,9.3121,0.0053,0.0,0.0,0.0,9.3121,0.0053,0.0,0.0,0.0,0.5556,0.0
2021-04-01,20:00,HHFZBSC02,33973.0,33973_Rasulpur Tarrar Hafizabad,82.0,3973_Rasulpur Tarrar Hafizabad,GUJRANWALA_CLUSTER_06_Rural,100%,0.0,120.0,1.0,148.0,0.0,368.0,58.0,58.0,0.0,28.0,2.175,1.0,12082.0,12106.0,11804.0,12106.0,0.0,0.0,368.0,367.0,2.175,100.0,168.0,169.0,0.0,367.0,120.0,120.0,0.064,0.064,8.2747,0.0453,0.0,0.0,0.0053,8.2747,0.0453,0.0,0.0,0.0053,2.175,1.0
2021-04-01,20:00,HHFZBSC02,33683.0,33683_Khanka Dogran Sheikhupura (3G-CI-3939),81.0,3683_Khanka Dogran Sheikhupura (3G-CI-3939),GUJRANWALA_CLUSTER_06_Rural,100%,0.0,33.0,2.0,57.0,0.0,402.0,46.0,49.0,0.0,25.0,1.1222,2.0,6514.0,6968.0,6968.0,6968.0,3.0,4.0,402.0,379.0,1.1222,100.0,64.0,67.0,3.0,379.0,32.0,33.0,0.0,0.0,4.3867,0.0267,0.0,0.0,0.0,4.3867,0.0267,0.0,0.0,0.0,1.1222,2.0
2021-04-01,20:00,HHFZBSC02,23683.0,23683_Khanka Dogran Sheikhupura (3G-CI-3939),80.0,3683_Khanka Dogran Sheikhupura (3G-CI-3939),GUJRANWALA_CLUSTER_06_Rural,100%,0.0,37.0,1.0,57.0,0.0,317.0,43.0,43.0,0.0,21.0,1.4306,1.0,8312.0,8344.0,8344.0,8344.0,0.0,1.0,317.0,311.0,1.4306,100.0,78.0,79.0,0.0,311.0,36.0,37.0,4.681,13.9601,3.6622,1.8617,0.5957,0.1755,0.125,3.6622,1.8617,0.5957,0.1755,0.125,1.4306,1.0
2021-04-01,20:00,HHFZBSC02,13683.0,13683_Khanka Dogran Sheikhupura (3G-CI-3939),79.0,3683_Khanka Dogran Sheikhupura (3G-CI-3939),GUJRANWALA_CLUSTER_06_Rural,100%,0.0,97.0,1.0,118.0,0.0,2036.0,44.0,44.0,0.0,22.0,4.1722,1.0,26646.0,26732.0,26720.0,26732.0,0.0,1.0,2036.0,2027.0,4.1722,100.0,246.0,251.0,0.0,2027.0,96.0,97.0,0.0,0.0,24.1576,0.0027,0.0,0.0,0.0,24.1576,0.0027,0.0,0.0,0.0,4.1722,1.0
2021-04-01,20:00,HHFZBSC02,33823.0,33823_Salar Saydan Sheikhupura,78.0,3823_Salar Saydan Sheikhupura,GUJRANWALA_CLUSTER_06_Rural,100%,0.0,27.0,0.0,39.0,0.0,465.0,23.0,25.0,0.0,13.0,0.7403,0.0,4864.0,4892.0,4864.0,4892.0,1.0,2.0,465.0,440.0,0.7403,100.0,53.0,54.0,1.0,440.0,26.0,27.0,0.0327,0.2941,7.9067,0.2293,0.0213,0.0,0.0027,7.9067,0.2293,0.0213,0.0,0.0027,0.7403,0.0
2021-04-01,20:00,HHFZBSC02,23823.0,23823_Salar Saydan Sheikhupura,77.0,3823_Salar Saydan Sheikhupura,GUJRANWALA_CLUSTER_06_Rural,100%,0.0,77.0,0.0,99.0,0.0,585.0,34.0,44.0,0.0,24.0,3.0222,0.0,19948.0,20034.0,20034.0,20034.0,5.0,6.0,585.0,572.0,3.0222,100.0,208.0,209.0,5.0,572.0,76.0,77.0,0.0,0.0,8.2112,0.0241,0.0,0.0,0.0,8.2112,0.0241,0.0,0.0,0.0,3.0222,0.0
2021-04-01,20:00,HHFZBSC02,13823.0,13823_Salar Saydan Sheikhupura,76.0,3823_Salar Saydan Sheikhupura,GUJRANWALA_CLUSTER_06_Rural,100%,0.0,20.0,0.0,48.0,0.0,180.0,57.0,61.0,0.0,28.0,0.6917,0.0,4054.0,4350.0,4350.0,4350.0,1.0,1.0,180.0,174.0,0.6917,100.0,38.0,39.0,1.0,174.0,20.0,20.0,0.3062,0.8267,7.9358,0.7246,0.0455,0.0107,0.016,7.9358,0.7246,0.0455,0.0107,0.016,0.6917,0.0
2021-04-01,20:00,HHFZBSC02,23973.0,23973_Rasulpur Tarrar Hafizabad,75.0,3973_Rasulpur Tarrar Hafizabad,GUJRANWALA_CLUSTER_06_Rural,100%,0.0,24.0,0.0,41.0,0.0,134.0,32.0,34.0,0.0,17.0,2.35,0.0,16492.0,16664.0,16634.0,16664.0,0.0,0.0,134.0,134.0,2.35,100.0,65.0,65.0,0.0,134.0,24.0,24.0,13.4356,26.8713,3.8457,0.9440000000000001,0.88,0.688,0.192,3.8457,0.9440000000000001,0.88,0.688,0.192,2.35,0.0
2021-04-01,20:00,HHFZBSC02,13973.0,13973_Rasulpur Tarrar Hafizabad,74.0,3973_Rasulpur Tarrar Hafizabad,GUJRANWALA_CLUSTER_06_Rural,100%,0.0,66.0,1.0,85.0,0.0,189.0,42.0,42.0,0.0,20.0,2.2194,1.0,12752.0,13756.0,13444.0,13756.0,1.0,2.0,189.0,186.0,2.2194,100.0,106.0,106.0,1.0,186.0,65.0,66.0,0.0955,0.0955,5.5707,0.0027,0.0,0.0,0.0053,5.5707,0.0027,0.0,0.0,0.0053,2.2194,1.0
2021-04-01,20:00,HHFZBSC02,13994.0,13994_Halalpur Sargodha,70.0,3994_Halalpur Sargodha,GUJRANWALA_CLUSTER_06_Rural,100%,0.0,82.0,1.0,103.0,0.0,180.0,46.0,46.0,0.0,21.0,2.0667,1.0,12032.0,12098.0,11914.0,12098.0,0.0,0.0,180.0,176.0,2.0667,100.0,127.0,131.0,0.0,176.0,82.0,82.0,0.0358,0.3576,7.1235,0.2487,0.0238,0.0027,0.0,7.1235,0.2487,0.0238,0.0027,0.0,2.0667,1.0
2021-04-01,20:00,HHFZBSC02,33816.0,33816_Thana Sukhekhi Hafizabad (3G-CI-2139),7.0,3816_Thana Sukhekhi Hafizabad (3G-CI-2139),GUJRANWALA_CLUSTER_06_Rural,100%,0.0,43.0,1.0,79.0,0.0,307.0,72.0,74.0,0.0,36.0,1.5028,1.0,9352.0,9546.0,9366.0,9546.0,1.0,1.0,307.0,283.0,1.5028,100.0,148.0,160.0,1.0,283.0,43.0,43.0,0.0,0.4521,7.8881,0.3335,0.0373,0.0,0.0,7.8881,0.3335,0.0373,0.0,0.0,1.5028,1.0
2021-04-01,20:00,HHFZBSC02,33810.0,33810_Roshan Manika Hafizabad (3G-CI-2136),66.0,3810_Roshan Manika Hafizabad (3G-CI-2136),GUJRANWALA_CLUSTER_06_Rural,100%,0.0,89.0,0.0,160.0,0.0,372.0,136.0,138.0,0.0,74.0,6.1889,0.0,40798.0,41140.0,41038.0,41140.0,1.0,2.0,372.0,331.0,6.1889,100.0,204.0,215.0,1.0,331.0,88.0,89.0,0.0326,0.3592,7.9037,0.254,0.0267,0.0027,0.0,7.9037,0.254,0.0267,0.0027,0.0,6.1889,0.0
2021-04-01,20:00,HHFZBSC02,23810.0,23810_Roshan Manika Hafizabad (3G-CI-2136),65.0,3810_Roshan Manika Hafizabad (3G-CI-2136),GUJRANWALA_CLUSTER_06_Rural,100%,0.0,48.0,1.0,133.0,0.0,319.0,169.0,178.0,0.0,85.0,2.5083,1.0,15662.0,16262.0,16252.0,16262.0,0.0,0.0,319.0,304.0,2.5083,100.0,144.0,154.0,0.0,304.0,48.0,48.0,0.0,0.0325,8.1096,0.1096,0.0027,0.0,0.0,8.1096,0.1096,0.0027,0.0,0.0,2.5083,1.0
2021-04-01,20:00,HHFZBSC02,13810.0,13810_Roshan Manika Hafizabad (3G-CI-2136),64.0,3810_Roshan Manika Hafizabad (3G-CI-2136),GUJRANWALA_CLUSTER_06_Rural,100%,0.0,129.0,0.0,286.0,0.0,718.0,311.0,338.0,0.0,164.0,5.0861,0.0,30082.0,31260.0,31116.0,31260.0,1.0,6.0,718.0,680.0,5.0861,100.0,326.0,334.0,1.0,680.0,124.0,129.0,0.0,0.0341,7.6792,0.1578,0.0027,0.0,0.0,7.6792,0.1578,0.0027,0.0,0.0,5.0861,0.0
2021-04-01,20:00,HHFZBSC02,33801.0,33801_Sukheki Hafizabad (3G-CI-1558),63.0,3801_Sukheki Hafizabad (3G-CI-1558),GUJRANWALA_CLUSTER_06_Rural,100%,0.0,116.0,2.0,454.0,0.0,567.0,695.0,726.0,0.0,345.0,3.0764,2.0,14672.0,15076.0,14468.0,15076.0,0.0,5.0,567.0,554.0,3.0764,100.0,236.0,242.0,0.0,554.0,111.0,116.0,0.0,0.0,12.5529,0.0132,0.0,0.0,0.0,12.5529,0.0132,0.0,0.0,0.0,3.0764,2.0
2021-04-01,20:00,HHFZBSC02,23801.0,23801_Sukheki Hafizabad (3G-CI-1558),62.0,3801_Sukheki Hafizabad (3G-CI-1558),GUJRANWALA_CLUSTER_06_Rural,100%,0.0,350.0,1.0,687.0,0.0,1680.0,668.0,674.0,0.0,338.0,13.6736,1.0,83406.0,83992.0,81724.0,83992.0,2.0,3.0,1680.0,1669.0,13.6736,100.0,630.0,632.0,2.0,1669.0,349.0,350.0,0.0,0.0628,16.7351,0.0901,0.0106,0.0,0.0,16.7351,0.0901,0.0106,0.0,0.0,13.6736,1.0
2021-04-01,20:00,HHFZBSC02,23816.0,23816_Thana Sukhekhi Hafizabad (3G-CI-2139),6.0,3816_Thana Sukhekhi Hafizabad (3G-CI-2139),GUJRANWALA_CLUSTER_06_Rural,100%,0.0,84.0,1.0,127.0,0.0,378.0,88.0,97.0,0.0,46.0,2.0292,1.0,10346.0,11672.0,11496.0,11672.0,0.0,1.0,378.0,365.0,2.0292,100.0,187.0,192.0,0.0,365.0,83.0,84.0,0.0,0.41100000000000003,8.2218,0.2005,0.0348,0.0,0.0,8.2218,0.2005,0.0348,0.0,0.0,2.0292,1.0
2021-04-01,20:00,HHFZBSC02,23994.0,23994_Halalpur Sargodha,58.0,3994_Halalpur Sargodha,GUJRANWALA_CLUSTER_06_Rural,100%,0.0,19.0,0.0,28.0,0.0,76.0,19.0,19.0,0.0,9.0,0.8125,0.0,5166.0,5166.0,4978.0,5166.0,0.0,0.0,76.0,69.0,0.8125,100.0,34.0,34.0,0.0,69.0,19.0,19.0,0.0,0.0539,0.0106,14.7222,0.0079,0.0,0.0,0.0106,14.7222,0.0079,0.0,0.0,0.8125,0.0
2021-04-01,20:00,HHFZBSC02,33994.0,33994_Halalpur Sargodha,57.0,3994_Halalpur Sargodha,GUJRANWALA_CLUSTER_06_Rural,100%,0.0,25.0,0.0,27.0,0.0,226.0,5.0,6.0,0.0,2.0,1.05,0.0,5778.0,6726.0,6600.0,6726.0,2.0,2.0,226.0,130.0,1.05,100.0,62.0,68.0,2.0,130.0,25.0,25.0,0.0,0.0,9.345,0.0132,0.0,0.0,0.0,9.345,0.0132,0.0,0.0,0.0,1.05,0.0
2021-04-01,20:00,HHFZBSC02,33978.0,33978_Kalekee Mandi Hafizabad (3G-CI-3983),56.0,3978_Kalekee Mandi Hafizabad (3G-CI-3983),GUJRANWALA_CLUSTER_06_Rural,100%,0.0,39.0,1.0,75.0,0.0,225.0,72.0,93.0,0.0,54.0,2.0889,1.0,13014.0,13364.0,13334.0,13364.0,0.0,14.0,225.0,213.0,2.0889,100.0,53.0,54.0,0.0,213.0,25.0,39.0,0.0,0.0,7.9882,0.0,0.0,0.0,0.0,7.9882,0.0,0.0,0.0,0.0,2.0889,1.0
2021-04-01,20:00,HHFZBSC02,13801.0,13801_Sukheki Hafizabad (3G-CI-1558),55.0,3801_Sukheki Hafizabad (3G-CI-1558),GUJRANWALA_CLUSTER_06_Rural,100%,0.0,119.0,5.0,316.0,0.0,779.0,386.0,396.0,0.0,200.0,6.0194,5.0,36152.0,36994.0,36054.0,36994.0,4.0,5.0,779.0,739.0,6.0194,100.0,258.0,271.0,4.0,739.0,118.0,119.0,0.0648,0.9278,11.2767,0.8702,0.1058,0.0079,0.0,11.2767,0.8702,0.1058,0.0079,0.0,6.0194,5.0
2021-04-01,20:00,HHFZBSC02,23978.0,23978_Kalekee Mandi Hafizabad (3G-CI-3983),54.0,3978_Kalekee Mandi Hafizabad (3G-CI-3983),GUJRANWALA_CLUSTER_06_Rural,100%,0.0,34.0,0.0,51.0,0.0,405.0,30.0,32.0,0.0,17.0,2.2694,0.0,15506.0,15514.0,15514.0,15514.0,0.0,0.0,405.0,238.0,2.2694,100.0,54.0,56.0,0.0,238.0,34.0,34.0,0.0,0.0,7.9077,0.1117,0.0,0.0,0.0,7.9077,0.1117,0.0,0.0,0.0,2.2694,0.0
2021-04-01,20:00,HHFZBSC02,13978.0,13978_Kalekee Mandi Hafizabad (3G-CI-3983),53.0,3978_Kalekee Mandi Hafizabad (3G-CI-3983),GUJRANWALA_CLUSTER_06_Rural,100%,0.0,13.0,0.0,31.0,0.0,842.0,38.0,41.0,0.0,18.0,0.8736,0.0,4546.0,5686.0,5340.0,5686.0,0.0,0.0,842.0,464.0,0.8736,100.0,284.0,287.0,0.0,464.0,13.0,13.0,0.0,0.1,7.8192,0.1489,0.008,0.0,0.0,7.8192,0.1489,0.008,0.0,0.0,0.8736,0.0
2021-04-01,20:00,HHFZBSC02,13816.0,13816_Thana Sukhekhi Hafizabad (3G-CI-2139),5.0,3816_Thana Sukhekhi Hafizabad (3G-CI-2139),GUJRANWALA_CLUSTER_06_Rural,100%,0.0,63.0,1.0,97.0,0.0,225.0,69.0,72.0,0.0,35.0,1.1556,1.0,5918.0,6370.0,6256.0,6370.0,2.0,3.0,225.0,213.0,1.1556,100.0,111.0,115.0,2.0,213.0,62.0,63.0,2.2771,6.3871,7.257999999999999,1.7075,0.3936,0.1622,0.0559,7.257999999999999,1.7075,0.3936,0.1622,0.0559,1.1556,1.0
2021-04-01,20:00,HHFZBSC02,13993.0,13993_Kedhar Pul Phalia Mandi Bahauddin,49.0,3993_Kedhar Pul Phalia Mandi Bahauddin,GUJRANWALA_CLUSTER_06_Rural,100%,0.0,20.0,0.0,34.0,0.0,161.0,24.0,24.0,0.0,14.0,0.1556,0.0,622.0,624.0,624.0,624.0,1.0,1.0,161.0,160.0,0.1556,100.0,25.0,25.0,1.0,160.0,20.0,20.0,0.0,0.0,9.9225,0.1872,0.0,0.0,0.0,9.9225,0.1872,0.0,0.0,0.0,0.1556,0.0
2021-04-01,20:00,HHFZBSC02,33907.0,33907_Garhi Andron Post Office Hafizabad (3G-CI-2261),48.0,3907_Garhi Andron Post Office Hafizabad (3G-CI-2261),GUJRANWALA_CLUSTER_06_Rural,100%,0.0,38.0,0.0,59.0,0.0,94.0,44.0,44.0,0.0,21.0,1.2333,0.0,7582.0,7582.0,7582.0,7582.0,0.0,0.0,94.0,94.0,1.2333,100.0,65.0,65.0,0.0,94.0,38.0,38.0,0.0262,0.1048,10.1013,0.07200000000000001,0.008,0.0027,0.0,10.1013,0.07200000000000001,0.008,0.0027,0.0,1.2333,0.0
2021-04-01,20:00,HHFZBSC02,23907.0,23907_Garhi Andron Post Office Hafizabad (3G-CI-2261),47.0,3907_Garhi Andron Post Office Hafizabad (3G-CI-2261),GUJRANWALA_CLUSTER_06_Rural,100%,0.0,112.0,0.0,206.0,0.0,464.0,184.0,189.0,0.0,96.0,4.0444,0.0,24592.0,25236.0,23980.0,25236.0,1.0,2.0,464.0,462.0,4.0444,100.0,319.0,320.0,1.0,462.0,111.0,112.0,0.275,2.5895,9.4599,1.9064,0.2701,0.0214,0.0107,9.4599,1.9064,0.2701,0.0214,0.0107,4.0444,0.0
2021-04-01,20:00,HHFZBSC02,13907.0,13907_Garhi Andron Post Office Hafizabad (3G-CI-2261),46.0,3907_Garhi Andron Post Office Hafizabad (3G-CI-2261),GUJRANWALA_CLUSTER_06_Rural,100%,0.0,44.0,1.0,144.0,0.0,178.0,190.0,206.0,0.0,101.0,1.6903,1.0,9098.0,9478.0,9476.0,9478.0,0.0,1.0,178.0,163.0,1.6903,100.0,71.0,74.0,0.0,163.0,43.0,44.0,0.7754,3.8331,5.1738,0.7968,0.1898,0.0321,0.0161,5.1738,0.7968,0.1898,0.0321,0.0161,1.6903,1.0
2021-04-01,20:00,HHFZBSC02,33756.0,33756_Tehli Goraya Hafizabad,40.0,3756_Tehli Goraya Hafizabad,GUJRANWALA_CLUSTER_06_Rural,100%,0.0,2.0,0.0,10.0,0.0,15.0,18.0,18.0,0.0,8.0,0.1722,0.0,1140.0,1170.0,1170.0,1170.0,1.0,1.0,15.0,15.0,0.1722,100.0,6.0,6.0,1.0,15.0,2.0,2.0,0.0,0.0,9.6394,0.0214,0.0,0.0,0.0,9.6394,0.0214,0.0,0.0,0.0,0.1722,0.0
2021-04-01,20:00,HHFZBSC02,33753.0,33753_Aswan Bhattian Sheikhupura (3G-CI-2120),4.0,3753_Aswan Bhattian Sheikhupura (3G-CI-2120),GUJRANWALA_CLUSTER_06_Rural,100%,0.0,118.0,1.0,196.0,0.0,912.0,155.0,165.0,0.0,83.0,4.7319,1.0,29882.0,30392.0,29416.0,30392.0,4.0,8.0,912.0,880.0,4.7319,100.0,361.0,380.0,4.0,880.0,114.0,118.0,0.0,0.0335,7.96,0.0053,0.0027,0.0,0.0,7.96,0.0053,0.0027,0.0,0.0,4.7319,1.0
2021-04-01,20:00,HHFZBSC02,23756.0,23756_Tehli Goraya Hafizabad,39.0,3756_Tehli Goraya Hafizabad,GUJRANWALA_CLUSTER_06_Rural,100%,0.0,6.0,0.0,10.0,0.0,41.0,6.0,6.0,0.0,4.0,0.1486,0.0,806.0,806.0,806.0,806.0,0.0,0.0,41.0,40.0,0.1486,100.0,22.0,22.0,0.0,40.0,6.0,6.0,0.1067,1.173,9.536,0.3493,0.1067,0.0107,0.0,9.536,0.3493,0.1067,0.0107,0.0,0.1486,0.0
2021-04-01,20:00,HHFZBSC02,13756.0,13756_Tehli Goraya Hafizabad,38.0,3756_Tehli Goraya Hafizabad,GUJRANWALA_CLUSTER_06_Rural,100%,0.0,82.0,0.0,114.0,0.0,1099.0,70.0,72.0,0.0,32.0,2.6028,0.0,15472.0,16256.0,16246.0,16256.0,0.0,0.0,1099.0,1092.0,2.6028,100.0,139.0,144.0,0.0,1092.0,82.0,82.0,0.0659,0.0659,8.1096,0.0,0.0,0.0,0.0054,8.1096,0.0,0.0,0.0,0.0054,2.6028,0.0
2021-04-01,20:00,HHFZBSC02,23993.0,23993_Kedhar Pul Phalia Mandi Bahauddin,36.0,3993_Kedhar Pul Phalia Mandi Bahauddin,GUJRANWALA_CLUSTER_06_Rural,100%,0.0,91.0,0.0,99.0,0.0,150.0,18.0,18.0,0.0,10.0,2.1264,0.0,12124.0,12714.0,12622.0,12714.0,0.0,2.0,150.0,146.0,2.1264,100.0,107.0,111.0,0.0,146.0,89.0,91.0,0.0381,0.0381,7.007999999999999,0.0,0.0,0.0,0.0027,7.007999999999999,0.0,0.0,0.0,0.0027,2.1264,0.0
2021-04-01,20:00,HHFZBSC02,33993.0,33993_Kedhar Pul Phalia Mandi Bahauddin,35.0,3993_Kedhar Pul Phalia Mandi Bahauddin,GUJRANWALA_CLUSTER_06_Rural,100%,0.0,0.0,0.0,2.0,0.0,44.0,1.0,2.0,0.0,2.0,0.0403,0.0,306.0,306.0,306.0,306.0,0.0,0.0,44.0,44.0,0.0403,100.0,8.0,8.0,0.0,44.0,0.0,0.0,0.0,0.0,9.576,0.0,0.0,0.0,0.0,9.576,0.0,0.0,0.0,0.0,0.0403,0.0
2021-04-01,20:00,HHFZBSC02,33378.0,33378_Thatti Asaish Qila Hafizabad (3G-CI-2260),34.0,3378_Thatti Asaish Qila Hafizabad (3G-CI-2260),GUJRANWALA_CLUSTER_06_Rural,100%,0.0,91.0,2.0,183.0,0.0,1668.0,159.0,181.0,0.0,97.0,4.3847,2.0,26340.0,27952.0,27900.0,27952.0,3.0,4.0,1668.0,1600.0,4.3847,100.0,360.0,371.0,3.0,1600.0,90.0,91.0,0.1087,0.6247,9.2267,0.5307,0.0507,0.0107,0.0,9.2267,0.5307,0.0507,0.0107,0.0,4.3847,2.0
2021-04-01,20:00,HHFZBSC02,23378.0,23378_Thatti Asaish Qila Hafizabad (3G-CI-2260),33.0,3378_Thatti Asaish Qila Hafizabad (3G-CI-2260),GUJRANWALA_CLUSTER_06_Rural,100%,0.0,77.0,2.0,181.0,0.0,399.0,202.0,217.0,0.0,106.0,2.1417,2.0,11378.0,11868.0,11842.0,11868.0,1.0,1.0,399.0,384.0,2.1417,100.0,186.0,189.0,1.0,384.0,77.0,77.0,0.4621,1.7326,7.8478,1.2049,0.11699999999999999,0.0186,0.0239,7.8478,1.2049,0.11699999999999999,0.0186,0.0239,2.1417,2.0
2021-04-01,20:00,HHFZBSC02,13378.0,13378_Thatti Asaish Qila Hafizabad (3G-CI-2260),32.0,3378_Thatti Asaish Qila Hafizabad (3G-CI-2260),GUJRANWALA_CLUSTER_06_Rural,100%,1.0,323.0,1.0,424.0,0.0,1176.0,166.0,202.0,0.0,105.0,11.1736,1.0,62908.0,70502.0,70430.0,70502.0,4.0,7.0,1176.0,1119.0,11.1736,100.0,459.0,483.0,4.0,1119.0,319.0,323.0,0.0,0.1803,5.874,0.1273,0.0108,0.0,0.0,5.874,0.1273,0.0108,0.0,0.0,11.1736,1.0
2021-04-01,20:00,HHFZBSC02,23753.0,23753_Aswan Bhattian Sheikhupura (3G-CI-2120),3.0,3753_Aswan Bhattian Sheikhupura (3G-CI-2120),GUJRANWALA_CLUSTER_06_Rural,100%,0.0,35.0,0.0,66.0,0.0,807.0,65.0,82.0,0.0,33.0,1.6361,0.0,9014.0,10538.0,10388.0,10538.0,0.0,0.0,807.0,774.0,1.6361,100.0,108.0,112.0,0.0,774.0,35.0,35.0,0.1945,0.5833,8.0741,0.131,0.0321,0.0161,0.0,8.0741,0.131,0.0321,0.0161,0.0,1.6361,0.0
2021-04-01,20:00,HHFZBSC02,13849.0,13849_Kot Naka Hafizabad (3G-CI-2148),23.0,3849_Kot Naka Hafizabad (3G-CI-2148),GUJRANWALA_CLUSTER_06_Rural,100%,0.0,45.0,0.0,124.0,0.0,142.0,159.0,161.0,0.0,80.0,2.9958,0.0,19800.0,19856.0,19856.0,19856.0,0.0,1.0,142.0,138.0,2.9958,100.0,93.0,95.0,0.0,138.0,44.0,45.0,0.0,0.0,9.254,0.0936,0.0,0.0,0.0,9.254,0.0936,0.0,0.0,0.0,2.9958,0.0
2021-04-01,20:00,HHFZBSC02,23849.0,23849_Kot Naka Hafizabad (3G-CI-2148),22.0,3849_Kot Naka Hafizabad (3G-CI-2148),GUJRANWALA_CLUSTER_06_Rural,100%,0.0,15.0,0.0,19.0,0.0,160.0,11.0,11.0,0.0,5.0,0.4111,0.0,2336.0,2352.0,2316.0,2352.0,0.0,1.0,160.0,160.0,0.4111,100.0,54.0,54.0,0.0,160.0,14.0,15.0,0.0251,0.201,10.0319,0.5882,0.0187,0.0027,0.0,10.0319,0.5882,0.0187,0.0027,0.0,0.4111,0.0
2021-04-01,20:00,HHFZBSC02,33849.0,33849_Kot Naka Hafizabad (3G-CI-2148),21.0,3849_Kot Naka Hafizabad (3G-CI-2148),GUJRANWALA_CLUSTER_06_Rural,100%,0.0,92.0,1.0,117.0,0.0,420.0,48.0,51.0,0.0,26.0,4.9472,1.0,33688.0,33820.0,33820.0,33820.0,1.0,1.0,420.0,408.0,4.9472,100.0,258.0,262.0,1.0,408.0,92.0,92.0,3.4157,10.3248,4.1452,2.032,0.4759,0.1658,0.0695,4.1452,2.032,0.4759,0.1658,0.0695,4.9472,1.0
2021-04-01,20:00,HHFZBSC02,33863.0,33863_Burj Dara Hafizabad (3G-CI-3982),20.0,3863_Burj Dara Hafizabad (3G-CI-3982),GUJRANWALA_CLUSTER_06_Rural,100%,0.0,18.0,1.0,44.0,0.0,311.0,46.0,54.0,0.0,28.0,0.3278,1.0,1280.0,1438.0,1400.0,1438.0,0.0,0.0,311.0,303.0,0.3278,100.0,44.0,50.0,0.0,303.0,18.0,18.0,0.0,0.0,11.4198,0.0,0.0,0.0,0.0,11.4198,0.0,0.0,0.0,0.0,0.3278,1.0
2021-04-01,20:00,HHFZBSC02,13753.0,13753_Aswan Bhattian Sheikhupura (3G-CI-2120),2.0,3753_Aswan Bhattian Sheikhupura (3G-CI-2120),GUJRANWALA_CLUSTER_06_Rural,100%,0.0,25.0,0.0,31.0,0.0,187.0,17.0,17.0,0.0,7.0,1.3194,0.0,8700.0,8798.0,8614.0,8798.0,0.0,1.0,187.0,178.0,1.3194,100.0,74.0,74.0,0.0,178.0,24.0,25.0,0.0267,0.6153,7.8576,2.0749,0.0588,0.0027,0.0,7.8576,2.0749,0.0588,0.0027,0.0,1.3194,0.0
2021-04-01,20:00,HHFZBSC02,23863.0,23863_Burj Dara Hafizabad (3G-CI-3982),19.0,3863_Burj Dara Hafizabad (3G-CI-3982),GUJRANWALA_CLUSTER_06_Rural,100%,0.0,73.0,1.0,81.0,0.0,1313.0,33.0,35.0,0.0,16.0,1.9736,1.0,12060.0,12338.0,12294.0,12338.0,0.0,8.0,1313.0,1305.0,1.9736,100.0,142.0,146.0,0.0,1305.0,65.0,73.0,0.0,0.0,4.2187,0.0187,0.0,0.0,0.0,4.2187,0.0187,0.0,0.0,0.0,1.9736,1.0
2021-04-01,20:00,HHFZBSC02,13863.0,13863_Burj Dara Hafizabad (3G-CI-3982),18.0,3863_Burj Dara Hafizabad (3G-CI-3982),GUJRANWALA_CLUSTER_06_Rural,100%,0.0,68.0,2.0,99.0,0.0,1205.0,64.0,69.0,0.0,31.0,3.5597,2.0,23362.0,23650.0,23436.0,23650.0,4.0,4.0,1205.0,1185.0,3.5597,100.0,166.0,181.0,4.0,1185.0,68.0,68.0,3.5902,4.8408,6.1123,0.1952,0.0829,0.1444,0.0936,6.1123,0.1952,0.0829,0.1444,0.0936,3.5597,2.0
2021-04-01,20:00,HHFZBSC02,33398.0,33398_Takhat Hazara Sargodha,17.0,3398_Takhat Hazara Sargodha,GUJRANWALA_CLUSTER_06_Rural,100%,0.0,127.0,1.0,148.0,0.0,414.0,52.0,53.0,0.0,22.0,3.2153,1.0,18772.0,19746.0,19616.0,19746.0,5.0,6.0,414.0,402.0,3.2153,100.0,294.0,300.0,5.0,402.0,126.0,127.0,0.4327,1.3463,17.6747,4.2107,0.2027,0.0693,0.0267,17.6747,4.2107,0.2027,0.0693,0.0267,3.2153,1.0
2021-04-01,20:00,HHFZBSC02,23398.0,23398_Takhat Hazara Sargodha,16.0,3398_Takhat Hazara Sargodha,GUJRANWALA_CLUSTER_06_Rural,100%,0.0,412.0,0.0,450.0,0.0,1509.0,80.0,81.0,0.0,45.0,9.6819,0.0,55898.0,57358.0,57336.0,57358.0,1.0,8.0,1509.0,1502.0,9.6819,100.0,1390.0,1397.0,1.0,1502.0,405.0,412.0,0.1155,0.1554,13.8481,0.0214,0.0055,0.0,0.016,13.8481,0.0214,0.0055,0.0,0.016,9.6819,0.0
2021-04-01,20:00,HHFZBSC02,13398.0,13398_Takhat Hazara Sargodha,15.0,3398_Takhat Hazara Sargodha,GUJRANWALA_CLUSTER_06_Rural,100%,0.0,27.0,1.0,38.0,0.0,95.0,18.0,18.0,0.0,11.0,1.0458,1.0,5996.0,5996.0,5996.0,5996.0,0.0,0.0,95.0,90.0,1.0458,100.0,54.0,56.0,0.0,90.0,27.0,27.0,0.0,0.0,15.2476,0.008,0.0,0.0,0.0,15.2476,0.008,0.0,0.0,0.0,1.0458,1.0
2021-04-01,20:00,HHFZBSC02,31292.0,CI-1292-3_Jalal Pur Bhatia Hafizabad (3G-CI-2224),140.0,CI-1292_Jalal Pur Bhatia Hafizabad (3G-CI-2224),GUJRANWALA_CLUSTER_06_Rural,100%,0.0,61.0,0.0,76.0,0.0,385.0,31.0,31.0,0.0,16.0,1.7556,0.0,10694.0,10828.0,10828.0,10828.0,0.0,1.0,385.0,384.0,1.7556,100.0,138.0,139.0,0.0,384.0,60.0,61.0,0.0,0.0557,4.7676,0.024,0.0027,0.0,0.0,4.7676,0.024,0.0027,0.0,0.0,1.7556,0.0
2021-04-01,20:00,HHFZBSC02,33848.0,33848_Chadar Chak Sheikhupura (3G-CI-2147),14.0,3848_Chadar Chak Sheikhupura (3G-CI-2147),GUJRANWALA_CLUSTER_06_Rural,100%,0.0,162.0,1.0,241.0,0.0,1555.0,136.0,152.0,0.0,86.0,4.8472,1.0,26976.0,28300.0,28194.0,28300.0,2.0,7.0,1555.0,1512.0,4.8472,100.0,534.0,542.0,2.0,1512.0,157.0,162.0,0.3917,1.8512,6.8933,0.4587,0.1093,0.0187,0.0107,6.8933,0.4587,0.1093,0.0187,0.0107,4.8472,1.0
2021-04-01,20:00,HHFZBSC02,21292.0,CI-1292-2_Jalal Pur Bhatia Hafizabad (3G-CI-2224),139.0,CI-1292_Jalal Pur Bhatia Hafizabad (3G-CI-2224),GUJRANWALA_CLUSTER_06_Rural,100%,0.0,88.0,2.0,156.0,0.0,574.0,134.0,134.0,0.0,68.0,3.7861,2.0,24586.0,24832.0,24604.0,24832.0,0.0,0.0,574.0,570.0,3.7861,100.0,185.0,187.0,0.0,570.0,88.0,88.0,6.577999999999999,15.8827,5.1444,1.4546,0.7299,0.3663,0.1497,5.1444,1.4546,0.7299,0.3663,0.1497,3.7861,2.0
2021-04-01,20:00,HHFZBSC02,11292.0,CI-1292-1_Jalal Pur Bhatia Hafizabad (3G-CI-2224),138.0,CI-1292_Jalal Pur Bhatia Hafizabad (3G-CI-2224),GUJRANWALA_CLUSTER_06_Rural,100%,0.0,138.0,2.0,195.0,0.0,468.0,117.0,117.0,0.0,58.0,3.1833,2.0,17258.0,17658.0,17550.0,17660.0,0.0,1.0,468.0,462.0,3.1833,100.0,194.0,198.0,0.0,462.0,137.0,138.0,4.0874,8.5355,3.4597,0.664,0.2005,0.084,0.1003,3.4597,0.664,0.2005,0.084,0.1003,3.1833,2.0
2021-04-01,20:00,HHFZBSC02,33397.0,33397_Mid Ranjha Sargodha (3G-CI-2076),124.0,3397_Mid Ranjha Sargodha (3G-CI-2076),GUJRANWALA_CLUSTER_06_Rural,100%,0.0,32.0,2.0,45.0,0.0,190.0,27.0,28.0,0.0,16.0,1.2208,2.0,7252.0,7402.0,7402.0,7402.0,1.0,3.0,190.0,168.0,1.2208,100.0,58.0,59.0,1.0,168.0,30.0,32.0,0.0,0.0,8.6516,0.0027,0.0,0.0,0.0,8.6516,0.0027,0.0,0.0,0.0,1.2208,2.0
2021-04-01,20:00,HHFZBSC02,23397.0,23397_Mid Ranjha Sargodha (3G-CI-2076),120.0,3397_Mid Ranjha Sargodha (3G-CI-2076),GUJRANWALA_CLUSTER_06_Rural,100%,0.0,226.0,0.0,258.0,0.0,1377.0,95.0,106.0,0.0,40.0,8.0764,0.0,47254.0,49044.0,48612.0,49044.0,21.0,28.0,1377.0,1289.0,8.0764,100.0,326.0,365.0,21.0,1289.0,219.0,226.0,0.0,0.6148,9.4226,0.5066,0.0614,0.0,0.0,9.4226,0.5066,0.0614,0.0,0.0,8.0764,0.0
2021-04-01,20:00,HHFZBSC02,13397.0,13397_Mid Ranjha Sargodha (3G-CI-2076),119.0,3397_Mid Ranjha Sargodha (3G-CI-2076),GUJRANWALA_CLUSTER_06_Rural,100%,0.0,32.0,0.0,52.0,0.0,94.0,43.0,44.0,0.0,20.0,0.7014,0.0,3796.0,3848.0,3848.0,3848.0,0.0,0.0,94.0,89.0,0.7014,100.0,51.0,51.0,0.0,89.0,32.0,32.0,0.0,0.0,9.9596,0.0053,0.0,0.0,0.0,9.9596,0.0053,0.0,0.0,0.0,0.7014,0.0
2021-04-01,20:00,HHFZBSC02,33864.0,33864_Virke Bathi Sheikhupura,108.0,3864_Virke Bathi Sheikhupura,GUJRANWALA_CLUSTER_06_Rural,100%,0.0,29.0,0.0,47.0,0.0,349.0,36.0,38.0,0.0,19.0,1.2931,0.0,8468.0,8474.0,8458.0,8474.0,2.0,2.0,349.0,329.0,1.2931,100.0,58.0,58.0,2.0,329.0,29.0,29.0,0.0,0.3189,6.5064,0.16,0.0213,0.0,0.0,6.5064,0.16,0.0213,0.0,0.0,1.2931,0.0
2021-04-01,20:00,HHFZBSC02,23864.0,23864_Virke Bathi Sheikhupura,107.0,3864_Virke Bathi Sheikhupura,GUJRANWALA_CLUSTER_06_Rural,100%,0.0,17.0,0.0,20.0,0.0,107.0,6.0,6.0,0.0,4.0,0.6542,0.0,4348.0,4500.0,4500.0,4500.0,1.0,2.0,107.0,104.0,0.6542,100.0,31.0,33.0,1.0,104.0,16.0,17.0,0.0632,0.0632,8.4217,0.0,0.0,0.0,0.0053,8.4217,0.0,0.0,0.0,0.0053,0.6542,0.0
2021-04-01,20:00,HHFZBSC02,13864.0,13864_Virke Bathi Sheikhupura,106.0,3864_Virke Bathi Sheikhupura,GUJRANWALA_CLUSTER_06_Rural,100%,0.0,11.0,0.0,13.0,0.0,357.0,5.0,6.0,0.0,2.0,0.3486,0.0,2040.0,2158.0,2000.0,2158.0,1.0,1.0,357.0,344.0,0.3486,100.0,161.0,168.0,1.0,344.0,11.0,11.0,0.0,0.0,9.7093,0.0053,0.0,0.0,0.0,9.7093,0.0053,0.0,0.0,0.0,0.3486,0.0
2021-04-01,20:00,HHFZBSC02,33755.0,33755_Pindi Bhattian Road Hafizabad,103.0,3755_Pindi Bhattian Road Hafizabad,GUJRANWALA_CLUSTER_06_Rural,100%,0.0,65.0,4.0,131.0,0.0,1069.0,101.0,120.0,0.0,68.0,2.5944,4.0,14988.0,16064.0,15846.0,16064.0,4.0,5.0,1069.0,987.0,2.5944,100.0,434.0,484.0,4.0,987.0,64.0,65.0,0.0,0.3103,5.7216,0.2607,0.0186,0.0,0.0,5.7216,0.2607,0.0186,0.0,0.0,2.5944,4.0
2021-04-01,20:00,HHFZBSC02,23848.0,23848_Chadar Chak Sheikhupura (3G-CI-2147),10.0,3848_Chadar Chak Sheikhupura (3G-CI-2147),GUJRANWALA_CLUSTER_06_Rural,100%,0.0,102.0,4.0,159.0,0.0,934.0,105.0,119.0,0.0,60.0,4.1389,4.0,24996.0,25754.0,25590.0,25754.0,1.0,4.0,934.0,923.0,4.1389,100.0,285.0,289.0,1.0,923.0,99.0,102.0,0.0,0.3141,10.051,0.1337,0.0321,0.0,0.0,10.051,0.1337,0.0321,0.0,0.0,4.1389,4.0
2021-04-01,20:00,HHFZBSC01,33809.0,33809_Kot Momin Sargodha (3G-CI-2135),93.0,3809_Kot Momin Sargodha (3G-CI-2135),GUJRANWALA_CLUSTER_06_Rural,100%,0.0,17.0,0.0,34.0,0.0,276.0,39.0,39.0,0.0,17.0,1.5694,0.0,10752.0,10920.0,10736.0,10920.0,0.0,0.0,276.0,269.0,1.5694,100.0,67.0,69.0,0.0,269.0,17.0,17.0,0.0,0.0,9.5482,0.0427,0.0,0.0,0.0,9.5482,0.0427,0.0,0.0,0.0,1.5694,0.0
2021-04-01,20:00,HHFZBSC01,23809.0,23809_Kot Momin Sargodha (3G-CI-2135),92.0,3809_Kot Momin Sargodha (3G-CI-2135),GUJRANWALA_CLUSTER_06_Rural,100%,0.0,38.0,0.0,60.0,0.0,248.0,41.0,43.0,0.0,22.0,1.1083,0.0,6202.0,6490.0,6364.0,6490.0,1.0,1.0,248.0,220.0,1.1083,100.0,93.0,102.0,1.0,220.0,38.0,38.0,1.16,3.5141,7.0054,0.5562,0.1845,0.0615,0.0294,7.0054,0.5562,0.1845,0.0615,0.0294,1.1083,0.0
2021-04-01,20:00,HHFZBSC01,13809.0,13809_Kot Momin Sargodha (3G-CI-2135),91.0,3809_Kot Momin Sargodha (3G-CI-2135),GUJRANWALA_CLUSTER_06_Rural,100%,0.0,78.0,0.0,107.0,0.0,260.0,57.0,58.0,0.0,31.0,3.0931,0.0,19750.0,19980.0,19906.0,19980.0,3.0,5.0,260.0,228.0,3.0931,100.0,156.0,158.0,3.0,228.0,76.0,78.0,0.0,0.0978,7.9973,0.1925,0.008,0.0,0.0,7.9973,0.1925,0.008,0.0,0.0,3.0931,0.0
2021-04-01,20:00,HHFZBSC01,33808.0,33808_Bhera Sargodha,90.0,3808_Bhera Sargodha,GUJRANWALA_CLUSTER_06_Rural,100%,0.0,253.0,7.0,328.0,0.0,3112.0,163.0,168.0,0.0,82.0,11.25,7.0,69748.0,73508.0,72712.0,73508.0,17.0,23.0,3112.0,2952.0,11.25,100.0,637.0,678.0,17.0,2952.0,247.0,253.0,0.9383,4.4468,5.2028,1.1104,0.2318,0.0512,0.0108,5.2028,1.1104,0.2318,0.0512,0.0108,11.25,7.0
2021-04-01,20:00,HHFZBSC01,23808.0,23808_Bhera Sargodha,89.0,3808_Bhera Sargodha,GUJRANWALA_CLUSTER_06_Rural,100%,0.0,197.0,0.0,270.0,0.0,2126.0,151.0,152.0,0.0,74.0,8.1958,0.0,52874.0,53532.0,53238.0,53532.0,7.0,8.0,2126.0,2100.0,8.1958,100.0,363.0,367.0,7.0,2100.0,196.0,197.0,0.0,0.0434,6.0204,0.131,0.0027,0.0,0.0,6.0204,0.131,0.0027,0.0,0.0,8.1958,0.0
2021-04-01,20:00,HHFZBSC01,13808.0,13808_Bhera Sargodha,88.0,3808_Bhera Sargodha,GUJRANWALA_CLUSTER_06_Rural,100%,0.0,173.0,0.0,230.0,0.0,1657.0,110.0,110.0,0.0,57.0,5.6097,0.0,35744.0,35792.0,35720.0,35792.0,1.0,1.0,1657.0,1640.0,5.6097,100.0,473.0,477.0,1.0,1640.0,173.0,173.0,0.3263,1.3521,5.0816,0.5749,0.0588,0.0187,0.0,5.0816,0.5749,0.0588,0.0187,0.0,5.6097,0.0
2021-04-01,20:00,HHFZBSC01,24386.0,24386_Jinah Aabad Bhalwal Sargodha (3G-CI-2160),84.0,4386_Jinah Aabad Bhalwal Sargodha (3G-CI-2160),GUJRANWALA_CLUSTER_06_Rural,100%,0.0,72.0,1.0,148.0,0.0,433.0,146.0,151.0,0.0,76.0,3.9403,1.0,25768.0,26574.0,26532.0,26574.0,0.0,0.0,433.0,403.0,3.9403,100.0,202.0,202.0,0.0,403.0,72.0,72.0,0.0,0.1065,4.9364,0.064,0.0053,0.0,0.0,4.9364,0.064,0.0053,0.0,0.0,3.9403,1.0
2021-04-01,20:00,HHFZBSC01,14386.0,14386_Jinah Aabad Bhalwal Sargodha (3G-CI-2160),83.0,4386_Jinah Aabad Bhalwal Sargodha (3G-CI-2160),GUJRANWALA_CLUSTER_06_Rural,100%,0.0,50.0,1.0,89.0,0.0,285.0,78.0,80.0,0.0,42.0,2.3319,1.0,14748.0,15464.0,15302.0,15464.0,0.0,2.0,285.0,269.0,2.3319,100.0,143.0,146.0,0.0,269.0,48.0,50.0,0.0,0.0,8.3375,0.0133,0.0,0.0,0.0,8.3375,0.0133,0.0,0.0,0.0,2.3319,1.0
2021-04-01,20:00,HHFZBSC01,34386.0,34386_Jinah Aabad Bhalwal Sargodha (3G-CI-2160),82.0,4386_Jinah Aabad Bhalwal Sargodha (3G-CI-2160),GUJRANWALA_CLUSTER_06_Rural,100%,0.0,101.0,1.0,163.0,0.0,813.0,130.0,132.0,0.0,63.0,5.5472,1.0,34040.0,36252.0,35460.0,36252.0,4.0,5.0,813.0,749.0,5.5472,100.0,216.0,220.0,4.0,749.0,100.0,101.0,0.4104,1.7,3.9734,0.4987,0.0587,0.008,0.0107,3.9734,0.4987,0.0587,0.008,0.0107,5.5472,1.0
2021-04-01,20:00,HHFZBSC01,33803.0,33803_Pindi Bhattian Sargodha (3G-CI-2132),75.0,3803_Pindi Bhattian Sargodha (3G-CI-2132),GUJRANWALA_CLUSTER_06_Rural,100%,0.0,166.0,3.0,341.0,0.0,2561.0,341.0,378.0,0.0,190.0,8.5764,3.0,52812.0,53536.0,52592.0,53536.0,2.0,9.0,2561.0,2509.0,8.5764,100.0,1454.0,1461.0,2.0,2509.0,159.0,166.0,0.0299,0.1942,17.1697,0.5985,0.0293,0.0053,0.0,17.1697,0.5985,0.0293,0.0053,0.0,8.5764,3.0
2021-04-01,20:00,HHFZBSC01,23803.0,23803_Pindi Bhattian Sargodha (3G-CI-2132),74.0,3803_Pindi Bhattian Sargodha (3G-CI-2132),GUJRANWALA_CLUSTER_06_Rural,100%,0.0,120.0,1.0,209.0,0.0,1940.0,158.0,193.0,0.0,105.0,3.6694,1.0,19988.0,21498.0,21436.0,21498.0,7.0,7.0,1940.0,1808.0,3.6694,100.0,395.0,428.0,7.0,1808.0,120.0,120.0,0.0558,3.9084,7.1463,2.008,0.36700000000000005,0.0053,0.0,7.1463,2.008,0.36700000000000005,0.0053,0.0,3.6694,1.0
2021-04-01,20:00,HHFZBSC01,13803.0,13803_Pindi Bhattian Sargodha (3G-CI-2132),73.0,3803_Pindi Bhattian Sargodha (3G-CI-2132),GUJRANWALA_CLUSTER_06_Rural,100%,0.0,123.0,1.0,327.0,0.0,779.0,391.0,401.0,0.0,208.0,2.8847,1.0,13196.0,13800.0,13672.0,13800.0,0.0,2.0,779.0,701.0,2.8847,100.0,307.0,316.0,0.0,701.0,121.0,123.0,0.0973,0.253,13.4814,0.1813,0.0213,0.008,0.0053,13.4814,0.1813,0.0213,0.008,0.0053,2.8847,1.0
2021-04-01,20:00,HHFZBSC01,33805.0,33805_Salem Interchange Sargodha (3G-CI-2134),72.0,3805_Salem Interchange Sargodha (3G-CI-2134),GUJRANWALA_CLUSTER_06_Rural,100%,0.0,74.0,0.0,154.0,0.0,248.0,160.0,160.0,0.0,80.0,1.8083,0.0,10666.0,10678.0,10676.0,10678.0,0.0,0.0,248.0,239.0,1.8083,100.0,153.0,157.0,0.0,239.0,74.0,74.0,0.0341,0.7513,6.9573,0.8128,0.0562,0.0,0.0027,6.9573,0.8128,0.0562,0.0,0.0027,1.8083,0.0
2021-04-01,20:00,HHFZBSC01,23805.0,23805_Salem Interchange Sargodha (3G-CI-2134),71.0,3805_Salem Interchange Sargodha (3G-CI-2134),GUJRANWALA_CLUSTER_06_Rural,100%,0.0,134.0,1.0,264.0,0.0,702.0,238.0,258.0,0.0,132.0,3.1319,1.0,17860.0,18038.0,18004.0,18038.0,1.0,2.0,702.0,666.0,3.1319,100.0,339.0,343.0,1.0,666.0,133.0,134.0,0.0,0.1492,8.7413,0.1813,0.0133,0.0,0.0,8.7413,0.1813,0.0133,0.0,0.0,3.1319,1.0
2021-04-01,20:00,HHFZBSC01,13805.0,13805_Salem Interchange Sargodha (3G-CI-2134),70.0,3805_Salem Interchange Sargodha (3G-CI-2134),GUJRANWALA_CLUSTER_06_Rural,100%,0.0,33.0,1.0,53.0,0.0,148.0,36.0,36.0,0.0,20.0,2.8958,1.0,18376.0,19666.0,19530.0,19666.0,0.0,0.0,148.0,133.0,2.8958,100.0,43.0,47.0,0.0,133.0,33.0,33.0,0.0,0.0,7.6933,0.0,0.0,0.0,0.0,7.6933,0.0,0.0,0.0,0.0,2.8958,1.0
2021-04-01,20:00,HHFZBSC01,14389.0,14389_Phularwan Sargodha (3G-CI-2161),7.0,4389_Phularwan Sargodha (3G-CI-2161),GUJRANWALA_CLUSTER_06_Rural,100%,0.0,86.0,2.0,153.0,0.0,363.0,136.0,139.0,0.0,68.0,5.0958,2.0,33606.0,34300.0,34286.0,34300.0,4.0,5.0,363.0,351.0,5.0958,100.0,172.0,173.0,4.0,351.0,85.0,86.0,0.0683,5.256,2.0834,1.6478,0.2043,0.0027,0.0,2.0834,1.6478,0.2043,0.0027,0.0,5.0958,2.0
2021-04-01,20:00,HHFZBSC01,14851.0,14851_Easy Solar Site Mandi Bahauddin,61.0,4851_Easy Solar Site Mandi Bahauddin,GUJRANWALA_CLUSTER_06_Rural,100%,0.0,17.0,0.0,17.0,0.0,85.0,0.0,0.0,0.0,0.0,0.5847,0.0,2698.0,3076.0,2904.0,3076.0,0.0,0.0,85.0,84.0,0.5847,100.0,46.0,46.0,0.0,84.0,17.0,17.0,0.0,0.0,9.384,0.0107,0.0,0.0,0.0,9.384,0.0107,0.0,0.0,0.0,0.5847,0.0
2021-04-01,20:00,HHFZBSC01,35582.0,35582_Kot Momin Sargodha (3G-CI-2163),6.0,5582_Kot Momin Sargodha (3G-CI-2163),GUJRANWALA_CLUSTER_06_Rural,100%,0.0,77.0,0.0,130.0,0.0,319.0,115.0,119.0,0.0,57.0,4.1014,0.0,25922.0,26036.0,25978.0,26036.0,0.0,4.0,319.0,311.0,4.1014,100.0,142.0,142.0,0.0,311.0,73.0,77.0,4.8742,8.7892,9.0053,0.376,0.4027,0.2533,0.248,9.0053,0.376,0.4027,0.2533,0.248,4.1014,0.0
2021-04-01,20:00,HHFZBSC01,33361.0,33361_Ahmedabad Jhelum (3G-CI-2072),58.0,3361_Ahmedabad Jhelum (3G-CI-2072),GUJRANWALA_CLUSTER_06_Rural,100%,0.0,431.0,9.0,512.0,0.0,2292.0,186.0,222.0,0.0,108.0,13.9542,9.0,82574.0,86500.0,84292.0,86500.0,13.0,33.0,2292.0,2157.0,13.9542,100.0,798.0,847.0,13.0,2157.0,411.0,431.0,0.0871,0.3309,15.0989,0.2032,0.0374,0.008,0.0054,15.0989,0.2032,0.0374,0.008,0.0054,13.9542,9.0
2021-04-01,20:00,HHFZBSC01,23361.0,23361_Ahmedabad Jhelum (3G-CI-2072),57.0,3361_Ahmedabad Jhelum (3G-CI-2072),GUJRANWALA_CLUSTER_06_Rural,100%,0.0,316.0,4.0,321.0,0.0,901.0,14.0,18.0,0.0,8.0,8.8264,4.0,50376.0,50928.0,49468.0,50928.0,11.0,13.0,901.0,829.0,8.8264,100.0,445.0,455.0,11.0,829.0,314.0,316.0,4.4128,44.6155,0.0107,7.3722,5.3591,0.3556,0.2326,0.0107,7.3722,5.3591,0.3556,0.2326,8.8264,4.0
2021-04-01,20:00,HHFZBSC01,13361.0,13361_Ahmedabad Jhelum (3G-CI-2072),56.0,3361_Ahmedabad Jhelum (3G-CI-2072),GUJRANWALA_CLUSTER_06_Rural,100%,0.0,236.0,2.0,300.0,0.0,1013.0,125.0,126.0,0.0,68.0,9.1375,2.0,57530.0,58786.0,58218.0,58786.0,1.0,5.0,1013.0,985.0,9.1375,100.0,366.0,370.0,1.0,985.0,232.0,236.0,0.5435,2.8138,15.4675,0.7861,0.3797,0.0802,0.0107,15.4675,0.7861,0.3797,0.0802,0.0107,9.1375,2.0
2021-04-01,20:00,HHFZBSC01,33691.0,33691_Head Faqiran Mona Mandi Bahauddin,52.0,3691_Head Faqiran Mona Mandi Bahauddin,GUJRANWALA_CLUSTER_06_Rural,100%,0.0,100.0,2.0,124.0,0.0,387.0,49.0,52.0,0.0,26.0,6.1097,2.0,39912.0,40782.0,40702.0,40782.0,4.0,5.0,387.0,375.0,6.1097,100.0,163.0,164.0,4.0,375.0,99.0,100.0,0.0,0.0,11.7119,0.0508,0.0,0.0,0.0,11.7119,0.0508,0.0,0.0,0.0,6.1097,2.0
2021-04-01,20:00,HHFZBSC01,23691.0,23691_Head Faqiran Mona Mandi Bahauddin,51.0,3691_Head Faqiran Mona Mandi Bahauddin,GUJRANWALA_CLUSTER_06_Rural,100%,0.0,41.0,0.0,59.0,0.0,170.0,36.0,36.0,0.0,18.0,1.6528,0.0,10362.0,11452.0,11450.0,11452.0,0.0,0.0,170.0,170.0,1.6528,100.0,85.0,85.0,0.0,170.0,41.0,41.0,0.0849,0.0849,6.2781,0.0027,0.0,0.0027,0.0027,6.2781,0.0027,0.0,0.0027,0.0027,1.6528,0.0
2021-04-01,20:00,HHFZBSC01,13691.0,13691_Head Faqiran Mona Mandi Bahauddin,50.0,3691_Head Faqiran Mona Mandi Bahauddin,GUJRANWALA_CLUSTER_06_Rural,100%,0.0,30.0,0.0,51.0,0.0,195.0,46.0,46.0,0.0,21.0,1.0986,0.0,6974.0,6980.0,6940.0,6980.0,0.0,0.0,195.0,192.0,1.0986,100.0,89.0,89.0,0.0,192.0,30.0,30.0,0.0394,0.0788,6.6818,0.0856,0.0027,0.0027,0.0,6.6818,0.0856,0.0027,0.0027,0.0,1.0986,0.0
2021-04-01,20:00,HHFZBSC01,25582.0,25582_Kot Momin Sargodha (3G-CI-2163),5.0,5582_Kot Momin Sargodha (3G-CI-2163),GUJRANWALA_CLUSTER_06_Rural,100%,0.0,30.0,1.0,89.0,0.0,143.0,126.0,127.0,0.0,60.0,1.1597,1.0,7088.0,7134.0,7104.0,7134.0,0.0,1.0,143.0,129.0,1.1597,100.0,92.0,92.0,0.0,129.0,29.0,30.0,0.0,0.0351,7.5802,0.0214,0.0027,0.0,0.0,7.5802,0.0214,0.0027,0.0,0.0,1.1597,1.0
2021-04-01,20:00,HHFZBSC01,31309.0,CI-1309-3_Makhdoom Interchange Sargodha (3G-CI-3934),48.0,CI-1309_Makhdoom Interchange Sargodha (3G-CI-3934),GUJRANWALA_CLUSTER_06_Rural,100%,0.0,258.0,3.0,385.0,0.0,1022.0,279.0,284.0,0.0,129.0,7.8736,3.0,45024.0,45986.0,44394.0,45986.0,2.0,4.0,1022.0,964.0,7.8736,100.0,565.0,582.0,2.0,964.0,256.0,258.0,0.0,0.0,13.1253,0.0107,0.0,0.0,0.0,13.1253,0.0107,0.0,0.0,0.0,7.8736,3.0
2021-04-01,20:00,HHFZBSC01,21309.0,CI-1309-2_Makhdoom Interchange Sargodha (3G-CI-3934),47.0,CI-1309_Makhdoom Interchange Sargodha (3G-CI-3934),GUJRANWALA_CLUSTER_06_Rural,100%,0.0,92.0,0.0,208.0,0.0,567.0,226.0,227.0,0.0,116.0,3.5,0.0,21280.0,21490.0,21448.0,21490.0,2.0,2.0,567.0,549.0,3.5,100.0,273.0,275.0,2.0,549.0,92.0,92.0,0.0,0.0,15.6453,0.016,0.0,0.0,0.0,15.6453,0.016,0.0,0.0,0.0,3.5,0.0
2021-04-01,20:00,HHFZBSC01,11309.0,CI-1309-1_Makhdoom Interchange Sargodha (3G-CI-3934),46.0,CI-1309_Makhdoom Interchange Sargodha (3G-CI-3934),GUJRANWALA_CLUSTER_06_Rural,100%,0.0,81.0,0.0,228.0,0.0,203.0,295.0,295.0,0.0,147.0,2.2875,0.0,12798.0,12812.0,12812.0,12812.0,0.0,0.0,203.0,203.0,2.2875,100.0,135.0,135.0,0.0,203.0,81.0,81.0,0.0,0.0,12.408,0.0,0.0,0.0,0.0,12.408,0.0,0.0,0.0,0.0,2.2875,0.0
2021-04-01,20:00,HHFZBSC01,32459.0,CII-2459-3_Hazur Pur Sargodha,45.0,CII-2459_Hazur Pur Sargodha,GUJRANWALA_CLUSTER_06_Rural,100%,0.0,31.0,0.0,33.0,0.0,278.0,6.0,6.0,0.0,3.0,1.9667,0.0,11212.0,13478.0,13424.0,13478.0,0.0,1.0,278.0,266.0,1.9667,100.0,59.0,61.0,0.0,266.0,30.0,31.0,0.0,0.1059,2.4531,0.0751,0.0027,0.0,0.0,2.4531,0.0751,0.0027,0.0,0.0,1.9667,0.0
2021-04-01,20:00,HHFZBSC01,22459.0,CII-2459-2_Hazur Pur Sargodha,44.0,CII-2459_Hazur Pur Sargodha,GUJRANWALA_CLUSTER_06_Rural,100%,0.0,39.0,2.0,40.0,0.0,418.0,5.0,5.0,0.0,2.0,3.0361,2.0,20494.0,21112.0,21100.0,21112.0,0.0,1.0,418.0,403.0,3.0361,100.0,195.0,198.0,0.0,403.0,38.0,39.0,3.9878,30.37,1.6967,1.1348,1.0728,0.1622,0.0,1.6967,1.1348,1.0728,0.1622,0.0,3.0361,2.0
2021-04-01,20:00,HHFZBSC01,12459.0,CII-2459-1_Hazur Pur Sargodha,43.0,CII-2459_Hazur Pur Sargodha,GUJRANWALA_CLUSTER_06_Rural,100%,0.0,71.0,2.0,74.0,0.0,490.0,3.0,6.0,0.0,6.0,2.85,2.0,16720.0,17652.0,17640.0,17652.0,0.0,0.0,490.0,475.0,2.85,100.0,128.0,128.0,0.0,475.0,71.0,71.0,0.0,0.0,5.0133,0.008,0.0,0.0,0.0,5.0133,0.008,0.0,0.0,0.0,2.85,2.0
2021-04-01,20:00,HHFZBSC01,43691.0,43691_Head Faqiran Mona Mandi Bahauddin,40.0,3691_Head Faqiran Mona Mandi Bahauddin,GUJRANWALA_CLUSTER_06_Rural,100%,0.0,67.0,1.0,88.0,0.0,391.0,38.0,39.0,0.0,21.0,3.1569,1.0,19696.0,20250.0,20194.0,20250.0,0.0,0.0,391.0,354.0,3.1569,100.0,127.0,128.0,0.0,354.0,67.0,67.0,0.0,0.0,7.7921,0.0747,0.0,0.0,0.0,7.7921,0.0747,0.0,0.0,0.0,3.1569,1.0
2021-04-01,20:00,HHFZBSC01,15582.0,15582_Kot Momin Sargodha (3G-CI-2163),4.0,5582_Kot Momin Sargodha (3G-CI-2163),GUJRANWALA_CLUSTER_06_Rural,100%,0.0,24.0,0.0,67.0,0.0,41.0,86.0,86.0,0.0,43.0,1.3778,0.0,8832.0,8912.0,8912.0,8912.0,0.0,0.0,41.0,41.0,1.3778,100.0,31.0,31.0,0.0,41.0,24.0,24.0,0.0,0.0962,8.2827,0.0293,0.008,0.0,0.0,8.2827,0.0293,0.008,0.0,0.0,1.3778,0.0
2021-04-01,20:00,HHFZBSC01,13821.0,13821_Lilla Jhelum (3G-N-4483),39.0,3821_Lilla Jhelum (3G-N-4483),GUJRANWALA_CLUSTER_06_Rural,100%,0.0,190.0,0.0,219.0,0.0,700.0,55.0,57.0,0.0,30.0,8.5903,0.0,57010.0,57486.0,57288.0,57486.0,4.0,5.0,700.0,653.0,8.5903,100.0,302.0,313.0,4.0,653.0,189.0,190.0,0.1139,0.1898,6.9173,0.0933,0.0053,0.0,0.008,6.9173,0.0933,0.0053,0.0,0.008,8.5903,0.0
2021-04-01,20:00,HHFZBSC01,23821.0,23821_Lilla Jhelum (3G-N-4483),38.0,3821_Lilla Jhelum (3G-N-4483),GUJRANWALA_CLUSTER_06_Rural,100%,0.0,309.0,1.0,380.0,0.0,1000.0,154.0,154.0,0.0,73.0,9.7472,1.0,60616.0,60712.0,60650.0,60712.0,2.0,4.0,1000.0,984.0,9.7472,100.0,727.0,735.0,2.0,984.0,307.0,309.0,3.7498,9.1997,14.4149,1.0297,0.927,0.4081,0.2297,14.4149,1.0297,0.927,0.4081,0.2297,9.7472,1.0
2021-04-01,20:00,HHFZBSC01,33821.0,33821_Lilla Jhelum (3G-N-4483),37.0,3821_Lilla Jhelum (3G-N-4483),GUJRANWALA_CLUSTER_06_Rural,100%,0.0,195.0,1.0,262.0,0.0,1068.0,127.0,158.0,0.0,68.0,7.8833,1.0,50224.0,51478.0,51470.0,51478.0,6.0,7.0,1068.0,1019.0,7.8833,100.0,549.0,563.0,6.0,1019.0,194.0,195.0,0.0,0.1952,20.0107,0.4973,0.0401,0.0,0.0,20.0107,0.4973,0.0401,0.0,0.0,7.8833,1.0
2021-04-01,20:00,HHFZBSC01,33817.0,33817_Lilla Interchage Jhelum (3G-CI-2140),36.0,3817_Lilla Interchage Jhelum (3G-CI-2140),GUJRANWALA_CLUSTER_06_Rural,100%,0.0,723.0,10.0,910.0,0.0,2922.0,372.0,507.0,0.0,297.0,22.8264,10.0,134354.0,138694.0,137252.0,138694.0,8.0,12.0,2922.0,2834.0,22.8264,100.0,1058.0,1092.0,8.0,2834.0,719.0,723.0,0.0396,1.1986,6.3477,0.3203,0.0782,0.0027,0.0,6.3477,0.3203,0.0782,0.0027,0.0,22.8264,10.0
2021-04-01,20:00,HHFZBSC01,23817.0,23817_Lilla Interchage Jhelum (3G-CI-2140),35.0,3817_Lilla Interchage Jhelum (3G-CI-2140),GUJRANWALA_CLUSTER_06_Rural,100%,0.0,144.0,0.0,203.0,0.0,757.0,88.0,143.0,0.0,94.0,4.7444,0.0,24980.0,28910.0,28624.0,28910.0,1.0,5.0,757.0,728.0,4.7444,100.0,537.0,553.0,1.0,728.0,140.0,144.0,0.0,0.0415,6.3959,0.0321,0.0027,0.0,0.0,6.3959,0.0321,0.0027,0.0,0.0,4.7444,0.0
2021-04-01,20:00,HHFZBSC01,17848.0,17848_Baramusa Mandi Bahauddin,34.0,7848_Baramusa Mandi Bahauddin,GUJRANWALA_CLUSTER_06_Rural,100%,0.0,27.0,0.0,42.0,0.0,372.0,28.0,28.0,0.0,15.0,0.8097,0.0,4964.0,4964.0,4964.0,4964.0,3.0,3.0,372.0,352.0,0.8097,100.0,57.0,57.0,3.0,352.0,27.0,27.0,0.0,0.0327,8.128,0.0267,0.0027,0.0,0.0,8.128,0.0267,0.0027,0.0,0.0,0.8097,0.0
2021-04-01,20:00,HHFZBSC01,27848.0,27848_Baramusa Mandi Bahauddin,33.0,7848_Baramusa Mandi Bahauddin,GUJRANWALA_CLUSTER_06_Rural,100%,0.0,30.0,0.0,41.0,0.0,98.0,25.0,25.0,0.0,11.0,1.3542,0.0,8870.0,8878.0,8856.0,8878.0,0.0,0.0,98.0,97.0,1.3542,100.0,50.0,50.0,0.0,97.0,30.0,30.0,0.0,0.0,3.928,0.0,0.0,0.0,0.0,3.928,0.0,0.0,0.0,0.0,1.3542,0.0
2021-04-01,20:00,HHFZBSC01,37844.0,37844_Rerka Bala Mandi Bahauddin,320.0,7844_Rerka Bala Mandi Bahauddin,GUJRANWALA_CLUSTER_06_Rural,100%,0.0,28.0,0.0,32.0,0.0,54.0,9.0,9.0,0.0,5.0,1.0181,0.0,6846.0,6846.0,6846.0,6846.0,0.0,1.0,54.0,54.0,1.0181,100.0,38.0,38.0,0.0,54.0,27.0,28.0,0.0,0.0,8.1013,0.0053,0.0,0.0,0.0,8.1013,0.0053,0.0,0.0,0.0,1.0181,0.0
2021-04-01,20:00,HHFZBSC01,37848.0,37848_Baramusa Mandi Bahauddin,32.0,7848_Baramusa Mandi Bahauddin,GUJRANWALA_CLUSTER_06_Rural,100%,0.0,89.0,0.0,109.0,0.0,263.0,37.0,39.0,0.0,20.0,4.9542,0.0,33544.0,33834.0,33714.0,33834.0,0.0,0.0,263.0,261.0,4.9542,100.0,206.0,207.0,0.0,261.0,89.0,89.0,0.125,0.125,6.8982,0.0064,0.0,0.0029,0.0058,6.8982,0.0064,0.0,0.0029,0.0058,4.9542,0.0
2021-04-01,20:00,HHFZBSC01,27844.0,27844_Rerka Bala Mandi Bahauddin,319.0,7844_Rerka Bala Mandi Bahauddin,GUJRANWALA_CLUSTER_06_Rural,100%,0.0,16.0,0.0,25.0,0.0,298.0,19.0,19.0,0.0,9.0,0.3111,0.0,1786.0,1786.0,1786.0,1786.0,0.0,0.0,298.0,298.0,0.3111,100.0,191.0,191.0,0.0,298.0,16.0,16.0,0.0,0.0,8.6791,0.0027,0.0,0.0,0.0,8.6791,0.0027,0.0,0.0,0.0,0.3111,0.0
2021-04-01,20:00,HHFZBSC01,17844.0,17844_Rerka Bala Mandi Bahauddin,318.0,7844_Rerka Bala Mandi Bahauddin,GUJRANWALA_CLUSTER_06_Rural,100%,0.0,52.0,1.0,58.0,0.0,255.0,13.0,13.0,0.0,6.0,1.3111,1.0,8242.0,8544.0,8314.0,8544.0,0.0,0.0,255.0,253.0,1.3111,100.0,72.0,72.0,0.0,253.0,52.0,52.0,0.0,0.0,8.0252,0.0,0.0,0.0,0.0,8.0252,0.0,0.0,0.0,0.0,1.3111,1.0
2021-04-01,20:00,HHFZBSC01,13817.0,13817_Lilla Interchage Jhelum (3G-CI-2140),31.0,3817_Lilla Interchage Jhelum (3G-CI-2140),GUJRANWALA_CLUSTER_06_Rural,100%,0.0,585.0,12.0,836.0,0.0,2833.0,504.0,514.0,0.0,252.0,15.5458,12.0,76726.0,79908.0,78286.0,79908.0,37.0,42.0,2833.0,2662.0,15.5458,100.0,1099.0,1120.0,37.0,2662.0,580.0,585.0,0.3564,4.5141,11.9374,3.1071,0.6551,0.0508,0.0054,11.9374,3.1071,0.6551,0.0508,0.0054,15.5458,12.0
2021-04-01,20:00,HHFZBSC01,33776.0,33776_Salem Interchange Kot Momin Sargodha (3G-CI-2259),30.0,3776_Salem Interchange Kot Momin Sargodha (3G-CI-2259),GUJRANWALA_CLUSTER_06_Rural,100%,0.0,20.0,2.0,46.0,0.0,120.0,52.0,56.0,0.0,28.0,0.5181,2.0,2814.0,2928.0,2916.0,2928.0,0.0,1.0,120.0,112.0,0.5181,100.0,52.0,52.0,0.0,112.0,19.0,20.0,0.0263,0.0791,10.1075,0.0294,0.0054,0.0,0.0027,10.1075,0.0294,0.0054,0.0,0.0027,0.5181,2.0
2021-04-01,20:00,HHFZBSC01,33802.0,33802_PD Khan Lilla Road Jhelum (3G-N-4558),3.0,3802_PD Khan Lilla Road Jhelum (3G-N-4558),GUJRANWALA_CLUSTER_06_Rural,100%,0.0,2064.0,1.0,2346.0,0.0,6620.0,593.0,601.0,0.0,292.0,66.2389,1.0,405240.0,405706.0,405338.0,405706.0,4.0,11.0,6620.0,6601.0,66.2389,100.0,3913.0,3921.0,4.0,6601.0,2057.0,2064.0,0.1932,0.297,23.5663,0.0745,0.0246,0.0111,0.0347,23.5663,0.0745,0.0246,0.0111,0.0347,66.2389,1.0
2021-04-01,20:00,HHFZBSC01,23776.0,23776_Salem Interchange Kot Momin Sargodha (3G-CI-2259),29.0,3776_Salem Interchange Kot Momin Sargodha (3G-CI-2259),GUJRANWALA_CLUSTER_06_Rural,100%,0.0,2.0,1.0,17.0,0.0,27.0,27.0,27.0,0.0,15.0,0.0486,1.0,104.0,104.0,104.0,104.0,0.0,0.0,27.0,26.0,0.0486,100.0,3.0,3.0,0.0,26.0,2.0,2.0,0.0,0.0,9.7406,0.0134,0.0,0.0,0.0,9.7406,0.0134,0.0,0.0,0.0,0.0486,1.0
2021-04-01,20:00,HHFZBSC01,13776.0,13776_Salem Interchange Kot Momin Sargodha (3G-CI-2259),28.0,3776_Salem Interchange Kot Momin Sargodha (3G-CI-2259),GUJRANWALA_CLUSTER_06_Rural,100%,0.0,26.0,1.0,70.0,0.0,201.0,80.0,86.0,0.0,45.0,0.8986,1.0,5262.0,5282.0,5282.0,5282.0,0.0,0.0,201.0,192.0,0.8986,100.0,64.0,68.0,0.0,192.0,26.0,26.0,0.0668,0.1002,7.7947,0.1787,0.0027,0.0053,0.0,7.7947,0.1787,0.0027,0.0053,0.0,0.8986,1.0
2021-04-01,20:00,HHFZBSC01,35586.0,35586_Bhabra Sargodha,27.0,5586_Bhabra Sargodha,GUJRANWALA_CLUSTER_06_Rural,100%,0.0,17.0,1.0,17.0,0.0,174.0,0.0,0.0,0.0,0.0,0.9444,1.0,6236.0,6274.0,5214.0,6274.0,0.0,0.0,174.0,173.0,0.9444,100.0,64.0,64.0,0.0,173.0,17.0,17.0,0.0,0.0,6.0136,0.0106,0.0,0.0,0.0,6.0136,0.0106,0.0,0.0,0.0,0.9444,1.0
2021-04-01,20:00,HHFZBSC01,25586.0,25586_Bhabra Sargodha,26.0,5586_Bhabra Sargodha,GUJRANWALA_CLUSTER_06_Rural,100%,0.0,10.0,0.0,14.0,0.0,172.0,8.0,8.0,0.0,4.0,0.6361,0.0,4354.0,4356.0,4344.0,4356.0,1.0,1.0,172.0,172.0,0.6361,100.0,18.0,18.0,1.0,172.0,10.0,10.0,0.0,0.0,8.0765,0.0,0.0,0.0,0.0,8.0765,0.0,0.0,0.0,0.0,0.6361,0.0
2021-04-01,20:00,HHFZBSC01,33870.0,33870_Multani Gate Bhera Sargodha (3G-CI-4972),22.0,3870_Multani Gate Bhera Sargodha (3G-CI-4972),GUJRANWALA_CLUSTER_06_Rural,100%,0.0,166.0,0.0,188.0,0.0,715.0,63.0,70.0,0.0,28.0,5.7556,0.0,35234.0,35534.0,34510.0,35534.0,1.0,1.0,715.0,714.0,5.7556,100.0,350.0,351.0,1.0,714.0,166.0,166.0,0.0367,0.1471,7.1872,0.0695,0.008,0.0027,0.0,7.1872,0.0695,0.008,0.0027,0.0,5.7556,0.0
2021-04-01,20:00,HHFZBSC01,23870.0,23870_Multani Gate Bhera Sargodha (3G-CI-4972),21.0,3870_Multani Gate Bhera Sargodha (3G-CI-4972),GUJRANWALA_CLUSTER_06_Rural,100%,0.0,51.0,2.0,98.0,0.0,317.0,95.0,95.0,0.0,47.0,1.4431,2.0,8408.0,8644.0,8518.0,8644.0,2.0,2.0,317.0,314.0,1.4431,100.0,84.0,86.0,2.0,314.0,51.0,51.0,0.0,0.0,7.272,0.024,0.0,0.0,0.0,7.272,0.024,0.0,0.0,0.0,1.4431,2.0
2021-04-01,20:00,HHFZBSC01,13870.0,13870_Multani Gate Bhera Sargodha (3G-CI-4972),20.0,3870_Multani Gate Bhera Sargodha (3G-CI-4972),GUJRANWALA_CLUSTER_06_Rural,100%,0.0,128.0,0.0,270.0,0.0,1192.0,264.0,266.0,0.0,142.0,8.0583,0.0,53960.0,54018.0,53586.0,54018.0,1.0,1.0,1192.0,1187.0,8.0583,100.0,239.0,241.0,1.0,1187.0,128.0,128.0,0.16699999999999998,0.16699999999999998,11.4622,0.0063,0.0,0.0,0.0192,11.4622,0.0063,0.0,0.0,0.0192,8.0583,0.0
2021-04-01,20:00,HHFZBSC01,23802.0,23802_PD Khan Lilla Road Jhelum (3G-N-4558),2.0,3802_PD Khan Lilla Road Jhelum (3G-N-4558),GUJRANWALA_CLUSTER_06_Rural,100%,0.0,240.0,1.0,357.0,0.0,590.0,230.0,231.0,0.0,119.0,7.1014,1.0,40682.0,42070.0,41956.0,42070.0,1.0,3.0,590.0,568.0,7.1014,100.0,339.0,343.0,1.0,568.0,238.0,240.0,0.0,0.0793,16.7069,0.0798,0.0133,0.0,0.0,16.7069,0.0798,0.0133,0.0,0.0,7.1014,1.0
2021-04-01,20:00,HHFZBSC01,33812.0,33812_25 KM Pindi Bhattian Sargodha (3G-CI-2138),19.0,3812_25 KM Pindi Bhattian Sargodha (3G-CI-2138),GUJRANWALA_CLUSTER_06_Rural,100%,0.0,18.0,0.0,56.0,0.0,366.0,67.0,74.0,0.0,38.0,0.7097,0.0,4028.0,4188.0,4154.0,4188.0,4.0,4.0,366.0,356.0,0.7097,100.0,46.0,47.0,4.0,356.0,18.0,18.0,0.0,0.0,10.3274,0.055999999999999994,0.0,0.0,0.0,10.3274,0.055999999999999994,0.0,0.0,0.0,0.7097,0.0
2021-04-01,20:00,HHFZBSC01,23812.0,23812_25 KM Pindi Bhattian Sargodha (3G-CI-2138),18.0,3812_25 KM Pindi Bhattian Sargodha (3G-CI-2138),GUJRANWALA_CLUSTER_06_Rural,100%,0.0,90.0,1.0,154.0,0.0,1410.0,110.0,112.0,0.0,64.0,3.5139,1.0,20944.0,21132.0,20618.0,21132.0,11.0,11.0,1410.0,1350.0,3.5139,100.0,924.0,935.0,11.0,1350.0,90.0,90.0,0.0,1.0416,6.4973,0.361,0.0722,0.0,0.0,6.4973,0.361,0.0722,0.0,0.0,3.5139,1.0
2021-04-01,20:00,HHFZBSC01,13812.0,13812_25 KM Pindi Bhattian Sargodha (3G-CI-2138),17.0,3812_25 KM Pindi Bhattian Sargodha (3G-CI-2138),GUJRANWALA_CLUSTER_06_Rural,100%,0.0,59.0,2.0,81.0,0.0,313.0,42.0,43.0,0.0,22.0,1.4347,2.0,8428.0,8458.0,8228.0,8458.0,3.0,3.0,313.0,295.0,1.4347,100.0,149.0,155.0,3.0,295.0,59.0,59.0,1.4336,4.0562,6.9727,0.3636,0.2005,0.1016,0.008,6.9727,0.3636,0.2005,0.1016,0.008,1.4347,2.0
2021-04-01,20:00,HHFZBSC01,33777.0,33777_Kot Momin Sargodha (3G-CI-2127),16.0,3777_Kot Momin Sargodha (3G-CI-2127),GUJRANWALA_CLUSTER_06_Rural,100%,0.0,40.0,0.0,132.0,0.0,289.0,184.0,193.0,0.0,100.0,3.5069,0.0,22644.0,22784.0,22540.0,22784.0,0.0,5.0,289.0,287.0,3.5069,100.0,78.0,78.0,0.0,287.0,35.0,40.0,0.6932,4.7574,6.32,1.7413,0.344,0.048,0.0107,6.32,1.7413,0.344,0.048,0.0107,3.5069,0.0
2021-04-01,20:00,HHFZBSC01,23777.0,23777_Kot Momin Sargodha (3G-CI-2127),15.0,3777_Kot Momin Sargodha (3G-CI-2127),GUJRANWALA_CLUSTER_06_Rural,100%,0.0,34.0,0.0,84.0,0.0,214.0,98.0,99.0,0.0,50.0,1.7694,0.0,11262.0,11414.0,11410.0,11414.0,1.0,1.0,214.0,198.0,1.7694,100.0,102.0,102.0,1.0,198.0,34.0,34.0,0.0,0.0331,8.0134,0.0588,0.0027,0.0,0.0,8.0134,0.0588,0.0027,0.0,0.0,1.7694,0.0
2021-04-01,20:00,HHFZBSC01,13777.0,13777_Kot Momin Sargodha (3G-CI-2127),14.0,3777_Kot Momin Sargodha (3G-CI-2127),GUJRANWALA_CLUSTER_06_Rural,100%,0.0,57.0,2.0,83.0,0.0,342.0,58.0,59.0,0.0,26.0,2.7194,2.0,17562.0,17596.0,17428.0,17596.0,0.0,0.0,342.0,307.0,2.7194,100.0,162.0,163.0,0.0,307.0,57.0,57.0,0.0,0.1585,4.9759,0.0775,0.008,0.0,0.0,4.9759,0.0775,0.008,0.0,0.0,2.7194,2.0
2021-04-01,20:00,HHFZBSC01,15586.0,15586_Bhabra Sargodha,13.0,5586_Bhabra Sargodha,GUJRANWALA_CLUSTER_06_Rural,100%,0.0,50.0,0.0,52.0,0.0,126.0,7.0,7.0,0.0,3.0,1.4944,0.0,9428.0,9612.0,9248.0,9612.0,0.0,1.0,126.0,125.0,1.4944,100.0,85.0,85.0,0.0,125.0,49.0,50.0,0.0,0.0,6.3804,0.0,0.0,0.0,0.0,6.3804,0.0,0.0,0.0,0.0,1.4944,0.0
2021-04-01,20:00,HHFZBSC01,33872.0,33872_Bheera Sargodha (3G-CI-4973),120.0,3872_Bheera Sargodha (3G-CI-4973),GUJRANWALA_CLUSTER_06_Rural,100%,0.0,59.0,0.0,122.0,0.0,933.0,116.0,116.0,0.0,63.0,2.4014,0.0,15138.0,15156.0,15152.0,15156.0,0.0,0.0,933.0,929.0,2.4014,100.0,127.0,128.0,0.0,929.0,59.0,59.0,0.0419,0.1677,6.2712,0.0692,0.008,0.0027,0.0,6.2712,0.0692,0.008,0.0027,0.0,2.4014,0.0
2021-04-01,20:00,HHFZBSC01,34389.0,34389_Phularwan Sargodha (3G-CI-2161),12.0,4389_Phularwan Sargodha (3G-CI-2161),GUJRANWALA_CLUSTER_06_Rural,100%,0.0,160.0,0.0,283.0,0.0,1028.0,224.0,246.0,0.0,127.0,6.7472,0.0,41996.0,42608.0,42580.0,42608.0,1.0,2.0,1028.0,1000.0,6.7472,100.0,403.0,404.0,1.0,1000.0,159.0,160.0,0.0,0.1386,21.5183,0.0953,0.03,0.0,0.0,21.5183,0.0953,0.03,0.0,0.0,6.7472,0.0
2021-04-01,20:00,HHFZBSC01,23872.0,23872_Bheera Sargodha (3G-CI-4973),119.0,3872_Bheera Sargodha (3G-CI-4973),GUJRANWALA_CLUSTER_06_Rural,100%,0.0,41.0,0.0,113.0,0.0,911.0,134.0,134.0,0.0,72.0,2.2125,0.0,14062.0,14074.0,14074.0,14074.0,1.0,1.0,911.0,910.0,2.2125,100.0,72.0,72.0,1.0,910.0,41.0,41.0,0.0538,0.0538,4.9677,0.0323,0.0,0.0,0.0027,4.9677,0.0323,0.0,0.0,0.0027,2.2125,0.0
2021-04-01,20:00,HHFZBSC01,13872.0,13872_Bheera Sargodha (3G-CI-4973),118.0,3872_Bheera Sargodha (3G-CI-4973),GUJRANWALA_CLUSTER_06_Rural,100%,0.0,336.0,7.0,506.0,0.0,4765.0,359.0,362.0,0.0,168.0,14.3736,7.0,87782.0,91490.0,90142.0,91490.0,4.0,9.0,4765.0,4697.0,14.3736,100.0,553.0,578.0,4.0,4697.0,331.0,336.0,0.0,0.0,17.5052,0.0553,0.0,0.0,0.0,17.5052,0.0553,0.0,0.0,0.0,14.3736,7.0
2021-04-01,20:00,HHFZBSC01,24389.0,24389_Phularwan Sargodha (3G-CI-2161),11.0,4389_Phularwan Sargodha (3G-CI-2161),GUJRANWALA_CLUSTER_06_Rural,100%,0.0,93.0,0.0,123.0,0.0,362.0,65.0,65.0,0.0,30.0,3.55,0.0,23042.0,23210.0,23138.0,23210.0,0.0,0.0,362.0,358.0,3.55,100.0,233.0,237.0,0.0,358.0,93.0,93.0,0.0,0.0597,4.5132,0.0081,0.0027,0.0,0.0,4.5132,0.0081,0.0027,0.0,0.0,3.55,0.0
2021-04-01,20:00,HHFZBSC01,33692.0,33692_Miana Gondal Mandi Bahauddin,105.0,3692_Miana Gondal Mandi Bahauddin,GUJRANWALA_CLUSTER_06_Rural,100%,0.0,62.0,0.0,97.0,0.0,331.0,73.0,74.0,0.0,37.0,1.9042,0.0,11274.0,11424.0,11354.0,11424.0,1.0,3.0,331.0,323.0,1.9042,100.0,252.0,254.0,1.0,323.0,60.0,62.0,0.057,0.095,13.8821,0.1309,0.0053,0.0,0.008,13.8821,0.1309,0.0053,0.0,0.008,1.9042,0.0
2021-04-01,20:00,HHFZBSC01,23692.0,23692_Miana Gondal Mandi Bahauddin,104.0,3692_Miana Gondal Mandi Bahauddin,GUJRANWALA_CLUSTER_06_Rural,100%,0.0,40.0,0.0,58.0,0.0,211.0,39.0,39.0,0.0,18.0,3.0875,0.0,21532.0,21676.0,21588.0,21676.0,0.0,0.0,211.0,205.0,3.0875,100.0,116.0,116.0,0.0,205.0,40.0,40.0,0.0184,0.0184,14.4987,0.0027,0.0,0.0,0.0027,14.4987,0.0027,0.0,0.0,0.0027,3.0875,0.0
2021-04-01,20:00,HHFZBSC01,13692.0,13692_Miana Gondal Mandi Bahauddin,103.0,3692_Miana Gondal Mandi Bahauddin,GUJRANWALA_CLUSTER_06_Rural,100%,0.0,29.0,0.0,44.0,0.0,189.0,30.0,30.0,0.0,15.0,1.7514,0.0,11754.0,11760.0,11758.0,11760.0,1.0,1.0,189.0,189.0,1.7514,100.0,146.0,146.0,1.0,189.0,29.0,29.0,0.0377,0.0377,14.136,0.0134,0.0,0.0,0.0053,14.136,0.0134,0.0,0.0,0.0053,1.7514,0.0
2021-04-01,20:00,HHFZBSC01,13802.0,13802_PD Khan Lilla Road Jhelum (3G-N-4558),1.0,3802_PD Khan Lilla Road Jhelum (3G-N-4558),GUJRANWALA_CLUSTER_06_Rural,100%,0.0,174.0,2.0,233.0,0.0,1781.0,109.0,112.0,0.0,59.0,7.1042,2.0,44762.0,45224.0,44930.0,45224.0,6.0,6.0,1781.0,1712.0,7.1042,100.0,359.0,362.0,6.0,1712.0,174.0,174.0,0.0,0.1118,16.5888,0.0907,0.0187,0.0,0.0,16.5888,0.0907,0.0187,0.0,0.0,7.1042,2.0
2021-04-01,20:00,HLHRBSC11,33804.0,33804_Issarke Sheikhupura (3G-CI-2133),92.0,3804_Issarke Sheikhupura (3G-CI-2133),GUJRANWALA_CLUSTER_06_Rural,100%,0.0,143.0,1.0,218.0,0.0,567.0,147.0,151.0,0.0,75.0,2.2208,1.0,10018.0,10154.0,10154.0,10154.0,0.0,0.0,567.0,559.0,2.2208,100.0,429.0,431.0,0.0,559.0,143.0,143.0,0.0379,0.0758,13.802,0.27,0.0053,0.0027,0.0027,13.802,0.27,0.0053,0.0027,0.0027,2.2208,1.0
2021-04-01,20:00,HLHRBSC11,23804.0,23804_Issarke Sheikhupura (3G-CI-2133),91.0,3804_Issarke Sheikhupura (3G-CI-2133),GUJRANWALA_CLUSTER_06_Rural,100%,0.0,34.0,0.0,59.0,0.0,535.0,48.0,48.0,0.0,25.0,1.6847,0.0,10992.0,11248.0,11246.0,11248.0,1.0,1.0,535.0,527.0,1.6847,100.0,88.0,89.0,1.0,527.0,34.0,34.0,0.0676,0.2026,7.8133,0.07200000000000001,0.0107,0.0027,0.0027,7.8133,0.07200000000000001,0.0107,0.0027,0.0027,1.6847,0.0
2021-04-01,20:00,HLHRBSC11,13804.0,13804_Issarke Sheikhupura (3G-CI-2133),84.0,3804_Issarke Sheikhupura (3G-CI-2133),GUJRANWALA_CLUSTER_06_Rural,100%,0.0,245.0,1.0,316.0,0.0,564.0,138.0,140.0,0.0,70.0,5.7097,1.0,32464.0,33364.0,33316.0,33364.0,0.0,0.0,564.0,536.0,5.7097,100.0,342.0,346.0,0.0,536.0,245.0,245.0,0.0159,0.2545,16.4599,0.3075,0.0401,0.0027,0.0,16.4599,0.3075,0.0401,0.0027,0.0,5.7097,1.0
2021-04-01,20:00,HLHRBSC11,13846.0,13846_Dera Malah Singh Sheikhupura (3G-CI-2146),69.0,3846_Dera Malah Singh Sheikhupura (3G-CI-2146),GUJRANWALA_CLUSTER_06_Rural,100%,0.0,41.0,0.0,45.0,0.0,82.0,6.0,6.0,0.0,4.0,1.1722,0.0,7796.0,7796.0,7796.0,7796.0,0.0,0.0,82.0,82.0,1.1722,100.0,57.0,57.0,0.0,82.0,41.0,41.0,0.0,0.0276,9.6399,0.0481,0.0027,0.0,0.0,9.6399,0.0481,0.0027,0.0,0.0,1.1722,0.0
2021-04-01,20:00,HLHRBSC11,33552.0,33552_Jatri Sheikhupura,297.0,3552_Jatri Sheikhupura,GUJRANWALA_CLUSTER_06_Rural,100%,0.0,38.0,0.0,57.0,0.0,711.0,33.0,34.0,0.0,19.0,2.3347,0.0,15696.0,15842.0,15836.0,15842.0,8.0,8.0,711.0,664.0,2.3347,100.0,146.0,149.0,8.0,664.0,38.0,38.0,0.0,0.0,12.455,0.0318,0.0,0.0,0.0,12.455,0.0318,0.0,0.0,0.0,2.3347,0.0
2021-04-01,20:00,HLHRBSC11,23552.0,23552_Jatri Sheikhupura,296.0,3552_Jatri Sheikhupura,GUJRANWALA_CLUSTER_06_Rural,100%,0.0,40.0,2.0,39.0,0.0,435.0,3.0,3.0,0.0,2.0,2.1847,2.0,13308.0,13814.0,13650.0,13814.0,4.0,7.0,435.0,413.0,2.1847,100.0,93.0,93.0,4.0,413.0,37.0,40.0,0.3012,0.3012,5.0873,0.1693,0.0,0.0079,0.0079,5.0873,0.1693,0.0,0.0079,0.0079,2.1847,2.0
2021-04-01,20:00,HLHRBSC11,13552.0,13552_Jatri Sheikhupura,295.0,3552_Jatri Sheikhupura,GUJRANWALA_CLUSTER_06_Rural,100%,0.0,52.0,0.0,69.0,0.0,766.0,45.0,45.0,0.0,19.0,0.7681,0.0,3914.0,3998.0,3894.0,3998.0,1.0,3.0,766.0,746.0,0.7681,100.0,264.0,265.0,1.0,746.0,50.0,52.0,0.0,0.0269,9.7937,0.045,0.0027,0.0,0.0,9.7937,0.045,0.0027,0.0,0.0,0.7681,0.0
2021-04-01,20:00,HLHRBSC11,23845.0,23845_Raichand Sheikhupura,248.0,3845_Raichand Sheikhupura,GUJRANWALA_CLUSTER_06_Rural,100%,0.0,4.0,1.0,9.0,0.0,43.0,8.0,9.0,0.0,5.0,0.5028,1.0,3398.0,3528.0,3490.0,3528.0,0.0,0.0,43.0,43.0,0.5028,100.0,11.0,11.0,0.0,43.0,4.0,4.0,0.0,0.0,2.3824,0.0187,0.0,0.0,0.0,2.3824,0.0187,0.0,0.0,0.0,0.5028,1.0
2021-04-01,20:00,HLHRBSC11,33845.0,33845_Raichand Sheikhupura,247.0,3845_Raichand Sheikhupura,GUJRANWALA_CLUSTER_06_Rural,100%,0.0,85.0,5.0,126.0,0.0,1140.0,65.0,85.0,0.0,41.0,1.9444,5.0,9652.0,10864.0,10658.0,10864.0,5.0,5.0,1140.0,1089.0,1.9444,100.0,184.0,187.0,5.0,1089.0,85.0,85.0,0.0,3.1919,5.5054,0.1711,0.1872,0.0,0.0,5.5054,0.1711,0.1872,0.0,0.0,1.9444,5.0
2021-04-01,20:00,HLHRBSC11,13845.0,13845_Raichand Sheikhupura,246.0,3845_Raichand Sheikhupura,GUJRANWALA_CLUSTER_06_Rural,100%,0.0,17.0,0.0,30.0,0.0,297.0,23.0,28.0,0.0,13.0,0.9486,0.0,6258.0,6388.0,6318.0,6388.0,1.0,1.0,297.0,273.0,0.9486,100.0,51.0,57.0,1.0,273.0,17.0,17.0,0.0,0.0447,5.9118,0.0562,0.0027,0.0,0.0,5.9118,0.0562,0.0027,0.0,0.0,0.9486,0.0
2021-04-01,20:00,HLHRBSC11,33846.0,33846_Dera Malah Singh Sheikhupura (3G-CI-2146),23.0,3846_Dera Malah Singh Sheikhupura (3G-CI-2146),GUJRANWALA_CLUSTER_06_Rural,100%,0.0,77.0,1.0,104.0,0.0,782.0,50.0,52.0,0.0,29.0,2.2542,1.0,12800.0,13308.0,13232.0,13308.0,2.0,2.0,782.0,760.0,2.2542,100.0,215.0,222.0,2.0,760.0,77.0,77.0,0.0,0.0979,13.5176,0.0936,0.0133,0.0,0.0,13.5176,0.0936,0.0133,0.0,0.0,2.2542,1.0
2021-04-01,20:00,HLHRBSC11,23846.0,23846_Dera Malah Singh Sheikhupura (3G-CI-2146),22.0,3846_Dera Malah Singh Sheikhupura (3G-CI-2146),GUJRANWALA_CLUSTER_06_Rural,100%,0.0,49.0,0.0,57.0,0.0,233.0,22.0,22.0,0.0,8.0,1.1653,0.0,6326.0,7240.0,7240.0,7240.0,0.0,0.0,233.0,226.0,1.1653,100.0,71.0,71.0,0.0,226.0,49.0,49.0,0.4007,0.8921,14.2696,0.28300000000000003,0.0722,0.0321,0.0267,14.2696,0.28300000000000003,0.0722,0.0321,0.0267,1.1653,0.0
2021-04-01,20:00,HLHRBSC11,33858.0,33858_Jabran Sheikhupura (3G-CI-2150),152.0,3858_Jabran Sheikhupura (3G-CI-2150),GUJRANWALA_CLUSTER_06_Rural,100%,0.0,9.0,0.0,81.0,0.0,38.0,146.0,146.0,0.0,72.0,1.0222,0.0,6422.0,6422.0,6422.0,6422.0,0.0,0.0,38.0,38.0,1.0222,100.0,26.0,26.0,0.0,38.0,9.0,9.0,0.0,0.1587,6.5107,0.2192,0.0107,0.0,0.0,6.5107,0.2192,0.0107,0.0,0.0,1.0222,0.0
2021-04-01,20:00,HLHRBSC11,23858.0,23858_Jabran Sheikhupura (3G-CI-2150),151.0,3858_Jabran Sheikhupura (3G-CI-2150),GUJRANWALA_CLUSTER_06_Rural,100%,0.0,27.0,0.0,34.0,0.0,92.0,15.0,15.0,0.0,7.0,0.7292,0.0,4628.0,4660.0,4660.0,4660.0,2.0,2.0,92.0,89.0,0.7292,100.0,50.0,50.0,2.0,89.0,27.0,27.0,0.0,0.0,9.04,0.0133,0.0,0.0,0.0,9.04,0.0133,0.0,0.0,0.0,0.7292,0.0
2021-04-01,20:00,HLHRBSC11,13858.0,13858_Jabran Sheikhupura (3G-CI-2150),150.0,3858_Jabran Sheikhupura (3G-CI-2150),GUJRANWALA_CLUSTER_06_Rural,100%,0.0,63.0,0.0,136.0,0.0,396.0,146.0,146.0,0.0,73.0,2.9611,0.0,19250.0,19568.0,19422.0,19568.0,1.0,1.0,396.0,379.0,2.9611,100.0,205.0,207.0,1.0,379.0,63.0,63.0,0.0,0.1236,6.4501,0.016,0.008,0.0,0.0,6.4501,0.016,0.008,0.0,0.0,2.9611,0.0
2021-04-01,20:00,HLHRBSC11,33800.0,33800_Farooqabad Sheikhupura (3G-CI-2262),119.0,3800_Farooqabad Sheikhupura (3G-CI-2262),GUJRANWALA_CLUSTER_06_Rural,100%,0.0,32.0,0.0,90.0,0.0,719.0,76.0,106.0,0.0,59.0,1.8639,0.0,10220.0,11952.0,11796.0,11952.0,2.0,2.0,719.0,695.0,1.8639,100.0,100.0,105.0,2.0,695.0,32.0,32.0,0.1724,3.3092,5.8537,1.6064,0.242,0.0133,0.0,5.8537,1.6064,0.242,0.0133,0.0,1.8639,0.0
2021-04-01,20:00,HLHRBSC11,23800.0,23800_Farooqabad Sheikhupura (3G-CI-2262),118.0,3800_Farooqabad Sheikhupura (3G-CI-2262),GUJRANWALA_CLUSTER_06_Rural,100%,0.0,26.0,3.0,55.0,0.0,277.0,50.0,56.0,0.0,32.0,1.1875,3.0,6462.0,7404.0,7276.0,7404.0,0.0,2.0,277.0,250.0,1.1875,100.0,83.0,92.0,0.0,250.0,24.0,26.0,0.0398,1.5109,5.8803,0.7075,0.0984,0.0027,0.0,5.8803,0.7075,0.0984,0.0027,0.0,1.1875,3.0
2021-04-01,20:00,HLHRBSC11,13800.0,13800_Farooqabad Sheikhupura (3G-CI-2262),117.0,3800_Farooqabad Sheikhupura (3G-CI-2262),GUJRANWALA_CLUSTER_06_Rural,100%,0.0,21.0,0.0,59.0,0.0,82.0,69.0,73.0,0.0,40.0,1.1,0.0,6534.0,7070.0,7060.0,7070.0,0.0,2.0,82.0,79.0,1.1,100.0,42.0,42.0,0.0,79.0,19.0,21.0,0.21,1.12,6.8421,0.6759999999999999,0.0692,0.016,0.0,6.8421,0.6759999999999999,0.0692,0.016,0.0,1.1,0.0
2021-04-01,20:00,HHFZBSC02,36972.0,36972_Liddar Nankana Sahib,8.0,6972_Liddar Nankana Sahib,GUJRANWALA_CLUSTER_06_Rural,100%,0.0,56.0,3.0,97.0,0.0,1282.0,56.0,75.0,0.0,42.0,1.1236,3.0,5618.0,6173.0,6056.0,6173.0,13.0,14.0,1282.0,1215.0,1.1236,100.0,235.0,239.0,13.0,1215.0,55.0,56.0,0.0515,0.1802,10.2059,0.1631,0.0134,0.0054,0.0,10.2059,0.1631,0.0134,0.0054,0.0,1.1236,3.0
2021-04-01,20:00,HHFZBSC02,26972.0,26972_Liddar Nankana Sahib,24.0,6972_Liddar Nankana Sahib,GUJRANWALA_CLUSTER_06_Rural,100%,0.0,69.0,0.0,163.0,0.0,950.0,180.0,187.0,0.0,94.0,2.9167,0.0,18854.0,19113.0,18843.0,19113.0,3.0,3.0,950.0,931.0,2.9167,100.0,172.0,173.0,3.0,931.0,69.0,69.0,0.0694,0.0694,7.6551,0.0455,0.0,0.0,0.0054,7.6551,0.0455,0.0,0.0,0.0054,2.9167,0.0
2021-04-01,20:00,HHFZBSC02,16972.0,16972_Liddar Nankana Sahib,25.0,6972_Liddar Nankana Sahib,GUJRANWALA_CLUSTER_06_Rural,100%,0.0,88.0,0.0,124.0,0.0,835.0,70.0,73.0,0.0,39.0,2.4611,0.0,14076.0,14957.0,14777.0,14957.0,0.0,2.0,835.0,801.0,2.4611,100.0,159.0,167.0,0.0,801.0,86.0,88.0,0.0265,0.0265,9.9773,0.0775,0.0,0.0,0.0027,9.9773,0.0775,0.0,0.0,0.0027,2.4611,0.0
2021-04-01,20:00,HHFZBSC02,16970.0,16970_Mustafabad Motorway M3 Hafizabad (3G-CII-4708),29.0,6970_Mustafabad Motorway M3 Hafizabad (3G-CII-4708),GUJRANWALA_CLUSTER_06_Rural,100%,0.0,29.0,0.0,67.0,0.0,370.0,72.0,73.0,0.0,38.0,1.1972,0.0,7567.0,7813.0,7799.0,7813.0,1.0,1.0,370.0,325.0,1.1972,100.0,118.0,121.0,1.0,325.0,29.0,29.0,0.0377,1.732,6.3573,0.6027,0.12,0.0027,0.0,6.3573,0.6027,0.12,0.0027,0.0,1.1972,0.0
2021-04-01,20:00,HHFZBSC02,26970.0,26970_Mustafabad Motorway M3 Hafizabad (3G-CII-4708),30.0,6970_Mustafabad Motorway M3 Hafizabad (3G-CII-4708),GUJRANWALA_CLUSTER_06_Rural,100%,0.0,6.0,1.0,17.0,0.0,135.0,21.0,23.0,0.0,11.0,0.2028,1.0,1109.0,1335.0,1327.0,1335.0,0.0,0.0,135.0,123.0,0.2028,100.0,33.0,36.0,0.0,123.0,6.0,6.0,0.0,0.0,8.2032,0.1123,0.0,0.0,0.0,8.2032,0.1123,0.0,0.0,0.0,0.2028,1.0
2021-04-01,20:00,HHFZBSC02,36970.0,36970_Mustafabad Motorway M3 Hafizabad (3G-CII-4708),31.0,6970_Mustafabad Motorway M3 Hafizabad (3G-CII-4708),GUJRANWALA_CLUSTER_06_Rural,100%,0.0,76.0,3.0,149.0,0.0,1139.0,104.0,124.0,0.0,71.0,2.6222,3.0,12121.0,14699.0,14555.0,14699.0,3.0,3.0,1139.0,1057.0,2.6222,100.0,144.0,171.0,3.0,1057.0,76.0,76.0,0.0,0.096,5.4373,0.11199999999999999,0.0053,0.0,0.0,5.4373,0.11199999999999999,0.0053,0.0,0.0,2.6222,3.0
