Date,Time,GBSC,Cell CI,Cell Name,CellIndex,Site Name,Location,Integrity,_CallSetup TCH GOS(%)_N,_CallSetup TCH GOS(%)_D,_DCR_N,_DCR_D,_GOS-SDCCH(%)_N,_GOS-SDCCH(%)_D,_HSR%_N,_HSR%_D,_Mobility TCH GOS(%)_N,_Mobility TCH GOS(%)_D,_MTBD (Mean Time between Drop)_N,_MTBD (Mean Time between Drop)_D,_RxQual Index DL_1,_RxQual Index DL_2,_RxQual Index UL_1,_RxQual Index UL_2,CSSR_Non Blocking_1_N,CSSR_Non Blocking_2_N,CSSR_Non Blocking_1_D,CSSR_Non Blocking_2_D,GlobelTraffic,TCH Availability Rate,_cssr_Call Setup Indications (Circuit Service)_N_1,_Cssr_Channel Requests (Circuit Service)_D_1,_CSSR_Call Drops on SDCCH_N_2,_CSSR_Successful SDCCH Seizures_D_2,_CSSR_Successful TCH Seizures (Traffic Channel)_N_3,_CSSR_TCH Seizure Requests (Traffic Channel)_D_3,Interference Band Proportion (4~5)(%),Interference Band 345,Mean Number of TCH in Interference Band 1,Mean Number of TCH in Interference Band 2,Mean Number of TCH in Interference Band 3,Mean Number of TCH in Interference Band 4,Mean Number of TCH in Interference Band 5,Mean Number of TCH in Interference Band 1.1,Mean Number of TCH in Interference Band 2.1,Mean Number of TCH in Interference Band 3.1,Mean Number of TCH in Interference Band 4.1,Mean Number of TCH in Interference Band 5.1,K3014:Traffic Volume on TCH(Erl),CM33:Call Drops on Traffic Channel
2021-04-01,20:00,HSGDBSC03,24737.0,24737_PTCL Exchange Pul 111 Sargodha (3G-CII-4610),99.0,4737_PTCL Exchange Pul 111 Sargodha (3G-CII-4610),JHUNG_CLUSTER_02_Rural,100%,0.0,268.0,1.0,346.0,0.0,454.0,158.0,159.0,0.0,80.0,14.7903,1.0,100486.0,101196.0,100382.0,101196.0,0.0,2.0,454.0,452.0,14.7903,100.0,349.0,349.0,0.0,452.0,266.0,268.0,0.0199,0.0199,13.3671,0.1262,0.0,0.0027,0.0,13.3671,0.1262,0.0,0.0027,0.0,14.7903,1.0
2021-04-01,20:00,HSGDBSC03,14737.0,14737_PTCL Exchange Pul 111 Sargodha (3G-CII-4610),98.0,4737_PTCL Exchange Pul 111 Sargodha (3G-CII-4610),JHUNG_CLUSTER_02_Rural,100%,0.0,114.0,0.0,153.0,0.0,365.0,79.0,80.0,0.0,41.0,5.1556,0.0,33709.0,34273.0,34073.0,34273.0,0.0,3.0,365.0,362.0,5.1556,100.0,217.0,218.0,0.0,362.0,111.0,114.0,0.0,0.0,14.4174,0.0187,0.0,0.0,0.0,14.4174,0.0187,0.0,0.0,0.0,5.1556,0.0
2021-04-01,20:00,HSGDBSC03,34819.0,34819_Chayalees Adda Sargodha (3G-CII-4236),79.0,4819_Chayalees Adda Sargodha (3G-CII-4236),JHUNG_CLUSTER_02_Rural,100%,0.0,146.0,2.0,185.0,0.0,578.0,94.0,94.0,0.0,42.0,5.1431,2.0,30762.0,32708.0,32022.0,32708.0,0.0,3.0,578.0,572.0,5.1431,100.0,326.0,331.0,0.0,572.0,143.0,146.0,0.0,0.0,13.7321,0.0237,0.0,0.0,0.0,13.7321,0.0237,0.0,0.0,0.0,5.1431,2.0
2021-04-01,20:00,HSGDBSC03,24819.0,24819_Chayalees Adda Sargodha (3G-CII-4236),78.0,4819_Chayalees Adda Sargodha (3G-CII-4236),JHUNG_CLUSTER_02_Rural,100%,0.0,216.0,5.0,326.0,0.0,1887.0,222.0,233.0,0.0,118.0,8.7458,5.0,55412.0,57808.0,57294.0,57808.0,7.0,13.0,1887.0,1813.0,8.7458,100.0,1141.0,1165.0,7.0,1813.0,210.0,216.0,0.083,0.083,16.0557,0.0428,0.0,0.0134,0.0,16.0557,0.0428,0.0,0.0134,0.0,8.7458,5.0
2021-04-01,20:00,HSGDBSC03,14819.0,14819_Chayalees Adda Sargodha (3G-CII-4236),77.0,4819_Chayalees Adda Sargodha (3G-CII-4236),JHUNG_CLUSTER_02_Rural,100%,0.0,244.0,6.0,294.0,0.0,1063.0,108.0,108.0,0.0,54.0,8.9083,6.0,55552.0,55906.0,54038.0,55906.0,1.0,6.0,1063.0,824.0,8.9083,100.0,557.0,561.0,1.0,824.0,239.0,244.0,0.0,0.4357,16.2202,0.6091,0.0736,0.0,0.0,16.2202,0.6091,0.0736,0.0,0.0,8.9083,6.0
2021-04-01,20:00,HSGDBSC03,35396.0,35396_Chak No 118 Shaheenabad Sargodha,76.0,5396_Chak No 118 Shaheenabad Sargodha,JHUNG_CLUSTER_02_Rural,100%,0.0,108.0,1.0,119.0,0.0,684.0,25.0,26.0,0.0,12.0,6.2722,1.0,41996.0,42699.0,41636.0,42699.0,0.0,0.0,684.0,673.0,6.2722,100.0,176.0,179.0,0.0,673.0,108.0,108.0,0.0,0.0,11.2711,0.0,0.0,0.0,0.0,11.2711,0.0,0.0,0.0,0.0,6.2722,1.0
2021-04-01,20:00,HSGDBSC03,25396.0,25396_Chak No 118 Shaheenabad Sargodha,75.0,5396_Chak No 118 Shaheenabad Sargodha,JHUNG_CLUSTER_02_Rural,100%,0.0,81.0,1.0,130.0,0.0,249.0,117.0,119.0,0.0,50.0,2.1111,1.0,12498.0,12875.0,12584.0,12875.0,0.0,1.0,249.0,246.0,2.1111,100.0,166.0,169.0,0.0,246.0,80.0,81.0,0.0,0.0,12.0916,0.008,0.0,0.0,0.0,12.0916,0.008,0.0,0.0,0.0,2.1111,1.0
2021-04-01,20:00,HSGDBSC03,15396.0,15396_Chak No 118 Shaheenabad Sargodha,74.0,5396_Chak No 118 Shaheenabad Sargodha,JHUNG_CLUSTER_02_Rural,100%,0.0,122.0,9.0,114.0,0.0,768.0,17.0,18.0,0.0,7.0,3.525,9.0,18712.0,19393.0,17826.0,19393.0,0.0,15.0,768.0,712.0,3.525,100.0,202.0,205.0,0.0,712.0,107.0,122.0,0.0238,0.1188,10.9106,0.7722,0.0111,0.0,0.0028,10.9106,0.7722,0.0111,0.0,0.0028,3.525,9.0
2021-04-01,20:00,HSGDBSC03,34721.0,34721_Sabon Wala Chiniot,70.0,4721_Sabon Wala Chiniot,JHUNG_CLUSTER_02_Rural,100%,0.0,146.0,1.0,200.0,0.0,575.0,111.0,111.0,0.0,55.0,7.5542,1.0,49213.0,50773.0,49495.0,50773.0,0.0,1.0,575.0,571.0,7.5542,100.0,490.0,492.0,0.0,571.0,145.0,146.0,0.017,0.017,15.2926,0.3138,0.0,0.0,0.0027,15.2926,0.3138,0.0,0.0,0.0027,7.5542,1.0
2021-04-01,20:00,HSGDBSC03,24721.0,24721_Sabon Wala Chiniot,69.0,4721_Sabon Wala Chiniot,JHUNG_CLUSTER_02_Rural,100%,1.0,1046.0,5.0,1460.0,0.0,2722.0,875.0,900.0,0.0,430.0,33.9139,5.0,212254.0,216281.0,214869.0,216281.0,16.0,27.0,2722.0,2599.0,33.9139,100.0,2043.0,2117.0,16.0,2599.0,1034.0,1046.0,0.2605,0.6252,11.1463,0.4298,0.0425,0.0143,0.016,11.1463,0.4298,0.0425,0.0143,0.016,33.9139,5.0
2021-04-01,20:00,HSGDBSC03,14721.0,14721_Sabon Wala Chiniot,68.0,4721_Sabon Wala Chiniot,JHUNG_CLUSTER_02_Rural,100%,0.0,132.0,3.0,271.0,0.0,867.0,286.0,298.0,0.0,141.0,4.3972,3.0,27011.0,28433.0,28055.0,28433.0,10.0,10.0,867.0,826.0,4.3972,100.0,360.0,362.0,10.0,826.0,132.0,132.0,0.0789,1.4973,3.1307,0.2027,0.048,0.0027,0.0,3.1307,0.2027,0.048,0.0027,0.0,4.3972,3.0
2021-04-01,20:00,HSGDBSC03,34713.0,34713_Mohammad Waal Chiniot,61.0,4713_Mohammad Waal Chiniot,JHUNG_CLUSTER_02_Rural,100%,0.0,103.0,1.0,179.0,0.0,451.0,163.0,181.0,0.0,78.0,2.7444,1.0,14865.0,15835.0,15175.0,15835.0,3.0,3.0,451.0,443.0,2.7444,100.0,144.0,144.0,3.0,443.0,103.0,103.0,0.0,0.0,7.0541,0.0,0.0,0.0,0.0,7.0541,0.0,0.0,0.0,0.0,2.7444,1.0
2021-04-01,20:00,HSGDBSC03,24713.0,24713_Mohammad Waal Chiniot,60.0,4713_Mohammad Waal Chiniot,JHUNG_CLUSTER_02_Rural,100%,0.0,24.0,0.0,58.0,0.0,258.0,62.0,66.0,0.0,31.0,0.8056,0.0,4662.0,5004.0,5000.0,5004.0,3.0,4.0,258.0,251.0,0.8056,100.0,47.0,50.0,3.0,251.0,23.0,24.0,0.938,1.4696,8.2674,0.1578,0.0455,0.0802,0.0,8.2674,0.1578,0.0455,0.0802,0.0,0.8056,0.0
2021-04-01,20:00,HSGDBSC03,14713.0,14713_Mohammad Waal Chiniot,59.0,4713_Mohammad Waal Chiniot,JHUNG_CLUSTER_02_Rural,100%,0.0,45.0,1.0,143.0,0.0,741.0,161.0,177.0,0.0,93.0,1.9583,1.0,11745.0,12776.0,12739.0,12776.0,0.0,1.0,741.0,700.0,1.9583,100.0,75.0,81.0,0.0,700.0,44.0,45.0,0.0,0.0416,6.2739,0.125,0.0027,0.0,0.0,6.2739,0.125,0.0027,0.0,0.0,1.9583,1.0
2021-04-01,20:00,HSGDBSC03,35385.0,35385_Lalian Chiniot (3G-CII-4174),58.0,5385_Lalian Chiniot (3G-CII-4174),JHUNG_CLUSTER_02_Rural,100%,0.0,50.0,0.0,162.0,0.0,153.0,228.0,229.0,0.0,112.0,1.9875,0.0,12116.0,12211.0,12169.0,12211.0,0.0,0.0,153.0,152.0,1.9875,100.0,86.0,86.0,0.0,152.0,50.0,50.0,3.8089999999999997,9.0165,18.832,2.5067,1.2213,0.5973,0.29600000000000004,18.832,2.5067,1.2213,0.5973,0.29600000000000004,1.9875,0.0
2021-04-01,20:00,HSGDBSC03,25385.0,25385_Lalian Chiniot (3G-CII-4174),57.0,5385_Lalian Chiniot (3G-CII-4174),JHUNG_CLUSTER_02_Rural,100%,0.0,514.0,16.0,848.0,0.0,1306.0,669.0,685.0,0.0,339.0,20.4806,16.0,128282.0,132215.0,129303.0,132215.0,0.0,7.0,1306.0,1294.0,20.4806,100.0,887.0,895.0,0.0,1294.0,507.0,514.0,0.0,0.0,7.1421,0.0208,0.0,0.0,0.0,7.1421,0.0208,0.0,0.0,0.0,20.4806,16.0
2021-04-01,20:00,HSGDBSC03,15385.0,15385_Lalian Chiniot (3G-CII-4174),56.0,5385_Lalian Chiniot (3G-CII-4174),JHUNG_CLUSTER_02_Rural,100%,0.0,65.0,1.0,233.0,0.0,175.0,338.0,342.0,0.0,167.0,1.7944,1.0,9976.0,10224.0,10198.0,10224.0,0.0,0.0,175.0,172.0,1.7944,100.0,123.0,125.0,0.0,172.0,65.0,65.0,4.5668,8.3315,10.0827,0.8907,0.4507,0.256,0.2907,10.0827,0.8907,0.4507,0.256,0.2907,1.7944,1.0
2021-04-01,20:00,HSGDBSC03,34719.0,34719_Jouhad Sultan Chiniot,52.0,4719_Jouhad Sultan Chiniot,JHUNG_CLUSTER_02_Rural,100%,0.0,72.0,0.0,93.0,0.0,362.0,43.0,43.0,0.0,21.0,2.7569,0.0,17560.0,18370.0,18314.0,18370.0,0.0,0.0,362.0,360.0,2.7569,100.0,112.0,113.0,0.0,360.0,72.0,72.0,0.0,0.0,11.885,0.0241,0.0,0.0,0.0,11.885,0.0241,0.0,0.0,0.0,2.7569,0.0
2021-04-01,20:00,HSGDBSC03,24719.0,24719_Jouhad Sultan Chiniot,51.0,4719_Jouhad Sultan Chiniot,JHUNG_CLUSTER_02_Rural,100%,0.0,106.0,1.0,142.0,0.0,865.0,67.0,69.0,0.0,36.0,3.0958,1.0,18658.0,18969.0,18676.0,18969.0,1.0,1.0,865.0,841.0,3.0958,100.0,170.0,171.0,1.0,841.0,106.0,106.0,0.0,0.126,10.2112,0.385,0.0134,0.0,0.0,10.2112,0.385,0.0134,0.0,0.0,3.0958,1.0
2021-04-01,20:00,HSGDBSC03,14719.0,14719_Jouhad Sultan Chiniot,50.0,4719_Jouhad Sultan Chiniot,JHUNG_CLUSTER_02_Rural,100%,0.0,37.0,0.0,53.0,0.0,86.0,32.0,32.0,0.0,16.0,1.125,0.0,6766.0,7079.0,7031.0,7079.0,0.0,0.0,86.0,86.0,1.125,100.0,55.0,55.0,0.0,86.0,37.0,37.0,0.0,0.0,10.0293,0.0,0.0,0.0,0.0,10.0293,0.0,0.0,0.0,0.0,1.125,0.0
2021-04-01,20:00,HSGDBSC03,26947.0,26947_Anwarabad Sargodha (3G-CII-4706),49.0,6947_Anwarabad Sargodha (3G-CII-4706),JHUNG_CLUSTER_02_Rural,100%,0.0,18.0,0.0,32.0,0.0,374.0,21.0,24.0,0.0,14.0,1.7514,0.0,11955.0,12183.0,11873.0,12183.0,0.0,0.0,374.0,373.0,1.7514,100.0,70.0,70.0,0.0,373.0,18.0,18.0,0.0727,0.2,14.2774,0.3628,0.0187,0.0107,0.0,14.2774,0.3628,0.0187,0.0107,0.0,1.7514,0.0
2021-04-01,20:00,HSGDBSC03,16947.0,16947_Anwarabad Sargodha (3G-CII-4706),48.0,6947_Anwarabad Sargodha (3G-CII-4706),JHUNG_CLUSTER_02_Rural,100%,0.0,21.0,0.0,33.0,0.0,166.0,27.0,27.0,0.0,12.0,0.9875,0.0,6199.0,6292.0,6280.0,6292.0,0.0,0.0,166.0,166.0,0.9875,100.0,65.0,65.0,0.0,166.0,21.0,21.0,0.0,0.3375,7.1391,0.7566,0.0267,0.0,0.0,7.1391,0.7566,0.0267,0.0,0.0,0.9875,0.0
2021-04-01,20:00,HSGDBSC03,35397.0,35397_Chowk Tarkhan Wala Chiniot,47.0,5397_Chowk Tarkhan Wala Chiniot,JHUNG_CLUSTER_02_Rural,100%,0.0,98.0,0.0,143.0,0.0,316.0,83.0,92.0,0.0,48.0,3.4875,0.0,21114.0,21742.0,21570.0,21742.0,1.0,1.0,316.0,304.0,3.4875,100.0,135.0,138.0,1.0,304.0,98.0,98.0,0.0801,0.0801,6.5784,0.0962,0.0,0.0,0.0054,6.5784,0.0962,0.0,0.0,0.0054,3.4875,0.0
2021-04-01,20:00,HSGDBSC03,25397.0,25397_Chowk Tarkhan Wala Chiniot,43.0,5397_Chowk Tarkhan Wala Chiniot,JHUNG_CLUSTER_02_Rural,100%,0.0,119.0,0.0,158.0,0.0,492.0,78.0,79.0,0.0,39.0,3.1306,0.0,19814.0,20030.0,19562.0,20030.0,1.0,1.0,492.0,490.0,3.1306,100.0,442.0,444.0,1.0,490.0,119.0,119.0,0.0662,0.1326,10.9756,1.0997,0.008,0.0,0.008,10.9756,1.0997,0.008,0.0,0.008,3.1306,0.0
2021-04-01,20:00,HSGDBSC03,15397.0,15397_Chowk Tarkhan Wala Chiniot,42.0,5397_Chowk Tarkhan Wala Chiniot,JHUNG_CLUSTER_02_Rural,100%,0.0,15.0,0.0,27.0,0.0,75.0,23.0,23.0,0.0,12.0,1.2083,0.0,8064.0,8587.0,8348.0,8587.0,0.0,0.0,75.0,75.0,1.2083,100.0,30.0,30.0,0.0,75.0,15.0,15.0,0.0,0.0,7.496,0.0,0.0,0.0,0.0,7.496,0.0,0.0,0.0,0.0,1.2083,0.0
2021-04-01,20:00,HSGDBSC03,35408.0,35408_Thati Bala Raja Chiniot (3G-CII-2012),35.0,5408_Thati Bala Raja Chiniot (3G-CII-2012),JHUNG_CLUSTER_02_Rural,100%,0.0,394.0,1.0,557.0,0.0,1442.0,324.0,357.0,0.0,168.0,19.0417,1.0,127195.0,129290.0,128531.0,129290.0,10.0,13.0,1442.0,1416.0,19.0417,100.0,627.0,631.0,10.0,1416.0,391.0,394.0,0.1533,0.1723,13.9969,0.0351,0.0027,0.0027,0.0188,13.9969,0.0351,0.0027,0.0027,0.0188,19.0417,1.0
2021-04-01,20:00,HSGDBSC03,25408.0,25408_Thati Bala Raja Chiniot (3G-CII-2012),22.0,5408_Thati Bala Raja Chiniot (3G-CII-2012),JHUNG_CLUSTER_02_Rural,100%,0.0,1099.0,14.0,1814.0,0.0,3657.0,1536.0,1629.0,0.0,738.0,36.7458,14.0,229424.0,236224.0,233252.0,236224.0,12.0,28.0,3657.0,3542.0,36.7458,100.0,1999.0,2039.0,12.0,3542.0,1083.0,1099.0,0.3,0.3363,9.0114,0.0948,0.0033,0.003,0.0244,9.0114,0.0948,0.0033,0.003,0.0244,36.7458,14.0
2021-04-01,20:00,HSGDBSC03,15408.0,15408_Thati Bala Raja Chiniot (3G-CII-2012),21.0,5408_Thati Bala Raja Chiniot (3G-CII-2012),JHUNG_CLUSTER_02_Rural,100%,0.0,590.0,1.0,902.0,0.0,1836.0,637.0,641.0,0.0,315.0,28.7875,1.0,193675.0,195122.0,194127.0,195122.0,0.0,2.0,1836.0,1833.0,28.7875,100.0,1703.0,1704.0,0.0,1833.0,588.0,590.0,0.1257,0.1849,17.872,0.1,0.0107,0.0027,0.02,17.872,0.1,0.0107,0.0027,0.02,28.7875,1.0
2021-04-01,20:00,HSGDBSC03,35407.0,35407_Doda Lahore Road Sargodha (3G-CII-4011),20.0,5407_Doda Lahore Road Sargodha (3G-CII-4011),JHUNG_CLUSTER_02_Rural,100%,0.0,109.0,1.0,132.0,0.0,466.0,47.0,48.0,0.0,24.0,5.0597,1.0,32955.0,33665.0,32815.0,33665.0,1.0,1.0,466.0,451.0,5.0597,100.0,170.0,170.0,1.0,451.0,109.0,109.0,0.0,0.0,8.6202,0.0,0.0,0.0,0.0,8.6202,0.0,0.0,0.0,0.0,5.0597,1.0
2021-04-01,20:00,HSGDBSC03,25407.0,25407_Doda Lahore Road Sargodha (3G-CII-4011),19.0,5407_Doda Lahore Road Sargodha (3G-CII-4011),JHUNG_CLUSTER_02_Rural,100%,0.0,17.0,0.0,45.0,0.0,386.0,57.0,61.0,0.0,29.0,0.775,0.0,4563.0,4839.0,4656.0,4839.0,0.0,0.0,386.0,383.0,0.775,100.0,46.0,46.0,0.0,383.0,17.0,17.0,0.0,0.0,8.2933,0.0027,0.0,0.0,0.0,8.2933,0.0027,0.0,0.0,0.0,0.775,0.0
2021-04-01,20:00,HSGDBSC03,15407.0,15407_Doda Lahore Road Sargodha (3G-CII-4011),18.0,5407_Doda Lahore Road Sargodha (3G-CII-4011),JHUNG_CLUSTER_02_Rural,100%,0.0,34.0,1.0,69.0,0.0,576.0,70.0,75.0,0.0,35.0,2.4917,1.0,16424.0,17097.0,16771.0,17097.0,0.0,0.0,576.0,560.0,2.4917,100.0,164.0,165.0,0.0,560.0,34.0,34.0,0.0,0.6039,7.343999999999999,0.1173,0.0453,0.0,0.0,7.343999999999999,0.1173,0.0453,0.0,0.0,2.4917,1.0
2021-04-01,20:00,HSGDBSC03,35393.0,35393_Sangra Chiniot (3G-CII-4228),173.0,5393_Sangra Chiniot (3G-CII-4228),JHUNG_CLUSTER_02_Rural,100%,0.0,1202.0,24.0,2551.0,0.0,4534.0,2218.0,2314.0,0.0,1368.0,57.8778,24.0,365531.0,378827.0,371760.0,378827.0,9.0,22.0,4534.0,4385.0,57.8778,100.0,1993.0,2039.0,9.0,4385.0,1189.0,1202.0,0.0,0.153,12.095,0.1572,0.0188,0.0,0.0,12.095,0.1572,0.0188,0.0,0.0,57.8778,24.0
2021-04-01,20:00,HSGDBSC03,25393.0,25393_Sangra Chiniot (3G-CII-4228),172.0,5393_Sangra Chiniot (3G-CII-4228),JHUNG_CLUSTER_02_Rural,100%,0.0,114.0,2.0,940.0,0.0,712.0,1340.0,1390.0,0.0,830.0,21.6583,2.0,149427.0,152111.0,150552.0,152111.0,1.0,1.0,712.0,674.0,21.6583,100.0,164.0,181.0,1.0,674.0,114.0,114.0,0.7288,3.4826,21.5803,1.9842,0.6723,0.1434,0.0345,21.5803,1.9842,0.6723,0.1434,0.0345,21.6583,2.0
2021-04-01,20:00,HSGDBSC03,15393.0,15393_Sangra Chiniot (3G-CII-4228),171.0,5393_Sangra Chiniot (3G-CII-4228),JHUNG_CLUSTER_02_Rural,100%,0.0,1396.0,16.0,2101.0,0.0,3503.0,1823.0,1901.0,0.0,722.0,27.3444,16.0,160994.0,164488.0,162723.0,164488.0,2.0,14.0,3503.0,3435.0,27.3444,100.0,2692.0,2736.0,2.0,3435.0,1384.0,1396.0,0.0162,0.0552,16.2347,0.1051,0.0064,0.0027,0.0,16.2347,0.1051,0.0064,0.0027,0.0,27.3444,16.0
2021-04-01,20:00,HSGDBSC03,32073.0,CII-2073-3_Chak No 142 SB Sargodha (3G-CII-4442),165.0,CII-2073_Chak No 142 SB Sargodha (3G-CII-4442),JHUNG_CLUSTER_02_Rural,100%,0.0,104.0,1.0,155.0,0.0,274.0,100.0,100.0,0.0,51.0,2.3319,1.0,13546.0,14018.0,13475.0,14018.0,1.0,1.0,274.0,255.0,2.3319,100.0,154.0,162.0,1.0,255.0,104.0,104.0,0.0,0.0269,9.6445,0.2768,0.0027,0.0,0.0,9.6445,0.2768,0.0027,0.0,0.0,2.3319,1.0
2021-04-01,20:00,HSGDBSC03,22073.0,CII-2073-2_Chak No 142 SB Sargodha (3G-CII-4442),164.0,CII-2073_Chak No 142 SB Sargodha (3G-CII-4442),JHUNG_CLUSTER_02_Rural,100%,0.0,274.0,0.0,677.0,0.0,668.0,781.0,787.0,0.0,405.0,10.5931,0.0,68669.0,69144.0,69087.0,69144.0,0.0,1.0,668.0,664.0,10.5931,100.0,551.0,555.0,0.0,664.0,273.0,274.0,0.0,0.0,24.4506,0.0084,0.0,0.0,0.0,24.4506,0.0084,0.0,0.0,0.0,10.5931,0.0
2021-04-01,20:00,HSGDBSC03,12073.0,CII-2073-1_Chak No 142 SB Sargodha (3G-CII-4442),163.0,CII-2073_Chak No 142 SB Sargodha (3G-CII-4442),JHUNG_CLUSTER_02_Rural,100%,0.0,660.0,6.0,1092.0,0.0,2340.0,860.0,870.0,0.0,440.0,21.8833,6.0,131081.0,134215.0,131586.0,134215.0,0.0,7.0,2340.0,2295.0,21.8833,100.0,1876.0,1901.0,0.0,2295.0,653.0,660.0,0.0,0.2497,14.2852,0.0507,0.0359,0.0,0.0,14.2852,0.0507,0.0359,0.0,0.0,21.8833,6.0
2021-04-01,20:00,HSGDBSC03,35625.0,35625_Chak No 42 SB Sargodha,147.0,5625_Chak No 42 SB Sargodha,JHUNG_CLUSTER_02_Rural,100%,0.0,39.0,0.0,60.0,0.0,252.0,48.0,48.0,0.0,21.0,2.1236,0.0,13970.0,14143.0,13878.0,14143.0,0.0,0.0,252.0,250.0,2.1236,100.0,66.0,67.0,0.0,250.0,39.0,39.0,0.0,0.0222,11.9707,0.0347,0.0027,0.0,0.0,11.9707,0.0347,0.0027,0.0,0.0,2.1236,0.0
2021-04-01,20:00,HSGDBSC03,25625.0,25625_Chak No 42 SB Sargodha,146.0,5625_Chak No 42 SB Sargodha,JHUNG_CLUSTER_02_Rural,100%,0.0,105.0,3.0,206.0,0.0,575.0,191.0,199.0,0.0,103.0,5.4667,3.0,36303.0,36823.0,36498.0,36823.0,1.0,3.0,575.0,562.0,5.4667,100.0,303.0,303.0,1.0,562.0,103.0,105.0,0.0,0.2037,8.9444,0.1296,0.0185,0.0,0.0,8.9444,0.1296,0.0185,0.0,0.0,5.4667,3.0
2021-04-01,20:00,HSGDBSC03,15625.0,15625_Chak No 42 SB Sargodha,145.0,5625_Chak No 42 SB Sargodha,JHUNG_CLUSTER_02_Rural,100%,0.0,40.0,0.0,49.0,0.0,238.0,18.0,18.0,0.0,9.0,1.6056,0.0,9517.0,10385.0,10048.0,10385.0,0.0,0.0,238.0,235.0,1.6056,100.0,137.0,139.0,0.0,235.0,40.0,40.0,0.0,0.0,15.9149,0.0186,0.0,0.0,0.0,15.9149,0.0186,0.0,0.0,0.0,1.6056,0.0
2021-04-01,20:00,HSGDBSC03,35414.0,35414_Chak No 102 Shumali Sargodha,144.0,5414_Chak No 102 Shumali Sargodha,JHUNG_CLUSTER_02_Rural,100%,0.0,25.0,0.0,47.0,0.0,215.0,46.0,50.0,0.0,26.0,0.6625,0.0,3800.0,4013.0,3731.0,4013.0,0.0,2.0,215.0,207.0,0.6625,100.0,67.0,73.0,0.0,207.0,23.0,25.0,0.0,0.0,14.5984,0.0,0.0,0.0,0.0,14.5984,0.0,0.0,0.0,0.0,0.6625,0.0
2021-04-01,20:00,HSGDBSC03,25414.0,25414_Chak No 102 Shumali Sargodha,143.0,5414_Chak No 102 Shumali Sargodha,JHUNG_CLUSTER_02_Rural,100%,0.0,93.0,7.0,205.0,0.0,384.0,215.0,228.0,0.0,109.0,3.75,7.0,22305.0,23662.0,22931.0,23662.0,0.0,3.0,384.0,375.0,3.75,100.0,198.0,206.0,0.0,375.0,90.0,93.0,0.0,0.0,12.478,0.0159,0.0,0.0,0.0,12.478,0.0159,0.0,0.0,0.0,3.75,7.0
2021-04-01,20:00,HSGDBSC03,15414.0,15414_Chak No 102 Shumali Sargodha,142.0,5414_Chak No 102 Shumali Sargodha,JHUNG_CLUSTER_02_Rural,100%,0.0,45.0,3.0,78.0,0.0,427.0,53.0,57.0,0.0,34.0,3.95,3.0,27488.0,27838.0,27481.0,27838.0,0.0,0.0,427.0,414.0,3.95,100.0,108.0,108.0,0.0,414.0,45.0,45.0,0.0,0.0,5.1656,0.12,0.0,0.0,0.0,5.1656,0.12,0.0,0.0,0.0,3.95,3.0
2021-04-01,20:00,HSGDBSC03,35624.0,35624_Chak No 34 SB Sargodha,135.0,5624_Chak No 34 SB Sargodha,JHUNG_CLUSTER_02_Rural,100%,0.0,38.0,2.0,40.0,0.0,229.0,4.0,4.0,0.0,2.0,0.9319,2.0,4836.0,5170.0,4936.0,5170.0,0.0,0.0,229.0,225.0,0.9319,100.0,81.0,83.0,0.0,225.0,38.0,38.0,0.0,0.0243,10.8677,0.0556,0.0027,0.0,0.0,10.8677,0.0556,0.0027,0.0,0.0,0.9319,2.0
2021-04-01,20:00,HSGDBSC03,25624.0,25624_Chak No 34 SB Sargodha,134.0,5624_Chak No 34 SB Sargodha,JHUNG_CLUSTER_02_Rural,100%,0.0,2.0,0.0,2.0,0.0,49.0,1.0,1.0,0.0,0.0,0.0153,0.0,50.0,57.0,57.0,57.0,0.0,0.0,49.0,49.0,0.0153,100.0,6.0,6.0,0.0,49.0,2.0,2.0,0.0,0.0,9.4379,0.0,0.0,0.0,0.0,9.4379,0.0,0.0,0.0,0.0,0.0153,0.0
2021-04-01,20:00,HSGDBSC03,15624.0,15624_Chak No 34 SB Sargodha,133.0,5624_Chak No 34 SB Sargodha,JHUNG_CLUSTER_02_Rural,100%,0.0,2.0,1.0,3.0,0.0,22.0,2.0,2.0,0.0,1.0,0.0319,1.0,115.0,130.0,101.0,130.0,0.0,0.0,22.0,22.0,0.0319,100.0,3.0,3.0,0.0,22.0,2.0,2.0,0.0,0.0,9.8537,0.0186,0.0,0.0,0.0,9.8537,0.0186,0.0,0.0,0.0,0.0319,1.0
2021-04-01,20:00,HSGDBSC03,34785.0,34785_Chak No 120 NB Sargodha,121.0,4785_Chak No 120 NB Sargodha,JHUNG_CLUSTER_02_Rural,100%,0.0,78.0,1.0,135.0,0.0,599.0,112.0,145.0,0.0,89.0,5.4806,1.0,35102.0,36564.0,35390.0,36564.0,2.0,3.0,599.0,583.0,5.4806,100.0,274.0,277.0,2.0,583.0,77.0,78.0,0.0,0.0,8.0413,0.0557,0.0,0.0,0.0,8.0413,0.0557,0.0,0.0,0.0,5.4806,1.0
2021-04-01,20:00,HSGDBSC03,24785.0,24785_Chak No 120 NB Sargodha,120.0,4785_Chak No 120 NB Sargodha,JHUNG_CLUSTER_02_Rural,100%,0.0,49.0,0.0,102.0,0.0,212.0,104.0,105.0,0.0,53.0,3.7444,0.0,26066.0,26197.0,25894.0,26197.0,0.0,0.0,212.0,208.0,3.7444,100.0,80.0,83.0,0.0,208.0,49.0,49.0,0.0,0.0,7.2364,0.0981,0.0,0.0,0.0,7.2364,0.0981,0.0,0.0,0.0,3.7444,0.0
2021-04-01,20:00,HSGDBSC03,14785.0,14785_Chak No 120 NB Sargodha,116.0,4785_Chak No 120 NB Sargodha,JHUNG_CLUSTER_02_Rural,100%,0.0,135.0,3.0,225.0,0.0,975.0,172.0,172.0,0.0,90.0,6.3833,3.0,42092.0,42149.0,41411.0,42149.0,0.0,0.0,975.0,964.0,6.3833,100.0,808.0,813.0,0.0,964.0,135.0,135.0,0.1328,1.0915,16.9886,0.7514,0.172,0.0106,0.0132,16.9886,0.7514,0.172,0.0106,0.0132,6.3833,3.0
2021-04-01,20:00,HSGDBSC03,36947.0,36947_Anwarabad Sargodha (3G-CII-4706),101.0,6947_Anwarabad Sargodha (3G-CII-4706),JHUNG_CLUSTER_02_Rural,100%,0.0,66.0,1.0,82.0,0.0,234.0,31.0,31.0,0.0,15.0,1.4597,1.0,8818.0,9262.0,9060.0,9262.0,0.0,0.0,234.0,233.0,1.4597,100.0,117.0,118.0,0.0,233.0,66.0,66.0,0.0104,0.083,25.505,0.1814,0.0187,0.0027,0.0,25.505,0.1814,0.0187,0.0027,0.0,1.4597,1.0
2021-04-01,20:00,HSGDBSC03,34737.0,34737_PTCL Exchange Pul 111 Sargodha (3G-CII-4610),100.0,4737_PTCL Exchange Pul 111 Sargodha (3G-CII-4610),JHUNG_CLUSTER_02_Rural,100%,0.0,80.0,1.0,129.0,0.0,186.0,99.0,100.0,0.0,52.0,3.9708,1.0,26144.0,26645.0,26528.0,26645.0,0.0,3.0,186.0,183.0,3.9708,100.0,121.0,121.0,0.0,183.0,77.0,80.0,0.0,9.9186,8.5573,0.888,1.04,0.0,0.0,8.5573,0.888,1.04,0.0,0.0,3.9708,1.0
2021-04-01,20:00,HFSDBSC08,34749.0,34749_Ada Bhawana Chiniot (3G-CII-4611),36.0,4749_Ada Bhawana Chiniot (3G-CII-4611),JHUNG_CLUSTER_02_Rural,100%,0.0,36.0,2.0,46.0,0.0,123.0,27.0,29.0,0.0,11.0,0.7333,2.0,3770.0,4294.0,4269.0,4294.0,0.0,0.0,123.0,121.0,0.7333,100.0,77.0,79.0,0.0,121.0,36.0,36.0,9.1924,17.3601,5.5411,1.9867,0.7440000000000001,0.6507,0.1867,5.5411,1.9867,0.7440000000000001,0.6507,0.1867,0.7333,2.0
2021-04-01,20:00,HFSDBSC08,24749.0,24749_Ada Bhawana Chiniot (3G-CII-4611),35.0,4749_Ada Bhawana Chiniot (3G-CII-4611),JHUNG_CLUSTER_02_Rural,100%,0.0,19.0,0.0,41.0,0.0,92.0,40.0,41.0,0.0,22.0,0.6083,0.0,3141.0,3568.0,3485.0,3568.0,0.0,0.0,92.0,86.0,0.6083,100.0,44.0,44.0,0.0,86.0,19.0,19.0,0.0,0.0,11.8,0.1307,0.0,0.0,0.0,11.8,0.1307,0.0,0.0,0.0,0.6083,0.0
2021-04-01,20:00,HFSDBSC08,14749.0,14749_Ada Bhawana Chiniot (3G-CII-4611),34.0,4749_Ada Bhawana Chiniot (3G-CII-4611),JHUNG_CLUSTER_02_Rural,100%,0.0,189.0,1.0,240.0,0.0,738.0,105.0,136.0,0.0,61.0,4.6653,1.0,26225.0,28374.0,28327.0,28374.0,1.0,11.0,738.0,711.0,4.6653,100.0,364.0,368.0,1.0,711.0,179.0,189.0,0.0,0.0,9.6537,0.1089,0.0,0.0,0.0,9.6537,0.1089,0.0,0.0,0.0,4.6653,1.0
2021-04-01,20:00,HFSDBSC08,32571.0,CII-2571-3_Masroor Town Chiniot (3G-CII-3638),346.0,CII-2571_Masroor Town Chiniot (3G-CII-3638),JHUNG_CLUSTER_02_Rural,100%,0.0,258.0,2.0,732.0,0.0,938.0,962.0,965.0,0.0,474.0,11.5264,2.0,72437.0,72602.0,72488.0,72602.0,0.0,1.0,938.0,934.0,11.5264,100.0,547.0,553.0,0.0,934.0,257.0,258.0,2.8954,12.5418,13.5356,2.9335,1.8165,0.4202,0.125,13.5356,2.9335,1.8165,0.4202,0.125,11.5264,2.0
2021-04-01,20:00,HFSDBSC08,22571.0,CII-2571-2_Masroor Town Chiniot (3G-CII-3638),345.0,CII-2571_Masroor Town Chiniot (3G-CII-3638),JHUNG_CLUSTER_02_Rural,100%,0.0,207.0,0.0,441.0,0.0,552.0,488.0,496.0,0.0,238.0,8.8986,0.0,56825.0,57500.0,57112.0,57500.0,0.0,4.0,552.0,547.0,8.8986,100.0,308.0,312.0,0.0,547.0,203.0,207.0,0.8219,3.3426,15.3636,1.2127,0.4323,0.0984,0.0426,15.3636,1.2127,0.4323,0.0984,0.0426,8.8986,0.0
2021-04-01,20:00,HFSDBSC08,32608.0,CII-2608-3_Syed Pur Faisalabad-Z1,343.0,CII-2608_Syed Pur Faisalabad-Z1,JHUNG_CLUSTER_02_Rural,100%,0.0,22.0,0.0,45.0,0.0,194.0,45.0,46.0,0.0,23.0,1.1569,0.0,7733.0,7852.0,7840.0,7852.0,1.0,1.0,194.0,183.0,1.1569,100.0,33.0,38.0,1.0,183.0,22.0,22.0,0.0,0.0,8.6393,0.0849,0.0,0.0,0.0,8.6393,0.0849,0.0,0.0,0.0,1.1569,0.0
2021-04-01,20:00,HFSDBSC08,22608.0,CII-2608-2_Syed Pur Faisalabad-Z1,342.0,CII-2608_Syed Pur Faisalabad-Z1,JHUNG_CLUSTER_02_Rural,100%,0.0,36.0,1.0,77.0,0.0,868.0,87.0,93.0,0.0,44.0,1.9847,1.0,11620.0,12603.0,12014.0,12603.0,1.0,2.0,868.0,831.0,1.9847,100.0,67.0,74.0,1.0,831.0,35.0,36.0,0.0,0.2723,7.5873,0.1614,0.0212,0.0,0.0,7.5873,0.1614,0.0212,0.0,0.0,1.9847,1.0
2021-04-01,20:00,HFSDBSC08,12608.0,CII-2608-1_Syed Pur Faisalabad-Z1,341.0,CII-2608_Syed Pur Faisalabad-Z1,JHUNG_CLUSTER_02_Rural,100%,0.0,19.0,1.0,22.0,0.0,166.0,0.0,2.0,0.0,2.0,1.2778,1.0,8367.0,8626.0,8575.0,8626.0,0.0,0.0,166.0,162.0,1.2778,100.0,66.0,66.0,0.0,162.0,19.0,19.0,0.0,64.3156,1.9841,1.1746,5.6931,0.0,0.0,1.9841,1.1746,5.6931,0.0,0.0,1.2778,1.0
2021-04-01,20:00,HFSDBSC08,35941.0,35941_Chak No 30 JB Fanepur Faisalabad-Z1,329.0,5941_Chak No 30 JB Fanepur Faisalabad-Z1,JHUNG_CLUSTER_02_Rural,100%,0.0,33.0,2.0,54.0,0.0,298.0,43.0,60.0,0.0,37.0,2.5181,2.0,13730.0,15911.0,15207.0,15911.0,2.0,3.0,298.0,288.0,2.5181,100.0,66.0,67.0,2.0,288.0,32.0,33.0,0.0,0.1715,7.6746,0.0265,0.0132,0.0,0.0,7.6746,0.0265,0.0132,0.0,0.0,2.5181,2.0
2021-04-01,20:00,HFSDBSC08,25941.0,25941_Chak No 30 JB Fanepur Faisalabad-Z1,328.0,5941_Chak No 30 JB Fanepur Faisalabad-Z1,JHUNG_CLUSTER_02_Rural,100%,0.0,42.0,0.0,71.0,0.0,199.0,59.0,59.0,0.0,29.0,1.1069,0.0,6643.0,6703.0,6647.0,6703.0,1.0,1.0,199.0,196.0,1.1069,100.0,88.0,91.0,1.0,196.0,42.0,42.0,0.4556,0.8808,8.3545,0.2804,0.037000000000000005,0.0318,0.0079,8.3545,0.2804,0.037000000000000005,0.0318,0.0079,1.1069,0.0
2021-04-01,20:00,HFSDBSC08,15941.0,15941_Chak No 30 JB Fanepur Faisalabad-Z1,327.0,5941_Chak No 30 JB Fanepur Faisalabad-Z1,JHUNG_CLUSTER_02_Rural,100%,0.0,26.0,2.0,36.0,0.0,163.0,15.0,15.0,0.0,9.0,1.1653,2.0,6557.0,7476.0,7468.0,7476.0,1.0,1.0,163.0,154.0,1.1653,100.0,69.0,75.0,1.0,154.0,26.0,26.0,0.0606,1.2719,8.381,0.2434,0.1058,0.0053,0.0,8.381,0.2434,0.1058,0.0053,0.0,1.1653,2.0
2021-04-01,20:00,HFSDBSC08,32322.0,CII-2322-3_Chak No 27 Ramsar Faisalabad-Z1,326.0,CII-2322_Chak No 27 Ramsar Faisalabad-Z1,JHUNG_CLUSTER_02_Rural,100%,0.0,12.0,0.0,20.0,0.0,106.0,17.0,17.0,0.0,8.0,0.2417,0.0,939.0,1253.0,1219.0,1253.0,0.0,0.0,106.0,105.0,0.2417,100.0,25.0,25.0,0.0,105.0,12.0,12.0,0.0609,3.0442,7.7942,0.6095,0.2586,0.0053,0.0,7.7942,0.6095,0.2586,0.0053,0.0,0.2417,0.0
2021-04-01,20:00,HFSDBSC08,22322.0,CII-2322-2_Chak No 27 Ramsar Faisalabad-Z1,325.0,CII-2322_Chak No 27 Ramsar Faisalabad-Z1,JHUNG_CLUSTER_02_Rural,100%,0.0,5.0,0.0,27.0,0.0,120.0,42.0,42.0,0.0,22.0,0.7514,0.0,5241.0,5296.0,5136.0,5296.0,0.0,0.0,120.0,112.0,0.7514,100.0,9.0,10.0,0.0,112.0,5.0,5.0,0.1965,0.8511,7.8464,0.1883,0.0531,0.0159,0.0,7.8464,0.1883,0.0531,0.0159,0.0,0.7514,0.0
2021-04-01,20:00,HFSDBSC08,12322.0,CII-2322-1_Chak No 27 Ramsar Faisalabad-Z1,324.0,CII-2322_Chak No 27 Ramsar Faisalabad-Z1,JHUNG_CLUSTER_02_Rural,100%,0.0,17.0,1.0,21.0,0.0,142.0,7.0,10.0,0.0,4.0,0.7,1.0,3498.0,4694.0,4561.0,4694.0,0.0,0.0,142.0,126.0,0.7,100.0,27.0,32.0,0.0,126.0,17.0,17.0,0.0,0.3345,8.4644,0.1821,0.028999999999999998,0.0,0.0,8.4644,0.1821,0.028999999999999998,0.0,0.0,0.7,1.0
2021-04-01,20:00,HFSDBSC08,32206.0,CII-2206-3_Chak No 101 Mune Wala Chiniot,302.0,CII-2206_Chak No 101 Mune Wala Chiniot,JHUNG_CLUSTER_02_Rural,100%,0.0,55.0,1.0,85.0,0.0,164.0,63.0,64.0,0.0,30.0,1.7264,1.0,10514.0,10942.0,10649.0,10942.0,0.0,0.0,164.0,159.0,1.7264,100.0,82.0,82.0,0.0,159.0,55.0,55.0,0.0,0.0,9.5618,0.008,0.0,0.0,0.0,9.5618,0.008,0.0,0.0,0.0,1.7264,1.0
2021-04-01,20:00,HFSDBSC08,22206.0,CII-2206-2_Chak No 101 Mune Wala Chiniot,301.0,CII-2206_Chak No 101 Mune Wala Chiniot,JHUNG_CLUSTER_02_Rural,100%,0.0,37.0,2.0,63.0,0.0,151.0,45.0,48.0,0.0,27.0,1.6917,2.0,11280.0,11595.0,11322.0,11595.0,1.0,1.0,151.0,139.0,1.6917,100.0,48.0,50.0,1.0,139.0,37.0,37.0,0.0313,0.3761,8.037,0.3865,0.0292,0.0,0.0027,8.037,0.3865,0.0292,0.0,0.0027,1.6917,2.0
2021-04-01,20:00,HFSDBSC08,12206.0,CII-2206-1_Chak No 101 Mune Wala Chiniot,300.0,CII-2206_Chak No 101 Mune Wala Chiniot,JHUNG_CLUSTER_02_Rural,100%,0.0,91.0,6.0,99.0,0.0,635.0,18.0,21.0,0.0,10.0,4.3361,6.0,24791.0,29129.0,28769.0,29129.0,6.0,8.0,635.0,598.0,4.3361,100.0,221.0,235.0,6.0,598.0,89.0,91.0,0.0263,0.0788,9.9772,0.1058,0.0053,0.0027,0.0,9.9772,0.1058,0.0053,0.0027,0.0,4.3361,6.0
2021-04-01,20:00,HFSDBSC08,35947.0,35947_Nasirabad (Gold) Chiniot (3G-CII-3637),267.0,5947_Nasirabad (Gold) Chiniot (3G-CII-3637),JHUNG_CLUSTER_02_Rural,100%,0.0,538.0,3.0,1131.0,0.0,2971.0,1215.0,1219.0,0.0,598.0,20.3458,3.0,127049.0,127464.0,127207.0,127464.0,0.0,4.0,2971.0,2952.0,20.3458,100.0,1034.0,1051.0,0.0,2952.0,534.0,538.0,3.8172,9.1252,15.7411,2.7733,1.0814,0.4814,0.2963,15.7411,2.7733,1.0814,0.4814,0.2963,20.3458,3.0
2021-04-01,20:00,HFSDBSC08,15947.0,15947_Nasirabad (Gold) Chiniot (3G-CII-3637),265.0,5947_Nasirabad (Gold) Chiniot (3G-CII-3637),JHUNG_CLUSTER_02_Rural,100%,0.0,107.0,1.0,410.0,0.0,783.0,551.0,569.0,0.0,304.0,9.4444,1.0,62205.0,62364.0,62135.0,62364.0,1.0,2.0,783.0,782.0,9.4444,100.0,185.0,187.0,1.0,782.0,106.0,107.0,0.5346,2.3851,18.1425,0.9994,0.3629,0.0538,0.0511,18.1425,0.9994,0.3629,0.0538,0.0511,9.4444,1.0
2021-04-01,20:00,HFSDBSC08,35729.0,35729_Abbas Town Chiniot (3G-CII-3738),260.0,5729_Abbas Town Chiniot (3G-CII-3738),JHUNG_CLUSTER_02_Rural,100%,0.0,40.0,4.0,42.0,0.0,226.0,7.0,7.0,0.0,4.0,0.7431,4.0,4277.0,4333.0,4310.0,4333.0,0.0,2.0,226.0,224.0,0.7431,74.3814,64.0,66.0,0.0,224.0,38.0,40.0,1.2129,4.6558,7.2997,0.9057,0.2963,0.0505,0.0539,7.2997,0.9057,0.2963,0.0505,0.0539,0.7431,4.0
2021-04-01,20:00,HFSDBSC08,15729.0,15729_Abbas Town Chiniot (3G-CII-3738),258.0,5729_Abbas Town Chiniot (3G-CII-3738),JHUNG_CLUSTER_02_Rural,100%,0.0,108.0,7.0,200.0,0.0,354.0,188.0,193.0,0.0,97.0,3.6083,7.0,23772.0,24035.0,23931.0,24035.0,1.0,2.0,354.0,350.0,3.6083,73.5661,203.0,203.0,1.0,350.0,107.0,108.0,8.2875,23.9412,5.1787,2.6799,1.6174,0.5043,0.35200000000000004,5.1787,2.6799,1.6174,0.5043,0.35200000000000004,3.6083,7.0
2021-04-01,20:00,HFSDBSC08,35688.0,35688_Jamia Abad Chiniot,252.0,5688_Jamia Abad Chiniot,JHUNG_CLUSTER_02_Rural,100%,0.0,111.0,3.0,162.0,0.0,253.0,95.0,103.0,0.0,51.0,3.6069,3.0,21738.0,22408.0,22306.0,22408.0,0.0,1.0,253.0,238.0,3.6069,100.0,141.0,143.0,0.0,238.0,110.0,111.0,0.0,0.0255,10.2573,0.1273,0.0027,0.0,0.0,10.2573,0.1273,0.0027,0.0,0.0,3.6069,3.0
2021-04-01,20:00,HFSDBSC08,25688.0,25688_Jamia Abad Chiniot,251.0,5688_Jamia Abad Chiniot,JHUNG_CLUSTER_02_Rural,100%,0.0,32.0,1.0,36.0,0.0,87.0,9.0,9.0,0.0,4.0,0.7931,1.0,4935.0,4954.0,4932.0,4954.0,0.0,0.0,87.0,86.0,0.7931,100.0,55.0,55.0,0.0,86.0,32.0,32.0,5.8201,11.1489,6.0398,0.1963,0.374,0.3236,0.0849,6.0398,0.1963,0.374,0.3236,0.0849,0.7931,1.0
2021-04-01,20:00,HFSDBSC08,15688.0,15688_Jamia Abad Chiniot,249.0,5688_Jamia Abad Chiniot,JHUNG_CLUSTER_02_Rural,100%,0.0,296.0,5.0,565.0,0.0,2253.0,464.0,510.0,0.0,273.0,8.3931,5.0,46603.0,50637.0,49665.0,50637.0,1.0,7.0,2253.0,2093.0,8.3931,100.0,580.0,625.0,1.0,2093.0,290.0,296.0,0.0699,0.2166,3.6817,0.1004,0.0056,0.0027,0.0,3.6817,0.1004,0.0056,0.0027,0.0,8.3931,5.0
2021-04-01,20:00,HFSDBSC08,25728.0,25728_Mohallah Farooqabad Chiniot (3G-CII-3737),247.0,5728_Mohallah Farooqabad Chiniot (3G-CII-3737),JHUNG_CLUSTER_02_Rural,100%,0.0,57.0,3.0,89.0,0.0,268.0,59.0,63.0,0.0,34.0,2.7222,3.0,17428.0,17762.0,17235.0,17762.0,1.0,1.0,268.0,262.0,2.7222,74.4672,103.0,108.0,1.0,262.0,57.0,57.0,0.8676,0.9009999999999999,9.9643,0.1536,0.0034,0.0,0.0886,9.9643,0.1536,0.0034,0.0,0.0886,2.7222,3.0
2021-04-01,20:00,HFSDBSC08,35591.0,35591_Tiba Shal Balol Pindi Bhattian Hafizabad,246.0,5591_Tiba Shal Balol Pindi Bhattian Hafizabad,JHUNG_CLUSTER_02_Rural,100%,0.0,164.0,4.0,200.0,0.0,833.0,92.0,102.0,0.0,50.0,6.4444,4.0,38945.0,41786.0,40978.0,41786.0,0.0,12.0,833.0,800.0,6.4444,100.0,277.0,288.0,0.0,800.0,152.0,164.0,0.0353,0.3179,7.4002,0.0875,0.0212,0.0027,0.0,7.4002,0.0875,0.0212,0.0027,0.0,6.4444,4.0
2021-04-01,20:00,HFSDBSC08,25591.0,25591_Tiba Shal Balol Pindi Bhattian Hafizabad,245.0,5591_Tiba Shal Balol Pindi Bhattian Hafizabad,JHUNG_CLUSTER_02_Rural,100%,0.0,33.0,1.0,111.0,0.0,544.0,141.0,160.0,0.0,80.0,1.6625,1.0,10066.0,10409.0,9991.0,10409.0,1.0,1.0,544.0,531.0,1.6625,100.0,56.0,60.0,1.0,531.0,33.0,33.0,0.0,0.1817,7.1610000000000005,0.122,0.0133,0.0,0.0,7.1610000000000005,0.122,0.0133,0.0,0.0,1.6625,1.0
2021-04-01,20:00,HFSDBSC08,35592.0,35592_Mirza Bhattian Hafizabad (3G-CII-4683),243.0,5592_Mirza Bhattian Hafizabad (3G-CII-4683),JHUNG_CLUSTER_02_Rural,100%,0.0,345.0,1.0,501.0,0.0,2378.0,307.0,336.0,0.0,159.0,9.9861,1.0,61799.0,63011.0,62628.0,63011.0,3.0,5.0,2378.0,2235.0,9.9861,100.0,1200.0,1209.0,3.0,2235.0,343.0,345.0,0.0,0.0899,11.8521,0.0241,0.0107,0.0,0.0,11.8521,0.0241,0.0107,0.0,0.0,9.9861,1.0
2021-04-01,20:00,HFSDBSC08,25592.0,25592_Mirza Bhattian Hafizabad (3G-CII-4683),242.0,5592_Mirza Bhattian Hafizabad (3G-CII-4683),JHUNG_CLUSTER_02_Rural,100%,0.0,264.0,0.0,333.0,0.0,922.0,132.0,153.0,0.0,75.0,7.9986,0.0,51593.0,52454.0,52152.0,52454.0,1.0,4.0,922.0,859.0,7.9986,100.0,493.0,512.0,1.0,859.0,261.0,264.0,0.0,0.127,6.0941,0.1809,0.008,0.0,0.0,6.0941,0.1809,0.008,0.0,0.0,7.9986,0.0
2021-04-01,20:00,HFSDBSC08,15592.0,15592_Mirza Bhattian Hafizabad (3G-CII-4683),237.0,5592_Mirza Bhattian Hafizabad (3G-CII-4683),JHUNG_CLUSTER_02_Rural,100%,0.0,85.0,1.0,134.0,0.0,329.0,83.0,91.0,0.0,49.0,0.9667,1.0,5117.0,5212.0,5211.0,5212.0,0.0,0.0,329.0,317.0,0.9667,100.0,220.0,221.0,0.0,317.0,85.0,85.0,0.1493,0.5675,8.8309,0.0453,0.0373,0.0053,0.008,8.8309,0.0453,0.0373,0.0053,0.008,0.9667,1.0
2021-04-01,20:00,HFSDBSC08,15728.0,15728_Mohallah Farooqabad Chiniot (3G-CII-3737),231.0,5728_Mohallah Farooqabad Chiniot (3G-CII-3737),JHUNG_CLUSTER_02_Rural,100%,0.0,87.0,5.0,179.0,0.0,262.0,177.0,184.0,0.0,100.0,4.8403,5.0,32096.0,32598.0,32153.0,32598.0,0.0,1.0,262.0,257.0,4.8403,75.3055,158.0,163.0,0.0,257.0,86.0,87.0,2.8915,10.4374,3.0269999999999997,1.2635,0.3615,0.0743,0.0642,3.0269999999999997,1.2635,0.3615,0.0743,0.0642,4.8403,5.0
2021-04-01,20:00,HFSDBSC08,15591.0,15591_Tiba Shal Balol Pindi Bhattian Hafizabad,230.0,5591_Tiba Shal Balol Pindi Bhattian Hafizabad,JHUNG_CLUSTER_02_Rural,100%,0.0,80.0,2.0,161.0,0.0,622.0,136.0,155.0,0.0,85.0,3.9056,2.0,24480.0,25204.0,24972.0,25204.0,1.0,3.0,622.0,597.0,3.9056,100.0,124.0,126.0,1.0,597.0,78.0,80.0,0.0,0.0745,7.0745,0.0451,0.0053,0.0,0.0,7.0745,0.0451,0.0053,0.0,0.0,3.9056,2.0
2021-04-01,20:00,HFSDBSC08,25727.0,25727_Bukahari Town Chiniot (3G-CII-3736),226.0,5727_Bukahari Town Chiniot (3G-CII-3736),JHUNG_CLUSTER_02_Rural,100%,0.0,30.0,0.0,44.0,0.0,65.0,20.0,29.0,0.0,20.0,1.6014,0.0,10642.0,10645.0,10641.0,10645.0,0.0,0.0,65.0,62.0,1.6014,13.9281,33.0,33.0,0.0,62.0,30.0,30.0,8.2482,8.6998,6.4258,0.0968,0.0323,0.0161,0.5731,6.4258,0.0968,0.0323,0.0161,0.5731,1.6014,0.0
2021-04-01,20:00,HFSDBSC08,34790.0,34790_Chanab Nagar (Gold) Chiniot (3G-CII-3641),221.0,4790_Chanab Nagar (Gold) Chiniot (3G-CII-3641),JHUNG_CLUSTER_02_Rural,100%,0.0,188.0,0.0,477.0,0.0,447.0,615.0,619.0,0.0,290.0,5.2972,0.0,31141.0,31165.0,31079.0,31165.0,0.0,1.0,447.0,441.0,5.2972,100.0,302.0,308.0,0.0,441.0,187.0,188.0,5.4755,12.2268,22.8248,4.5486,2.1055,0.9711,0.7365,22.8248,4.5486,2.1055,0.9711,0.7365,5.2972,0.0
2021-04-01,20:00,HFSDBSC08,14790.0,14790_Chanab Nagar (Gold) Chiniot (3G-CII-3641),219.0,4790_Chanab Nagar (Gold) Chiniot (3G-CII-3641),JHUNG_CLUSTER_02_Rural,100%,0.0,284.0,1.0,637.0,0.0,1703.0,584.0,589.0,0.0,352.0,12.1,1.0,77159.0,77407.0,77305.0,77407.0,0.0,0.0,1703.0,1703.0,12.1,100.0,413.0,413.0,0.0,1703.0,284.0,284.0,7.5529,15.4066,15.985,1.9343,1.6636,0.7928,0.8071,15.985,1.9343,1.6636,0.7928,0.8071,12.1,1.0
2021-04-01,20:00,HFSDBSC08,35689.0,35689_Satellite Town Chiniot (3G-CII-3735),215.0,5689_Satellite Town Chiniot (3G-CII-3735),JHUNG_CLUSTER_02_Rural,100%,0.0,30.0,0.0,101.0,0.0,114.0,142.0,142.0,0.0,71.0,1.4292,0.0,9327.0,9426.0,9401.0,9426.0,0.0,0.0,114.0,114.0,1.4292,100.0,54.0,54.0,0.0,114.0,30.0,30.0,1.3893,4.4698,20.3716,0.6596,0.6782,0.2952,0.0106,20.3716,0.6596,0.6782,0.2952,0.0106,1.4292,0.0
2021-04-01,20:00,HFSDBSC08,25689.0,25689_Satellite Town Chiniot (3G-CII-3735),214.0,5689_Satellite Town Chiniot (3G-CII-3735),JHUNG_CLUSTER_02_Rural,100%,0.0,246.0,3.0,396.0,0.0,829.0,290.0,297.0,0.0,156.0,11.2431,3.0,73597.0,73930.0,71790.0,73930.0,0.0,0.0,829.0,829.0,11.2431,100.0,433.0,433.0,0.0,829.0,246.0,246.0,0.0,0.4926,8.4059,0.1705,0.0425,0.0,0.0,8.4059,0.1705,0.0425,0.0,0.0,11.2431,3.0
2021-04-01,20:00,HFSDBSC08,34736.0,34736_Ahmed Nagar Chiniot (3G-CII-4136),114.0,4736_Ahmed Nagar Chiniot (3G-CII-4136),JHUNG_CLUSTER_02_Rural,100%,0.0,164.0,2.0,366.0,0.0,1188.0,374.0,393.0,0.0,205.0,8.8875,2.0,57200.0,58780.0,58538.0,58780.0,0.0,1.0,1188.0,1177.0,8.8875,100.0,215.0,215.0,0.0,1177.0,163.0,164.0,0.0,0.0,6.6974,0.0411,0.0,0.0,0.0,6.6974,0.0411,0.0,0.0,0.0,8.8875,2.0
2021-04-01,20:00,HFSDBSC08,24736.0,24736_Ahmed Nagar Chiniot (3G-CII-4136),113.0,4736_Ahmed Nagar Chiniot (3G-CII-4136),JHUNG_CLUSTER_02_Rural,100%,0.0,565.0,1.0,802.0,0.0,1474.0,594.0,607.0,0.0,242.0,13.4278,1.0,81665.0,82121.0,81409.0,82121.0,1.0,5.0,1474.0,1458.0,13.4278,100.0,985.0,995.0,1.0,1458.0,561.0,565.0,0.0,0.1233,10.0329,0.0656,0.0125,0.0,0.0,10.0329,0.0656,0.0125,0.0,0.0,13.4278,1.0
2021-04-01,20:00,HFSDBSC08,14736.0,14736_Ahmed Nagar Chiniot (3G-CII-4136),112.0,4736_Ahmed Nagar Chiniot (3G-CII-4136),JHUNG_CLUSTER_02_Rural,100%,0.0,440.0,1.0,606.0,0.0,1986.0,281.0,295.0,0.0,171.0,18.9028,1.0,125065.0,125732.0,125430.0,125732.0,2.0,5.0,1986.0,1967.0,18.9028,100.0,1159.0,1165.0,2.0,1967.0,437.0,440.0,0.0609,0.0913,8.7319,0.1613,0.0027,0.0054,0.0,8.7319,0.1613,0.0027,0.0054,0.0,18.9028,1.0
2021-04-01,20:00,HFSDBSC08,35362.0,35362_Chak No 170 JB Mangani Shareef Chiniot,111.0,5362_Chak No 170 JB Mangani Shareef Chiniot,JHUNG_CLUSTER_02_Rural,100%,0.0,33.0,0.0,34.0,0.0,121.0,3.0,3.0,0.0,2.0,1.5097,0.0,10132.0,10181.0,10086.0,10181.0,1.0,2.0,121.0,118.0,1.5097,100.0,52.0,52.0,1.0,118.0,32.0,33.0,0.0,0.0762,6.9873,0.0241,0.0054,0.0,0.0,6.9873,0.0241,0.0054,0.0,0.0,1.5097,0.0
2021-04-01,20:00,HFSDBSC08,25362.0,25362_Chak No 170 JB Mangani Shareef Chiniot,110.0,5362_Chak No 170 JB Mangani Shareef Chiniot,JHUNG_CLUSTER_02_Rural,100%,0.0,19.0,2.0,31.0,0.0,123.0,21.0,22.0,0.0,12.0,0.425,2.0,1847.0,2098.0,1958.0,2098.0,1.0,1.0,123.0,119.0,0.425,100.0,31.0,33.0,1.0,119.0,19.0,19.0,0.0388,0.1552,6.7727,0.1043,0.008,0.0027,0.0,6.7727,0.1043,0.008,0.0027,0.0,0.425,2.0
2021-04-01,20:00,HFSDBSC08,15362.0,15362_Chak No 170 JB Mangani Shareef Chiniot,109.0,5362_Chak No 170 JB Mangani Shareef Chiniot,JHUNG_CLUSTER_02_Rural,100%,0.0,141.0,0.0,201.0,0.0,809.0,123.0,131.0,0.0,65.0,4.7597,0.0,29294.0,30791.0,30502.0,30791.0,0.0,2.0,809.0,777.0,4.7597,100.0,203.0,206.0,0.0,777.0,139.0,141.0,0.2539,0.2539,6.1872,0.115,0.0,0.0,0.016,6.1872,0.115,0.0,0.0,0.016,4.7597,0.0
2021-04-01,20:00,HFSDBSC08,34933.0,34933_Narwala Road Aminpur Chiniot,108.0,4933_Narwala Road Aminpur Chiniot,JHUNG_CLUSTER_02_Rural,100%,0.0,7.0,0.0,8.0,0.0,23.0,1.0,1.0,0.0,1.0,0.0736,0.0,335.0,335.0,335.0,335.0,0.0,0.0,23.0,23.0,0.0736,100.0,12.0,12.0,0.0,23.0,7.0,7.0,0.0,0.05,10.6107,0.0533,0.0053,0.0,0.0,10.6107,0.0533,0.0053,0.0,0.0,0.0736,0.0
2021-04-01,20:00,HFSDBSC08,24933.0,24933_Narwala Road Aminpur Chiniot,107.0,4933_Narwala Road Aminpur Chiniot,JHUNG_CLUSTER_02_Rural,100%,0.0,41.0,0.0,78.0,0.0,215.0,73.0,74.0,0.0,37.0,2.6778,0.0,18180.0,18342.0,18199.0,18342.0,1.0,1.0,215.0,203.0,2.6778,100.0,60.0,60.0,1.0,203.0,41.0,41.0,0.067,0.2456,11.7487,0.1895,0.0214,0.0054,0.0027,11.7487,0.1895,0.0214,0.0054,0.0027,2.6778,0.0
2021-04-01,20:00,HFSDBSC08,14933.0,14933_Narwala Road Aminpur Chiniot,106.0,4933_Narwala Road Aminpur Chiniot,JHUNG_CLUSTER_02_Rural,100%,0.0,44.0,2.0,69.0,0.0,129.0,47.0,49.0,0.0,25.0,2.2667,2.0,14044.0,14862.0,14617.0,14862.0,2.0,2.0,129.0,127.0,2.2667,100.0,79.0,79.0,2.0,127.0,44.0,44.0,0.0522,0.1218,15.1173,0.1947,0.0107,0.0053,0.0027,15.1173,0.1947,0.0107,0.0053,0.0027,2.2667,2.0
2021-04-01,20:00,HFSDBSC08,14722.0,14722_Mohallah Shah Burhan Chiniot (3G-CII-3739),105.0,4722_Mohallah Shah Burhan Chiniot (3G-CII-3739),JHUNG_CLUSTER_02_Rural,100%,0.0,188.0,0.0,239.0,0.0,658.0,133.0,134.0,0.0,51.0,4.2167,0.0,25261.0,25493.0,24538.0,25493.0,0.0,0.0,658.0,655.0,4.2167,100.0,347.0,350.0,0.0,655.0,188.0,188.0,6.934,40.311,6.1733,2.32,4.7493,0.9733,0.0133,6.1733,2.32,4.7493,0.9733,0.0133,4.2167,0.0
2021-04-01,20:00,HFSDBSC08,34722.0,34722_Mohallah Shah Burhan Chiniot (3G-CII-3739),104.0,4722_Mohallah Shah Burhan Chiniot (3G-CII-3739),JHUNG_CLUSTER_02_Rural,100%,0.0,69.0,0.0,130.0,0.0,230.0,105.0,112.0,0.0,62.0,3.6819,0.0,24641.0,24911.0,24487.0,24911.0,0.0,0.0,230.0,228.0,3.6819,100.0,138.0,139.0,0.0,228.0,69.0,69.0,35.1719,85.0306,0.0,2.497,8.3168,4.1193,1.7476,0.0,2.497,8.3168,4.1193,1.7476,3.6819,0.0
2021-04-01,20:00,HFSDBSC08,24722.0,24722_Mohallah Shah Burhan Chiniot (3G-CII-3739),103.0,4722_Mohallah Shah Burhan Chiniot (3G-CII-3739),JHUNG_CLUSTER_02_Rural,100%,0.0,169.0,0.0,241.0,0.0,728.0,127.0,131.0,0.0,72.0,8.6292,0.0,56746.0,57231.0,56306.0,57231.0,0.0,0.0,728.0,724.0,8.6292,100.0,478.0,481.0,0.0,724.0,169.0,169.0,0.1266,0.5813,12.32,0.7644,0.0598,0.0028,0.0139,12.32,0.7644,0.0598,0.0028,0.0139,8.6292,0.0
2021-04-01,20:00,HFSDBSC08,34734.0,34734_Rojwa Moor Chiniot,102.0,4734_Rojwa Moor Chiniot,JHUNG_CLUSTER_02_Rural,100%,0.0,222.0,5.0,250.0,0.0,532.0,78.0,78.0,0.0,39.0,9.4847,5.0,60288.0,60515.0,58958.0,60515.0,8.0,19.0,532.0,500.0,9.4847,100.0,338.0,359.0,8.0,500.0,211.0,222.0,0.084,0.1252,6.8659,6.0673,0.0053,0.008,0.0029,6.8659,6.0673,0.0053,0.008,0.0029,9.4847,5.0
2021-04-01,20:00,HFSDBSC08,24734.0,24734_Rojwa Moor Chiniot,101.0,4734_Rojwa Moor Chiniot,JHUNG_CLUSTER_02_Rural,100%,0.0,17.0,0.0,36.0,0.0,59.0,38.0,38.0,0.0,20.0,0.5361,0.0,3529.0,3581.0,3533.0,3581.0,0.0,1.0,59.0,58.0,0.5361,100.0,22.0,22.0,0.0,58.0,16.0,17.0,0.0,0.0,10.4813,0.0294,0.0,0.0,0.0,10.4813,0.0294,0.0,0.0,0.0,0.5361,0.0
2021-04-01,20:00,HFSDBSC08,14734.0,14734_Rojwa Moor Chiniot,100.0,4734_Rojwa Moor Chiniot,JHUNG_CLUSTER_02_Rural,100%,0.0,98.0,1.0,167.0,0.0,453.0,124.0,127.0,0.0,69.0,4.5222,1.0,29687.0,30391.0,29733.0,30391.0,1.0,1.0,453.0,434.0,4.5222,100.0,198.0,201.0,1.0,434.0,98.0,98.0,0.0,0.7174,9.4679,0.5241,0.0722,0.0,0.0,9.4679,0.5241,0.0722,0.0,0.0,4.5222,1.0
2021-04-01,20:00,HFSDBSC08,34733.0,34733_Rojwa Sadhat Chiniot,99.0,4733_Rojwa Sadhat Chiniot,JHUNG_CLUSTER_02_Rural,100%,0.0,70.0,2.0,81.0,0.0,216.0,15.0,16.0,0.0,8.0,1.9264,2.0,10488.0,12183.0,11693.0,12183.0,0.0,1.0,216.0,205.0,1.9264,100.0,96.0,104.0,0.0,205.0,69.0,70.0,0.0,0.5758,6.584,1.2427,0.0453,0.0,0.0,6.584,1.2427,0.0453,0.0,0.0,1.9264,2.0
2021-04-01,20:00,HFSDBSC08,24733.0,24733_Rojwa Sadhat Chiniot,98.0,4733_Rojwa Sadhat Chiniot,JHUNG_CLUSTER_02_Rural,100%,0.0,115.0,1.0,144.0,0.0,290.0,68.0,68.0,0.0,30.0,5.7403,1.0,38217.0,38502.0,37996.0,38502.0,0.0,1.0,290.0,288.0,5.7403,100.0,227.0,228.0,0.0,288.0,114.0,115.0,0.0,0.0161,16.1687,0.4113,0.0027,0.0,0.0,16.1687,0.4113,0.0027,0.0,0.0,5.7403,1.0
2021-04-01,20:00,HFSDBSC08,14733.0,14733_Rojwa Sadhat Chiniot,97.0,4733_Rojwa Sadhat Chiniot,JHUNG_CLUSTER_02_Rural,100%,0.0,215.0,1.0,286.0,0.0,500.0,148.0,149.0,0.0,71.0,5.1569,1.0,28438.0,29956.0,29454.0,29956.0,3.0,4.0,500.0,492.0,5.1569,100.0,356.0,358.0,3.0,492.0,214.0,215.0,0.2444,3.2753,8.2772,2.3269,0.3323,0.0241,0.0027,8.2772,2.3269,0.3323,0.0241,0.0027,5.1569,1.0
2021-04-01,20:00,HFSDBSC08,35505.0,35505_Bangla Kot Faisalabad-Z1 (3G-CII-4674),93.0,5505_Bangla Kot Faisalabad-Z1 (3G-CII-4674),JHUNG_CLUSTER_02_Rural,100%,0.0,134.0,0.0,144.0,0.0,416.0,26.0,29.0,0.0,10.0,3.0236,0.0,16537.0,17067.0,16893.0,17067.0,0.0,0.0,416.0,413.0,3.0236,100.0,280.0,280.0,0.0,413.0,134.0,134.0,0.0,0.0383,14.962,0.0718,0.0058,0.0,0.0,14.962,0.0718,0.0058,0.0,0.0,3.0236,0.0
2021-04-01,20:00,HFSDBSC08,25505.0,25505_Bangla Kot Faisalabad-Z1 (3G-CII-4674),92.0,5505_Bangla Kot Faisalabad-Z1 (3G-CII-4674),JHUNG_CLUSTER_02_Rural,100%,0.0,72.0,2.0,94.0,0.0,371.0,37.0,38.0,0.0,23.0,1.7736,2.0,10487.0,10763.0,10641.0,10763.0,0.0,0.0,371.0,357.0,1.7736,100.0,182.0,190.0,0.0,357.0,72.0,72.0,0.4751,2.5535,8.216000000000001,0.536,0.1867,0.0427,0.0,8.216000000000001,0.536,0.1867,0.0427,0.0,1.7736,2.0
2021-04-01,20:00,HFSDBSC08,15505.0,15505_Bangla Kot Faisalabad-Z1 (3G-CII-4674),91.0,5505_Bangla Kot Faisalabad-Z1 (3G-CII-4674),JHUNG_CLUSTER_02_Rural,100%,0.0,96.0,2.0,103.0,0.0,671.0,28.0,28.0,0.0,13.0,2.9778,2.0,17790.0,19112.0,19064.0,19112.0,3.0,9.0,671.0,641.0,2.9778,100.0,394.0,395.0,3.0,641.0,90.0,96.0,1.3233,1.8345,8.3387,0.3653,0.0453,0.032,0.0853,8.3387,0.3653,0.0453,0.032,0.0853,2.9778,2.0
2021-04-01,20:00,HFSDBSC08,34777.0,34777_Bashirabad (Gold) Chiniot (3G-CII-3636),66.0,4777_Bashirabad (Gold) Chiniot (3G-CII-3636),JHUNG_CLUSTER_02_Rural,100%,0.0,851.0,11.0,1328.0,0.0,4092.0,1008.0,1034.0,0.0,492.0,25.5278,11.0,157292.0,159603.0,158925.0,159603.0,5.0,18.0,4092.0,4021.0,25.5278,100.0,2024.0,2037.0,5.0,4021.0,838.0,851.0,1.3538,4.2444,8.0826,0.9633,0.2731,0.0775,0.0504,8.0826,0.9633,0.2731,0.0775,0.0504,25.5278,11.0
2021-04-01,20:00,HFSDBSC08,24777.0,24777_Bashirabad (Gold) Chiniot (3G-CII-3636),65.0,4777_Bashirabad (Gold) Chiniot (3G-CII-3636),JHUNG_CLUSTER_02_Rural,100%,0.0,598.0,1.0,970.0,0.0,2711.0,679.0,692.0,0.0,378.0,22.3278,1.0,142428.0,143573.0,142501.0,143573.0,1.0,6.0,2711.0,2685.0,22.3278,100.0,2101.0,2120.0,1.0,2685.0,593.0,598.0,1.6963,6.2152,8.9688,1.5991,0.5092,0.1465,0.0447,8.9688,1.5991,0.5092,0.1465,0.0447,22.3278,1.0
2021-04-01,20:00,HFSDBSC08,14777.0,14777_Bashirabad (Gold) Chiniot (3G-CII-3636),64.0,4777_Bashirabad (Gold) Chiniot (3G-CII-3636),JHUNG_CLUSTER_02_Rural,100%,0.0,559.0,1.0,1289.0,0.0,3003.0,1508.0,1518.0,0.0,740.0,19.7042,1.0,123851.0,124790.0,123935.0,124790.0,1.0,13.0,3003.0,3002.0,19.7042,100.0,1975.0,1980.0,1.0,3002.0,547.0,559.0,1.4486,7.2179,8.9536,2.9358,0.7393,0.1523,0.0333,8.9536,2.9358,0.7393,0.1523,0.0333,19.7042,1.0
2021-04-01,20:00,HFSDBSC08,34086.0,34086_Pul Dhengro Sargodha Road Chiniot,63.0,4086_Pul Dhengro Sargodha Road Chiniot,JHUNG_CLUSTER_02_Rural,100%,0.0,88.0,0.0,105.0,0.0,275.0,31.0,31.0,0.0,17.0,2.8972,0.0,18289.0,18545.0,18437.0,18545.0,1.0,1.0,275.0,264.0,2.8972,100.0,191.0,201.0,1.0,264.0,88.0,88.0,0.0,0.0,11.5,0.3245,0.0,0.0,0.0,11.5,0.3245,0.0,0.0,0.0,2.8972,0.0
2021-04-01,20:00,HFSDBSC08,24086.0,24086_Pul Dhengro Sargodha Road Chiniot,62.0,4086_Pul Dhengro Sargodha Road Chiniot,JHUNG_CLUSTER_02_Rural,100%,0.0,12.0,0.0,18.0,0.0,81.0,13.0,13.0,0.0,6.0,0.1556,0.0,792.0,810.0,810.0,810.0,2.0,2.0,81.0,80.0,0.1556,100.0,31.0,31.0,2.0,80.0,12.0,12.0,0.0,0.0,9.7846,0.008,0.0,0.0,0.0,9.7846,0.008,0.0,0.0,0.0,0.1556,0.0
2021-04-01,20:00,HFSDBSC08,14086.0,14086_Pul Dhengro Sargodha Road Chiniot,61.0,4086_Pul Dhengro Sargodha Road Chiniot,JHUNG_CLUSTER_02_Rural,100%,0.0,58.0,1.0,108.0,0.0,341.0,92.0,99.0,0.0,52.0,3.4319,1.0,22834.0,23272.0,23041.0,23272.0,2.0,2.0,341.0,330.0,3.4319,100.0,113.0,113.0,2.0,330.0,58.0,58.0,0.0,0.0934,8.4654,0.0692,0.008,0.0,0.0,8.4654,0.0692,0.008,0.0,0.0,3.4319,1.0
2021-04-01,20:00,HFSDBSC08,14726.0,14726_Mustafabad Chiniot Jhang (3G-CII-4486),55.0,4726_Mustafabad Chiniot Jhang (3G-CII-4486),JHUNG_CLUSTER_02_Rural,100%,0.0,299.0,0.0,508.0,0.0,1414.0,414.0,427.0,0.0,211.0,12.9514,0.0,81623.0,83051.0,82727.0,83051.0,2.0,3.0,1414.0,1393.0,12.9514,100.0,615.0,619.0,2.0,1393.0,298.0,299.0,9.2309,36.2975,1.4574,4.7846,2.6522,0.7882,0.1163,1.4574,4.7846,2.6522,0.7882,0.1163,12.9514,0.0
2021-04-01,20:00,HFSDBSC08,34776.0,34776_Rasheedabad (Gold) Chiniot (3G-CII-3640),45.0,4776_Rasheedabad (Gold) Chiniot (3G-CII-3640),JHUNG_CLUSTER_02_Rural,100%,0.0,759.0,5.0,1441.0,0.0,2524.0,1364.0,1395.0,0.0,687.0,33.1111,5.0,215559.0,217568.0,216352.0,217568.0,5.0,11.0,2524.0,2496.0,33.1111,100.0,1221.0,1245.0,5.0,2496.0,753.0,759.0,3.3177,11.6333,16.6144,5.6639,2.0965,0.5632,0.2732,16.6144,5.6639,2.0965,0.5632,0.2732,33.1111,5.0
2021-04-01,20:00,HFSDBSC08,24776.0,24776_Rasheedabad (Gold) Chiniot (3G-CII-3640),44.0,4776_Rasheedabad (Gold) Chiniot (3G-CII-3640),JHUNG_CLUSTER_02_Rural,100%,0.0,310.0,0.0,618.0,0.0,3343.0,618.0,623.0,0.0,311.0,12.6653,0.0,82847.0,83463.0,83430.0,83463.0,1.0,3.0,3343.0,3330.0,12.6653,100.0,2559.0,2573.0,1.0,3330.0,308.0,310.0,7.1433,17.0485,5.7293,1.7342,0.8912,0.4172,0.2255,5.7293,1.7342,0.8912,0.4172,0.2255,12.6653,0.0
2021-04-01,20:00,HFSDBSC08,14776.0,14776_Rasheedabad (Gold) Chiniot (3G-CII-3640),43.0,4776_Rasheedabad (Gold) Chiniot (3G-CII-3640),JHUNG_CLUSTER_02_Rural,100%,0.0,143.0,0.0,467.0,0.0,978.0,642.0,643.0,0.0,325.0,8.0944,0.0,53684.0,53838.0,53672.0,53838.0,2.0,2.0,978.0,974.0,8.0944,100.0,241.0,244.0,2.0,974.0,143.0,143.0,6.0079,15.6165,25.1197,10.3898,4.0434,1.4748,1.0534,25.1197,10.3898,4.0434,1.4748,1.0534,8.0944,0.0
2021-04-01,20:00,HFSDBSC08,34818.0,34818_Aminpur Bangla Painsra Road Chiniot,39.0,4818_Aminpur Bangla Painsra Road Chiniot,JHUNG_CLUSTER_02_Rural,100%,0.0,40.0,3.0,119.0,0.0,1082.0,115.0,149.0,0.0,85.0,2.1028,3.0,10960.0,12877.0,12525.0,12877.0,19.0,20.0,1082.0,986.0,2.1028,100.0,157.0,162.0,19.0,986.0,39.0,40.0,0.0,0.0658,4.1181,0.0136,0.0027,0.0,0.0,4.1181,0.0136,0.0027,0.0,0.0,2.1028,3.0
2021-04-01,20:00,HFSDBSC08,24818.0,24818_Aminpur Bangla Painsra Road Chiniot,38.0,4818_Aminpur Bangla Painsra Road Chiniot,JHUNG_CLUSTER_02_Rural,100%,0.0,51.0,0.0,130.0,0.0,1153.0,139.0,170.0,0.0,98.0,1.4417,0.0,7817.0,8294.0,7959.0,8294.0,8.0,8.0,1153.0,1113.0,1.4417,100.0,144.0,150.0,8.0,1113.0,51.0,51.0,0.0,0.2008,6.2853,0.3413,0.0133,0.0,0.0,6.2853,0.3413,0.0133,0.0,0.0,1.4417,0.0
2021-04-01,20:00,HFSDBSC08,14818.0,14818_Aminpur Bangla Painsra Road Chiniot,37.0,4818_Aminpur Bangla Painsra Road Chiniot,JHUNG_CLUSTER_02_Rural,100%,0.0,68.0,1.0,75.0,0.0,301.0,18.0,54.0,0.0,7.0,5.7167,1.0,36489.0,38296.0,38027.0,38296.0,2.0,3.0,301.0,292.0,5.7167,100.0,98.0,99.0,2.0,292.0,67.0,68.0,0.0546,0.0546,4.88,0.0107,0.0,0.0,0.0027,4.88,0.0107,0.0,0.0,0.0027,5.7167,1.0
2021-04-01,20:00,HFSDBSC08,34775.0,34775_Chanab Nagar (Gold) Chiniot (3G-CII-3639),24.0,4775_Chanab Nagar (Gold) Chiniot (3G-CII-3639),JHUNG_CLUSTER_02_Rural,100%,0.0,130.0,4.0,371.0,0.0,588.0,424.0,433.0,0.0,237.0,7.4903,4.0,49445.0,50451.0,50340.0,50451.0,0.0,0.0,588.0,588.0,7.4903,100.0,418.0,418.0,0.0,588.0,130.0,130.0,0.4396,1.8171,16.4747,1.392,0.2507,0.0453,0.0347,16.4747,1.392,0.2507,0.0453,0.0347,7.4903,4.0
2021-04-01,20:00,HFSDBSC08,24775.0,24775_Chanab Nagar (Gold) Chiniot (3G-CII-3639),23.0,4775_Chanab Nagar (Gold) Chiniot (3G-CII-3639),JHUNG_CLUSTER_02_Rural,100%,0.0,515.0,3.0,1098.0,0.0,4105.0,1114.0,1123.0,0.0,585.0,28.5236,3.0,188361.0,189697.0,188320.0,189697.0,1.0,2.0,4105.0,4092.0,28.5236,100.0,2270.0,2278.0,1.0,4092.0,514.0,515.0,4.6032,15.8865,35.2068,12.7414,6.432,1.8107,0.8133,35.2068,12.7414,6.432,1.8107,0.8133,28.5236,3.0
2021-04-01,20:00,HFSDBSC08,14775.0,14775_Chanab Nagar (Gold) Chiniot (3G-CII-3639),22.0,4775_Chanab Nagar (Gold) Chiniot (3G-CII-3639),JHUNG_CLUSTER_02_Rural,100%,0.0,874.0,4.0,1213.0,0.0,3678.0,955.0,963.0,0.0,345.0,15.9556,4.0,92496.0,93915.0,93384.0,93915.0,0.0,9.0,3678.0,3671.0,15.9556,100.0,2839.0,2846.0,0.0,3671.0,865.0,874.0,7.4079999999999995,23.8251,15.0497,10.4005,5.485,1.7364,0.7387,15.0497,10.4005,5.485,1.7364,0.7387,15.9556,4.0
2021-04-01,20:00,HFSDBSC08,34934.0,34934_Raja Abad Stop Jhang,18.0,4934_Raja Abad Stop Jhang,JHUNG_CLUSTER_02_Rural,100%,0.0,336.0,1.0,393.0,0.0,637.0,95.0,102.0,0.0,59.0,10.3778,1.0,63058.0,64908.0,64602.0,64908.0,2.0,3.0,637.0,613.0,10.3778,100.0,445.0,449.0,2.0,613.0,335.0,336.0,0.0774,0.0774,10.3745,0.0721,0.0,0.0,0.0081,10.3745,0.0721,0.0,0.0,0.0081,10.3778,1.0
2021-04-01,20:00,HFSDBSC08,24934.0,24934_Raja Abad Stop Jhang,17.0,4934_Raja Abad Stop Jhang,JHUNG_CLUSTER_02_Rural,100%,0.0,152.0,2.0,186.0,0.0,653.0,76.0,94.0,0.0,52.0,4.1097,2.0,23015.0,25437.0,24656.0,25437.0,12.0,23.0,653.0,603.0,4.1097,100.0,209.0,229.0,12.0,603.0,141.0,152.0,0.036000000000000004,0.036000000000000004,14.742,0.0399,0.0,0.0,0.0053,14.742,0.0399,0.0,0.0,0.0053,4.1097,2.0
2021-04-01,20:00,HFSDBSC08,14934.0,14934_Raja Abad Stop Jhang,16.0,4934_Raja Abad Stop Jhang,JHUNG_CLUSTER_02_Rural,100%,0.0,56.0,1.0,59.0,0.0,157.0,9.0,10.0,0.0,4.0,1.4083,1.0,7358.0,7909.0,7606.0,7909.0,1.0,2.0,157.0,152.0,1.4083,100.0,84.0,84.0,1.0,152.0,55.0,56.0,0.0331,0.0331,15.6679,0.4495,0.0,0.0,0.0053,15.6679,0.4495,0.0,0.0,0.0053,1.4083,1.0
2021-04-01,20:00,HFSDBSC08,34748.0,34748_Moza Kot Najabat Bhawana Chiniot,15.0,4748_Moza Kot Najabat Bhawana Chiniot,JHUNG_CLUSTER_02_Rural,100%,0.0,143.0,1.0,198.0,0.0,452.0,96.0,97.0,0.0,56.0,4.6069,1.0,26229.0,26830.0,26383.0,26830.0,2.0,3.0,452.0,439.0,4.6069,100.0,292.0,295.0,2.0,439.0,142.0,143.0,0.2051,0.5936,3.8637,0.231,0.016,0.0,0.0085,3.8637,0.231,0.016,0.0,0.0085,4.6069,1.0
2021-04-01,20:00,HFSDBSC08,24748.0,24748_Moza Kot Najabat Bhawana Chiniot,14.0,4748_Moza Kot Najabat Bhawana Chiniot,JHUNG_CLUSTER_02_Rural,100%,0.0,79.0,4.0,171.0,0.0,647.0,126.0,169.0,0.0,100.0,2.4958,4.0,13574.0,14585.0,14244.0,14585.0,6.0,11.0,647.0,616.0,2.4958,100.0,214.0,224.0,6.0,616.0,74.0,79.0,0.0377,0.0755,7.0625,0.008,0.0027,0.0,0.0027,7.0625,0.008,0.0027,0.0,0.0027,2.4958,4.0
2021-04-01,20:00,HFSDBSC08,14748.0,14748_Moza Kot Najabat Bhawana Chiniot,13.0,4748_Moza Kot Najabat Bhawana Chiniot,JHUNG_CLUSTER_02_Rural,100%,0.0,47.0,2.0,62.0,0.0,218.0,34.0,34.0,0.0,15.0,1.4236,2.0,7696.0,8502.0,8366.0,8502.0,1.0,1.0,218.0,214.0,1.4236,100.0,82.0,83.0,1.0,214.0,47.0,47.0,0.0354,0.0707,7.28,0.264,0.0027,0.0027,0.0,7.28,0.264,0.0027,0.0027,0.0,1.4236,2.0
2021-04-01,20:00,HFSDBSC08,34724.0,34724_Adda Dhuruta Chiniot,12.0,4724_Adda Dhuruta Chiniot,JHUNG_CLUSTER_02_Rural,100%,0.0,189.0,0.0,235.0,0.0,1569.0,97.0,102.0,0.0,48.0,6.9111,0.0,44284.0,44850.0,44378.0,44850.0,0.0,1.0,1569.0,1555.0,6.9111,100.0,1250.0,1252.0,0.0,1555.0,188.0,189.0,0.0221,0.0221,11.9728,0.3216,0.0,0.0,0.0027,11.9728,0.3216,0.0,0.0,0.0027,6.9111,0.0
2021-04-01,20:00,HFSDBSC08,24724.0,24724_Adda Dhuruta Chiniot,11.0,4724_Adda Dhuruta Chiniot,JHUNG_CLUSTER_02_Rural,100%,0.0,6.0,0.0,8.0,0.0,49.0,5.0,5.0,0.0,2.0,0.0722,0.0,296.0,305.0,302.0,305.0,0.0,0.0,49.0,45.0,0.0722,100.0,14.0,14.0,0.0,45.0,6.0,6.0,0.0,0.0801,9.9626,0.0455,0.008,0.0,0.0,9.9626,0.0455,0.008,0.0,0.0,0.0722,0.0
2021-04-01,20:00,HFSDBSC08,14724.0,14724_Adda Dhuruta Chiniot,10.0,4724_Adda Dhuruta Chiniot,JHUNG_CLUSTER_02_Rural,100%,0.0,95.0,2.0,195.0,0.0,779.0,181.0,216.0,0.0,103.0,2.9194,2.0,15123.0,17053.0,16730.0,17053.0,17.0,20.0,779.0,719.0,2.9194,100.0,127.0,143.0,17.0,719.0,92.0,95.0,0.5564,1.1333,12.3665,0.4511,0.0748,0.0561,0.016,12.3665,0.4511,0.0748,0.0561,0.016,2.9194,2.0
2021-04-01,20:00,HFSDBSC08,35366.0,35366_Adda Mangawana Chiniot,9.0,5366_Adda Mangawana Chiniot,JHUNG_CLUSTER_02_Rural,100%,0.0,27.0,0.0,30.0,0.0,262.0,9.0,9.0,0.0,3.0,0.8306,0.0,5065.0,5261.0,5187.0,5261.0,2.0,2.0,262.0,233.0,0.8306,100.0,123.0,131.0,2.0,233.0,27.0,27.0,4.4089,6.3008,11.7929,1.8257,0.275,0.243,0.3978,11.7929,1.8257,0.275,0.243,0.3978,0.8306,0.0
2021-04-01,20:00,HFSDBSC08,25366.0,25366_Adda Mangawana Chiniot,8.0,5366_Adda Mangawana Chiniot,JHUNG_CLUSTER_02_Rural,100%,0.0,64.0,1.0,72.0,0.0,433.0,16.0,19.0,0.0,9.0,2.125,1.0,12884.0,13671.0,13366.0,13671.0,6.0,6.0,433.0,394.0,2.125,100.0,143.0,148.0,6.0,394.0,64.0,64.0,0.0939,0.0939,5.6952,0.0,0.0,0.0,0.0054,5.6952,0.0,0.0,0.0,0.0054,2.125,1.0
2021-04-01,20:00,HFSDBSC08,15366.0,15366_Adda Mangawana Chiniot,7.0,5366_Adda Mangawana Chiniot,JHUNG_CLUSTER_02_Rural,100%,0.0,18.0,0.0,24.0,0.0,240.0,6.0,9.0,0.0,5.0,0.7319,0.0,3815.0,4424.0,4175.0,4424.0,2.0,2.0,240.0,232.0,0.7319,100.0,28.0,30.0,2.0,232.0,18.0,18.0,0.0,0.1068,7.456,0.024,0.008,0.0,0.0,7.456,0.024,0.008,0.0,0.0,0.7319,0.0
2021-04-01,20:00,HFSDBSC08,24720.0,24720_Mohallah Garaha Chiniot (3G-CII-4263),5.0,4720_Mohallah Garaha Chiniot (3G-CII-4263),JHUNG_CLUSTER_02_Rural,100%,0.0,202.0,2.0,344.0,0.0,672.0,286.0,291.0,0.0,145.0,6.9986,2.0,42416.0,42627.0,41942.0,42627.0,4.0,7.0,672.0,649.0,6.9986,100.0,354.0,359.0,4.0,649.0,199.0,202.0,2.4603,15.6283,6.9188,10.1632,2.6660000000000004,0.41100000000000003,0.0872,6.9188,10.1632,2.6660000000000004,0.41100000000000003,0.0872,6.9986,2.0
2021-04-01,20:00,HFSDBSC08,12759.0,CII-2759-1_Darul Yamen Chiniot (3G-CII-4772),41.0,CII-2759_Darul Yamen Chiniot (3G-CII-4772),JHUNG_CLUSTER_02_Rural,100%,0.0,544.0,0.0,753.0,0.0,2506.0,402.0,403.0,0.0,210.0,24.4569,0.0,161253.0,161515.0,161121.0,161515.0,0.0,1.0,2506.0,2494.0,24.4569,100.0,982.0,988.0,0.0,2494.0,543.0,544.0,0.1241,0.7804,14.6061,0.2798,0.0985,0.0053,0.0133,14.6061,0.2798,0.0985,0.0053,0.0133,24.4569,0.0
2021-04-01,20:00,HFSDBSC08,32759.0,CII-2759-3_Darul Yamen Chiniot (3G-CII-4772),58.0,CII-2759_Darul Yamen Chiniot (3G-CII-4772),JHUNG_CLUSTER_02_Rural,100%,0.0,446.0,1.0,678.0,0.0,1886.0,442.0,442.0,0.0,232.0,17.6764,1.0,114150.0,114688.0,114441.0,114688.0,0.0,1.0,1886.0,1879.0,17.6764,100.0,1040.0,1040.0,0.0,1879.0,445.0,446.0,0.1963,0.7698,20.2279,0.2743,0.1185,0.0406,0.0,20.2279,0.2743,0.1185,0.0406,0.0,17.6764,1.0
2021-04-01,20:00,HFSDBSC08,22759.0,CII-2759-2_Darul Yamen Chiniot (3G-CII-4772),42.0,CII-2759_Darul Yamen Chiniot (3G-CII-4772),JHUNG_CLUSTER_02_Rural,100%,0.0,357.0,0.0,726.0,0.0,1699.0,721.0,732.0,0.0,369.0,12.5861,0.0,81200.0,82247.0,81573.0,82247.0,0.0,2.0,1699.0,1661.0,12.5861,100.0,1048.0,1069.0,0.0,1661.0,355.0,357.0,0.4678,1.8714,23.6144,3.1622,0.38299999999999995,0.11699999999999999,0.0106,23.6144,3.1622,0.38299999999999995,0.11699999999999999,0.0106,12.5861,0.0
