Date,Time,GBSC,Cell CI,Cell Name,CellIndex,Site Name,Location,Integrity,_CallSetup TCH GOS(%)_N,_CallSetup TCH GOS(%)_D,_DCR_N,_DCR_D,_GOS-SDCCH(%)_N,_GOS-SDCCH(%)_D,_HSR%_N,_HSR%_D,_Mobility TCH GOS(%)_N,_Mobility TCH GOS(%)_D,_MTBD (Mean Time between Drop)_N,_MTBD (Mean Time between Drop)_D,_RxQual Index DL_1,_RxQual Index DL_2,_RxQual Index UL_1,_RxQual Index UL_2,CSSR_Non Blocking_1_N,CSSR_Non Blocking_2_N,CSSR_Non Blocking_1_D,CSSR_Non Blocking_2_D,GlobelTraffic,TCH Availability Rate,_cssr_Call Setup Indications (Circuit Service)_N_1,_Cssr_Channel Requests (Circuit Service)_D_1,_CSSR_Call Drops on SDCCH_N_2,_CSSR_Successful SDCCH Seizures_D_2,_CSSR_Successful TCH Seizures (Traffic Channel)_N_3,_CSSR_TCH Seizure Requests (Traffic Channel)_D_3,Interference Band Proportion (4~5)(%),Interference Band 345,Mean Number of TCH in Interference Band 1,Mean Number of TCH in Interference Band 2,Mean Number of TCH in Interference Band 3,Mean Number of TCH in Interference Band 4,Mean Number of TCH in Interference Band 5,Mean Number of TCH in Interference Band 1.1,Mean Number of TCH in Interference Band 2.1,Mean Number of TCH in Interference Band 3.1,Mean Number of TCH in Interference Band 4.1,Mean Number of TCH in Interference Band 5.1,K3014:Traffic Volume on TCH(Erl),CM33:Call Drops on Traffic Channel
2021-04-01,21:00,HBWPBSC02,32314.0,CII-2314-3_Tirinda Muhammmad Panah RY Khan (3G-CII-4731),110.0,CII-2314_Tirinda Muhammmad Panah RY Khan (3G-CII-4731),AHMEDPUREAST_CLUSTER_01_Rural,100%,0.0,49.0,2.0,71.0,0.0,881.0,55.0,58.0,0.0,28.0,2.4611,2.0,15462.0,16192.0,16052.0,16194.0,4.0,10.0,881.0,833.0,2.4611,100.0,126.0,127.0,4.0,833.0,43.0,49.0,0.0,0.24100000000000002,16.7487,0.9626,0.0428,0.0,0.0,0.9626,0.0428,16.7487,0.0,0.0,2.4611,2.0
2021-04-01,21:00,HBWPBSC02,22314.0,CII-2314-2_Tirinda Muhammmad Panah RY Khan (3G-CII-4731),109.0,CII-2314_Tirinda Muhammmad Panah RY Khan (3G-CII-4731),AHMEDPUREAST_CLUSTER_01_Rural,100%,0.0,53.0,0.0,96.0,0.0,247.0,82.0,86.0,0.0,44.0,3.2542,0.0,22332.0,22374.0,22374.0,22374.0,1.0,2.0,247.0,242.0,3.2542,100.0,154.0,154.0,1.0,242.0,52.0,53.0,0.0121,0.0851,21.9004,0.0615,0.016,0.0027,0.0,0.0615,0.016,21.9004,0.0027,0.0,3.2542,0.0
2021-04-01,21:00,HBWPBSC02,12314.0,CII-2314-1_Tirinda Muhammmad Panah RY Khan (3G-CII-4731),108.0,CII-2314_Tirinda Muhammmad Panah RY Khan (3G-CII-4731),AHMEDPUREAST_CLUSTER_01_Rural,100%,0.0,46.0,2.0,131.0,0.0,222.0,179.0,182.0,0.0,87.0,1.3903,2.0,7918.0,8246.0,8234.0,8246.0,0.0,1.0,222.0,207.0,1.3903,100.0,128.0,136.0,0.0,207.0,45.0,46.0,0.0376,0.1506,21.3812,0.2994,0.0245,0.0082,0.0,0.2994,0.0245,21.3812,0.0082,0.0,1.3903,2.0
2021-04-01,21:00,HBWPBSC02,34456.0,34456_Exchange Uch Shareef Bahawalpur,107.0,4456_Exchange Uch Shareef Bahawalpur,AHMEDPUREAST_CLUSTER_01_Rural,100%,0.0,83.0,1.0,162.0,0.0,452.0,162.0,163.0,0.0,79.0,3.0236,1.0,18090.0,18404.0,18274.0,18404.0,2.0,2.0,452.0,443.0,3.0236,100.0,305.0,308.0,2.0,443.0,83.0,83.0,0.0477,0.1192,4.5942,6.5854,0.008,0.0,0.0053,6.5854,0.008,4.5942,0.0,0.0053,3.0236,1.0
2021-04-01,21:00,HBWPBSC02,24456.0,24456_Exchange Uch Shareef Bahawalpur,97.0,4456_Exchange Uch Shareef Bahawalpur,AHMEDPUREAST_CLUSTER_01_Rural,100%,0.0,31.0,0.0,67.0,0.0,439.0,73.0,74.0,0.0,36.0,1.7597,0.0,11522.0,11918.0,11890.0,11918.0,3.0,3.0,439.0,422.0,1.7597,100.0,103.0,103.0,3.0,422.0,31.0,31.0,0.0206,0.9452,11.9677,0.888,0.12,0.0027,0.0,0.888,0.12,11.9677,0.0027,0.0,1.7597,0.0
2021-04-01,21:00,HBWPBSC02,14456.0,14456_Exchange Uch Shareef Bahawalpur,96.0,4456_Exchange Uch Shareef Bahawalpur,AHMEDPUREAST_CLUSTER_01_Rural,100%,0.0,71.0,1.0,134.0,0.0,284.0,139.0,140.0,0.0,64.0,1.6903,1.0,9440.0,9492.0,9368.0,9492.0,0.0,1.0,284.0,283.0,1.6903,100.0,205.0,205.0,0.0,283.0,70.0,71.0,0.064,0.2346,12.4734,0.0347,0.0214,0.008,0.0,0.0347,0.0214,12.4734,0.008,0.0,1.6903,1.0
2021-04-01,21:00,HBWPBSC02,34872.0,34872_Mohsin Abad RY Khan,91.0,4872_Mohsin Abad RY Khan,AHMEDPUREAST_CLUSTER_01_Rural,100%,0.0,110.0,3.0,197.0,0.0,1202.0,163.0,176.0,0.0,91.0,6.9861,3.0,45436.0,46076.0,44810.0,46076.0,9.0,10.0,1202.0,1157.0,6.9861,100.0,317.0,323.0,9.0,1157.0,109.0,110.0,0.0,2.9897,1.8802,0.8857,0.0852,0.0,0.0,0.8857,0.0852,1.8802,0.0,0.0,6.9861,3.0
2021-04-01,21:00,HBWPBSC02,24872.0,24872_Mohsin Abad RY Khan,90.0,4872_Mohsin Abad RY Khan,AHMEDPUREAST_CLUSTER_01_Rural,100%,0.0,11.0,0.0,58.0,0.0,164.0,92.0,94.0,0.0,49.0,1.3208,0.0,8920.0,8944.0,8944.0,8944.0,0.0,1.0,164.0,153.0,1.3208,100.0,92.0,93.0,0.0,153.0,10.0,11.0,0.0,0.03,8.8133,0.0827,0.0027,0.0,0.0,0.0827,0.0027,8.8133,0.0,0.0,1.3208,0.0
2021-04-01,21:00,HBWPBSC02,14872.0,14872_Mohsin Abad RY Khan,75.0,4872_Mohsin Abad RY Khan,AHMEDPUREAST_CLUSTER_01_Rural,100%,0.0,98.0,2.0,179.0,0.0,440.0,158.0,159.0,0.0,82.0,5.35,2.0,35392.0,35830.0,35558.0,35830.0,3.0,3.0,440.0,434.0,5.35,100.0,165.0,166.0,3.0,434.0,98.0,98.0,0.1039,0.3634,3.5608,1.6289,0.0135,0.0054,0.0,1.6289,0.0135,3.5608,0.0054,0.0,5.35,2.0
2021-04-01,21:00,HBWPBSC02,14615.0,14615_Channi Goth RY Khan,57.0,4615_Channi Goth RY Khan,AHMEDPUREAST_CLUSTER_01_Rural,100%,0.0,38.0,0.0,84.0,0.0,295.0,90.0,90.0,0.0,46.0,2.9097,0.0,20432.0,20518.0,20412.0,20518.0,2.0,2.0,295.0,287.0,2.9097,100.0,119.0,120.0,2.0,287.0,38.0,38.0,0.0,0.045,11.7748,0.0934,0.0053,0.0,0.0,0.0934,0.0053,11.7748,0.0,0.0,2.9097,0.0
2021-04-01,21:00,HBWPBSC02,24615.0,24615_Channi Goth RY Khan,56.0,4615_Channi Goth RY Khan,AHMEDPUREAST_CLUSTER_01_Rural,100%,0.0,90.0,1.0,119.0,0.0,787.0,63.0,65.0,0.0,29.0,3.375,1.0,20410.0,21822.0,21680.0,21822.0,2.0,2.0,787.0,773.0,3.375,100.0,289.0,291.0,2.0,773.0,90.0,90.0,0.0,0.0,10.5612,0.0346,0.0,0.0,0.0,0.0346,0.0,10.5612,0.0,0.0,3.375,1.0
2021-04-01,21:00,HBWPBSC02,34615.0,34615_Channi Goth RY Khan,55.0,4615_Channi Goth RY Khan,AHMEDPUREAST_CLUSTER_01_Rural,100%,0.0,62.0,1.0,127.0,0.0,572.0,136.0,141.0,0.0,68.0,3.4181,1.0,23156.0,23630.0,23546.0,23630.0,1.0,3.0,572.0,547.0,3.4181,100.0,179.0,185.0,1.0,547.0,60.0,62.0,1.4931,6.7759,6.9973,1.6613,0.4907,0.1093,0.0293,1.6613,0.4907,6.9973,0.1093,0.0293,3.4181,1.0
2021-04-01,21:00,HBWPBSC02,14616.0,14616_Murad Pur Channi Goth RY Khan,51.0,4616_Murad Pur Channi Goth RY Khan,AHMEDPUREAST_CLUSTER_01_Rural,100%,0.0,15.0,1.0,39.0,0.0,384.0,51.0,54.0,0.0,24.0,1.275,1.0,8446.0,8886.0,8584.0,8886.0,1.0,1.0,384.0,371.0,1.275,100.0,266.0,268.0,1.0,371.0,15.0,15.0,0.0,0.1284,8.0619,0.2348,0.0107,0.0,0.0,0.2348,0.0107,8.0619,0.0,0.0,1.275,1.0
2021-04-01,21:00,HBWPBSC02,24616.0,24616_Murad Pur Channi Goth RY Khan,50.0,4616_Murad Pur Channi Goth RY Khan,AHMEDPUREAST_CLUSTER_01_Rural,100%,0.0,15.0,1.0,29.0,0.0,513.0,27.0,29.0,0.0,16.0,0.7847,1.0,4878.0,5252.0,5234.0,5252.0,0.0,2.0,513.0,479.0,0.7847,100.0,21.0,24.0,0.0,479.0,13.0,15.0,0.0,0.0,7.3556,0.0,0.0,0.0,0.0,0.0,0.0,7.3556,0.0,0.0,0.7847,1.0
2021-04-01,21:00,HBWPBSC02,34455.0,34455_Sadar Bazar Uch Sharif Bahawalpur,49.0,4455_Sadar Bazar Uch Sharif Bahawalpur,AHMEDPUREAST_CLUSTER_01_Rural,100%,0.0,80.0,0.0,148.0,0.0,403.0,132.0,132.0,0.0,68.0,4.0208,0.0,26650.0,27203.0,27119.0,27203.0,2.0,2.0,403.0,379.0,4.0208,100.0,121.0,125.0,2.0,379.0,80.0,80.0,0.0384,0.0384,6.8858,0.0376,0.0,0.0027,0.0,0.0376,0.0,6.8858,0.0027,0.0,4.0208,0.0
2021-04-01,21:00,HBWPBSC02,24455.0,24455_Sadar Bazar Uch Sharif Bahawalpur,48.0,4455_Sadar Bazar Uch Sharif Bahawalpur,AHMEDPUREAST_CLUSTER_01_Rural,100%,0.0,187.0,1.0,280.0,0.0,690.0,198.0,199.0,0.0,96.0,7.6014,1.0,48722.0,50355.0,48802.0,50355.0,1.0,4.0,690.0,669.0,7.6014,100.0,403.0,412.0,1.0,669.0,184.0,187.0,2.4716,15.969000000000001,2.8652,7.3578,1.6421,0.2581,0.0426,7.3578,1.6421,2.8652,0.2581,0.0426,7.6014,1.0
2021-04-01,21:00,HBWPBSC02,14455.0,14455_Sadar Bazar Uch Sharif Bahawalpur,47.0,4455_Sadar Bazar Uch Sharif Bahawalpur,AHMEDPUREAST_CLUSTER_01_Rural,100%,0.0,89.0,0.0,211.0,0.0,530.0,227.0,228.0,0.0,123.0,4.9903,0.0,32722.0,33927.0,33439.0,33927.0,1.0,2.0,530.0,510.0,4.9903,100.0,371.0,378.0,1.0,510.0,88.0,89.0,0.0167,0.1168,15.3333,0.5934,0.016,0.0027,0.0,0.5934,0.016,15.3333,0.0027,0.0,4.9903,0.0
2021-04-01,21:00,HBWPBSC02,34155.0,34155_Alipur Road Tarinda RY Khan,45.0,4155_Alipur Road Tarinda RY Khan,AHMEDPUREAST_CLUSTER_01_Rural,100%,0.0,21.0,0.0,60.0,0.0,187.0,75.0,76.0,0.0,39.0,1.4889,0.0,9974.0,10008.0,10008.0,10008.0,1.0,1.0,187.0,175.0,1.4889,100.0,54.0,55.0,1.0,175.0,21.0,21.0,0.9208,2.9926,5.0267,0.5920000000000001,0.12,0.0453,0.008,0.5920000000000001,0.12,5.0267,0.0453,0.008,1.4889,0.0
2021-04-01,21:00,HBWPBSC02,14155.0,14155_Alipur Road Tarinda RY Khan,44.0,4155_Alipur Road Tarinda RY Khan,AHMEDPUREAST_CLUSTER_01_Rural,100%,0.0,15.0,1.0,99.0,0.0,64.0,154.0,154.0,0.0,84.0,1.4889,1.0,9418.0,9648.0,9406.0,9648.0,0.0,0.0,64.0,64.0,1.4889,100.0,26.0,26.0,0.0,64.0,15.0,15.0,0.1198,0.6291,8.7032,0.1658,0.0455,0.008,0.0027,0.1658,0.0455,8.7032,0.008,0.0027,1.4889,1.0
2021-04-01,21:00,HBWPBSC02,34616.0,34616_Murad Pur Channi Goth RY Khan,43.0,4616_Murad Pur Channi Goth RY Khan,AHMEDPUREAST_CLUSTER_01_Rural,100%,0.0,27.0,0.0,33.0,0.0,519.0,17.0,32.0,0.0,8.0,1.0806,0.0,6206.0,7302.0,7170.0,7302.0,6.0,8.0,519.0,497.0,1.0806,100.0,109.0,112.0,6.0,497.0,25.0,27.0,0.1267,0.5067,6.0120000000000005,0.272,0.024,0.008,0.0,0.272,0.024,6.0120000000000005,0.008,0.0,1.0806,0.0
2021-04-01,21:00,HBWPBSC02,24155.0,24155_Alipur Road Tarinda RY Khan,28.0,4155_Alipur Road Tarinda RY Khan,AHMEDPUREAST_CLUSTER_01_Rural,100%,0.0,11.0,2.0,50.0,0.0,265.0,69.0,82.0,0.0,40.0,0.9458,2.0,5972.0,6140.0,6100.0,6140.0,6.0,6.0,265.0,249.0,0.9458,100.0,32.0,32.0,6.0,249.0,11.0,11.0,1.0402,3.2744,6.4519,0.262,0.1551,0.0535,0.0187,0.262,0.1551,6.4519,0.0535,0.0187,0.9458,2.0
2021-04-01,21:00,HBWPBSC02,34156.0,34156_Basti Lal Khan Bahawalpur,5.0,4156_Basti Lal Khan Bahawalpur,AHMEDPUREAST_CLUSTER_01_Rural,100%,0.0,63.0,1.0,79.0,0.0,281.0,37.0,38.0,0.0,18.0,3.2444,1.0,21074.0,21490.0,21234.0,21490.0,0.0,1.0,281.0,271.0,3.2444,100.0,139.0,145.0,0.0,271.0,62.0,63.0,2.7643,3.6166,10.6096,0.5776,0.0989,0.3155,0.0053,0.5776,0.0989,10.6096,0.3155,0.0053,3.2444,1.0
2021-04-01,21:00,HBWPBSC02,24156.0,24156_Basti Lal Khan Bahawalpur,4.0,4156_Basti Lal Khan Bahawalpur,AHMEDPUREAST_CLUSTER_01_Rural,100%,0.0,9.0,0.0,33.0,0.0,116.0,45.0,47.0,0.0,24.0,0.3375,0.0,1954.0,2122.0,2120.0,2122.0,0.0,0.0,116.0,107.0,0.3375,100.0,31.0,33.0,0.0,107.0,9.0,9.0,0.0,0.0,7.7547,0.0,0.0,0.0,0.0,0.0,0.0,7.7547,0.0,0.0,0.3375,0.0
2021-04-01,21:00,HBWPBSC02,14156.0,14156_Basti Lal Khan Bahawalpur,3.0,4156_Basti Lal Khan Bahawalpur,AHMEDPUREAST_CLUSTER_01_Rural,100%,0.0,50.0,2.0,84.0,0.0,316.0,70.0,70.0,0.0,35.0,1.3375,2.0,7086.0,7762.0,7690.0,7762.0,1.0,2.0,316.0,302.0,1.3375,100.0,118.0,123.0,1.0,302.0,49.0,50.0,0.0,0.0713,7.2869,0.2085,0.0054,0.0,0.0,0.2085,0.0054,7.2869,0.0,0.0,1.3375,2.0
2021-04-01,21:00,HBWPBSC03,32655.0,CII-2655-3_Chak No 107 DB Bahawalpur,116.0,CII-2655_Chak No 107 DB Bahawalpur,AHMEDPUREAST_CLUSTER_01_Rural,100%,0.0,30.0,2.0,35.0,0.0,67.0,23.0,23.0,0.0,5.0,0.9125,2.0,4423.0,5213.0,4738.0,5213.0,0.0,0.0,67.0,65.0,0.9125,100.0,35.0,35.0,0.0,65.0,30.0,30.0,0.0,0.0,6.754,0.0159,0.0,0.0,0.0,0.0159,0.0,6.754,0.0,0.0,0.9125,2.0
2021-04-01,21:00,HBWPBSC03,22655.0,CII-2655-2_Chak No 107 DB Bahawalpur,115.0,CII-2655_Chak No 107 DB Bahawalpur,AHMEDPUREAST_CLUSTER_01_Rural,100%,0.0,24.0,0.0,66.0,0.0,149.0,84.0,84.0,0.0,42.0,2.0847,0.0,14804.0,14915.0,14874.0,14915.0,0.0,0.0,149.0,148.0,2.0847,100.0,94.0,95.0,0.0,148.0,24.0,24.0,0.0512,0.1025,5.1676,0.0,0.0027,0.0027,0.0,0.0,0.0027,5.1676,0.0027,0.0,2.0847,0.0
2021-04-01,21:00,HBWPBSC03,12655.0,CII-2655-1_Chak No 107 DB Bahawalpur,114.0,CII-2655_Chak No 107 DB Bahawalpur,AHMEDPUREAST_CLUSTER_01_Rural,100%,0.0,7.0,1.0,12.0,0.0,118.0,8.0,9.0,0.0,5.0,0.5306,1.0,3576.0,3661.0,3614.0,3661.0,0.0,0.0,118.0,116.0,0.5306,100.0,82.0,82.0,0.0,116.0,7.0,7.0,0.0,0.0,6.7381,0.0,0.0,0.0,0.0,0.0,0.0,6.7381,0.0,0.0,0.5306,1.0
2021-04-01,21:00,HBWPBSC03,32230.0,CII-2230-3_Sabzi Mandi Road Bahawalpur,113.0,CII-2230_Sabzi Mandi Road Bahawalpur,AHMEDPUREAST_CLUSTER_01_Rural,100%,0.0,32.0,0.0,69.0,0.0,476.0,70.0,70.0,0.0,37.0,1.2542,0.0,7695.0,7764.0,7520.0,7764.0,0.0,0.0,476.0,455.0,1.2542,100.0,81.0,85.0,0.0,455.0,32.0,32.0,0.0,0.4249,14.0609,0.1984,0.0609,0.0,0.0,0.1984,0.0609,14.0609,0.0,0.0,1.2542,0.0
2021-04-01,21:00,HBWPBSC03,22230.0,CII-2230-2_Sabzi Mandi Road Bahawalpur,112.0,CII-2230_Sabzi Mandi Road Bahawalpur,AHMEDPUREAST_CLUSTER_01_Rural,100%,0.0,9.0,0.0,60.0,0.0,145.0,102.0,103.0,0.0,51.0,0.4722,0.0,3026.0,3093.0,3074.0,3093.0,0.0,0.0,145.0,137.0,0.4722,100.0,63.0,67.0,0.0,137.0,9.0,9.0,0.0,0.0,9.2884,0.0476,0.0,0.0,0.0,0.0476,0.0,9.2884,0.0,0.0,0.4722,0.0
2021-04-01,21:00,HBWPBSC03,12230.0,CII-2230-1_Sabzi Mandi Road Bahawalpur,111.0,CII-2230_Sabzi Mandi Road Bahawalpur,AHMEDPUREAST_CLUSTER_01_Rural,100%,0.0,14.0,2.0,22.0,0.0,404.0,17.0,17.0,0.0,8.0,0.7,2.0,4163.0,4480.0,4341.0,4480.0,0.0,0.0,404.0,386.0,0.7,100.0,36.0,38.0,0.0,386.0,14.0,14.0,0.0,0.0965,8.1217,0.0952,0.0079,0.0,0.0,0.0952,0.0079,8.1217,0.0,0.0,0.7,2.0
2021-04-01,21:00,HBWPBSC03,34451.0,34451_Mohallah Darban Dera Nawab Bahawalpur,95.0,4451_Mohallah Darban Dera Nawab Bahawalpur,AHMEDPUREAST_CLUSTER_01_Rural,100%,0.0,50.0,1.0,68.0,0.0,602.0,38.0,43.0,0.0,20.0,3.4097,1.0,22093.0,22614.0,22144.0,22614.0,0.0,0.0,602.0,556.0,3.4097,100.0,158.0,160.0,0.0,556.0,50.0,50.0,0.0,0.0219,24.129,0.2213,0.0053,0.0,0.0,0.2213,0.0053,24.129,0.0,0.0,3.4097,1.0
2021-04-01,21:00,HBWPBSC03,34875.0,34875_Head Rajgan Bahawalpur,90.0,4875_Head Rajgan Bahawalpur,AHMEDPUREAST_CLUSTER_01_Rural,100%,0.0,26.0,0.0,31.0,0.0,134.0,9.0,12.0,0.0,7.0,2.6278,0.0,16329.0,17703.0,16280.0,17703.0,0.0,1.0,134.0,124.0,2.6278,100.0,65.0,69.0,0.0,124.0,25.0,26.0,0.0,0.0,4.9419,0.019,0.0,0.0,0.0,0.019,0.0,4.9419,0.0,0.0,2.6278,0.0
2021-04-01,21:00,HBWPBSC03,24875.0,24875_Head Rajgan Bahawalpur,89.0,4875_Head Rajgan Bahawalpur,AHMEDPUREAST_CLUSTER_01_Rural,100%,0.0,13.0,0.0,14.0,0.0,51.0,3.0,3.0,0.0,1.0,0.4486,0.0,2970.0,2970.0,2970.0,2970.0,0.0,0.0,51.0,51.0,0.4486,100.0,20.0,20.0,0.0,51.0,13.0,13.0,0.2133,0.2438,8.72,0.0107,0.0027,0.0027,0.016,0.0107,0.0027,8.72,0.0027,0.016,0.4486,0.0
2021-04-01,21:00,HBWPBSC03,24451.0,24451_Mohallah Darban Dera Nawab Bahawalpur,88.0,4451_Mohallah Darban Dera Nawab Bahawalpur,AHMEDPUREAST_CLUSTER_01_Rural,100%,0.0,35.0,1.0,69.0,0.0,187.0,65.0,66.0,0.0,35.0,2.8,1.0,19079.0,19925.0,19789.0,19925.0,0.0,1.0,187.0,184.0,2.8,100.0,95.0,95.0,0.0,184.0,34.0,35.0,0.0,0.0,8.9468,0.0372,0.0,0.0,0.0,0.0372,0.0,8.9468,0.0,0.0,2.8,1.0
2021-04-01,21:00,HBWPBSC03,14451.0,14451_Mohallah Darban Dera Nawab Bahawalpur,87.0,4451_Mohallah Darban Dera Nawab Bahawalpur,AHMEDPUREAST_CLUSTER_01_Rural,100%,0.0,120.0,0.0,252.0,0.0,642.0,261.0,271.0,0.0,136.0,5.6375,0.0,37342.0,38039.0,37900.0,38039.0,0.0,1.0,642.0,625.0,5.6375,100.0,280.0,280.0,0.0,625.0,119.0,120.0,0.0952,0.856,8.1184,2.9905,0.0852,0.008,0.0027,2.9905,0.0852,8.1184,0.008,0.0027,5.6375,0.0
2021-04-01,21:00,HBWPBSC03,14866.0,14866_Dera Nawab Bahawalpur,86.0,4866_Dera Nawab Bahawalpur,AHMEDPUREAST_CLUSTER_01_Rural,100%,0.0,19.0,1.0,27.0,0.0,333.0,18.0,18.0,0.0,8.0,0.5333,1.0,3041.0,3271.0,3183.0,3271.0,0.0,0.0,333.0,330.0,0.5333,100.0,181.0,183.0,0.0,330.0,19.0,19.0,0.0,0.1067,12.1653,0.3093,0.0133,0.0,0.0,0.3093,0.0133,12.1653,0.0,0.0,0.5333,1.0
2021-04-01,21:00,HBWPBSC03,34867.0,34867_City Bahawalpur (3G-CII-4619),85.0,4867_City Bahawalpur (3G-CII-4619),AHMEDPUREAST_CLUSTER_01_Rural,100%,0.0,107.0,0.0,200.0,0.0,549.0,180.0,190.0,0.0,94.0,7.5444,0.0,51238.0,51730.0,51690.0,51730.0,0.0,1.0,549.0,537.0,7.5444,100.0,198.0,200.0,0.0,537.0,106.0,107.0,0.0659,0.1449,20.1738,0.1693,0.0161,0.0054,0.008,0.1693,0.0161,20.1738,0.0054,0.008,7.5444,0.0
2021-04-01,21:00,HBWPBSC03,14867.0,14867_City Bahawalpur (3G-CII-4619),83.0,4867_City Bahawalpur (3G-CII-4619),AHMEDPUREAST_CLUSTER_01_Rural,100%,0.0,33.0,0.0,65.0,0.0,197.0,66.0,68.0,0.0,32.0,1.2111,0.0,8117.0,8253.0,8225.0,8253.0,0.0,0.0,197.0,168.0,1.2111,100.0,71.0,80.0,0.0,168.0,33.0,33.0,0.0,0.0614,12.504000000000001,0.5173,0.008,0.0,0.0,0.5173,0.008,12.504000000000001,0.0,0.0,1.2111,0.0
2021-04-01,21:00,HBWPBSC03,34865.0,34865_Abasia Chock Bahawalpur (3G-CII-4618),82.0,4865_Abasia Chock Bahawalpur (3G-CII-4618),AHMEDPUREAST_CLUSTER_01_Rural,100%,0.0,47.0,0.0,96.0,0.0,300.0,104.0,104.0,0.0,49.0,1.3153,0.0,8627.0,8663.0,8587.0,8663.0,3.0,3.0,300.0,288.0,1.3153,100.0,144.0,148.0,3.0,288.0,47.0,47.0,0.0213,0.3417,10.9492,1.5267,0.0401,0.0027,0.0,1.5267,0.0401,10.9492,0.0027,0.0,1.3153,0.0
2021-04-01,21:00,HBWPBSC03,14875.0,14875_Head Rajgan Bahawalpur,81.0,4875_Head Rajgan Bahawalpur,AHMEDPUREAST_CLUSTER_01_Rural,100%,0.0,31.0,0.0,38.0,0.0,95.0,13.0,16.0,0.0,9.0,1.9306,0.0,13305.0,13415.0,12753.0,13415.0,0.0,0.0,95.0,93.0,1.9306,100.0,57.0,59.0,0.0,93.0,31.0,31.0,0.0409,0.0613,12.8984,0.1738,0.0027,0.0054,0.0,0.1738,0.0027,12.8984,0.0054,0.0,1.9306,0.0
2021-04-01,21:00,HBWPBSC03,35545.0,35545_Khanga Sharif Bahawalpur,77.0,5545_Khanga Sharif Bahawalpur,AHMEDPUREAST_CLUSTER_01_Rural,100%,0.0,65.0,0.0,195.0,0.0,349.0,263.0,267.0,0.0,130.0,2.7347,0.0,16385.0,17040.0,16224.0,17040.0,0.0,0.0,349.0,342.0,2.7347,100.0,239.0,243.0,0.0,342.0,65.0,65.0,0.0468,0.0468,11.3329,0.096,0.0,0.0,0.0054,0.096,0.0,11.3329,0.0,0.0054,2.7347,0.0
2021-04-01,21:00,HBWPBSC03,25545.0,25545_Khanga Sharif Bahawalpur,76.0,5545_Khanga Sharif Bahawalpur,AHMEDPUREAST_CLUSTER_01_Rural,100%,0.0,74.0,1.0,223.0,0.0,623.0,296.0,296.0,0.0,150.0,3.2542,1.0,20665.0,20901.0,20597.0,20901.0,0.0,1.0,623.0,606.0,3.2542,100.0,203.0,204.0,0.0,606.0,73.0,74.0,0.0972,0.0972,8.2172,0.024,0.0,0.0,0.008,0.024,0.0,8.2172,0.0,0.008,3.2542,1.0
2021-04-01,21:00,HBWPBSC03,15545.0,15545_Khanga Sharif Bahawalpur,75.0,5545_Khanga Sharif Bahawalpur,AHMEDPUREAST_CLUSTER_01_Rural,100%,0.0,73.0,2.0,218.0,0.0,273.0,292.0,294.0,1.0,146.0,3.8292,2.0,25187.0,25864.0,24748.0,25864.0,0.0,0.0,273.0,258.0,3.8292,100.0,138.0,141.0,0.0,258.0,73.0,73.0,0.0,0.1226,2.5351,0.2013,0.0034,0.0,0.0,0.2013,0.0034,2.5351,0.0,0.0,3.8292,2.0
2021-04-01,21:00,HBWPBSC03,24865.0,24865_Abasia Chock Bahawalpur (3G-CII-4618),66.0,4865_Abasia Chock Bahawalpur (3G-CII-4618),AHMEDPUREAST_CLUSTER_01_Rural,100%,0.0,391.0,0.0,509.0,0.0,1258.0,231.0,233.0,0.0,120.0,18.6236,0.0,122674.0,123354.0,123274.0,123354.0,1.0,3.0,1258.0,1241.0,18.6236,100.0,1065.0,1077.0,1.0,1241.0,389.0,391.0,0.0929,0.4395,14.0982,0.1841,0.0497,0.0053,0.008,0.1841,0.0497,14.0982,0.0053,0.008,18.6236,0.0
2021-04-01,21:00,HBWPBSC03,34396.0,34396_Channar Pir Yazman Mandi Bahawalpur,46.0,4396_Channar Pir Yazman Mandi Bahawalpur,AHMEDPUREAST_CLUSTER_01_Rural,100%,0.0,9.0,0.0,31.0,0.0,72.0,47.0,48.0,0.0,22.0,1.0153,0.0,7050.0,7110.0,7106.0,7110.0,0.0,0.0,72.0,71.0,1.0153,100.0,44.0,44.0,0.0,71.0,9.0,9.0,0.028999999999999998,0.028999999999999998,9.1676,0.0,0.0,0.0,0.0027,0.0,0.0,9.1676,0.0,0.0027,1.0153,0.0
2021-04-01,21:00,HBWPBSC03,24396.0,24396_Channar Pir Yazman Mandi Bahawalpur,45.0,4396_Channar Pir Yazman Mandi Bahawalpur,AHMEDPUREAST_CLUSTER_01_Rural,100%,0.0,44.0,1.0,67.0,0.0,66.0,48.0,48.0,0.0,23.0,3.6125,1.0,25721.0,25795.0,25708.0,25795.0,0.0,0.0,66.0,66.0,3.6125,100.0,54.0,54.0,0.0,66.0,44.0,44.0,0.0379,0.0379,7.0181,0.0,0.0,0.0,0.0027,0.0,0.0,7.0181,0.0,0.0027,3.6125,1.0
2021-04-01,21:00,HBWPBSC03,14396.0,14396_Channar Pir Yazman Mandi Bahawalpur,44.0,4396_Channar Pir Yazman Mandi Bahawalpur,AHMEDPUREAST_CLUSTER_01_Rural,100%,0.0,18.0,0.0,26.0,0.0,49.0,17.0,17.0,0.0,9.0,1.8736,0.0,13661.0,13669.0,13668.0,13669.0,0.0,1.0,49.0,48.0,1.8736,100.0,25.0,25.0,0.0,48.0,17.0,18.0,0.0327,0.0327,8.1197,0.0053,0.0,0.0,0.0027,0.0053,0.0,8.1197,0.0,0.0027,1.8736,0.0
2021-04-01,21:00,HBWPBSC03,34397.0,34397_Tail Wala Yazman Mandi Bahawalpur,43.0,4397_Tail Wala Yazman Mandi Bahawalpur,AHMEDPUREAST_CLUSTER_01_Rural,100%,0.0,50.0,0.0,60.0,0.0,240.0,17.0,18.0,0.0,11.0,2.4667,0.0,15810.0,16069.0,14956.0,16069.0,0.0,1.0,240.0,236.0,2.4667,100.0,133.0,134.0,0.0,236.0,49.0,50.0,0.0,0.0,6.4005,0.0,0.0,0.0,0.0,0.0,0.0,6.4005,0.0,0.0,2.4667,0.0
2021-04-01,21:00,HBWPBSC03,24397.0,24397_Tail Wala Yazman Mandi Bahawalpur,42.0,4397_Tail Wala Yazman Mandi Bahawalpur,AHMEDPUREAST_CLUSTER_01_Rural,100%,0.0,8.0,1.0,58.0,0.0,38.0,78.0,86.0,0.0,57.0,0.8819,1.0,5389.0,5947.0,5905.0,5947.0,0.0,0.0,38.0,33.0,0.8819,100.0,17.0,19.0,0.0,33.0,8.0,8.0,0.0,0.0,9.557,0.0,0.0,0.0,0.0,0.0,0.0,9.557,0.0,0.0,0.8819,1.0
2021-04-01,21:00,HBWPBSC03,14397.0,14397_Tail Wala Yazman Mandi Bahawalpur,39.0,4397_Tail Wala Yazman Mandi Bahawalpur,AHMEDPUREAST_CLUSTER_01_Rural,100%,0.0,29.0,1.0,59.0,0.0,77.0,59.0,62.0,0.0,31.0,2.4806,1.0,16636.0,17103.0,16843.0,17103.0,0.0,0.0,77.0,77.0,2.4806,100.0,46.0,46.0,0.0,77.0,29.0,29.0,0.0,0.0,7.0597,0.0,0.0,0.0,0.0,0.0,0.0,7.0597,0.0,0.0,2.4806,1.0
2021-04-01,21:00,HBWPBSC03,36924.0,36924_Adda Musawala Bahawalpur,37.0,6924_Adda Musawala Bahawalpur,AHMEDPUREAST_CLUSTER_01_Rural,100%,0.0,55.0,0.0,104.0,0.0,198.0,103.0,107.0,0.0,49.0,1.3069,0.0,7597.0,7932.0,7727.0,7932.0,0.0,0.0,198.0,191.0,1.3069,100.0,105.0,111.0,0.0,191.0,55.0,55.0,0.0,0.0714,7.2713,0.1702,0.0053,0.0,0.0,0.1702,0.0053,7.2713,0.0,0.0,1.3069,0.0
2021-04-01,21:00,HBWPBSC03,26924.0,26924_Adda Musawala Bahawalpur,36.0,6924_Adda Musawala Bahawalpur,AHMEDPUREAST_CLUSTER_01_Rural,100%,0.0,38.0,0.0,63.0,0.0,121.0,47.0,50.0,0.0,25.0,1.7417,0.0,12025.0,12171.0,11965.0,12171.0,0.0,0.0,121.0,120.0,1.7417,100.0,76.0,77.0,0.0,120.0,38.0,38.0,0.0,0.0,7.1968,0.0,0.0,0.0,0.0,0.0,0.0,7.1968,0.0,0.0,1.7417,0.0
2021-04-01,21:00,HBWPBSC03,16924.0,16924_Adda Musawala Bahawalpur,35.0,6924_Adda Musawala Bahawalpur,AHMEDPUREAST_CLUSTER_01_Rural,100%,0.0,39.0,1.0,79.0,0.0,199.0,73.0,73.0,0.0,41.0,4.3208,1.0,30236.0,30669.0,30488.0,30669.0,1.0,2.0,199.0,198.0,4.3208,100.0,104.0,104.0,1.0,198.0,38.0,39.0,0.0557,0.1957,9.5121,0.0215,0.0134,0.0053,0.0,0.0215,0.0134,9.5121,0.0053,0.0,4.3208,1.0
2021-04-01,21:00,HBWPBSC03,36933.0,36933_Hataigi Bahawalpur,34.0,6933_Hataigi Bahawalpur,AHMEDPUREAST_CLUSTER_01_Rural,100%,0.0,59.0,1.0,104.0,0.0,1122.0,81.0,85.0,0.0,49.0,2.4833,1.0,12468.0,15125.0,14602.0,15125.0,0.0,2.0,1122.0,1035.0,2.4833,100.0,134.0,147.0,0.0,1035.0,57.0,59.0,0.0585,0.8831,4.3026,0.2062,0.0375,0.0027,0.0,0.2062,0.0375,4.3026,0.0027,0.0,2.4833,1.0
2021-04-01,21:00,HBWPBSC03,26933.0,26933_Hataigi Bahawalpur,33.0,6933_Hataigi Bahawalpur,AHMEDPUREAST_CLUSTER_01_Rural,100%,0.0,25.0,0.0,26.0,0.0,183.0,3.0,3.0,0.0,1.0,0.7319,0.0,3581.0,4545.0,4485.0,4545.0,0.0,0.0,183.0,180.0,0.7319,100.0,112.0,115.0,0.0,180.0,25.0,25.0,0.0,0.0,11.008,0.0053,0.0,0.0,0.0,0.0053,0.0,11.008,0.0,0.0,0.7319,0.0
2021-04-01,21:00,HBWPBSC03,36931.0,36931_Mubarak Pur Bahawalpur,32.0,6931_Mubarak Pur Bahawalpur,AHMEDPUREAST_CLUSTER_01_Rural,100%,0.0,38.0,0.0,129.0,0.0,178.0,182.0,183.0,0.0,91.0,1.5722,0.0,10105.0,10174.0,10035.0,10174.0,0.0,0.0,178.0,176.0,1.5722,100.0,73.0,73.0,0.0,176.0,38.0,38.0,0.0664,0.0664,8.008,0.0187,0.0,0.0,0.0053,0.0187,0.0,8.008,0.0,0.0053,1.5722,0.0
2021-04-01,21:00,HBWPBSC03,26931.0,26931_Mubarak Pur Bahawalpur,31.0,6931_Mubarak Pur Bahawalpur,AHMEDPUREAST_CLUSTER_01_Rural,100%,0.0,11.0,0.0,113.0,0.0,76.0,198.0,204.0,0.0,104.0,0.6486,0.0,3980.0,4103.0,4028.0,4103.0,0.0,1.0,76.0,76.0,0.6486,100.0,51.0,51.0,0.0,76.0,10.0,11.0,0.0762,0.0762,6.984,0.0348,0.0,0.0,0.0054,0.0348,0.0,6.984,0.0,0.0054,0.6486,0.0
2021-04-01,21:00,HBWPBSC03,34175.0,34175_Mohalla Latifabad Colony Bahawalpur,28.0,4175_Mohalla Latifabad Colony Bahawalpur,AHMEDPUREAST_CLUSTER_01_Rural,100%,0.0,33.0,0.0,104.0,0.0,253.0,136.0,136.0,0.0,71.0,1.3056,0.0,8092.0,8289.0,8150.0,8289.0,0.0,0.0,253.0,240.0,1.3056,100.0,144.0,144.0,0.0,240.0,33.0,33.0,0.0317,0.0953,8.1471,0.2647,0.0054,0.0,0.0027,0.2647,0.0054,8.1471,0.0,0.0027,1.3056,0.0
2021-04-01,21:00,HBWPBSC03,24175.0,24175_Mohalla Latifabad Colony Bahawalpur,27.0,4175_Mohalla Latifabad Colony Bahawalpur,AHMEDPUREAST_CLUSTER_01_Rural,100%,0.0,119.0,2.0,285.0,0.0,325.0,329.0,330.0,0.0,166.0,7.0764,2.0,46999.0,47219.0,45477.0,47219.0,0.0,0.0,325.0,322.0,7.0764,100.0,248.0,248.0,0.0,322.0,119.0,119.0,0.0,0.0467,5.5981,0.1167,0.0027,0.0,0.0,0.1167,0.0027,5.5981,0.0,0.0,7.0764,2.0
2021-04-01,21:00,HBWPBSC03,16933.0,16933_Hataigi Bahawalpur,25.0,6933_Hataigi Bahawalpur,AHMEDPUREAST_CLUSTER_01_Rural,100%,0.0,71.0,1.0,102.0,0.0,387.0,70.0,72.0,0.0,31.0,1.5417,1.0,8195.0,8917.0,8763.0,8917.0,0.0,0.0,387.0,384.0,1.5417,100.0,151.0,152.0,0.0,384.0,71.0,71.0,0.0636,1.4645,3.9421,0.1952,0.0588,0.0027,0.0,0.1952,0.0588,3.9421,0.0027,0.0,1.5417,1.0
2021-04-01,21:00,HBWPBSC03,16931.0,16931_Mubarak Pur Bahawalpur,24.0,6931_Mubarak Pur Bahawalpur,AHMEDPUREAST_CLUSTER_01_Rural,100%,0.0,94.0,0.0,97.0,0.0,184.0,10.0,10.0,0.0,5.0,0.4417,0.0,2268.0,2354.0,2082.0,2354.0,0.0,2.0,184.0,183.0,0.4417,100.0,115.0,116.0,0.0,183.0,92.0,94.0,0.0573,0.1148,9.2995,0.0054,0.0054,0.0027,0.0027,0.0054,0.0054,9.2995,0.0027,0.0027,0.4417,0.0
2021-04-01,21:00,HBWPBSC03,14175.0,14175_Mohalla Latifabad Colony Bahawalpur,23.0,4175_Mohalla Latifabad Colony Bahawalpur,AHMEDPUREAST_CLUSTER_01_Rural,100%,0.0,97.0,3.0,224.0,0.0,1518.0,246.0,248.0,0.0,127.0,4.9667,3.0,31778.0,32388.0,30659.0,32388.0,0.0,0.0,1518.0,1495.0,4.9667,100.0,278.0,279.0,0.0,1495.0,97.0,97.0,0.3918,0.5485,6.8204,0.1343,0.011000000000000001,0.0219,0.0055,0.1343,0.011000000000000001,6.8204,0.0219,0.0055,4.9667,3.0
2021-04-01,21:00,HBWPBSC03,24868.0,24868_Abbasi Mohallah Bahawalpur (3G-CII-4620),22.0,4868_Abbasi Mohallah Bahawalpur (3G-CII-4620),AHMEDPUREAST_CLUSTER_01_Rural,100%,0.0,40.0,0.0,158.0,0.0,274.0,226.0,228.0,0.0,118.0,2.3708,0.0,15041.0,16311.0,16167.0,16311.0,0.0,0.0,274.0,270.0,2.3708,100.0,126.0,130.0,0.0,270.0,40.0,40.0,0.0,0.0,8.4626,0.2112,0.0,0.0,0.0,0.2112,0.0,8.4626,0.0,0.0,2.3708,0.0
2021-04-01,21:00,HBWPBSC03,34944.0,34944_Ada Khan Pur Bahawalpur,16.0,4944_Ada Khan Pur Bahawalpur,AHMEDPUREAST_CLUSTER_01_Rural,100%,0.0,65.0,0.0,93.0,0.0,263.0,58.0,58.0,0.0,29.0,2.5431,0.0,15183.0,15937.0,15766.0,15937.0,0.0,1.0,263.0,261.0,2.5431,100.0,95.0,96.0,0.0,261.0,64.0,65.0,0.053,0.053,5.205,0.0194,0.0,0.0028,0.0,0.0194,0.0,5.205,0.0028,0.0,2.5431,0.0
2021-04-01,21:00,HBWPBSC03,24944.0,24944_Ada Khan Pur Bahawalpur,15.0,4944_Ada Khan Pur Bahawalpur,AHMEDPUREAST_CLUSTER_01_Rural,100%,0.0,26.0,0.0,38.0,0.0,128.0,24.0,24.0,0.0,12.0,2.7125,0.0,19540.0,19664.0,19488.0,19664.0,0.0,0.0,128.0,122.0,2.7125,100.0,43.0,43.0,0.0,122.0,26.0,26.0,0.0412,0.0412,5.4608,0.9973,0.0,0.0,0.0027,0.9973,0.0,5.4608,0.0,0.0027,2.7125,0.0
2021-04-01,21:00,HBWPBSC03,14944.0,14944_Ada Khan Pur Bahawalpur,14.0,4944_Ada Khan Pur Bahawalpur,AHMEDPUREAST_CLUSTER_01_Rural,100%,0.0,23.0,0.0,44.0,0.0,159.0,45.0,47.0,0.0,21.0,1.3903,0.0,9481.0,9518.0,9505.0,9518.0,0.0,0.0,159.0,158.0,1.3903,100.0,113.0,113.0,0.0,158.0,23.0,23.0,0.0,0.0626,8.4255,0.0692,0.0053,0.0,0.0,0.0692,0.0053,8.4255,0.0,0.0,1.3903,0.0
2021-04-01,21:00,HBWPBSC03,24450.0,24450_Alsheikh Town Bahawalpur (3G-CII-4583),13.0,4450_Alsheikh Town Bahawalpur (3G-CII-4583),AHMEDPUREAST_CLUSTER_01_Rural,100%,0.0,44.0,0.0,83.0,0.0,298.0,78.0,78.0,0.0,39.0,1.5111,0.0,10150.0,10214.0,10201.0,10214.0,0.0,0.0,298.0,298.0,1.5111,100.0,228.0,228.0,0.0,298.0,44.0,44.0,0.0,0.1959,12.1551,0.1016,0.0241,0.0,0.0,0.1016,0.0241,12.1551,0.0,0.0,1.5111,0.0
2021-04-01,21:00,HBWPBSC03,14868.0,14868_Abbasi Mohallah Bahawalpur (3G-CII-4620),11.0,4868_Abbasi Mohallah Bahawalpur (3G-CII-4620),AHMEDPUREAST_CLUSTER_01_Rural,100%,0.0,13.0,0.0,35.0,0.0,151.0,39.0,46.0,0.0,22.0,0.6986,0.0,4125.0,4668.0,4576.0,4668.0,0.0,0.0,151.0,130.0,0.6986,100.0,25.0,25.0,0.0,130.0,13.0,13.0,0.1946,10.0552,5.6693,1.7253,0.8107,0.016,0.0,1.7253,0.8107,5.6693,0.016,0.0,0.6986,0.0
2021-04-01,21:00,HBWPBSC03,34450.0,34450_Alsheikh Town Bahawalpur (3G-CII-4583),5.0,4450_Alsheikh Town Bahawalpur (3G-CII-4583),AHMEDPUREAST_CLUSTER_01_Rural,100%,0.0,30.0,0.0,71.0,0.0,154.0,68.0,72.0,0.0,41.0,3.0764,0.0,21728.0,21760.0,21760.0,21760.0,0.0,0.0,154.0,151.0,3.0764,100.0,77.0,78.0,0.0,151.0,30.0,30.0,0.4144,1.8919,12.9547,1.5653,0.2187,0.0507,0.0107,1.5653,0.2187,12.9547,0.0507,0.0107,3.0764,0.0
2021-04-01,21:00,HBWPBSC03,34886.0,34886_Nurpur Nurunga Bahawalpur,4.0,4886_Nurpur Nurunga Bahawalpur,AHMEDPUREAST_CLUSTER_01_Rural,100%,0.0,39.0,0.0,71.0,0.0,147.0,56.0,56.0,0.0,32.0,0.6347,0.0,3334.0,3382.0,3303.0,3382.0,0.0,0.0,147.0,143.0,0.6347,100.0,67.0,67.0,0.0,143.0,39.0,39.0,0.0651,2.412,6.92,1.064,0.192,0.0,0.0053,1.064,0.192,6.92,0.0,0.0053,0.6347,0.0
2021-04-01,21:00,HBWPBSC03,24886.0,24886_Nurpur Nurunga Bahawalpur,3.0,4886_Nurpur Nurunga Bahawalpur,AHMEDPUREAST_CLUSTER_01_Rural,100%,0.0,16.0,0.0,37.0,0.0,109.0,42.0,42.0,0.0,21.0,1.4778,0.0,10191.0,10384.0,10268.0,10384.0,0.0,0.0,109.0,104.0,1.4778,100.0,32.0,32.0,0.0,104.0,16.0,16.0,0.0,0.0,8.4496,0.0266,0.0,0.0,0.0,0.0266,0.0,8.4496,0.0,0.0,1.4778,0.0
2021-04-01,21:00,HBWPBSC03,14886.0,14886_Nurpur Nurunga Bahawalpur,2.0,4886_Nurpur Nurunga Bahawalpur,AHMEDPUREAST_CLUSTER_01_Rural,100%,0.0,38.0,0.0,50.0,0.0,121.0,27.0,28.0,0.0,13.0,1.6889,0.0,11628.0,11630.0,11625.0,11630.0,0.0,1.0,121.0,112.0,1.6889,100.0,55.0,58.0,0.0,112.0,37.0,38.0,0.0975,0.0975,8.0957,0.0772,0.0,0.0,0.008,0.0772,0.0,8.0957,0.0,0.008,1.6889,0.0
