Date,Time,GBSC,Cell CI,Cell Name,CellIndex,Site Name,Location,Integrity,_CallSetup TCH GOS(%)_N,_CallSetup TCH GOS(%)_D,_DCR_N,_DCR_D,_GOS-SDCCH(%)_N,_GOS-SDCCH(%)_D,_HSR%_N,_HSR%_D,_Mobility TCH GOS(%)_N,_Mobility TCH GOS(%)_D,_MTBD (Mean Time between Drop)_N,_MTBD (Mean Time between Drop)_D,_RxQual Index DL_1,_RxQual Index DL_2,_RxQual Index UL_1,_RxQual Index UL_2,CSSR_Non Blocking_1_N,CSSR_Non Blocking_2_N,CSSR_Non Blocking_1_D,CSSR_Non Blocking_2_D,GlobelTraffic,TCH Availability Rate,_cssr_Call Setup Indications (Circuit Service)_N_1,_Cssr_Channel Requests (Circuit Service)_D_1,_CSSR_Call Drops on SDCCH_N_2,_CSSR_Successful SDCCH Seizures_D_2,_CSSR_Successful TCH Seizures (Traffic Channel)_N_3,_CSSR_TCH Seizure Requests (Traffic Channel)_D_3,Interference Band Proportion (4~5)(%),Interference Band 345,Mean Number of TCH in Interference Band 1,Mean Number of TCH in Interference Band 2,Mean Number of TCH in Interference Band 3,Mean Number of TCH in Interference Band 4,Mean Number of TCH in Interference Band 5,Mean Number of TCH in Interference Band 1.1,Mean Number of TCH in Interference Band 2.1,Mean Number of TCH in Interference Band 3.1,Mean Number of TCH in Interference Band 4.1,Mean Number of TCH in Interference Band 5.1,K3014:Traffic Volume on TCH(Erl),CM33:Call Drops on Traffic Channel
2021-04-01,12:00,HLHRBSC13,11657.0,CI-1657-1_Sham Nagar Lahore-Z2 (3G-CI-1901),85.0,CI-1657_Sham Nagar Lahore-Z2 (3G-CI-1901),LAHORE_CLUSTER_06_Urban,100%,0.0,107.0,0.0,180.0,0.0,460.0,162.0,168.0,0.0,74.0,2.6417,0.0,14144.0,14304.0,13708.0,14304.0,0.0,1.0,460.0,422.0,2.6417,100.0,234.0,246.0,0.0,422.0,106.0,107.0,0.0867,0.7583,0.0027,12.245999999999999,0.0829,0.0107,0.0,0.0027,12.245999999999999,0.0829,0.0107,0.0,2.6417,0.0
2021-04-01,12:00,HLHRBSC13,31560.0,CI-1560-3_Choburji Quarters Lahore-Z0 (3G-CI-1908),84.0,CI-1560_Choburji Quarters Lahore-Z0 (3G-CI-1908),LAHORE_CLUSTER_06_Urban,100%,0.0,16.0,0.0,35.0,0.0,54.0,36.0,39.0,0.0,19.0,0.3361,0.0,1710.0,1716.0,1712.0,1716.0,0.0,0.0,54.0,54.0,0.3361,100.0,42.0,42.0,0.0,54.0,16.0,16.0,0.0,0.0425,12.4658,0.0828,0.0053,0.0,0.0,12.4658,0.0828,0.0053,0.0,0.0,0.3361,0.0
2021-04-01,12:00,HLHRBSC13,21560.0,CI-1560-2_Choburji Quarters Lahore-Z0 (3G-CI-1908),83.0,CI-1560_Choburji Quarters Lahore-Z0 (3G-CI-1908),LAHORE_CLUSTER_06_Urban,100%,0.0,40.0,1.0,90.0,0.0,123.0,77.0,79.0,0.0,50.0,2.5097,1.0,16610.0,16642.0,16640.0,16642.0,0.0,0.0,123.0,122.0,2.5097,100.0,76.0,76.0,0.0,122.0,40.0,40.0,0.1014,0.4309,9.9465,0.5588,0.0348,0.0107,0.0,9.9465,0.5588,0.0348,0.0107,0.0,2.5097,1.0
2021-04-01,12:00,HLHRBSC13,17390.0,17390_Main Mazang Bazar (Micro) Lahore-Z0 (3G-CI-4623),76.0,7390_Main Mazang Bazar (Micro) Lahore-Z0 (3G-CI-4623),LAHORE_CLUSTER_06_Urban,100%,0.0,4.0,0.0,7.0,0.0,24.0,5.0,5.0,0.0,3.0,0.2542,0.0,1818.0,1818.0,1818.0,1818.0,0.0,0.0,24.0,24.0,0.2542,100.0,6.0,6.0,0.0,24.0,4.0,4.0,0.0,0.1697,4.6738,0.0428,0.008,0.0,0.0,4.6738,0.0428,0.008,0.0,0.0,0.2542,0.0
2021-04-01,12:00,HLHRBSC13,17465.0,17465_Haji Lal Street (Micro) Lahore-Z0 (3G-CI-1696),75.0,7465_Haji Lal Street (Micro) Lahore-Z0 (3G-CI-1696),LAHORE_CLUSTER_06_Urban,100%,0.0,6.0,0.0,6.0,0.0,16.0,0.0,0.0,0.0,0.0,0.0889,0.0,316.0,316.0,316.0,316.0,0.0,0.0,16.0,16.0,0.0889,100.0,10.0,10.0,0.0,16.0,6.0,6.0,0.0,0.0,4.8936,0.0,0.0,0.0,0.0,4.8936,0.0,0.0,0.0,0.0,0.0889,0.0
2021-04-01,12:00,HLHRBSC13,31649.0,CI-1649-3_Chandani Chowk Sanda Lahore-Z2 (3G-CI-1893),74.0,CI-1649_Chandani Chowk Sanda Lahore-Z2 (3G-CI-1893),LAHORE_CLUSTER_06_Urban,100%,0.0,182.0,1.0,332.0,0.0,945.0,289.0,297.0,0.0,155.0,6.5472,1.0,34540.0,34896.0,34212.0,34896.0,0.0,3.0,945.0,829.0,6.5472,100.0,468.0,490.0,0.0,829.0,179.0,182.0,0.0,0.10400000000000001,15.8241,4.6642,0.0213,0.0,0.0,15.8241,4.6642,0.0213,0.0,0.0,6.5472,1.0
2021-04-01,12:00,HLHRBSC13,21649.0,CI-1649-2_Chandani Chowk Sanda Lahore-Z2 (3G-CI-1893),73.0,CI-1649_Chandani Chowk Sanda Lahore-Z2 (3G-CI-1893),LAHORE_CLUSTER_06_Urban,100%,0.0,144.0,0.0,197.0,0.0,1678.0,113.0,114.0,0.0,54.0,3.4708,0.0,18708.0,18784.0,18306.0,18784.0,0.0,1.0,1678.0,1578.0,3.4708,100.0,1207.0,1224.0,0.0,1578.0,143.0,144.0,0.4856,60.0069,6.0348,0.131,9.1765,0.0668,0.008,6.0348,0.131,9.1765,0.0668,0.008,3.4708,0.0
2021-04-01,12:00,HLHRBSC13,11649.0,CI-1649-1_Chandani Chowk Sanda Lahore-Z2 (3G-CI-1893),72.0,CI-1649_Chandani Chowk Sanda Lahore-Z2 (3G-CI-1893),LAHORE_CLUSTER_06_Urban,100%,0.0,164.0,0.0,262.0,0.0,2400.0,198.0,215.0,0.0,112.0,8.8069,0.0,55882.0,55956.0,54770.0,55956.0,0.0,5.0,2400.0,2072.0,8.8069,100.0,317.0,335.0,0.0,2072.0,159.0,164.0,0.6673,38.782,16.6898,0.2353,10.5377,0.1792,0.0054,16.6898,0.2353,10.5377,0.1792,0.0054,8.8069,0.0
2021-04-01,12:00,HLHRBSC13,33078.0,33078_Mr Usman Sanda Lahore-Z2 (3G-CI-4217),7.0,3078_Mr Usman Sanda Lahore-Z2 (3G-CI-4217),LAHORE_CLUSTER_06_Urban,100%,0.0,145.0,0.0,195.0,0.0,411.0,128.0,132.0,0.0,43.0,2.4111,0.0,11660.0,11924.0,11612.0,11924.0,0.0,0.0,411.0,404.0,2.4111,100.0,302.0,305.0,0.0,404.0,145.0,145.0,0.0283,0.3829,16.9148,1.8232,0.0667,0.0,0.0053,16.9148,1.8232,0.0667,0.0,0.0053,2.4111,0.0
2021-04-01,12:00,HLHRBSC13,37227.0,37227_Chandni Chowk Sanda Lahore-Z2 (3G-CI-4410),65.0,7227_Chandni Chowk Sanda Lahore-Z2 (3G-CI-4410),LAHORE_CLUSTER_06_Urban,100%,0.0,124.0,0.0,184.0,0.0,368.0,120.0,122.0,0.0,60.0,3.9139,0.0,23642.0,23914.0,23882.0,23914.0,1.0,1.0,368.0,364.0,3.9139,100.0,193.0,194.0,1.0,364.0,124.0,124.0,37.8905,63.0792,7.36,0.008,5.0267,3.9198,3.6417,7.36,0.008,5.0267,3.9198,3.6417,3.9139,0.0
2021-04-01,12:00,HLHRBSC13,27227.0,27227_Chandni Chowk Sanda Lahore-Z2 (3G-CI-4410),64.0,7227_Chandni Chowk Sanda Lahore-Z2 (3G-CI-4410),LAHORE_CLUSTER_06_Urban,100%,0.0,34.0,0.0,71.0,0.0,146.0,64.0,67.0,0.0,38.0,2.3861,0.0,16030.0,16146.0,16068.0,16146.0,1.0,1.0,146.0,143.0,2.3861,100.0,86.0,88.0,1.0,143.0,34.0,34.0,0.1102,0.3746,9.1283,2.9445,0.032,0.0107,0.0027,9.1283,2.9445,0.032,0.0107,0.0027,2.3861,0.0
2021-04-01,12:00,HLHRBSC13,17227.0,17227_Chandni Chowk Sanda Lahore-Z2 (3G-CI-4410),63.0,7227_Chandni Chowk Sanda Lahore-Z2 (3G-CI-4410),LAHORE_CLUSTER_06_Urban,100%,0.0,94.0,0.0,153.0,0.0,452.0,116.0,117.0,0.0,60.0,3.075,0.0,18484.0,18610.0,18478.0,18610.0,1.0,1.0,452.0,435.0,3.075,100.0,280.0,287.0,1.0,435.0,94.0,94.0,0.19399999999999998,1.9926,6.9439,7.9171,0.2727,0.0134,0.0161,6.9439,7.9171,0.2727,0.0134,0.0161,3.075,0.0
2021-04-01,12:00,HLHRBSC13,23078.0,23078_Mr Usman Sanda Lahore-Z2 (3G-CI-4217),6.0,3078_Mr Usman Sanda Lahore-Z2 (3G-CI-4217),LAHORE_CLUSTER_06_Urban,100%,0.0,55.0,0.0,89.0,0.0,146.0,67.0,69.0,0.0,35.0,2.2847,0.0,14502.0,15018.0,15018.0,15018.0,0.0,0.0,146.0,144.0,2.2847,100.0,94.0,95.0,0.0,144.0,55.0,55.0,0.0248,0.0991,10.6267,0.1387,0.008,0.0027,0.0,10.6267,0.1387,0.008,0.0027,0.0,2.2847,0.0
2021-04-01,12:00,HLHRBSC13,17391.0,17391_Jallal Ul Din Road (Micro) Lahore-Z0 (3G-CI-4617),56.0,7391_Jallal Ul Din Road (Micro) Lahore-Z0 (3G-CI-4617),LAHORE_CLUSTER_06_Urban,100%,0.0,22.0,0.0,43.0,0.0,96.0,40.0,41.0,0.0,22.0,0.6222,0.0,3398.0,3408.0,3406.0,3408.0,0.0,0.0,96.0,95.0,0.6222,100.0,34.0,35.0,0.0,95.0,22.0,22.0,21.3373,62.5828,0.4599,1.5,2.1604,0.5615,0.5562,0.4599,1.5,2.1604,0.5615,0.5562,0.6222,0.0
2021-04-01,12:00,HLHRBSC13,13078.0,13078_Mr Usman Sanda Lahore-Z2 (3G-CI-4217),5.0,3078_Mr Usman Sanda Lahore-Z2 (3G-CI-4217),LAHORE_CLUSTER_06_Urban,100%,0.0,100.0,3.0,166.0,0.0,928.0,120.0,139.0,0.0,71.0,7.5236,3.0,49318.0,49436.0,47804.0,49436.0,0.0,1.0,928.0,760.0,7.5236,100.0,194.0,202.0,0.0,760.0,99.0,100.0,4.3088,100.0,0.0,0.0,7.928999999999999,0.3194,0.0376,0.0,0.0,7.928999999999999,0.3194,0.0376,7.5236,3.0
2021-04-01,12:00,HLHRBSC13,13048.0,13048_Mazang Lahore-Z2 (3G-CI-4202),46.0,3048_Mazang Lahore-Z2 (3G-CI-4202),LAHORE_CLUSTER_06_Urban,100%,0.0,80.0,1.0,185.0,0.0,959.0,187.0,192.0,0.0,106.0,2.5958,1.0,14526.0,14530.0,14478.0,14530.0,0.0,1.0,959.0,941.0,2.5958,100.0,118.0,122.0,0.0,941.0,79.0,80.0,1.0094,56.3623,1.3192,5.6088,8.7878,0.1362,0.0241,1.3192,5.6088,8.7878,0.1362,0.0241,2.5958,1.0
2021-04-01,12:00,HLHRBSC13,23048.0,23048_Mazang Lahore-Z2 (3G-CI-4202),45.0,3048_Mazang Lahore-Z2 (3G-CI-4202),LAHORE_CLUSTER_06_Urban,100%,0.0,113.0,0.0,214.0,0.0,844.0,188.0,198.0,0.0,104.0,4.1458,0.0,25932.0,26022.0,25404.0,26022.0,5.0,5.0,844.0,823.0,4.1458,100.0,238.0,239.0,5.0,823.0,113.0,113.0,0.4076,2.9394,4.9548,12.853,0.4645,0.0561,0.0187,4.9548,12.853,0.4645,0.0561,0.0187,4.1458,0.0
2021-04-01,12:00,HLHRBSC13,33048.0,33048_Mazang Lahore-Z2 (3G-CI-4202),44.0,3048_Mazang Lahore-Z2 (3G-CI-4202),LAHORE_CLUSTER_06_Urban,100%,0.0,141.0,0.0,279.0,0.0,520.0,277.0,289.0,0.0,142.0,2.5681,0.0,12894.0,13012.0,13012.0,13012.0,1.0,1.0,520.0,506.0,2.5681,100.0,262.0,269.0,1.0,506.0,141.0,141.0,0.0877,0.6137,11.5518,0.5720000000000001,0.0642,0.0107,0.0,11.5518,0.5720000000000001,0.0642,0.0107,0.0,2.5681,0.0
2021-04-01,12:00,HLHRBSC13,11560.0,CI-1560-1_Choburji Quarters Lahore-Z0 (3G-CI-1908),42.0,CI-1560_Choburji Quarters Lahore-Z0 (3G-CI-1908),LAHORE_CLUSTER_06_Urban,100%,0.0,51.0,0.0,77.0,0.0,302.0,47.0,47.0,0.0,26.0,1.8792,0.0,12102.0,12108.0,12108.0,12108.0,0.0,0.0,302.0,292.0,1.8792,100.0,110.0,117.0,0.0,292.0,51.0,51.0,1.0386,3.9864,8.3444,2.2499,0.3253,0.0773,0.0373,8.3444,2.2499,0.3253,0.0773,0.0373,1.8792,0.0
2021-04-01,12:00,HLHRBSC13,33165.0,33165_Taj Chowk Sanda Lahore-Z2 (3G-CI-4814),41.0,3165_Taj Chowk Sanda Lahore-Z2 (3G-CI-4814),LAHORE_CLUSTER_06_Urban,100%,0.0,157.0,0.0,240.0,0.0,560.0,186.0,187.0,0.0,83.0,3.75,0.0,20848.0,20882.0,20822.0,20882.0,0.0,0.0,560.0,538.0,3.75,100.0,376.0,385.0,0.0,538.0,157.0,157.0,0.0,0.1226,8.4096,11.1387,0.024,0.0,0.0,8.4096,11.1387,0.024,0.0,0.0,3.75,0.0
2021-04-01,12:00,HLHRBSC13,37176.0,37176_MAO College Lahore-Z2 (3G-CI-4378),40.0,7176_MAO College Lahore-Z2 (3G-CI-4378),LAHORE_CLUSTER_06_Urban,100%,0.0,53.0,2.0,87.0,0.0,296.0,48.0,50.0,0.0,35.0,1.55,2.0,9316.0,9342.0,8952.0,9342.0,1.0,2.0,296.0,275.0,1.55,100.0,135.0,141.0,1.0,275.0,52.0,53.0,1.0918,12.8788,3.7139,6.7407,1.4144,0.115,0.016,3.7139,6.7407,1.4144,0.115,0.016,1.55,2.0
2021-04-01,12:00,HLHRBSC13,13006.0,13006_PTCL Exch Gulshane Ravi (Gold) Lahore-Z2 (3G-CI-4181),4.0,3006_PTCL Exch Gulshane Ravi (Gold) Lahore-Z2 (3G-CI-4181),LAHORE_CLUSTER_06_Urban,100%,0.0,88.0,0.0,134.0,0.0,237.0,104.0,113.0,0.0,47.0,2.7042,0.0,15310.0,15446.0,15314.0,15446.0,1.0,1.0,237.0,221.0,2.7042,100.0,142.0,151.0,1.0,221.0,88.0,88.0,0.18899999999999997,1.1549,10.3627,2.1893,0.1227,0.016,0.008,10.3627,2.1893,0.1227,0.016,0.008,2.7042,0.0
2021-04-01,12:00,HLHRBSC13,27176.0,27176_MAO College Lahore-Z2 (3G-CI-4378),39.0,7176_MAO College Lahore-Z2 (3G-CI-4378),LAHORE_CLUSTER_06_Urban,100%,0.0,45.0,1.0,95.0,0.0,129.0,91.0,91.0,0.0,50.0,2.0889,1.0,13182.0,13300.0,13300.0,13300.0,0.0,0.0,129.0,129.0,2.0889,100.0,109.0,109.0,0.0,129.0,45.0,45.0,0.1169,1.0052,10.7807,0.5428,0.1016,0.008,0.0054,10.7807,0.5428,0.1016,0.008,0.0054,2.0889,1.0
2021-04-01,12:00,HLHRBSC13,17176.0,17176_MAO College Lahore-Z2 (3G-CI-4378),38.0,7176_MAO College Lahore-Z2 (3G-CI-4378),LAHORE_CLUSTER_06_Urban,100%,0.0,51.0,1.0,89.0,0.0,252.0,67.0,82.0,0.0,39.0,0.6625,1.0,3024.0,3106.0,3056.0,3106.0,0.0,1.0,252.0,242.0,0.6625,100.0,98.0,103.0,0.0,242.0,50.0,51.0,23.5039,23.5039,8.4546,0.0214,0.0,0.9412,1.6631,8.4546,0.0214,0.0,0.9412,1.6631,0.6625,1.0
2021-04-01,12:00,HLHRBSC13,23165.0,23165_Taj Chowk Sanda Lahore-Z2 (3G-CI-4814),37.0,3165_Taj Chowk Sanda Lahore-Z2 (3G-CI-4814),LAHORE_CLUSTER_06_Urban,100%,0.0,132.0,2.0,254.0,0.0,307.0,253.0,256.0,0.0,122.0,3.7681,2.0,21258.0,21294.0,21058.0,21294.0,0.0,0.0,307.0,303.0,3.7681,100.0,234.0,236.0,0.0,303.0,132.0,132.0,0.0995,0.1394,12.8715,0.4772,0.0053,0.008,0.0053,12.8715,0.4772,0.0053,0.008,0.0053,3.7681,2.0
2021-04-01,12:00,HLHRBSC13,31416.0,CI-1416-3_Lytton Road Lahore-Z0 (3G-CI-1805),351.0,CI-1416_Lytton Road Lahore-Z0 (3G-CI-1805),LAHORE_CLUSTER_06_Urban,100%,0.0,51.0,1.0,99.0,0.0,576.0,102.0,107.0,0.0,47.0,0.8958,1.0,4136.0,4348.0,4284.0,4348.0,0.0,0.0,576.0,558.0,0.8958,100.0,98.0,106.0,0.0,558.0,51.0,51.0,0.0,0.5769,7.369,2.2855,0.055999999999999994,0.0,0.0,7.369,2.2855,0.055999999999999994,0.0,0.0,0.8958,1.0
2021-04-01,12:00,HLHRBSC13,21416.0,CI-1416-2_Lytton Road Lahore-Z0 (3G-CI-1805),350.0,CI-1416_Lytton Road Lahore-Z0 (3G-CI-1805),LAHORE_CLUSTER_06_Urban,100%,0.0,135.0,0.0,157.0,0.0,1037.0,43.0,44.0,0.0,23.0,2.8014,0.0,15878.0,15892.0,15846.0,15892.0,0.0,1.0,1037.0,977.0,2.8014,100.0,294.0,303.0,0.0,977.0,134.0,135.0,0.4955,3.0808,0.0,9.411,0.251,0.0294,0.0187,0.0,9.411,0.251,0.0294,0.0187,2.8014,0.0
2021-04-01,12:00,HLHRBSC13,11416.0,CI-1416-1_Lytton Road Lahore-Z0 (3G-CI-1805),349.0,CI-1416_Lytton Road Lahore-Z0 (3G-CI-1805),LAHORE_CLUSTER_06_Urban,100%,0.0,45.0,2.0,68.0,0.0,202.0,40.0,42.0,0.0,24.0,1.4736,2.0,8722.0,8730.0,7560.0,8730.0,0.0,0.0,202.0,151.0,1.4736,100.0,79.0,93.0,0.0,151.0,45.0,45.0,99.7433,100.0,0.0,0.0,0.024,9.3053,0.0213,0.0,0.0,0.024,9.3053,0.0213,1.4736,2.0
2021-04-01,12:00,HLHRBSC13,37283.0,37283_Riwaz Garden Lahore-Z2 (3G-CI-1666),320.0,7283_Riwaz Garden Lahore-Z2 (3G-CI-1666),LAHORE_CLUSTER_06_Urban,100%,0.0,96.0,1.0,202.0,0.0,306.0,212.0,214.0,0.0,108.0,3.4139,1.0,20474.0,20594.0,20546.0,20594.0,0.0,2.0,306.0,302.0,3.4139,100.0,173.0,175.0,0.0,302.0,94.0,96.0,0.0253,0.1395,20.5745,0.4565,0.0241,0.0053,0.0,20.5745,0.4565,0.0241,0.0053,0.0,3.4139,1.0
2021-04-01,12:00,HLHRBSC13,27283.0,27283_Riwaz Garden Lahore-Z2 (3G-CI-1666),319.0,7283_Riwaz Garden Lahore-Z2 (3G-CI-1666),LAHORE_CLUSTER_06_Urban,100%,0.0,93.0,0.0,203.0,0.0,1108.0,216.0,225.0,1.0,112.0,2.5528,0.0,14616.0,14728.0,14574.0,14728.0,6.0,7.0,1108.0,1044.0,2.5528,100.0,172.0,176.0,6.0,1044.0,92.0,93.0,0.1028,0.6684,9.992,0.3396,0.0588,0.0027,0.008,9.992,0.3396,0.0588,0.0027,0.008,2.5528,0.0
2021-04-01,12:00,HLHRBSC13,17283.0,17283_Riwaz Garden Lahore-Z2 (3G-CI-1666),318.0,7283_Riwaz Garden Lahore-Z2 (3G-CI-1666),LAHORE_CLUSTER_06_Urban,100%,0.0,51.0,1.0,130.0,0.0,787.0,120.0,122.0,0.0,79.0,4.1819,1.0,27622.0,27656.0,27598.0,27656.0,3.0,3.0,787.0,769.0,4.1819,100.0,94.0,95.0,3.0,769.0,51.0,51.0,0.7499,5.4553,0.1791,9.5854,0.486,0.0668,0.0107,0.1791,9.5854,0.486,0.0668,0.0107,4.1819,1.0
2021-04-01,12:00,HLHRBSC13,37243.0,37243_Gulshan Ravi Lahore-Z2 (3G-CI-4419),31.0,7243_Gulshan Ravi Lahore-Z2 (3G-CI-4419),LAHORE_CLUSTER_06_Urban,100%,0.0,165.0,2.0,297.0,0.0,524.0,268.0,321.0,0.0,133.0,4.0194,2.0,21312.0,21398.0,20910.0,21398.0,1.0,1.0,524.0,505.0,4.0194,100.0,339.0,340.0,1.0,505.0,165.0,165.0,6.6806,19.0014,6.928,2.416,1.4213,0.5547,0.21600000000000003,6.928,2.416,1.4213,0.5547,0.21600000000000003,4.0194,2.0
2021-04-01,12:00,HLHRBSC13,33166.0,33166_Afzal Road Sandha Kalan Lahore-Z2 (3G-CI-1577),308.0,3166_Afzal Road Sandha Kalan Lahore-Z2 (3G-CI-1577),LAHORE_CLUSTER_06_Urban,100%,0.0,32.0,0.0,87.0,0.0,189.0,98.0,99.0,0.0,55.0,2.5472,0.0,16480.0,16546.0,16520.0,16546.0,0.0,0.0,189.0,187.0,2.5472,100.0,68.0,69.0,0.0,187.0,32.0,32.0,0.0,0.0,11.3583,0.0695,0.0,0.0,0.0,11.3583,0.0695,0.0,0.0,0.0,2.5472,0.0
2021-04-01,12:00,HLHRBSC13,23166.0,23166_Afzal Road Sandha Kalan Lahore-Z2 (3G-CI-1577),307.0,3166_Afzal Road Sandha Kalan Lahore-Z2 (3G-CI-1577),LAHORE_CLUSTER_06_Urban,100%,0.0,35.0,0.0,56.0,0.0,97.0,40.0,41.0,0.0,21.0,1.5444,0.0,9834.0,9884.0,9840.0,9884.0,0.0,0.0,97.0,96.0,1.5444,100.0,65.0,65.0,0.0,96.0,35.0,35.0,0.4501,1.8009,10.3593,0.7189,0.1524,0.0374,0.0134,10.3593,0.7189,0.1524,0.0374,0.0134,1.5444,0.0
2021-04-01,12:00,HLHRBSC13,13166.0,13166_Afzal Road Sandha Kalan Lahore-Z2 (3G-CI-1577),306.0,3166_Afzal Road Sandha Kalan Lahore-Z2 (3G-CI-1577),LAHORE_CLUSTER_06_Urban,100%,0.0,124.0,0.0,169.0,0.0,369.0,82.0,82.0,0.0,40.0,3.2153,0.0,18974.0,19040.0,18630.0,19040.0,3.0,3.0,369.0,352.0,3.2153,100.0,212.0,214.0,3.0,352.0,124.0,124.0,0.0191,0.0763,11.0508,2.9412,0.008,0.0027,0.0,11.0508,2.9412,0.008,0.0027,0.0,3.2153,0.0
2021-04-01,12:00,HLHRBSC13,27243.0,27243_Gulshan Ravi Lahore-Z2 (3G-CI-4419),30.0,7243_Gulshan Ravi Lahore-Z2 (3G-CI-4419),LAHORE_CLUSTER_06_Urban,100%,0.0,152.0,0.0,205.0,0.0,541.0,118.0,121.0,0.0,56.0,3.9792,0.0,22234.0,22276.0,21550.0,22276.0,2.0,3.0,541.0,522.0,3.9792,100.0,317.0,321.0,2.0,522.0,151.0,152.0,89.2651,99.9783,0.0,0.0027,1.3173,10.9764,0.0,0.0,0.0027,1.3173,10.9764,0.0,3.9792,0.0
2021-04-01,12:00,HLHRBSC13,33006.0,33006_PTCL Exch Gulshane Ravi (Gold) Lahore-Z2 (3G-CI-4181),3.0,3006_PTCL Exch Gulshane Ravi (Gold) Lahore-Z2 (3G-CI-4181),LAHORE_CLUSTER_06_Urban,100%,0.0,175.0,3.0,288.0,0.0,618.0,242.0,246.0,0.0,113.0,4.2819,3.0,23314.0,23986.0,23140.0,23986.0,1.0,1.0,618.0,587.0,4.2819,100.0,413.0,419.0,1.0,587.0,175.0,175.0,0.2595,9.8183,6.2674,9.5148,1.6728,0.0347,0.0107,6.2674,9.5148,1.6728,0.0347,0.0107,4.2819,3.0
2021-04-01,12:00,HLHRBSC13,31372.0,CI-1372-3_Muqqadas Park Lahore-Z2 (3G-CI-1027),294.0,CI-1372_Muqqadas Park Lahore-Z2 (3G-CI-1027),LAHORE_CLUSTER_06_Urban,100%,0.0,24.0,0.0,88.0,0.0,82.0,117.0,118.0,0.0,64.0,1.5917,0.0,10016.0,10016.0,10016.0,10016.0,0.0,0.0,82.0,82.0,1.5917,100.0,44.0,44.0,0.0,82.0,24.0,24.0,0.048,0.12,10.9467,0.1493,0.008,0.0,0.0053,10.9467,0.1493,0.008,0.0,0.0053,1.5917,0.0
2021-04-01,12:00,HLHRBSC13,21372.0,CI-1372-2_Muqqadas Park Lahore-Z2 (3G-CI-1027),293.0,CI-1372_Muqqadas Park Lahore-Z2 (3G-CI-1027),LAHORE_CLUSTER_06_Urban,100%,0.0,89.0,0.0,306.0,0.0,330.0,406.0,411.0,0.0,216.0,4.8917,0.0,28980.0,29136.0,29014.0,29136.0,0.0,0.0,330.0,323.0,4.8917,100.0,182.0,185.0,0.0,323.0,89.0,89.0,0.1455,0.9252,18.8601,6.5343,0.1999,0.0293,0.008,18.8601,6.5343,0.1999,0.0293,0.008,4.8917,0.0
2021-04-01,12:00,HLHRBSC13,21557.0,CI-1557-2_Mazang Chowk Lahore-Z0 (3G-CI-1905),254.0,CI-1557_Mazang Chowk Lahore-Z0 (3G-CI-1905),LAHORE_CLUSTER_06_Urban,100%,0.0,11.0,0.0,35.0,0.0,264.0,41.0,41.0,0.0,24.0,0.2681,0.0,1308.0,1312.0,1312.0,1312.0,0.0,0.0,264.0,263.0,0.2681,100.0,27.0,27.0,0.0,263.0,11.0,11.0,0.0,0.0944,5.5893,0.0507,0.0053,0.0,0.0,5.5893,0.0507,0.0053,0.0,0.0,0.2681,0.0
2021-04-01,12:00,HLHRBSC13,31557.0,CI-1557-3_Mazang Chowk Lahore-Z0 (3G-CI-1905),252.0,CI-1557_Mazang Chowk Lahore-Z0 (3G-CI-1905),LAHORE_CLUSTER_06_Urban,100%,0.0,2.0,0.0,3.0,0.0,109.0,2.0,2.0,0.0,1.0,0.0167,0.0,70.0,70.0,70.0,70.0,0.0,0.0,109.0,102.0,0.0167,100.0,4.0,4.0,0.0,102.0,2.0,2.0,0.0,0.4306,4.8877,0.0588,0.0214,0.0,0.0,4.8877,0.0588,0.0214,0.0,0.0,0.0167,0.0
2021-04-01,12:00,HLHRBSC13,11557.0,CI-1557-1_Mazang Chowk Lahore-Z0 (3G-CI-1905),250.0,CI-1557_Mazang Chowk Lahore-Z0 (3G-CI-1905),LAHORE_CLUSTER_06_Urban,100%,0.0,15.0,0.0,44.0,0.0,123.0,54.0,58.0,0.0,31.0,0.3653,0.0,1712.0,1712.0,1712.0,1712.0,0.0,0.0,123.0,123.0,0.3653,100.0,52.0,52.0,0.0,123.0,15.0,15.0,0.0,0.0,4.4866,0.0428,0.0,0.0,0.0,4.4866,0.0428,0.0,0.0,0.0,0.3653,0.0
2021-04-01,12:00,HLHRBSC13,37075.0,37075_Chaburji Lahore-Z0 (3G-CI-4324),25.0,7075_Chaburji Lahore-Z0 (3G-CI-4324),LAHORE_CLUSTER_06_Urban,100%,0.0,58.0,0.0,154.0,0.0,195.0,197.0,197.0,0.0,96.0,1.2889,0.0,6340.0,6376.0,6320.0,6376.0,1.0,1.0,195.0,193.0,1.2889,100.0,92.0,93.0,1.0,193.0,58.0,58.0,0.0,1.091,3.9733,0.8613,0.0533,0.0,0.0,3.9733,0.8613,0.0533,0.0,0.0,1.2889,0.0
2021-04-01,12:00,HLHRBSC13,33132.0,33132_Chauburji Center Lahore-Z2 (3G-CI-4237),249.0,3132_Chauburji Center Lahore-Z2 (3G-CI-4237),LAHORE_CLUSTER_06_Urban,100%,0.0,93.0,0.0,264.0,0.0,346.0,357.0,359.0,0.0,171.0,3.6722,0.0,21162.0,21162.0,21152.0,21162.0,0.0,0.0,346.0,339.0,3.6722,100.0,170.0,174.0,0.0,339.0,93.0,93.0,1.5546,2.572,15.9379,2.4818,0.1923,0.0588,0.2351,15.9379,2.4818,0.1923,0.0588,0.2351,3.6722,0.0
2021-04-01,12:00,HLHRBSC13,23132.0,23132_Chauburji Center Lahore-Z2 (3G-CI-4237),248.0,3132_Chauburji Center Lahore-Z2 (3G-CI-4237),LAHORE_CLUSTER_06_Urban,100%,0.0,87.0,1.0,228.0,0.0,292.0,275.0,277.0,0.0,139.0,3.2472,1.0,19596.0,19616.0,19616.0,19616.0,0.0,0.0,292.0,291.0,3.2472,100.0,191.0,191.0,0.0,291.0,87.0,87.0,0.12,1.511,9.783999999999999,1.168,0.1547,0.0133,0.0,9.783999999999999,1.168,0.1547,0.0133,0.0,3.2472,1.0
2021-04-01,12:00,HLHRBSC13,13132.0,13132_Chauburji Center Lahore-Z2 (3G-CI-4237),247.0,3132_Chauburji Center Lahore-Z2 (3G-CI-4237),LAHORE_CLUSTER_06_Urban,100%,0.0,155.0,0.0,333.0,0.0,512.0,351.0,353.0,0.0,178.0,5.8194,0.0,33942.0,33964.0,33672.0,33964.0,3.0,3.0,512.0,503.0,5.8194,100.0,275.0,275.0,3.0,503.0,155.0,155.0,0.3016,2.1585,10.1543,7.194,0.3293,0.0535,0.0,10.1543,7.194,0.3293,0.0535,0.0,5.8194,0.0
2021-04-01,12:00,HLHRBSC13,27075.0,27075_Chaburji Lahore-Z0 (3G-CI-4324),24.0,7075_Chaburji Lahore-Z0 (3G-CI-4324),LAHORE_CLUSTER_06_Urban,100%,0.0,71.0,0.0,101.0,0.0,715.0,50.0,53.0,0.0,31.0,1.6125,0.0,9404.0,9442.0,9436.0,9442.0,0.0,0.0,715.0,670.0,1.6125,100.0,117.0,119.0,0.0,670.0,71.0,71.0,0.9656,94.0601,0.0,0.5427,8.506,0.0856,0.0027,0.0,0.5427,8.506,0.0856,0.0027,1.6125,0.0
2021-04-01,12:00,HLHRBSC13,17075.0,17075_Chaburji Lahore-Z0 (3G-CI-4324),23.0,7075_Chaburji Lahore-Z0 (3G-CI-4324),LAHORE_CLUSTER_06_Urban,100%,0.0,42.0,0.0,67.0,0.0,141.0,43.0,44.0,0.0,25.0,1.5514,0.0,9878.0,9878.0,9862.0,9878.0,1.0,1.0,141.0,138.0,1.5514,100.0,87.0,90.0,1.0,138.0,42.0,42.0,2.1918,7.6665,0.0,10.4201,0.6178,0.1649,0.0825,0.0,10.4201,0.6178,0.1649,0.0825,1.5514,0.0
2021-04-01,12:00,HLHRBSC13,37035.0,37035_Krishan Nagar Lahore-Z2 (3G-CI-4304),22.0,7035_Krishan Nagar Lahore-Z2 (3G-CI-4304),LAHORE_CLUSTER_06_Urban,100%,0.0,101.0,2.0,197.0,0.0,275.0,185.0,192.0,0.0,96.0,2.0569,2.0,10330.0,10538.0,10524.0,10538.0,0.0,0.0,275.0,274.0,2.0569,100.0,195.0,195.0,0.0,274.0,101.0,101.0,0.026000000000000002,0.7284,19.2094,1.1951,0.1444,0.0054,0.0,19.2094,1.1951,0.1444,0.0054,0.0,2.0569,2.0
2021-04-01,12:00,HLHRBSC13,27035.0,27035_Krishan Nagar Lahore-Z2 (3G-CI-4304),21.0,7035_Krishan Nagar Lahore-Z2 (3G-CI-4304),LAHORE_CLUSTER_06_Urban,100%,0.0,219.0,0.0,313.0,0.0,1123.0,196.0,199.0,0.0,94.0,4.5,0.0,24280.0,24318.0,24200.0,24318.0,8.0,8.0,1123.0,1094.0,4.5,100.0,565.0,565.0,8.0,1094.0,219.0,219.0,0.174,0.9781,16.1775,3.6212,0.1608,0.0188,0.016,16.1775,3.6212,0.1608,0.0188,0.016,4.5,0.0
2021-04-01,12:00,HLHRBSC13,17035.0,17035_Krishan Nagar Lahore-Z2 (3G-CI-4304),20.0,7035_Krishan Nagar Lahore-Z2 (3G-CI-4304),LAHORE_CLUSTER_06_Urban,100%,0.0,98.0,0.0,197.0,0.0,494.0,202.0,207.0,0.0,101.0,2.3018,0.0,11842.0,12076.0,11944.0,12076.0,0.0,1.0,494.0,445.0,2.3018,100.0,170.0,173.0,0.0,445.0,97.0,98.0,1.8218,11.699000000000002,9.1413,1.6139,1.2031,0.1711,0.0508,9.1413,1.6139,1.2031,0.1711,0.0508,2.3018,0.0
2021-04-01,12:00,HLHRBSC13,23006.0,23006_PTCL Exch Gulshane Ravi (Gold) Lahore-Z2 (3G-CI-4181),2.0,3006_PTCL Exch Gulshane Ravi (Gold) Lahore-Z2 (3G-CI-4181),LAHORE_CLUSTER_06_Urban,100%,0.0,163.0,1.0,286.0,0.0,510.0,202.0,202.0,0.0,123.0,5.7486,1.0,35274.0,35298.0,35184.0,35298.0,2.0,2.0,510.0,495.0,5.7486,100.0,347.0,352.0,2.0,495.0,163.0,163.0,0.4572,1.7556,12.0722,2.2914,0.1898,0.0455,0.0214,12.0722,2.2914,0.1898,0.0455,0.0214,5.7486,1.0
2021-04-01,12:00,HLHRBSC13,11372.0,CI-1372-1_Muqqadas Park Lahore-Z2 (3G-CI-1027),189.0,CI-1372_Muqqadas Park Lahore-Z2 (3G-CI-1027),LAHORE_CLUSTER_06_Urban,100%,0.0,16.0,0.0,73.0,0.0,75.0,107.0,110.0,0.0,57.0,1.075,0.0,6712.0,6714.0,6704.0,6714.0,0.0,0.0,75.0,64.0,1.075,100.0,29.0,33.0,0.0,64.0,16.0,16.0,0.025,0.3002,8.0668,2.5818,0.0294,0.0,0.0027,8.0668,2.5818,0.0294,0.0,0.0027,1.075,0.0
2021-04-01,12:00,HLHRBSC13,27257.0,27257_Ali Street Ittefaq Colony Lahore-Z2 (3G-CI-4428),18.0,7257_Ali Street Ittefaq Colony Lahore-Z2 (3G-CI-4428),LAHORE_CLUSTER_06_Urban,100%,0.0,71.0,2.0,97.0,0.0,265.0,42.0,42.0,0.0,26.0,3.8722,2.0,25616.0,25646.0,24708.0,25646.0,0.0,0.0,265.0,242.0,3.8722,100.0,144.0,155.0,0.0,242.0,71.0,71.0,100.0,100.0,0.0,0.0,0.0,8.9439,0.0,0.0,0.0,0.0,8.9439,0.0,3.8722,2.0
2021-04-01,12:00,HLHRBSC13,31650.0,CI-1650-3_Liaqatabad Sandha Road Lahore-Z2 (3G-CI-1894),166.0,CI-1650_Liaqatabad Sandha Road Lahore-Z2 (3G-CI-1894),LAHORE_CLUSTER_06_Urban,100%,0.0,209.0,7.0,288.0,0.0,2421.0,164.0,174.0,0.0,81.0,3.8569,7.0,20818.0,20824.0,20550.0,20824.0,0.0,0.0,2421.0,2040.0,3.8569,100.0,339.0,356.0,0.0,2040.0,209.0,209.0,13.1058,13.1565,10.7808,7.507999999999999,0.0107,2.7573,0.0027,10.7808,7.507999999999999,0.0107,2.7573,0.0027,3.8569,7.0
2021-04-01,12:00,HLHRBSC13,21650.0,CI-1650-2_Liaqatabad Sandha Road Lahore-Z2 (3G-CI-1894),162.0,CI-1650_Liaqatabad Sandha Road Lahore-Z2 (3G-CI-1894),LAHORE_CLUSTER_06_Urban,100%,0.0,108.0,0.0,187.0,0.0,585.0,167.0,170.0,0.0,80.0,2.1597,0.0,11182.0,11194.0,11086.0,11194.0,0.0,1.0,585.0,519.0,2.1597,100.0,242.0,257.0,0.0,519.0,107.0,108.0,0.2928,1.9639,0.3583,14.8583,0.2594,0.0374,0.008,0.3583,14.8583,0.2594,0.0374,0.008,2.1597,0.0
2021-04-01,12:00,HLHRBSC13,11650.0,CI-1650-1_Liaqatabad Sandha Road Lahore-Z2 (3G-CI-1894),161.0,CI-1650_Liaqatabad Sandha Road Lahore-Z2 (3G-CI-1894),LAHORE_CLUSTER_06_Urban,100%,0.0,257.0,1.0,358.0,0.0,4261.0,231.0,258.0,0.0,106.0,5.7194,1.0,30466.0,30708.0,29686.0,30708.0,0.0,4.0,4261.0,3544.0,5.7194,100.0,485.0,524.0,0.0,3544.0,253.0,257.0,44.4181,60.711999999999996,0.0,5.7231,2.3736,6.4598,0.0107,0.0,5.7231,2.3736,6.4598,0.0107,5.7194,1.0
2021-04-01,12:00,HLHRBSC13,31651.0,CI-1651-3_Badardin Road Mozang Lahore-Z2 (3G-CI-1895),157.0,CI-1651_Badardin Road Mozang Lahore-Z2 (3G-CI-1895),LAHORE_CLUSTER_06_Urban,100%,0.0,69.0,3.0,106.0,0.0,338.0,74.0,81.0,0.0,35.0,1.9583,3.0,10058.0,10262.0,9916.0,10262.0,0.0,0.0,338.0,318.0,1.9583,100.0,125.0,132.0,0.0,318.0,69.0,69.0,0.0265,16.724,7.9439,0.4572,1.6845,0.0027,0.0,7.9439,0.4572,1.6845,0.0027,0.0,1.9583,3.0
2021-04-01,12:00,HLHRBSC13,21651.0,CI-1651-2_Badardin Road Mozang Lahore-Z2 (3G-CI-1895),156.0,CI-1651_Badardin Road Mozang Lahore-Z2 (3G-CI-1895),LAHORE_CLUSTER_06_Urban,100%,0.0,118.0,2.0,192.0,0.0,1193.0,137.0,146.0,0.0,75.0,3.6042,2.0,21434.0,21508.0,21342.0,21508.0,0.0,0.0,1193.0,1133.0,3.6042,100.0,215.0,227.0,0.0,1133.0,118.0,118.0,3.7843,7.5685,0.0,9.2086,0.377,0.377,0.0,0.0,9.2086,0.377,0.377,0.0,3.6042,2.0
2021-04-01,12:00,HLHRBSC13,11651.0,CI-1651-1_Badardin Road Mozang Lahore-Z2 (3G-CI-1895),155.0,CI-1651_Badardin Road Mozang Lahore-Z2 (3G-CI-1895),LAHORE_CLUSTER_06_Urban,100%,0.0,206.0,0.0,295.0,0.0,2145.0,187.0,198.0,0.0,90.0,4.8583,0.0,26760.0,26794.0,26378.0,26794.0,0.0,0.0,2145.0,1992.0,4.8583,100.0,458.0,472.0,0.0,1992.0,206.0,206.0,14.9829,65.9931,4.5333,0.7627,7.944,2.3280000000000003,0.0053,4.5333,0.7627,7.944,2.3280000000000003,0.0053,4.8583,0.0
2021-04-01,12:00,HLHRBSC13,31657.0,CI-1657-3_Sham Nagar Lahore-Z2 (3G-CI-1901),139.0,CI-1657_Sham Nagar Lahore-Z2 (3G-CI-1901),LAHORE_CLUSTER_06_Urban,100%,0.0,91.0,0.0,137.0,0.0,363.0,92.0,92.0,0.0,46.0,3.5903,0.0,22810.0,22906.0,22888.0,22906.0,0.0,0.0,363.0,358.0,3.5903,100.0,193.0,195.0,0.0,358.0,91.0,91.0,0.0,0.0451,17.6879,0.0829,0.008,0.0,0.0,17.6879,0.0829,0.008,0.0,0.0,3.5903,0.0
2021-04-01,12:00,HLHRBSC13,33049.0,33049_Chowk Chuburjee Lahore-Z2 (3G-CI-4203),13.0,3049_Chowk Chuburjee Lahore-Z2 (3G-CI-4203),LAHORE_CLUSTER_06_Urban,100%,0.0,83.0,1.0,151.0,0.0,213.0,130.0,130.0,0.0,68.0,2.4042,1.0,13638.0,13666.0,13666.0,13666.0,1.0,1.0,213.0,207.0,2.4042,100.0,146.0,149.0,1.0,207.0,83.0,83.0,0.0,0.5648,12.9159,1.2057,0.0802,0.0,0.0,12.9159,1.2057,0.0802,0.0,0.0,2.4042,1.0
2021-04-01,12:00,HLHRBSC13,21657.0,CI-1657-2_Sham Nagar Lahore-Z2 (3G-CI-1901),129.0,CI-1657_Sham Nagar Lahore-Z2 (3G-CI-1901),LAHORE_CLUSTER_06_Urban,100%,0.0,81.0,0.0,191.0,0.0,304.0,221.0,228.0,0.0,115.0,3.6389,0.0,22374.0,22458.0,22442.0,22458.0,0.0,0.0,304.0,299.0,3.6389,100.0,172.0,173.0,0.0,299.0,81.0,81.0,0.0,0.29,10.8636,0.1711,0.0321,0.0,0.0,10.8636,0.1711,0.0321,0.0,0.0,3.6389,0.0
2021-04-01,12:00,HLHRBSC13,17389.0,17389_Fateh Sher Road (Micro) Lahore-Z0 (3G-CI-1686),120.0,7389_Fateh Sher Road (Micro) Lahore-Z0 (3G-CI-1686),LAHORE_CLUSTER_06_Urban,100%,0.0,9.0,0.0,14.0,0.0,19.0,9.0,9.0,0.0,5.0,0.3639,0.0,2368.0,2368.0,2368.0,2368.0,0.0,0.0,19.0,19.0,0.3639,100.0,14.0,14.0,0.0,19.0,9.0,9.0,0.0,0.0,4.5665,0.0372,0.0,0.0,0.0,4.5665,0.0372,0.0,0.0,0.0,0.3639,0.0
2021-04-01,12:00,HLHRBSC13,23049.0,23049_Chowk Chuburjee Lahore-Z2 (3G-CI-4203),12.0,3049_Chowk Chuburjee Lahore-Z2 (3G-CI-4203),LAHORE_CLUSTER_06_Urban,100%,0.0,36.0,0.0,68.0,0.0,205.0,56.0,56.0,0.0,32.0,1.4389,0.0,8990.0,9006.0,9004.0,9006.0,0.0,0.0,205.0,204.0,1.4389,100.0,123.0,124.0,0.0,204.0,36.0,36.0,0.1276,1.339,10.3078,2.0804,0.1521,0.0134,0.0027,10.3078,2.0804,0.1521,0.0134,0.0027,1.4389,0.0
2021-04-01,12:00,HLHRBSC13,13049.0,13049_Chowk Chuburjee Lahore-Z2 (3G-CI-4203),11.0,3049_Chowk Chuburjee Lahore-Z2 (3G-CI-4203),LAHORE_CLUSTER_06_Urban,100%,0.0,41.0,0.0,96.0,0.0,164.0,89.0,90.0,0.0,55.0,2.6431,0.0,17606.0,17624.0,17568.0,17624.0,0.0,0.0,164.0,149.0,2.6431,100.0,101.0,108.0,0.0,149.0,41.0,41.0,0.14300000000000002,1.5338,3.9760000000000004,8.8903,0.1817,0.016,0.0027,3.9760000000000004,8.8903,0.1817,0.016,0.0027,2.6431,0.0
2021-04-01,12:00,HLHRBSC13,13165.0,13165_Taj Chowk Sanda Lahore-Z2 (3G-CI-4814),0.0,3165_Taj Chowk Sanda Lahore-Z2 (3G-CI-4814),LAHORE_CLUSTER_06_Urban,100%,0.0,59.0,0.0,192.0,0.0,266.0,215.0,220.0,0.0,134.0,4.5167,0.0,29034.0,29076.0,28886.0,29076.0,0.0,0.0,266.0,240.0,4.5167,100.0,127.0,138.0,0.0,240.0,59.0,59.0,0.0496,22.2075,5.632999999999999,11.1066,4.768,0.0107,0.0,5.632999999999999,11.1066,4.768,0.0107,0.0,4.5167,0.0
2021-04-01,12:00,HLHRBSC14,17002.0,17002_Ghulam Muhammad Plaza (Gold) Lahore-Z0 (3G-CI-4046),99.0,7002_Ghulam Muhammad Plaza (Gold) Lahore-Z0 (3G-CI-4046),LAHORE_CLUSTER_06_Urban,100%,0.0,171.0,5.0,349.0,0.0,1044.0,282.0,324.0,0.0,193.0,4.4125,5.0,21782.0,21790.0,21148.0,21790.0,2.0,5.0,1044.0,945.0,4.4125,100.0,738.0,761.0,2.0,945.0,168.0,171.0,63.0545,63.2051,5.4239999999999995,0.4427,0.024,6.0,4.0536,5.4239999999999995,0.4427,0.024,6.0,4.0536,4.4125,5.0
2021-04-01,12:00,HLHRBSC14,37290.0,37290_Al Habib Park Lahore-Z1 (3G-CI-4444),92.0,7290_Al Habib Park Lahore-Z1 (3G-CI-4444),LAHORE_CLUSTER_06_Urban,100%,0.0,116.0,1.0,184.0,0.0,808.0,116.0,120.0,0.0,70.0,3.3806,1.0,18996.0,19088.0,18622.0,19088.0,0.0,1.0,808.0,645.0,3.3806,100.0,197.0,207.0,0.0,645.0,115.0,116.0,0.1888,99.8921,0.0,0.0107,9.8587,0.0107,0.008,0.0,0.0107,9.8587,0.0107,0.008,3.3806,1.0
2021-04-01,12:00,HLHRBSC14,27290.0,27290_Al Habib Park Lahore-Z1 (3G-CI-4444),91.0,7290_Al Habib Park Lahore-Z1 (3G-CI-4444),LAHORE_CLUSTER_06_Urban,100%,0.0,160.0,2.0,228.0,0.0,566.0,151.0,156.0,0.0,72.0,3.1667,2.0,15850.0,15868.0,15192.0,15868.0,0.0,3.0,566.0,508.0,3.1667,100.0,330.0,342.0,0.0,508.0,157.0,160.0,36.8469,37.1952,8.9333,0.2027,0.0507,0.0027,5.3573,8.9333,0.2027,0.0507,0.0027,5.3573,3.1667,2.0
2021-04-01,12:00,HLHRBSC14,17290.0,17290_Al Habib Park Lahore-Z1 (3G-CI-4444),90.0,7290_Al Habib Park Lahore-Z1 (3G-CI-4444),LAHORE_CLUSTER_06_Urban,100%,0.0,256.0,0.0,316.0,0.0,1183.0,153.0,157.0,0.0,62.0,5.6236,0.0,28382.0,29462.0,28848.0,29462.0,1.0,4.0,1183.0,875.0,5.6236,100.0,562.0,596.0,1.0,875.0,253.0,256.0,0.8024,20.6127,11.696,8.352,5.0028,0.1546,0.048,11.696,8.352,5.0028,0.1546,0.048,5.6236,0.0
2021-04-01,12:00,HLHRBSC14,17518.0,17518_Sadiq Plaza Mall Road (Micro) Lahore-Z0,61.0,7518_Sadiq Plaza Mall Road (Micro) Lahore-Z0,LAHORE_CLUSTER_06_Urban,100%,0.0,28.0,0.0,40.0,0.0,267.0,27.0,27.0,0.0,12.0,0.5264,0.0,2814.0,2814.0,2814.0,2814.0,0.0,0.0,267.0,267.0,0.5264,100.0,103.0,103.0,0.0,267.0,28.0,28.0,0.0,0.0,5.3743,0.0,0.0,0.0,0.0,5.3743,0.0,0.0,0.0,0.0,0.5264,0.0
2021-04-01,12:00,HLHRBSC14,17452.0,17452_Sadiq Plaza Mall Road (Micro) Lahore-Z0,60.0,7452_Sadiq Plaza Mall Road (Micro) Lahore-Z0,LAHORE_CLUSTER_06_Urban,100%,0.0,23.0,0.0,40.0,0.0,285.0,34.0,34.0,0.0,17.0,0.7764,0.0,4900.0,4900.0,4900.0,4900.0,0.0,0.0,285.0,285.0,0.7764,100.0,34.0,35.0,0.0,285.0,23.0,23.0,0.0,0.0,4.1364,0.0,0.0,0.0,0.0,4.1364,0.0,0.0,0.0,0.0,0.7764,0.0
2021-04-01,12:00,HLHRBSC14,17447.0,17447_Panorama Center (Micro) Lahore-Z0 (3G-CI-4560),6.0,7447_Panorama Center (Micro) Lahore-Z0 (3G-CI-4560),LAHORE_CLUSTER_06_Urban,100%,0.0,34.0,0.0,36.0,0.0,143.0,5.0,5.0,0.0,2.0,1.3375,0.0,7600.0,7600.0,7594.0,7600.0,0.0,0.0,143.0,143.0,1.3375,100.0,59.0,59.0,0.0,143.0,34.0,34.0,0.0,0.0,3.5695,0.0,0.0,0.0,0.0,3.5695,0.0,0.0,0.0,0.0,1.3375,0.0
2021-04-01,12:00,HLHRBSC14,11520.0,CI-1520-1_Wapda House (Micro) Lahore-Z0,58.0,CI-1520_Wapda House (Micro) Lahore-Z0,LAHORE_CLUSTER_06_Urban,100%,0.0,36.0,1.0,63.0,0.0,320.0,48.0,48.0,0.0,27.0,1.3083,1.0,8118.0,8118.0,8118.0,8118.0,0.0,0.0,320.0,320.0,1.3083,100.0,50.0,50.0,0.0,320.0,36.0,36.0,0.0,0.0,4.3607,0.0053,0.0,0.0,0.0,4.3607,0.0053,0.0,0.0,0.0,1.3083,1.0
2021-04-01,12:00,HLHRBSC14,33000.0,33000_MSC Mcleod Road Lahore-Z1 (3G-CI-4000),54.0,3000_MSC Mcleod Road Lahore-Z1 (3G-CI-4000),LAHORE_CLUSTER_06_Urban,100%,0.0,228.0,0.0,385.0,0.0,1023.0,325.0,326.0,0.0,157.0,5.0778,0.0,28518.0,28540.0,28174.0,28540.0,16.0,16.0,1023.0,918.0,5.0778,100.0,406.0,418.0,16.0,918.0,228.0,228.0,2.334,12.2961,3.9297,10.4832,1.6371,0.2552,0.1284,3.9297,10.4832,1.6371,0.2552,0.1284,5.0778,0.0
2021-04-01,12:00,HLHRBSC14,23000.0,23000_MSC Mcleod Road Lahore-Z1 (3G-CI-4000),53.0,3000_MSC Mcleod Road Lahore-Z1 (3G-CI-4000),LAHORE_CLUSTER_06_Urban,100%,0.0,348.0,4.0,541.0,0.0,1499.0,345.0,374.0,0.0,199.0,6.8292,4.0,33152.0,33176.0,32272.0,33176.0,27.0,30.0,1499.0,1280.0,6.8292,100.0,594.0,616.0,27.0,1280.0,345.0,348.0,0.5146,3.5036,0.0055,6.712000000000001,0.2081,0.0304,0.0054,0.0055,6.712000000000001,0.2081,0.0304,0.0054,6.8292,4.0
2021-04-01,12:00,HLHRBSC14,13000.0,13000_MSC Mcleod Road Lahore-Z1 (3G-CI-4000),52.0,3000_MSC Mcleod Road Lahore-Z1 (3G-CI-4000),LAHORE_CLUSTER_06_Urban,100%,0.0,245.0,1.0,436.0,0.0,944.0,405.0,426.0,0.0,193.0,5.0375,1.0,26820.0,26916.0,26680.0,26916.0,24.0,24.0,944.0,803.0,5.0375,100.0,425.0,440.0,24.0,803.0,245.0,245.0,13.4767,14.1919,14.5882,0.4893,0.1257,0.17600000000000002,2.1919999999999997,14.5882,0.4893,0.1257,0.17600000000000002,2.1919999999999997,5.0375,1.0
2021-04-01,12:00,HLHRBSC14,17517.0,17517_Omar Plaza (Micro) Lahore-Z0 (3G-CI-1710),48.0,7517_Omar Plaza (Micro) Lahore-Z0 (3G-CI-1710),LAHORE_CLUSTER_06_Urban,100%,0.0,52.0,0.0,68.0,0.0,167.0,34.0,34.0,0.0,16.0,0.7764,0.0,3470.0,3470.0,3424.0,3470.0,0.0,0.0,167.0,166.0,0.7764,100.0,94.0,94.0,0.0,166.0,52.0,52.0,46.7327,50.3629,1.7867,0.2187,0.1467,0.032,1.8559999999999999,1.7867,0.2187,0.1467,0.032,1.8559999999999999,0.7764,0.0
2021-04-01,12:00,HLHRBSC14,17448.0,17448_Anarkali (Micro) Lahore-Z0 (3G-CI-1693),45.0,7448_Anarkali (Micro) Lahore-Z0 (3G-CI-1693),LAHORE_CLUSTER_06_Urban,100%,0.0,23.0,0.0,43.0,0.0,68.0,33.0,33.0,0.0,20.0,0.6278,0.0,3514.0,3520.0,3518.0,3520.0,0.0,0.0,68.0,68.0,0.6278,100.0,38.0,38.0,0.0,68.0,23.0,23.0,0.1253,0.2504,4.176,0.0747,0.0053,0.0027,0.0027,4.176,0.0747,0.0053,0.0027,0.0027,0.6278,0.0
2021-04-01,12:00,HLHRBSC14,17511.0,17511_Food Street (Micro) Lahore-Z0 (3G-CI-1706),42.0,7511_Food Street (Micro) Lahore-Z0 (3G-CI-1706),LAHORE_CLUSTER_06_Urban,100%,0.0,44.0,0.0,91.0,0.0,144.0,89.0,89.0,0.0,47.0,1.2111,0.0,6604.0,6612.0,6612.0,6612.0,0.0,0.0,144.0,144.0,1.2111,100.0,87.0,87.0,0.0,144.0,44.0,44.0,0.0,0.0506,10.5173,0.0373,0.0053,0.0,0.0,10.5173,0.0373,0.0053,0.0,0.0,1.2111,0.0
2021-04-01,12:00,HLHRBSC14,17516.0,17516_Hall Road (Micro) Lahore-Z0 (3G-CI-1709),41.0,7516_Hall Road (Micro) Lahore-Z0 (3G-CI-1709),LAHORE_CLUSTER_06_Urban,100%,0.0,83.0,0.0,94.0,0.0,338.0,19.0,20.0,0.0,13.0,1.5625,0.0,8088.0,8088.0,7824.0,8088.0,1.0,3.0,338.0,266.0,1.5625,100.0,126.0,138.0,1.0,266.0,81.0,83.0,74.4346,100.0,0.0,0.0,2.864,8.3387,0.0,0.0,0.0,2.864,8.3387,0.0,1.5625,0.0
2021-04-01,12:00,HLHRBSC14,27067.0,27067_Anarkali Lahore-Z0 (3G-CI-4059),4.0,7067_Anarkali Lahore-Z0 (3G-CI-4059),LAHORE_CLUSTER_06_Urban,100%,0.0,184.0,0.0,338.0,0.0,1003.0,274.0,281.0,0.0,157.0,5.5458,0.0,28880.0,29116.0,28772.0,29116.0,21.0,23.0,1003.0,907.0,5.5458,100.0,382.0,389.0,21.0,907.0,182.0,184.0,1.709,7.7035,0.12,9.816,0.6453,0.1333,0.0507,0.12,9.816,0.6453,0.1333,0.0507,5.5458,0.0
2021-04-01,12:00,HLHRBSC14,37289.0,37289_Abdali Chowk (Gold) Lahore-Z0 (3G-CI-4443),322.0,7289_Abdali Chowk (Gold) Lahore-Z0 (3G-CI-4443),LAHORE_CLUSTER_06_Urban,100%,0.0,161.0,0.0,221.0,0.0,1817.0,117.0,129.0,0.0,60.0,5.4472,0.0,33262.0,33562.0,33418.0,33562.0,0.0,0.0,1817.0,1742.0,5.4472,100.0,330.0,330.0,0.0,1742.0,161.0,161.0,0.0991,1.3736,8.976,9.647,0.2406,0.0134,0.0054,8.976,9.647,0.2406,0.0134,0.0054,5.4472,0.0
2021-04-01,12:00,HLHRBSC14,27289.0,27289_Abdali Chowk (Gold) Lahore-Z0 (3G-CI-4443),321.0,7289_Abdali Chowk (Gold) Lahore-Z0 (3G-CI-4443),LAHORE_CLUSTER_06_Urban,100%,0.0,149.0,0.0,201.0,0.0,487.0,131.0,143.0,0.0,59.0,3.4611,0.0,18900.0,18930.0,18056.0,18930.0,9.0,12.0,487.0,453.0,3.4611,100.0,229.0,230.0,9.0,453.0,146.0,149.0,42.6057,42.6302,0.0,6.2587,0.0027,4.648,0.0,0.0,6.2587,0.0027,4.648,0.0,3.4611,0.0
2021-04-01,12:00,HLHRBSC14,17289.0,17289_Abdali Chowk (Gold) Lahore-Z0 (3G-CI-4443),320.0,7289_Abdali Chowk (Gold) Lahore-Z0 (3G-CI-4443),LAHORE_CLUSTER_06_Urban,100%,0.0,80.0,0.0,126.0,0.0,701.0,90.0,91.0,0.0,46.0,3.6278,0.0,23208.0,23224.0,23164.0,23224.0,0.0,0.0,701.0,675.0,3.6278,100.0,146.0,146.0,0.0,675.0,80.0,80.0,23.7174,68.8385,5.2754,0.0187,7.6658,0.0294,4.0,5.2754,0.0187,7.6658,0.0294,4.0,3.6278,0.0
2021-04-01,12:00,HLHRBSC14,37990.0,37990_Taj Company Chowk Lahore-Z1 (3G-CI-1771),319.0,7990_Taj Company Chowk Lahore-Z1 (3G-CI-1771),LAHORE_CLUSTER_06_Urban,100%,0.0,56.0,0.0,180.0,0.0,275.0,249.0,251.0,0.0,124.0,1.7931,0.0,10188.0,10374.0,10366.0,10374.0,0.0,0.0,275.0,249.0,1.7931,100.0,81.0,81.0,0.0,249.0,56.0,56.0,0.3375,1.5186,0.048,4.6213,0.055999999999999994,0.008,0.008,0.048,4.6213,0.055999999999999994,0.008,0.008,1.7931,0.0
2021-04-01,12:00,HLHRBSC14,27990.0,27990_Taj Company Chowk Lahore-Z1 (3G-CI-1771),318.0,7990_Taj Company Chowk Lahore-Z1 (3G-CI-1771),LAHORE_CLUSTER_06_Urban,100%,0.0,82.0,0.0,111.0,0.0,491.0,59.0,64.0,0.0,29.0,3.3306,0.0,21368.0,21470.0,21228.0,21470.0,0.0,0.0,491.0,432.0,3.3306,100.0,171.0,179.0,0.0,432.0,82.0,82.0,0.2266,37.4111,0.0,5.1711,3.0722,0.0187,0.0,0.0,5.1711,3.0722,0.0187,0.0,3.3306,0.0
2021-04-01,12:00,HLHRBSC14,33098.0,33098_Jalandar Moti Choor Lahore-Z1 (3G-CI-4032),316.0,3098_Jalandar Moti Choor Lahore-Z1 (3G-CI-4032),LAHORE_CLUSTER_06_Urban,100%,0.0,66.0,0.0,94.0,0.0,368.0,62.0,62.0,0.0,29.0,0.8889,0.0,4364.0,4370.0,4368.0,4370.0,6.0,7.0,368.0,342.0,0.8889,100.0,156.0,160.0,6.0,342.0,65.0,66.0,0.9604,1.6463,0.1755,3.6383,0.0266,0.0266,0.0106,0.1755,3.6383,0.0266,0.0266,0.0106,0.8889,0.0
2021-04-01,12:00,HLHRBSC14,23098.0,23098_Jalandar Moti Choor Lahore-Z1 (3G-CI-4032),315.0,3098_Jalandar Moti Choor Lahore-Z1 (3G-CI-4032),LAHORE_CLUSTER_06_Urban,100%,0.0,31.0,0.0,72.0,0.0,891.0,77.0,80.0,0.0,42.0,1.7208,0.0,11016.0,11106.0,11054.0,11106.0,5.0,5.0,891.0,849.0,1.7208,100.0,241.0,248.0,5.0,849.0,31.0,31.0,2.1157,40.9416,0.0,5.2853,3.4747,0.1147,0.0747,0.0,5.2853,3.4747,0.1147,0.0747,1.7208,0.0
2021-04-01,12:00,HLHRBSC14,13098.0,13098_Jalandar Moti Choor Lahore-Z1 (3G-CI-4032),314.0,3098_Jalandar Moti Choor Lahore-Z1 (3G-CI-4032),LAHORE_CLUSTER_06_Urban,100%,0.0,302.0,0.0,415.0,0.0,1352.0,253.0,269.0,0.0,114.0,5.8042,0.0,30768.0,30848.0,30630.0,30848.0,5.0,6.0,1352.0,1205.0,5.8042,100.0,484.0,507.0,5.0,1205.0,301.0,302.0,0.0,9.3417,2.7099,11.5793,1.4724,0.0,0.0,2.7099,11.5793,1.4724,0.0,0.0,5.8042,0.0
2021-04-01,12:00,HLHRBSC14,13032.0,13032_Gold Bazar Krishn (Gold) Lahore-Z2 (3G-CI-4011),313.0,3032_Gold Bazar Krishn (Gold) Lahore-Z2 (3G-CI-4011),LAHORE_CLUSTER_06_Urban,100%,0.0,152.0,4.0,219.0,0.0,757.0,143.0,146.0,0.0,68.0,4.1375,4.0,24128.0,24162.0,24084.0,24162.0,9.0,9.0,757.0,713.0,4.1375,100.0,255.0,261.0,9.0,713.0,152.0,152.0,42.4755,42.648,7.736000000000001,0.2427,0.024,5.9091,0.0,7.736000000000001,0.2427,0.024,5.9091,0.0,4.1375,4.0
2021-04-01,12:00,HLHRBSC14,23032.0,23032_Gold Bazar Krishn (Gold) Lahore-Z2 (3G-CI-4011),312.0,3032_Gold Bazar Krishn (Gold) Lahore-Z2 (3G-CI-4011),LAHORE_CLUSTER_06_Urban,100%,0.0,155.0,3.0,284.0,0.0,1446.0,209.0,224.0,0.0,138.0,3.4917,3.0,17564.0,17586.0,16642.0,17586.0,2.0,2.0,1446.0,1392.0,3.4917,100.0,277.0,280.0,2.0,1392.0,155.0,155.0,58.2938,58.3624,3.7067,2.7627,0.0107,0.0027,9.0546,3.7067,2.7627,0.0107,0.0027,9.0546,3.4917,3.0
2021-04-01,12:00,HLHRBSC14,33032.0,33032_Gold Bazar Krishn (Gold) Lahore-Z2 (3G-CI-4011),311.0,3032_Gold Bazar Krishn (Gold) Lahore-Z2 (3G-CI-4011),LAHORE_CLUSTER_06_Urban,100%,0.0,213.0,1.0,310.0,0.0,2032.0,157.0,189.0,0.0,106.0,7.3597,1.0,44664.0,44718.0,44324.0,44718.0,0.0,0.0,2032.0,1903.0,7.3597,100.0,367.0,376.0,0.0,1903.0,213.0,213.0,74.3849,74.3849,5.9621,0.1084,0.0,0.0,17.6283,5.9621,0.1084,0.0,0.0,17.6283,7.3597,1.0
2021-04-01,12:00,HLHRBSC14,17520.0,17520_Zaitioon Plaza (Micro) Lahore-Z0,31.0,7520_Zaitioon Plaza (Micro) Lahore-Z0,LAHORE_CLUSTER_06_Urban,100%,0.0,1.0,0.0,1.0,0.0,6.0,1.0,1.0,0.0,0.0,0.0028,0.0,4.0,4.0,4.0,4.0,0.0,0.0,6.0,6.0,0.0028,100.0,2.0,2.0,0.0,6.0,1.0,1.0,0.0,0.0,2.992,0.0027,0.0,0.0,0.0,2.992,0.0027,0.0,0.0,0.0,0.0028,0.0
2021-04-01,12:00,HLHRBSC14,17067.0,17067_Anarkali Lahore-Z0 (3G-CI-4059),3.0,7067_Anarkali Lahore-Z0 (3G-CI-4059),LAHORE_CLUSTER_06_Urban,100%,0.0,54.0,0.0,87.0,0.0,211.0,67.0,71.0,0.0,33.0,1.15,0.0,5774.0,5844.0,5796.0,5844.0,3.0,3.0,211.0,186.0,1.15,100.0,108.0,115.0,3.0,186.0,54.0,54.0,0.1623,3.2468,0.0053,4.7627,0.152,0.008,0.0,0.0053,4.7627,0.152,0.008,0.0,1.15,0.0
2021-04-01,12:00,HLHRBSC14,37279.0,37279_Begum Road Lahore-Z1 (3G-CI-4094),279.0,7279_Begum Road Lahore-Z1 (3G-CI-4094),LAHORE_CLUSTER_06_Urban,100%,0.0,73.0,2.0,256.0,0.0,474.0,353.0,355.0,0.0,182.0,2.7583,2.0,15506.0,15542.0,15362.0,15542.0,3.0,4.0,474.0,434.0,2.7583,100.0,157.0,165.0,3.0,434.0,72.0,73.0,0.1773,1.6217,6.9893,3.3627,0.152,0.0187,0.0,6.9893,3.3627,0.152,0.0187,0.0,2.7583,2.0
2021-04-01,12:00,HLHRBSC14,27279.0,27279_Begum Road Lahore-Z1 (3G-CI-4094),278.0,7279_Begum Road Lahore-Z1 (3G-CI-4094),LAHORE_CLUSTER_06_Urban,100%,0.0,122.0,0.0,342.0,0.0,742.0,378.0,381.0,0.0,220.0,5.9528,0.0,35182.0,35228.0,35132.0,35228.0,0.0,0.0,742.0,713.0,5.9528,100.0,210.0,214.0,0.0,713.0,122.0,122.0,1.9995,80.6394,2.1034,0.6509,11.1875,0.221,0.0635,2.1034,0.6509,11.1875,0.221,0.0635,5.9528,0.0
2021-04-01,12:00,HLHRBSC14,17279.0,17279_Begum Road Lahore-Z1 (3G-CI-4094),277.0,7279_Begum Road Lahore-Z1 (3G-CI-4094),LAHORE_CLUSTER_06_Urban,100%,0.0,277.0,0.0,555.0,0.0,1144.0,584.0,589.0,0.0,283.0,7.6569,0.0,41482.0,41622.0,41210.0,41622.0,0.0,4.0,1144.0,1017.0,7.6569,100.0,562.0,593.0,0.0,1017.0,273.0,277.0,0.3554,40.2419,4.4066,7.2516,7.7814,0.0587,0.0107,4.4066,7.2516,7.7814,0.0587,0.0107,7.6569,0.0
2021-04-01,12:00,HLHRBSC14,37327.0,37327_Safanwala Chowk Lahore-Z2 (3G-CI-4102),265.0,7327_Safanwala Chowk Lahore-Z2 (3G-CI-4102),LAHORE_CLUSTER_06_Urban,100%,0.0,115.0,2.0,209.0,0.0,862.0,182.0,197.0,0.0,93.0,3.0542,2.0,17210.0,17276.0,17124.0,17276.0,0.0,0.0,862.0,804.0,3.0542,100.0,293.0,302.0,0.0,804.0,115.0,115.0,14.1726,32.3495,0.0,6.7253,1.807,1.3769,0.032,0.0,6.7253,1.807,1.3769,0.032,3.0542,2.0
2021-04-01,12:00,HLHRBSC14,27327.0,27327_Safanwala Chowk Lahore-Z2 (3G-CI-4102),264.0,7327_Safanwala Chowk Lahore-Z2 (3G-CI-4102),LAHORE_CLUSTER_06_Urban,100%,0.0,98.0,0.0,199.0,0.0,992.0,177.0,183.0,0.0,101.0,3.8458,0.0,22842.0,22844.0,22746.0,22844.0,0.0,0.0,992.0,917.0,3.8458,100.0,167.0,175.0,0.0,917.0,98.0,98.0,5.481,74.2635,5.638999999999999,0.0722,15.2637,1.2056,0.0107,5.638999999999999,0.0722,15.2637,1.2056,0.0107,3.8458,0.0
2021-04-01,12:00,HLHRBSC14,13279.0,13279_ISI Lawrence Road (Micro) Lahore-Z0,251.0,3279_ISI Lawrence Road (Micro) Lahore-Z0,LAHORE_CLUSTER_06_Urban,100%,0.0,4.0,0.0,11.0,0.0,11.0,12.0,12.0,0.0,7.0,0.1236,0.0,744.0,744.0,744.0,744.0,0.0,0.0,11.0,11.0,0.1236,100.0,9.0,10.0,0.0,11.0,4.0,4.0,0.0,0.0,3.8466,0.0,0.0,0.0,0.0,3.8466,0.0,0.0,0.0,0.0,0.1236,0.0
2021-04-01,12:00,HLHRBSC14,27132.0,27132_Taj Company Saggian Pull Lahore-Z2 (3G-CI-1648),249.0,7132_Taj Company Saggian Pull Lahore-Z2 (3G-CI-1648),LAHORE_CLUSTER_06_Urban,100%,0.0,96.0,1.0,157.0,0.0,1035.0,126.0,127.0,0.0,62.0,3.6792,1.0,21478.0,21536.0,21014.0,21536.0,1.0,2.0,1035.0,962.0,3.6792,100.0,219.0,226.0,1.0,962.0,95.0,96.0,4.9657,99.9354,0.0,0.008,11.799000000000001,0.5501,0.0668,0.0,0.008,11.799000000000001,0.5501,0.0668,3.6792,1.0
2021-04-01,12:00,HLHRBSC14,31622.0,CI-1622-3_Near AG Office Turner Road Lahore-Z1 (3G-CI-1866),243.0,CI-1622_Near AG Office Turner Road Lahore-Z1 (3G-CI-1866),LAHORE_CLUSTER_06_Urban,100%,0.0,188.0,3.0,311.0,0.0,1791.0,251.0,254.0,0.0,124.0,3.9819,3.0,20562.0,20676.0,20618.0,20676.0,0.0,0.0,1791.0,1776.0,3.9819,100.0,298.0,302.0,0.0,1776.0,188.0,188.0,0.0,0.3699,8.1893,1.1467,0.0347,0.0,0.0,8.1893,1.1467,0.0347,0.0,0.0,3.9819,3.0
2021-04-01,12:00,HLHRBSC14,17327.0,17327_Safanwala Chowk Lahore-Z2 (3G-CI-4102),242.0,7327_Safanwala Chowk Lahore-Z2 (3G-CI-4102),LAHORE_CLUSTER_06_Urban,100%,0.0,117.0,0.0,175.0,0.0,411.0,115.0,122.0,0.0,67.0,2.5514,0.0,14396.0,14400.0,14294.0,14400.0,6.0,12.0,411.0,342.0,2.5514,100.0,190.0,207.0,6.0,342.0,111.0,117.0,66.2994,100.0,0.0,0.0,4.9813,0.3824,9.4174,0.0,0.0,4.9813,0.3824,9.4174,2.5514,0.0
2021-04-01,12:00,HLHRBSC14,21622.0,CI-1622-2_Near AG Office Turner Road Lahore-Z1 (3G-CI-1866),239.0,CI-1622_Near AG Office Turner Road Lahore-Z1 (3G-CI-1866),LAHORE_CLUSTER_06_Urban,100%,0.0,151.0,0.0,268.0,0.0,829.0,228.0,232.0,0.0,117.0,3.7903,0.0,20922.0,21074.0,20720.0,21074.0,0.0,0.0,829.0,756.0,3.7903,100.0,250.0,257.0,0.0,756.0,151.0,151.0,14.7762,30.4293,0.5049,17.0729,3.9549,2.8213,0.912,0.5049,17.0729,3.9549,2.8213,0.912,3.7903,0.0
2021-04-01,12:00,HLHRBSC14,11622.0,CI-1622-1_Near AG Office Turner Road Lahore-Z1 (3G-CI-1866),238.0,CI-1622_Near AG Office Turner Road Lahore-Z1 (3G-CI-1866),LAHORE_CLUSTER_06_Urban,100%,0.0,333.0,0.0,525.0,0.0,1713.0,410.0,412.0,0.0,194.0,7.45,0.0,39734.0,39822.0,39394.0,39822.0,0.0,2.0,1713.0,1608.0,7.45,100.0,612.0,628.0,0.0,1608.0,331.0,333.0,54.3901,71.2398,4.2912,0.0324,2.533,0.5348,7.6417,4.2912,0.0324,2.533,0.5348,7.6417,7.45,0.0
2021-04-01,12:00,HLHRBSC14,33106.0,33106_Nisbat Road Lahore-Z1 (3G-CI-4033),201.0,3106_Nisbat Road Lahore-Z1 (3G-CI-4033),LAHORE_CLUSTER_06_Urban,100%,0.0,0.0,0.0,0.0,0.0,0.0,0.0,0.0,0.0,0.0,0.0,0.0,0.0,0.0,0.0,0.0,0.0,0.0,0.0,0.0,0.0,0.0,0.0,0.0,0.0,0.0,0.0,0.0,,,,,,,,,,,,,0.0,0.0
2021-04-01,12:00,HLHRBSC14,23106.0,23106_Nisbat Road Lahore-Z1 (3G-CI-4033),200.0,3106_Nisbat Road Lahore-Z1 (3G-CI-4033),LAHORE_CLUSTER_06_Urban,100%,0.0,0.0,0.0,0.0,0.0,0.0,0.0,0.0,0.0,0.0,0.0,0.0,0.0,0.0,0.0,0.0,0.0,0.0,0.0,0.0,0.0,0.0,0.0,0.0,0.0,0.0,0.0,0.0,,,,,,,,,,,,,0.0,0.0
2021-04-01,12:00,HLHRBSC14,37067.0,37067_Anarkali Lahore-Z0 (3G-CI-4059),2.0,7067_Anarkali Lahore-Z0 (3G-CI-4059),LAHORE_CLUSTER_06_Urban,100%,0.0,171.0,0.0,294.0,0.0,450.0,266.0,270.0,0.0,121.0,5.0903,0.0,30632.0,30644.0,30632.0,30644.0,4.0,4.0,450.0,423.0,5.0903,100.0,261.0,268.0,4.0,423.0,171.0,171.0,24.8,42.8254,4.7647,0.9963,1.8163,2.2827,0.2162,4.7647,0.9963,1.8163,2.2827,0.2162,5.0903,0.0
2021-04-01,12:00,HLHRBSC14,13106.0,13106_Nisbat Road Lahore-Z1 (3G-CI-4033),199.0,3106_Nisbat Road Lahore-Z1 (3G-CI-4033),LAHORE_CLUSTER_06_Urban,100%,0.0,0.0,0.0,0.0,0.0,0.0,0.0,0.0,0.0,0.0,0.0,0.0,0.0,0.0,0.0,0.0,0.0,0.0,0.0,0.0,0.0,0.0,0.0,0.0,0.0,0.0,0.0,0.0,,,,,,,,,,,,,0.0,0.0
2021-04-01,12:00,HLHRBSC14,31374.0,CI-1374-3_Sanat Nagar Lahore-Z2 (3G-CI-4809),193.0,CI-1374_Sanat Nagar Lahore-Z2 (3G-CI-4809),LAHORE_CLUSTER_06_Urban,100%,0.0,72.0,0.0,104.0,0.0,297.0,72.0,72.0,1.0,34.0,1.6264,0.0,9458.0,9466.0,9250.0,9466.0,0.0,1.0,297.0,266.0,1.6264,100.0,129.0,136.0,0.0,266.0,71.0,72.0,32.6448,32.6448,7.393,0.0348,0.0,3.5439999999999996,0.055999999999999994,7.393,0.0348,0.0,3.5439999999999996,0.055999999999999994,1.6264,0.0
2021-04-01,12:00,HLHRBSC14,21374.0,CI-1374-2_Sanat Nagar Lahore-Z2 (3G-CI-4809),192.0,CI-1374_Sanat Nagar Lahore-Z2 (3G-CI-4809),LAHORE_CLUSTER_06_Urban,100%,0.0,167.0,0.0,251.0,0.0,841.0,150.0,152.0,0.0,85.0,4.1375,0.0,22612.0,22642.0,21092.0,22642.0,13.0,14.0,841.0,747.0,4.1375,100.0,309.0,328.0,13.0,747.0,166.0,167.0,99.5721,100.0,0.0,0.0,0.0456,5.9973,4.607,0.0,0.0,0.0456,5.9973,4.607,4.1375,0.0
2021-04-01,12:00,HLHRBSC14,11374.0,CI-1374-1_Sanat Nagar Lahore-Z2 (3G-CI-4809),191.0,CI-1374_Sanat Nagar Lahore-Z2 (3G-CI-4809),LAHORE_CLUSTER_06_Urban,100%,0.0,103.0,0.0,139.0,0.0,358.0,59.0,61.0,0.0,31.0,4.1139,0.0,25750.0,25782.0,25628.0,25782.0,0.0,0.0,358.0,325.0,4.1139,100.0,189.0,197.0,0.0,325.0,103.0,103.0,42.4473,100.0,0.0,0.0,6.472,4.7733,0.0,0.0,0.0,6.472,4.7733,0.0,4.1139,0.0
2021-04-01,12:00,HLHRBSC14,31629.0,CI-1629-3_Rehman Plaza Queen Road Lahore-Z2 (3G-CI-1873),181.0,CI-1629_Rehman Plaza Queen Road Lahore-Z2 (3G-CI-1873),LAHORE_CLUSTER_06_Urban,100%,0.0,79.0,2.0,165.0,0.0,307.0,125.0,128.0,0.0,86.0,2.3486,2.0,12352.0,12412.0,12304.0,12412.0,5.0,5.0,307.0,259.0,2.3486,100.0,126.0,146.0,5.0,259.0,79.0,79.0,0.5457,35.2797,0.0,6.3253,3.3947,0.0533,0.0,0.0,6.3253,3.3947,0.0533,0.0,2.3486,2.0
2021-04-01,12:00,HLHRBSC14,21629.0,CI-1629-2_Rehman Plaza Queen Road Lahore-Z2 (3G-CI-1873),180.0,CI-1629_Rehman Plaza Queen Road Lahore-Z2 (3G-CI-1873),LAHORE_CLUSTER_06_Urban,100%,0.0,167.0,0.0,267.0,0.0,1313.0,219.0,227.0,0.0,103.0,3.8264,0.0,21282.0,21494.0,21382.0,21494.0,10.0,11.0,1313.0,1243.0,3.8264,100.0,656.0,665.0,10.0,1243.0,166.0,167.0,0.1914,1.0398,2.3242,7.3632,0.0831,0.0161,0.0027,2.3242,7.3632,0.0831,0.0161,0.0027,3.8264,0.0
2021-04-01,12:00,HLHRBSC14,23120.0,23120_Shafiqabad Ravi Road Lahore-Z1 (3G-CI-1570),18.0,3120_Shafiqabad Ravi Road Lahore-Z1 (3G-CI-1570),LAHORE_CLUSTER_06_Urban,100%,0.0,201.0,2.0,323.0,0.0,454.0,247.0,249.0,0.0,123.0,4.0,2.0,20124.0,20292.0,20012.0,20292.0,4.0,5.0,454.0,408.0,4.0,100.0,303.0,318.0,4.0,408.0,200.0,201.0,0.1446,34.332,7.1627,0.12,3.7914,0.016,0.0,7.1627,0.12,3.7914,0.016,0.0,4.0,2.0
2021-04-01,12:00,HLHRBSC14,11629.0,CI-1629-1_Rehman Plaza Queen Road Lahore-Z2 (3G-CI-1873),179.0,CI-1629_Rehman Plaza Queen Road Lahore-Z2 (3G-CI-1873),LAHORE_CLUSTER_06_Urban,100%,0.0,86.0,0.0,122.0,0.0,402.0,82.0,91.0,0.0,36.0,2.0806,0.0,11970.0,12008.0,11964.0,12008.0,2.0,2.0,402.0,383.0,2.0806,100.0,155.0,162.0,2.0,383.0,86.0,86.0,0.0633,1.7818,16.0479,8.7948,0.4347,0.016,0.0,16.0479,8.7948,0.4347,0.016,0.0,2.0806,0.0
2021-04-01,12:00,HLHRBSC14,17371.0,17371_Deutsche Bank Avari Plaza (Micro) Lahore-Z0,171.0,7371_Deutsche Bank Avari Plaza (Micro) Lahore-Z0,LAHORE_CLUSTER_06_Urban,100%,0.0,6.0,0.0,7.0,0.0,14.0,2.0,2.0,0.0,1.0,0.1361,0.0,820.0,820.0,820.0,820.0,0.0,0.0,14.0,14.0,0.1361,100.0,11.0,11.0,0.0,14.0,6.0,6.0,0.0,0.0,3.8457,0.0,0.0,0.0,0.0,3.8457,0.0,0.0,0.0,0.0,0.1361,0.0
2021-04-01,12:00,HLHRBSC14,37066.0,37066_Outfall Road Lahore-Z2 (3G-CI-4321),17.0,7066_Outfall Road Lahore-Z2 (3G-CI-4321),LAHORE_CLUSTER_06_Urban,100%,0.0,50.0,0.0,80.0,0.0,261.0,63.0,63.0,0.0,30.0,1.4056,0.0,8052.0,8082.0,8070.0,8082.0,1.0,1.0,261.0,232.0,1.4056,100.0,89.0,95.0,1.0,232.0,50.0,50.0,0.0771,7.376,7.3431,2.242,0.7553,0.0053,0.0027,7.3431,2.242,0.7553,0.0053,0.0027,1.4056,0.0
2021-04-01,12:00,HLHRBSC14,13233.0,13233_Al Makkah Plaza Hall Road (Micro) Lahore-Z0,163.0,3233_Al Makkah Plaza Hall Road (Micro) Lahore-Z0,LAHORE_CLUSTER_06_Urban,100%,0.0,35.0,0.0,40.0,0.0,229.0,13.0,22.0,0.0,6.0,0.6639,0.0,3562.0,3592.0,3580.0,3592.0,0.0,1.0,229.0,229.0,0.6639,100.0,50.0,50.0,0.0,229.0,34.0,35.0,0.0,0.0,4.115,0.0053,0.0,0.0,0.0,4.115,0.0053,0.0,0.0,0.0,0.6639,0.0
2021-04-01,12:00,HLHRBSC14,33110.0,33110_Jan Muhammad Road Lahore-Z1 (3G-CI-1568),162.0,3110_Jan Muhammad Road Lahore-Z1 (3G-CI-1568),LAHORE_CLUSTER_06_Urban,100%,0.0,229.0,0.0,410.0,0.0,1521.0,409.0,423.0,0.0,176.0,4.4569,0.0,20780.0,21172.0,20680.0,21172.0,0.0,2.0,1521.0,1223.0,4.4569,100.0,503.0,532.0,0.0,1223.0,227.0,229.0,0.9505,5.5662,23.4066,2.3554,1.2592,0.1898,0.0695,23.4066,2.3554,1.2592,0.1898,0.0695,4.4569,0.0
2021-04-01,12:00,HLHRBSC14,23110.0,23110_Jan Muhammad Road Lahore-Z1 (3G-CI-1568),161.0,3110_Jan Muhammad Road Lahore-Z1 (3G-CI-1568),LAHORE_CLUSTER_06_Urban,100%,0.0,400.0,0.0,517.0,0.0,2952.0,254.0,271.0,0.0,118.0,11.3333,0.0,63768.0,64678.0,63574.0,64678.0,0.0,0.0,2952.0,2849.0,11.3333,100.0,792.0,810.0,0.0,2849.0,400.0,400.0,59.0358,59.0358,9.7743,0.0665,0.0,0.0063,14.1758,9.7743,0.0665,0.0,0.0063,14.1758,11.3333,0.0
2021-04-01,12:00,HLHRBSC14,13110.0,13110_Jan Muhammad Road Lahore-Z1 (3G-CI-1568),160.0,3110_Jan Muhammad Road Lahore-Z1 (3G-CI-1568),LAHORE_CLUSTER_06_Urban,100%,0.0,239.0,1.0,363.0,0.0,919.0,226.0,241.0,0.0,133.0,6.4528,1.0,33076.0,33114.0,31556.0,33114.0,0.0,3.0,919.0,781.0,6.4528,100.0,471.0,486.0,0.0,781.0,236.0,239.0,35.2402,79.4666,0.0037,2.9004,6.2551,4.9468,0.0374,0.0037,2.9004,6.2551,4.9468,0.0374,6.4528,1.0
2021-04-01,12:00,HLHRBSC14,27066.0,27066_Outfall Road Lahore-Z2 (3G-CI-4321),16.0,7066_Outfall Road Lahore-Z2 (3G-CI-4321),LAHORE_CLUSTER_06_Urban,100%,0.0,42.0,0.0,89.0,0.0,249.0,84.0,84.0,0.0,48.0,1.8069,0.0,10962.0,11032.0,10506.0,11032.0,1.0,2.0,249.0,237.0,1.8069,100.0,116.0,116.0,1.0,237.0,41.0,42.0,0.8939,88.14399999999999,0.0,1.344,9.8907,0.096,0.0053,0.0,1.344,9.8907,0.096,0.0053,1.8069,0.0
2021-04-01,12:00,HLHRBSC14,17066.0,17066_Outfall Road Lahore-Z2 (3G-CI-4321),15.0,7066_Outfall Road Lahore-Z2 (3G-CI-4321),LAHORE_CLUSTER_06_Urban,100%,0.0,73.0,0.0,109.0,0.0,298.0,61.0,62.0,0.0,36.0,1.2806,0.0,5996.0,6140.0,5938.0,6140.0,2.0,2.0,298.0,260.0,1.2806,100.0,172.0,182.0,2.0,260.0,73.0,73.0,0.0593,0.7908,0.1037,13.242,0.0984,0.0053,0.0027,0.1037,13.242,0.0984,0.0053,0.0027,1.2806,0.0
2021-04-01,12:00,HLHRBSC14,23072.0,23072_Cooper Road Lahore-Z1 (3G-CI-4021),147.0,3072_Cooper Road Lahore-Z1 (3G-CI-4021),LAHORE_CLUSTER_06_Urban,100%,0.0,46.0,0.0,103.0,0.0,132.0,117.0,117.0,0.0,57.0,0.8028,0.0,4260.0,4266.0,4248.0,4266.0,1.0,1.0,132.0,127.0,0.8028,100.0,79.0,81.0,1.0,127.0,46.0,46.0,4.2937,7.3529,6.2809,2.9291,0.3041,0.2428,0.184,6.2809,2.9291,0.3041,0.2428,0.184,0.8028,0.0
2021-04-01,12:00,HLHRBSC14,13072.0,13072_Cooper Road Lahore-Z1 (3G-CI-4021),146.0,3072_Cooper Road Lahore-Z1 (3G-CI-4021),LAHORE_CLUSTER_06_Urban,100%,0.0,220.0,0.0,297.0,0.0,973.0,150.0,157.0,0.0,79.0,3.9347,0.0,20510.0,21084.0,20722.0,21084.0,0.0,1.0,973.0,869.0,3.9347,100.0,375.0,391.0,0.0,869.0,219.0,220.0,51.761,53.53,5.8053,1.0048,0.2593,7.4839,0.1016,5.8053,1.0048,0.2593,7.4839,0.1016,3.9347,0.0
2021-04-01,12:00,HLHRBSC14,33072.0,33072_Cooper Road Lahore-Z1 (3G-CI-4021),145.0,3072_Cooper Road Lahore-Z1 (3G-CI-4021),LAHORE_CLUSTER_06_Urban,100%,0.0,125.0,0.0,173.0,0.0,468.0,90.0,92.0,0.0,49.0,2.4347,0.0,12838.0,12922.0,12586.0,12922.0,0.0,1.0,468.0,437.0,2.4347,100.0,231.0,233.0,0.0,437.0,124.0,125.0,0.7102,3.3937,0.0,9.8182,0.2727,0.0134,0.0588,0.0,9.8182,0.2727,0.0134,0.0588,2.4347,0.0
2021-04-01,12:00,HLHRBSC14,33077.0,33077_Rahat Motors (Gold) Lahore-Z2 (3G-CI-4025),143.0,3077_Rahat Motors (Gold) Lahore-Z2 (3G-CI-4025),LAHORE_CLUSTER_06_Urban,100%,0.0,90.0,1.0,144.0,0.0,678.0,97.0,97.0,0.0,54.0,2.7278,1.0,15898.0,16820.0,16758.0,16820.0,0.0,0.0,678.0,654.0,2.7278,100.0,169.0,171.0,0.0,654.0,90.0,90.0,0.2858,1.1427,9.0775,2.9324,0.1041,0.0294,0.0054,9.0775,2.9324,0.1041,0.0294,0.0054,2.7278,1.0
2021-04-01,12:00,HLHRBSC14,23077.0,23077_Rahat Motors (Gold) Lahore-Z2 (3G-CI-4025),142.0,3077_Rahat Motors (Gold) Lahore-Z2 (3G-CI-4025),LAHORE_CLUSTER_06_Urban,100%,0.0,242.0,0.0,360.0,0.0,1914.0,273.0,284.0,0.0,118.0,4.0639,0.0,20378.0,20528.0,20310.0,20528.0,0.0,3.0,1914.0,1863.0,4.0639,100.0,415.0,424.0,0.0,1863.0,239.0,242.0,0.5124,5.3702,7.4933,8.7402,0.8333,0.0746,0.0133,7.4933,8.7402,0.8333,0.0746,0.0133,4.0639,0.0
2021-04-01,12:00,HLHRBSC14,13077.0,13077_Rahat Motors (Gold) Lahore-Z2 (3G-CI-4025),141.0,3077_Rahat Motors (Gold) Lahore-Z2 (3G-CI-4025),LAHORE_CLUSTER_06_Urban,100%,0.0,50.0,0.0,95.0,0.0,394.0,69.0,76.0,0.0,45.0,0.9486,0.0,4614.0,4730.0,4668.0,4730.0,0.0,0.0,394.0,368.0,0.9486,100.0,114.0,120.0,0.0,368.0,50.0,50.0,35.0887,100.0,0.0,0.0,6.361000000000001,3.385,0.0535,0.0,0.0,6.361000000000001,3.385,0.0535,0.9486,0.0
2021-04-01,12:00,HLHRBSC14,37028.0,37028_DRP Hall Road Lahore-Z1 (3G-CI-1548),138.0,7028_DRP Hall Road Lahore-Z1 (3G-CI-1548),LAHORE_CLUSTER_06_Urban,100%,0.0,140.0,1.0,208.0,0.0,1018.0,124.0,130.0,0.0,73.0,2.3819,1.0,10834.0,10882.0,10448.0,10882.0,0.0,5.0,1018.0,935.0,2.3819,100.0,315.0,326.0,0.0,935.0,135.0,140.0,100.0,100.0,0.0,0.0,0.0,1.0203,7.5079,0.0,0.0,0.0,1.0203,7.5079,2.3819,1.0
2021-04-01,12:00,HLHRBSC14,27028.0,27028_DRP Hall Road Lahore-Z1 (3G-CI-1548),137.0,7028_DRP Hall Road Lahore-Z1 (3G-CI-1548),LAHORE_CLUSTER_06_Urban,100%,0.0,146.0,1.0,195.0,0.0,862.0,95.0,115.0,0.0,54.0,3.6333,1.0,19900.0,20246.0,19640.0,20246.0,0.0,4.0,862.0,715.0,3.6333,100.0,263.0,281.0,0.0,715.0,142.0,146.0,58.6152,59.0765,0.0426,5.8564,0.0665,8.4037,0.0454,0.0426,5.8564,0.0665,8.4037,0.0454,3.6333,1.0
2021-04-01,12:00,HLHRBSC14,17028.0,17028_DRP Hall Road Lahore-Z1 (3G-CI-1548),136.0,7028_DRP Hall Road Lahore-Z1 (3G-CI-1548),LAHORE_CLUSTER_06_Urban,100%,0.0,77.0,2.0,103.0,0.0,349.0,66.0,82.0,0.0,36.0,0.6625,2.0,1800.0,1822.0,1638.0,1822.0,9.0,9.0,349.0,303.0,0.6625,100.0,165.0,174.0,9.0,303.0,77.0,77.0,23.3186,81.4999,0.0,1.8449,5.8021,0.0348,2.2907,0.0,1.8449,5.8021,0.0348,2.2907,0.6625,2.0
2021-04-01,12:00,HLHRBSC14,17513.0,17513_Dhobi Ghaat (Micro) Lahore-Z0 (3G-CI-1707),120.0,7513_Dhobi Ghaat (Micro) Lahore-Z0 (3G-CI-1707),LAHORE_CLUSTER_06_Urban,100%,0.0,6.0,0.0,14.0,0.0,74.0,15.0,15.0,0.0,8.0,0.4736,0.0,3302.0,3302.0,3302.0,3302.0,0.0,0.0,74.0,74.0,0.4736,100.0,15.0,15.0,0.0,74.0,6.0,6.0,0.3288,0.6165,6.4079999999999995,0.04,0.0187,0.0133,0.008,6.4079999999999995,0.04,0.0187,0.0133,0.008,0.4736,0.0
2021-04-01,12:00,HLHRBSC14,37000.0,37000_Symons Tower Hotel (Gold) Lahore-Z1 (3G-CI-4045),119.0,7000_Symons Tower Hotel (Gold) Lahore-Z1 (3G-CI-4045),LAHORE_CLUSTER_06_Urban,100%,0.0,477.0,1.0,650.0,0.0,2877.0,327.0,332.0,0.0,173.0,10.1514,1.0,55604.0,55620.0,55508.0,55620.0,0.0,0.0,2877.0,2363.0,10.1514,100.0,795.0,823.0,0.0,2363.0,477.0,477.0,64.5661,64.9292,6.7620000000000005,0.2153,0.0723,12.8262,0.019,6.7620000000000005,0.2153,0.0723,12.8262,0.019,10.1514,1.0
2021-04-01,12:00,HLHRBSC14,27000.0,27000_Symons Tower Hotel (Gold) Lahore-Z1 (3G-CI-4045),118.0,7000_Symons Tower Hotel (Gold) Lahore-Z1 (3G-CI-4045),LAHORE_CLUSTER_06_Urban,100%,0.0,87.0,0.0,274.0,0.0,672.0,341.0,343.0,0.0,188.0,2.6264,0.0,14592.0,14596.0,14578.0,14596.0,0.0,0.0,672.0,613.0,2.6264,100.0,306.0,324.0,0.0,613.0,87.0,87.0,0.6775,35.3865,4.672,0.9227,3.0053,0.0373,0.0213,4.672,0.9227,3.0053,0.0373,0.0213,2.6264,0.0
2021-04-01,12:00,HLHRBSC14,17000.0,17000_Symons Tower Hotel (Gold) Lahore-Z1 (3G-CI-4045),117.0,7000_Symons Tower Hotel (Gold) Lahore-Z1 (3G-CI-4045),LAHORE_CLUSTER_06_Urban,100%,0.0,196.0,0.0,299.0,0.0,722.0,217.0,222.0,0.0,105.0,2.9833,0.0,15192.0,15228.0,15214.0,15228.0,9.0,9.0,722.0,675.0,2.9833,100.0,466.0,470.0,9.0,675.0,196.0,196.0,11.5649,65.1964,4.4757,1.19,8.7307,1.8827,0.0,4.4757,1.19,8.7307,1.8827,0.0,2.9833,0.0
2021-04-01,12:00,HLHRBSC14,13252.0,13252_Bank Square (Micro) Lahore-Z0 (3G-CI-4550),116.0,3252_Bank Square (Micro) Lahore-Z0 (3G-CI-4550),LAHORE_CLUSTER_06_Urban,100%,0.0,86.0,0.0,132.0,0.0,489.0,86.0,86.0,0.0,46.0,2.5764,0.0,15276.0,15276.0,15202.0,15276.0,0.0,0.0,489.0,484.0,2.5764,100.0,140.0,143.0,0.0,484.0,86.0,86.0,0.1322,0.423,9.904,0.14400000000000002,0.0293,0.0027,0.0107,9.904,0.14400000000000002,0.0293,0.0027,0.0107,2.5764,0.0
2021-04-01,12:00,HLHRBSC14,17449.0,17449_Electronic Audio (Micro) Lahore-Z0 (3G-CI-4544),114.0,7449_Electronic Audio (Micro) Lahore-Z0 (3G-CI-4544),LAHORE_CLUSTER_06_Urban,100%,0.0,79.0,0.0,83.0,0.0,210.0,7.0,7.0,0.0,4.0,1.3278,0.0,7660.0,7660.0,7650.0,7660.0,0.0,0.0,210.0,208.0,1.3278,100.0,114.0,114.0,0.0,208.0,79.0,79.0,0.0,0.0,4.176,0.0,0.0,0.0,0.0,4.176,0.0,0.0,0.0,0.0,1.3278,0.0
2021-04-01,12:00,HLHRBSC14,27254.0,27254_Nasir Park Lahore-Z1 (3G-CI-4426),112.0,7254_Nasir Park Lahore-Z1 (3G-CI-4426),LAHORE_CLUSTER_06_Urban,100%,0.0,51.0,0.0,95.0,0.0,292.0,80.0,82.0,0.0,44.0,1.8014,0.0,10682.0,10804.0,10750.0,10804.0,3.0,3.0,292.0,274.0,1.8014,100.0,146.0,150.0,3.0,274.0,51.0,51.0,0.0,0.0473,8.7387,2.5227,0.0053,0.0,0.0,8.7387,2.5227,0.0053,0.0,0.0,1.8014,0.0
2021-04-01,12:00,HLHRBSC14,17512.0,17512_Zargran Street (Micro) Lahore-Z0 (3G-CI-4551),107.0,7512_Zargran Street (Micro) Lahore-Z0 (3G-CI-4551),LAHORE_CLUSTER_06_Urban,100%,0.0,17.0,0.0,21.0,0.0,59.0,6.0,6.0,0.0,4.0,0.2097,0.0,914.0,914.0,914.0,914.0,0.0,0.0,59.0,59.0,0.2097,100.0,35.0,35.0,0.0,59.0,17.0,17.0,0.0,0.0,6.7246,0.0107,0.0,0.0,0.0,6.7246,0.0107,0.0,0.0,0.0,0.2097,0.0
2021-04-01,12:00,HLHRBSC14,37002.0,37002_Ghulam Muhammad Plaza (Gold) Lahore-Z0 (3G-CI-4046),101.0,7002_Ghulam Muhammad Plaza (Gold) Lahore-Z0 (3G-CI-4046),LAHORE_CLUSTER_06_Urban,100%,0.0,264.0,5.0,436.0,0.0,1124.0,340.0,382.0,0.0,174.0,5.9361,5.0,28020.0,29528.0,29046.0,29528.0,24.0,27.0,1124.0,1072.0,5.9361,100.0,453.0,459.0,24.0,1072.0,261.0,264.0,1.3869,54.795,5.1417,0.8602,7.091,0.0774,0.1067,5.1417,0.8602,7.091,0.0774,0.1067,5.9361,5.0
2021-04-01,12:00,HLHRBSC14,27002.0,27002_Ghulam Muhammad Plaza (Gold) Lahore-Z0 (3G-CI-4046),100.0,7002_Ghulam Muhammad Plaza (Gold) Lahore-Z0 (3G-CI-4046),LAHORE_CLUSTER_06_Urban,100%,0.0,338.0,2.0,514.0,0.0,1869.0,316.0,414.0,1.0,238.0,6.1111,2.0,25120.0,25984.0,24498.0,25984.0,0.0,85.0,1869.0,1735.0,6.1111,100.0,586.0,596.0,0.0,1735.0,253.0,338.0,1.8147,6.9925,7.9572,2.3209,0.5722,0.115,0.0856,7.9572,2.3209,0.5722,0.115,0.0856,6.1111,2.0
2021-04-01,12:00,HLHRBSC14,21726.0,CI-1726-2_NTDCL (Micro) Lahore-Z1 (3G-CI-1128),255.0,CI-1726_NTDCL (Micro) Lahore-Z1 (3G-CI-1128),LAHORE_CLUSTER_06_Urban,100%,0.0,69.0,1.0,86.0,0.0,154.0,38.0,38.0,0.0,17.0,1.3569,1.0,7758.0,7760.0,7744.0,7760.0,0.0,0.0,154.0,153.0,1.3569,100.0,76.0,76.0,0.0,153.0,69.0,69.0,0.0,0.0493,5.4027,0.0107,0.0027,0.0,0.0,5.4027,0.0107,0.0027,0.0,0.0,1.3569,1.0
2021-04-01,12:00,HLHRBSC14,11726.0,CI-1726-1_NTDCL (Micro) Lahore-Z1 (3G-CI-1128),250.0,CI-1726_NTDCL (Micro) Lahore-Z1 (3G-CI-1128),LAHORE_CLUSTER_06_Urban,100%,0.0,89.0,0.0,106.0,0.0,287.0,28.0,28.0,0.0,17.0,2.0236,0.0,10986.0,10986.0,10984.0,10986.0,0.0,0.0,287.0,283.0,2.0236,100.0,127.0,127.0,0.0,283.0,89.0,89.0,0.0,0.0,5.1729,0.0,0.0,0.0,0.0,5.1729,0.0,0.0,0.0,0.0,2.0236,0.0
2021-04-01,12:00,HLHRBSC14,21519.0,CI-1519-2_Lahore High Court (3G-CI-4750),268.0,CI-1519_Lahore High Court (3G-CI-4750),LAHORE_CLUSTER_06_Urban,100%,0.0,209.0,3.0,291.0,0.0,1195.0,173.0,185.0,0.0,91.0,3.1639,3.0,12610.0,13866.0,13429.0,13866.0,1.0,6.0,1195.0,972.0,3.1639,100.0,433.0,459.0,1.0,972.0,204.0,209.0,27.725,28.159000000000002,7.7234,5.4947,0.0799,4.7341,0.36700000000000005,7.7234,5.4947,0.0799,4.7341,0.36700000000000005,3.1639,3.0
2021-04-01,12:00,HLHRBSC14,31519.0,CI-1519-3_Lahore High Court (3G-CI-4750),270.0,CI-1519_Lahore High Court (3G-CI-4750),LAHORE_CLUSTER_06_Urban,100%,0.0,80.0,0.0,191.0,0.0,648.0,234.0,251.0,0.0,113.0,1.3903,0.0,5780.0,6414.0,6326.0,6414.0,0.0,3.0,648.0,573.0,1.3903,100.0,173.0,182.0,0.0,573.0,77.0,80.0,39.4177,39.591,5.7181,9.1303,0.0426,0.0107,9.6781,5.7181,9.1303,0.0426,0.0107,9.6781,1.3903,0.0
2021-04-01,12:00,HLHRBSC14,11519.0,CI-1519-1_Lahore High Court (3G-CI-4750),267.0,CI-1519_Lahore High Court (3G-CI-4750),LAHORE_CLUSTER_06_Urban,100%,0.0,255.0,3.0,446.0,0.0,1956.0,354.0,360.0,0.0,193.0,5.7292,3.0,31433.0,31781.0,31151.0,31781.0,0.0,2.0,1956.0,1733.0,5.7292,100.0,1216.0,1245.0,0.0,1733.0,253.0,255.0,7.8069,32.275999999999996,12.3138,1.4256,4.9642,1.5249,0.0589,12.3138,1.4256,4.9642,1.5249,0.0589,5.7292,3.0
