Date,Time,GBSC,Cell CI,Cell Name,CellIndex,Site Name,Location,Integrity,_CallSetup TCH GOS(%)_N,_CallSetup TCH GOS(%)_D,_DCR_N,_DCR_D,_GOS-SDCCH(%)_N,_GOS-SDCCH(%)_D,_HSR%_N,_HSR%_D,_Mobility TCH GOS(%)_N,_Mobility TCH GOS(%)_D,_MTBD (Mean Time between Drop)_N,_MTBD (Mean Time between Drop)_D,_RxQual Index DL_1,_RxQual Index DL_2,_RxQual Index UL_1,_RxQual Index UL_2,CSSR_Non Blocking_1_N,CSSR_Non Blocking_2_N,CSSR_Non Blocking_1_D,CSSR_Non Blocking_2_D,GlobelTraffic,TCH Availability Rate,_cssr_Call Setup Indications (Circuit Service)_N_1,_Cssr_Channel Requests (Circuit Service)_D_1,_CSSR_Call Drops on SDCCH_N_2,_CSSR_Successful SDCCH Seizures_D_2,_CSSR_Successful TCH Seizures (Traffic Channel)_N_3,_CSSR_TCH Seizure Requests (Traffic Channel)_D_3,Interference Band Proportion (4~5)(%),Interference Band 345,Mean Number of TCH in Interference Band 1,Mean Number of TCH in Interference Band 2,Mean Number of TCH in Interference Band 3,Mean Number of TCH in Interference Band 4,Mean Number of TCH in Interference Band 5,Mean Number of TCH in Interference Band 1.1,Mean Number of TCH in Interference Band 2.1,Mean Number of TCH in Interference Band 3.1,Mean Number of TCH in Interference Band 4.1,Mean Number of TCH in Interference Band 5.1,K3014:Traffic Volume on TCH(Erl),CM33:Call Drops on Traffic Channel
2021-04-01,20:00,HFSDBSC07,34758.0,34758_Jandraka Nankana Sahib,90.0,4758_Jandraka Nankana Sahib,FAISALABAD_CLUSTER_02_Rural,100%,0.0,38.0,1.0,43.0,0.0,410.0,17.0,17.0,0.0,9.0,3.0111,1.0,20677.0,21367.0,21355.0,21367.0,0.0,4.0,410.0,374.0,3.0111,100.0,55.0,57.0,0.0,374.0,34.0,38.0,0.0,0.2296,5.7647,0.0455,0.0134,0.0,0.0,5.7647,0.0455,0.0134,0.0,0.0,3.0111,1.0
2021-04-01,20:00,HFSDBSC07,24758.0,24758_Jandraka Nankana Sahib,89.0,4758_Jandraka Nankana Sahib,FAISALABAD_CLUSTER_02_Rural,100%,0.0,44.0,0.0,54.0,0.0,168.0,19.0,19.0,0.0,10.0,2.0597,0.0,12766.0,13350.0,13350.0,13350.0,1.0,1.0,168.0,165.0,2.0597,100.0,101.0,103.0,1.0,165.0,44.0,44.0,0.0,0.0,12.8103,0.0053,0.0,0.0,0.0,12.8103,0.0053,0.0,0.0,0.0,2.0597,0.0
2021-04-01,20:00,HFSDBSC07,14758.0,14758_Jandraka Nankana Sahib,88.0,4758_Jandraka Nankana Sahib,FAISALABAD_CLUSTER_02_Rural,100%,0.0,21.0,0.0,28.0,0.0,403.0,17.0,17.0,0.0,7.0,0.4972,0.0,2934.0,3133.0,3117.0,3133.0,1.0,1.0,403.0,372.0,0.4972,100.0,49.0,55.0,1.0,372.0,21.0,21.0,0.2579,1.6336,8.1551,1.0214,0.1283,0.0214,0.0027,8.1551,1.0214,0.1283,0.0214,0.0027,0.4972,0.0
2021-04-01,20:00,HFSDBSC07,34747.0,34747_Mandi Rodala Road Faisalabad-Z2,78.0,4747_Mandi Rodala Road Faisalabad-Z2,FAISALABAD_CLUSTER_02_Rural,100%,0.0,136.0,1.0,177.0,0.0,785.0,84.0,93.0,0.0,42.0,6.0889,1.0,38868.0,40715.0,40315.0,40715.0,0.0,1.0,785.0,774.0,6.0889,100.0,422.0,425.0,0.0,774.0,135.0,136.0,0.0,0.0,1.7868,0.0436,0.0,0.0,0.0,1.7868,0.0436,0.0,0.0,0.0,6.0889,1.0
2021-04-01,20:00,HFSDBSC07,24747.0,24747_Mandi Rodala Road Faisalabad-Z2,77.0,4747_Mandi Rodala Road Faisalabad-Z2,FAISALABAD_CLUSTER_02_Rural,100%,0.0,49.0,0.0,65.0,0.0,407.0,38.0,39.0,0.0,16.0,1.5347,0.0,8771.0,9082.0,8933.0,9082.0,2.0,2.0,407.0,387.0,1.5347,100.0,199.0,209.0,2.0,387.0,49.0,49.0,0.0,0.5256,5.3398,0.2413,0.0295,0.0,0.0,5.3398,0.2413,0.0295,0.0,0.0,1.5347,0.0
2021-04-01,20:00,HFSDBSC07,14747.0,14747_Mandi Rodala Road Faisalabad-Z2,76.0,4747_Mandi Rodala Road Faisalabad-Z2,FAISALABAD_CLUSTER_02_Rural,100%,0.0,29.0,0.0,36.0,0.0,187.0,15.0,15.0,0.0,8.0,1.4028,0.0,9056.0,9242.0,9204.0,9242.0,0.0,1.0,187.0,178.0,1.4028,100.0,98.0,105.0,0.0,178.0,28.0,29.0,0.023,0.0663,12.2431,0.0948,0.0054,0.0,0.0028,12.2431,0.0948,0.0054,0.0,0.0028,1.4028,0.0
2021-04-01,20:00,HFSDBSC07,34757.0,34757_Syedwala Nankana Sahib,69.0,4757_Syedwala Nankana Sahib,FAISALABAD_CLUSTER_02_Rural,100%,0.0,0.0,0.0,0.0,0.0,128.0,0.0,0.0,0.0,0.0,0.0528,0.0,359.0,359.0,359.0,359.0,0.0,0.0,128.0,123.0,0.0528,100.0,20.0,20.0,0.0,123.0,0.0,0.0,0.0,0.4951,9.5562,0.115,0.0481,0.0,0.0,9.5562,0.115,0.0481,0.0,0.0,0.0528,0.0
2021-04-01,20:00,HFSDBSC07,24757.0,24757_Syedwala Nankana Sahib,68.0,4757_Syedwala Nankana Sahib,FAISALABAD_CLUSTER_02_Rural,100%,0.0,28.0,0.0,31.0,0.0,258.0,4.0,4.0,0.0,3.0,0.9264,0.0,5598.0,5634.0,5627.0,5634.0,0.0,0.0,258.0,241.0,0.9264,100.0,98.0,110.0,0.0,241.0,28.0,28.0,0.0423,0.0854,12.6161,0.0189,0.0055,0.0,0.0054,12.6161,0.0189,0.0055,0.0,0.0054,0.9264,0.0
2021-04-01,20:00,HFSDBSC07,14757.0,14757_Syedwala Nankana Sahib,67.0,4757_Syedwala Nankana Sahib,FAISALABAD_CLUSTER_02_Rural,100%,0.0,22.0,0.0,30.0,0.0,169.0,15.0,16.0,0.0,8.0,1.4292,0.0,9848.0,9950.0,9894.0,9950.0,0.0,0.0,169.0,161.0,1.4292,100.0,43.0,44.0,0.0,161.0,22.0,22.0,0.0,0.0,4.9492,0.0187,0.0,0.0,0.0,4.9492,0.0187,0.0,0.0,0.0,1.4292,0.0
2021-04-01,20:00,HFSDBSC07,34756.0,34756_Chak No 24 Faisalabad-Z2,54.0,4756_Chak No 24 Faisalabad-Z2,FAISALABAD_CLUSTER_02_Rural,100%,0.0,110.0,0.0,119.0,0.0,429.0,22.0,23.0,0.0,10.0,4.5472,0.0,27760.0,29609.0,29034.0,29609.0,0.0,1.0,429.0,413.0,4.5472,100.0,231.0,234.0,0.0,413.0,109.0,110.0,0.0,0.0791,6.6203,0.12300000000000001,0.0053,0.0,0.0,6.6203,0.12300000000000001,0.0053,0.0,0.0,4.5472,0.0
2021-04-01,20:00,HFSDBSC07,24756.0,24756_Chak No 24 Faisalabad-Z2,53.0,4756_Chak No 24 Faisalabad-Z2,FAISALABAD_CLUSTER_02_Rural,100%,0.0,14.0,0.0,25.0,0.0,80.0,21.0,21.0,0.0,11.0,0.8597,0.0,5356.0,6057.0,6041.0,6057.0,0.0,0.0,80.0,78.0,0.8597,100.0,36.0,37.0,0.0,78.0,14.0,14.0,0.0,0.0,7.8133,0.0373,0.0,0.0,0.0,7.8133,0.0373,0.0,0.0,0.0,0.8597,0.0
2021-04-01,20:00,HFSDBSC07,14756.0,14756_Chak No 24 Faisalabad-Z2,52.0,4756_Chak No 24 Faisalabad-Z2,FAISALABAD_CLUSTER_02_Rural,100%,0.0,44.0,1.0,56.0,0.0,115.0,21.0,24.0,0.0,13.0,1.7431,1.0,10198.0,11200.0,11037.0,11200.0,0.0,1.0,115.0,111.0,1.7431,100.0,61.0,61.0,0.0,111.0,43.0,44.0,0.0386,0.1934,6.6123,0.2834,0.0107,0.0027,0.0,6.6123,0.2834,0.0107,0.0027,0.0,1.7431,1.0
2021-04-01,20:00,HFSDBSC07,35380.0,35380_Awagat Faisalabad-Z2 (3G-CII-4283),48.0,5380_Awagat Faisalabad-Z2 (3G-CII-4283),FAISALABAD_CLUSTER_02_Rural,100%,0.0,203.0,3.0,245.0,0.0,1154.0,92.0,97.0,0.0,44.0,10.6,3.0,68974.0,71627.0,70680.0,71627.0,0.0,2.0,1154.0,1120.0,10.6,100.0,384.0,389.0,0.0,1120.0,201.0,203.0,0.0,0.0,7.1564,0.1347,0.0,0.0,0.0,7.1564,0.1347,0.0,0.0,0.0,10.6,3.0
2021-04-01,20:00,HFSDBSC07,25380.0,25380_Awagat Faisalabad-Z2 (3G-CII-4283),47.0,5380_Awagat Faisalabad-Z2 (3G-CII-4283),FAISALABAD_CLUSTER_02_Rural,100%,0.0,142.0,0.0,154.0,0.0,604.0,8.0,15.0,0.0,12.0,5.2097,0.0,33380.0,34175.0,34011.0,34175.0,0.0,0.0,604.0,591.0,5.2097,100.0,269.0,275.0,0.0,591.0,142.0,142.0,0.0,0.0389,13.671,0.0346,0.0053,0.0,0.0,13.671,0.0346,0.0053,0.0,0.0,5.2097,0.0
2021-04-01,20:00,HFSDBSC07,15380.0,15380_Awagat Faisalabad-Z2 (3G-CII-4283),46.0,5380_Awagat Faisalabad-Z2 (3G-CII-4283),FAISALABAD_CLUSTER_02_Rural,100%,0.0,75.0,0.0,100.0,0.0,565.0,44.0,50.0,0.0,25.0,2.2764,0.0,13543.0,13952.0,13925.0,13953.0,0.0,0.0,565.0,535.0,2.2764,100.0,202.0,203.0,0.0,535.0,75.0,75.0,0.0748,0.5608,5.3404,1.734,0.0346,0.0053,0.0,5.3404,1.734,0.0346,0.0053,0.0,2.2764,0.0
2021-04-01,20:00,HFSDBSC07,35475.0,35475_PTCL Exchange Bara Ghar Nankana Sahib,45.0,5475_PTCL Exchange Bara Ghar Nankana Sahib,FAISALABAD_CLUSTER_02_Rural,100%,0.0,16.0,0.0,21.0,0.0,150.0,5.0,6.0,0.0,5.0,0.6181,0.0,3667.0,4019.0,3884.0,4019.0,0.0,0.0,150.0,134.0,0.6181,100.0,41.0,42.0,0.0,134.0,16.0,16.0,0.0,0.1548,8.5401,0.0856,0.0134,0.0,0.0,8.5401,0.0856,0.0134,0.0,0.0,0.6181,0.0
2021-04-01,20:00,HFSDBSC07,25475.0,25475_PTCL Exchange Bara Ghar Nankana Sahib,44.0,5475_PTCL Exchange Bara Ghar Nankana Sahib,FAISALABAD_CLUSTER_02_Rural,100%,0.0,0.0,0.0,2.0,0.0,74.0,4.0,4.0,0.0,2.0,0.0486,0.0,184.0,356.0,337.0,356.0,0.0,0.0,74.0,51.0,0.0486,100.0,7.0,12.0,0.0,51.0,0.0,0.0,0.0,0.0609,4.343999999999999,0.0373,0.0027,0.0,0.0,4.343999999999999,0.0373,0.0027,0.0,0.0,0.0486,0.0
2021-04-01,20:00,HFSDBSC07,15475.0,15475_PTCL Exchange Bara Ghar Nankana Sahib,43.0,5475_PTCL Exchange Bara Ghar Nankana Sahib,FAISALABAD_CLUSTER_02_Rural,100%,0.0,48.0,7.0,56.0,0.0,308.0,15.0,17.0,0.0,9.0,1.8083,7.0,8780.0,10750.0,9992.0,10750.0,0.0,1.0,308.0,275.0,1.8083,100.0,81.0,92.0,0.0,275.0,47.0,48.0,1.7209,2.6428,4.0306,0.3816,0.0418,0.0557,0.0223,4.0306,0.3816,0.0418,0.0557,0.0223,1.8083,7.0
2021-04-01,20:00,HFSDBSC07,35375.0,35375_Makkuana Faisalabad-Z2,42.0,5375_Makkuana Faisalabad-Z2,FAISALABAD_CLUSTER_02_Rural,100%,0.0,0.0,0.0,0.0,0.0,5.0,0.0,0.0,0.0,0.0,0.0,0.0,0.0,0.0,0.0,0.0,0.0,0.0,5.0,1.0,0.0,100.0,0.0,0.0,0.0,1.0,0.0,0.0,0.0,0.0,10.9707,0.0187,0.0,0.0,0.0,10.9707,0.0187,0.0,0.0,0.0,0.0,0.0
2021-04-01,20:00,HFSDBSC07,25375.0,25375_Makkuana Faisalabad-Z2,41.0,5375_Makkuana Faisalabad-Z2,FAISALABAD_CLUSTER_02_Rural,100%,0.0,113.0,0.0,132.0,0.0,279.0,38.0,39.0,0.0,19.0,3.6847,0.0,23260.0,23675.0,23666.0,23675.0,0.0,0.0,279.0,267.0,3.6847,100.0,136.0,144.0,0.0,267.0,113.0,113.0,0.0,0.0,5.8693,0.0053,0.0,0.0,0.0,5.8693,0.0053,0.0,0.0,0.0,3.6847,0.0
2021-04-01,20:00,HFSDBSC07,15375.0,15375_Makkuana Faisalabad-Z2,40.0,5375_Makkuana Faisalabad-Z2,FAISALABAD_CLUSTER_02_Rural,100%,0.0,50.0,0.0,74.0,0.0,136.0,50.0,51.0,0.0,24.0,1.8486,0.0,11865.0,12095.0,12043.0,12095.0,1.0,1.0,136.0,131.0,1.8486,100.0,79.0,79.0,1.0,131.0,50.0,50.0,0.0932,0.2175,8.2636,0.3262,0.0107,0.0,0.008,8.2636,0.3262,0.0107,0.0,0.008,1.8486,0.0
2021-04-01,20:00,HFSDBSC07,37626.0,37626_Halla Khichian Muradke Nankana Sahib,259.0,7626_Halla Khichian Muradke Nankana Sahib,FAISALABAD_CLUSTER_02_Rural,100%,0.0,5.0,0.0,7.0,0.0,63.0,5.0,5.0,0.0,2.0,0.2625,0.0,1808.0,1864.0,1800.0,1864.0,0.0,0.0,63.0,59.0,0.2625,100.0,23.0,24.0,0.0,59.0,5.0,5.0,0.0,0.0,10.5059,0.0294,0.0,0.0,0.0,10.5059,0.0294,0.0,0.0,0.0,0.2625,0.0
2021-04-01,20:00,HFSDBSC07,27626.0,27626_Halla Khichian Muradke Nankana Sahib,258.0,7626_Halla Khichian Muradke Nankana Sahib,FAISALABAD_CLUSTER_02_Rural,100%,0.0,133.0,0.0,163.0,0.0,467.0,68.0,69.0,0.0,30.0,4.3403,0.0,28996.0,29476.0,29451.0,29476.0,2.0,2.0,467.0,463.0,4.3403,100.0,312.0,313.0,2.0,463.0,133.0,133.0,0.0747,0.11199999999999999,14.1942,0.0346,0.0053,0.0053,0.0053,14.1942,0.0346,0.0053,0.0053,0.0053,4.3403,0.0
2021-04-01,20:00,HFSDBSC07,17626.0,17626_Halla Khichian Muradke Nankana Sahib,257.0,7626_Halla Khichian Muradke Nankana Sahib,FAISALABAD_CLUSTER_02_Rural,100%,0.0,58.0,0.0,99.0,0.0,254.0,67.0,67.0,0.0,41.0,1.7528,0.0,11367.0,11413.0,11410.0,11413.0,0.0,0.0,254.0,243.0,1.7528,100.0,148.0,153.0,0.0,243.0,58.0,58.0,0.0645,0.1289,16.2687,0.2718,0.0107,0.0027,0.008,16.2687,0.2718,0.0107,0.0027,0.008,1.7528,0.0
2021-04-01,20:00,HFSDBSC07,37698.0,37698_Khan Pur Sehwan Nankana Sahib,255.0,7698_Khan Pur Sehwan Nankana Sahib,FAISALABAD_CLUSTER_02_Rural,100%,0.0,94.0,0.0,117.0,0.0,253.0,41.0,45.0,0.0,25.0,3.6403,0.0,23465.0,24042.0,23987.0,24042.0,1.0,2.0,253.0,248.0,3.6403,100.0,165.0,165.0,1.0,248.0,93.0,94.0,4.5843,10.658,10.1371,1.5291,0.7931,0.5826,0.016,10.1371,1.5291,0.7931,0.5826,0.016,3.6403,0.0
2021-04-01,20:00,HFSDBSC07,27698.0,27698_Khan Pur Sehwan Nankana Sahib,254.0,7698_Khan Pur Sehwan Nankana Sahib,FAISALABAD_CLUSTER_02_Rural,100%,0.0,57.0,0.0,74.0,0.0,383.0,35.0,36.0,0.0,17.0,1.4153,0.0,8349.0,8456.0,8445.0,8456.0,0.0,0.0,383.0,353.0,1.4153,100.0,93.0,95.0,0.0,353.0,57.0,57.0,0.0362,0.1089,14.5811,0.1175,0.0107,0.0,0.0053,14.5811,0.1175,0.0107,0.0,0.0053,1.4153,0.0
2021-04-01,20:00,HFSDBSC07,17698.0,17698_Khan Pur Sehwan Nankana Sahib,253.0,7698_Khan Pur Sehwan Nankana Sahib,FAISALABAD_CLUSTER_02_Rural,100%,0.0,31.0,0.0,59.0,0.0,502.0,49.0,55.0,0.0,30.0,1.3264,0.0,8006.0,8899.0,8747.0,8899.0,0.0,1.0,502.0,479.0,1.3264,100.0,59.0,59.0,0.0,479.0,30.0,31.0,0.3605,0.5412,4.3446,0.1189,0.0081,0.0027,0.0135,4.3446,0.1189,0.0081,0.0027,0.0135,1.3264,0.0
2021-04-01,20:00,HFSDBSC07,32187.0,CII-2187-3_Chak No 378 Maan Ka Faisalabad-Z2,240.0,CII-2187_Chak No 378 Maan Ka Faisalabad-Z2,FAISALABAD_CLUSTER_02_Rural,100%,0.0,60.0,0.0,97.0,0.0,285.0,74.0,74.0,0.0,36.0,3.1958,0.0,20440.0,21361.0,21165.0,21361.0,1.0,1.0,285.0,270.0,3.1958,100.0,131.0,142.0,1.0,270.0,60.0,60.0,0.0,0.0,3.022,0.0,0.0,0.0,0.0,3.022,0.0,0.0,0.0,0.0,3.1958,0.0
2021-04-01,20:00,HFSDBSC07,22187.0,CII-2187-2_Chak No 378 Maan Ka Faisalabad-Z2,239.0,CII-2187_Chak No 378 Maan Ka Faisalabad-Z2,FAISALABAD_CLUSTER_02_Rural,100%,0.0,76.0,3.0,123.0,0.0,825.0,94.0,98.0,0.0,48.0,2.6917,3.0,16258.0,16884.0,16089.0,16884.0,2.0,3.0,825.0,799.0,2.6917,100.0,152.0,156.0,2.0,799.0,75.0,76.0,0.0,0.0,8.0794,0.0053,0.0,0.0,0.0,8.0794,0.0053,0.0,0.0,0.0,2.6917,3.0
2021-04-01,20:00,HFSDBSC07,12187.0,CII-2187-1_Chak No 378 Maan Ka Faisalabad-Z2,238.0,CII-2187_Chak No 378 Maan Ka Faisalabad-Z2,FAISALABAD_CLUSTER_02_Rural,100%,0.0,60.0,1.0,119.0,0.0,814.0,109.0,127.0,0.0,58.0,2.1694,1.0,13317.0,13891.0,13616.0,13891.0,0.0,0.0,814.0,785.0,2.1694,100.0,95.0,95.0,0.0,785.0,60.0,60.0,0.0,0.0,4.4565,0.0351,0.0,0.0,0.0,4.4565,0.0351,0.0,0.0,0.0,2.1694,1.0
2021-04-01,20:00,HFSDBSC07,32528.0,CII-2528-3_Chak No 54 GB Faisalabad-Z2,219.0,CII-2528_Chak No 54 GB Faisalabad-Z2,FAISALABAD_CLUSTER_02_Rural,100%,0.0,29.0,0.0,33.0,0.0,207.0,7.0,7.0,0.0,4.0,1.9014,0.0,12941.0,13188.0,12937.0,13188.0,0.0,0.0,207.0,205.0,1.9014,100.0,48.0,48.0,0.0,205.0,29.0,29.0,0.0183,0.5662,14.4267,0.0907,0.08,0.0027,0.0,14.4267,0.0907,0.08,0.0027,0.0,1.9014,0.0
2021-04-01,20:00,HFSDBSC07,22528.0,CII-2528-2_Chak No 54 GB Faisalabad-Z2,218.0,CII-2528_Chak No 54 GB Faisalabad-Z2,FAISALABAD_CLUSTER_02_Rural,100%,0.0,38.0,0.0,71.0,0.0,288.0,73.0,75.0,0.0,34.0,1.2458,0.0,7286.0,7818.0,7720.0,7818.0,2.0,3.0,288.0,280.0,1.2458,100.0,51.0,51.0,2.0,280.0,37.0,38.0,0.0,0.2879,8.2507,0.0613,0.024,0.0,0.0,8.2507,0.0613,0.024,0.0,0.0,1.2458,0.0
2021-04-01,20:00,HFSDBSC07,12528.0,CII-2528-1_Chak No 54 GB Faisalabad-Z2,217.0,CII-2528_Chak No 54 GB Faisalabad-Z2,FAISALABAD_CLUSTER_02_Rural,100%,0.0,126.0,0.0,196.0,0.0,1446.0,110.0,131.0,0.0,74.0,3.3167,0.0,19580.0,19968.0,19823.0,19968.0,1.0,1.0,1446.0,1419.0,3.3167,100.0,322.0,323.0,1.0,1419.0,126.0,126.0,0.0139,0.4734,18.5653,0.4987,0.08800000000000001,0.0027,0.0,18.5653,0.4987,0.08800000000000001,0.0027,0.0,3.3167,0.0
2021-04-01,20:00,HFSDBSC07,35951.0,35951_Makuana Chowk Faisalabad-Z2 (3G-CII-4516),163.0,5951_Makuana Chowk Faisalabad-Z2 (3G-CII-4516),FAISALABAD_CLUSTER_02_Rural,100%,0.0,102.0,2.0,170.0,0.0,975.0,116.0,130.0,0.0,68.0,5.7403,2.0,37536.0,38079.0,37359.0,38079.0,2.0,2.0,975.0,957.0,5.7403,100.0,350.0,354.0,2.0,957.0,102.0,102.0,0.0427,0.2546,12.0265,0.4963,0.0266,0.0054,0.0,12.0265,0.4963,0.0266,0.0054,0.0,5.7403,2.0
2021-04-01,20:00,HFSDBSC07,35765.0,35765_Chak No 70 Rati Rata Faisalabad-Z2 (3G-CII-4694),155.0,5765_Chak No 70 Rati Rata Faisalabad-Z2 (3G-CII-4694),FAISALABAD_CLUSTER_02_Rural,100%,0.0,53.0,0.0,78.0,0.0,269.0,50.0,50.0,0.0,27.0,3.2833,0.0,22493.0,22794.0,22613.0,22794.0,0.0,2.0,269.0,261.0,3.2833,100.0,104.0,106.0,0.0,261.0,51.0,53.0,0.0205,0.2044,12.8907,0.128,0.024,0.0,0.0027,12.8907,0.128,0.024,0.0,0.0027,3.2833,0.0
2021-04-01,20:00,HFSDBSC07,25765.0,25765_Chak No 70 Rati Rata Faisalabad-Z2 (3G-CII-4694),154.0,5765_Chak No 70 Rati Rata Faisalabad-Z2 (3G-CII-4694),FAISALABAD_CLUSTER_02_Rural,100%,0.0,204.0,0.0,227.0,0.0,673.0,48.0,48.0,0.0,25.0,8.6069,0.0,55394.0,56111.0,55777.0,56111.0,0.0,3.0,673.0,655.0,8.6069,100.0,397.0,406.0,0.0,655.0,201.0,204.0,0.5741,2.3123,15.5312,0.8051,0.2907,0.0933,0.0027,15.5312,0.8051,0.2907,0.0933,0.0027,8.6069,0.0
2021-04-01,20:00,HFSDBSC07,25951.0,25951_Makuana Chowk Faisalabad-Z2 (3G-CII-4516),153.0,5951_Makuana Chowk Faisalabad-Z2 (3G-CII-4516),FAISALABAD_CLUSTER_02_Rural,100%,0.0,224.0,1.0,401.0,0.0,867.0,344.0,367.0,0.0,185.0,6.2931,1.0,37744.0,38246.0,37281.0,38246.0,0.0,1.0,867.0,856.0,6.2931,100.0,345.0,347.0,0.0,856.0,223.0,224.0,0.0,0.0468,16.9867,0.0532,0.008,0.0,0.0,16.9867,0.0532,0.008,0.0,0.0,6.2931,1.0
2021-04-01,20:00,HFSDBSC07,15765.0,15765_Chak No 70 Rati Rata Faisalabad-Z2 (3G-CII-4694),152.0,5765_Chak No 70 Rati Rata Faisalabad-Z2 (3G-CII-4694),FAISALABAD_CLUSTER_02_Rural,100%,0.0,20.0,0.0,35.0,0.0,233.0,27.0,29.0,0.0,15.0,0.9944,0.0,6194.0,6556.0,6466.0,6556.0,1.0,1.0,233.0,219.0,0.9944,100.0,67.0,67.0,1.0,219.0,20.0,20.0,0.0,0.0,16.9328,0.1229,0.0,0.0,0.0,16.9328,0.1229,0.0,0.0,0.0,0.9944,0.0
2021-04-01,20:00,HFSDBSC07,15951.0,15951_Makuana Chowk Faisalabad-Z2 (3G-CII-4516),147.0,5951_Makuana Chowk Faisalabad-Z2 (3G-CII-4516),FAISALABAD_CLUSTER_02_Rural,100%,0.0,59.0,1.0,169.0,0.0,515.0,205.0,227.0,0.0,114.0,3.5667,1.0,21948.0,22203.0,21935.0,22203.0,0.0,0.0,515.0,502.0,3.5667,100.0,128.0,128.0,0.0,502.0,59.0,59.0,0.16,1.0909,16.4644,1.6693,0.1707,0.0267,0.0027,16.4644,1.6693,0.1707,0.0267,0.0027,3.5667,1.0
2021-04-01,20:00,HFSDBSC07,35476.0,35476_Arkana Choki Faisalabad-Z2,108.0,5476_Arkana Choki Faisalabad-Z2,FAISALABAD_CLUSTER_02_Rural,100%,0.0,10.0,0.0,18.0,0.0,123.0,16.0,17.0,0.0,8.0,0.2875,0.0,1646.0,1694.0,1671.0,1694.0,0.0,0.0,123.0,121.0,0.2875,100.0,38.0,38.0,0.0,121.0,10.0,10.0,0.0,0.1073,9.8128,0.1497,0.0107,0.0,0.0,9.8128,0.1497,0.0107,0.0,0.0,0.2875,0.0
2021-04-01,20:00,HFSDBSC07,25476.0,25476_Arkana Choki Faisalabad-Z2,107.0,5476_Arkana Choki Faisalabad-Z2,FAISALABAD_CLUSTER_02_Rural,100%,0.0,34.0,0.0,68.0,0.0,386.0,59.0,59.0,0.0,35.0,1.8597,0.0,11418.0,11982.0,11723.0,11983.0,0.0,1.0,386.0,363.0,1.8597,100.0,109.0,112.0,0.0,363.0,33.0,34.0,0.0804,0.5627,3.5562,0.1036,0.0178,0.0,0.003,3.5562,0.1036,0.0178,0.0,0.003,1.8597,0.0
2021-04-01,20:00,HFSDBSC07,15476.0,15476_Arkana Choki Faisalabad-Z2,106.0,5476_Arkana Choki Faisalabad-Z2,FAISALABAD_CLUSTER_02_Rural,100%,0.0,17.0,0.0,39.0,0.0,108.0,28.0,37.0,0.0,24.0,0.3167,0.0,1530.0,1636.0,1615.0,1636.0,0.0,0.0,108.0,103.0,0.3167,100.0,32.0,33.0,0.0,103.0,17.0,17.0,0.0,0.0,6.5401,0.008,0.0,0.0,0.0,6.5401,0.008,0.0,0.0,0.0,0.3167,0.0
2021-04-01,20:00,HFSDBSC08,34772.0,34772_Hanif Shah Jaranwala Lahore Road Nankana Sahib,165.0,4772_Hanif Shah Jaranwala Lahore Road Nankana Sahib,FAISALABAD_CLUSTER_02_Rural,100%,0.0,42.0,7.0,60.0,0.0,757.0,34.0,40.0,0.0,17.0,1.8236,7.0,7803.0,9989.0,8802.0,9989.0,0.0,0.0,757.0,713.0,1.8236,100.0,92.0,95.0,0.0,713.0,42.0,42.0,0.09,1.3969,5.385,0.4652,0.0775,0.0027,0.0027,5.385,0.4652,0.0775,0.0027,0.0027,1.8236,7.0
2021-04-01,20:00,HFSDBSC08,24772.0,24772_Hanif Shah Jaranwala Lahore Road Nankana Sahib,164.0,4772_Hanif Shah Jaranwala Lahore Road Nankana Sahib,FAISALABAD_CLUSTER_02_Rural,100%,0.0,21.0,0.0,24.0,0.0,564.0,6.0,6.0,0.0,3.0,0.6625,0.0,4258.0,4404.0,4397.0,4404.0,6.0,6.0,564.0,521.0,0.6625,100.0,58.0,63.0,6.0,521.0,21.0,21.0,0.0,0.1098,7.2316,0.0453,0.008,0.0,0.0,7.2316,0.0453,0.008,0.0,0.0,0.6625,0.0
2021-04-01,20:00,HFSDBSC08,14772.0,14772_Hanif Shah Jaranwala Lahore Road Nankana Sahib,163.0,4772_Hanif Shah Jaranwala Lahore Road Nankana Sahib,FAISALABAD_CLUSTER_02_Rural,100%,0.0,22.0,0.0,47.0,0.0,543.0,46.0,48.0,0.0,25.0,0.8181,0.0,4790.0,5210.0,5004.0,5210.0,0.0,0.0,543.0,491.0,0.8181,100.0,45.0,50.0,0.0,491.0,22.0,22.0,0.0323,1.3544,7.9386,0.2187,0.1093,0.0027,0.0,7.9386,0.2187,0.1093,0.0027,0.0,0.8181,0.0
2021-04-01,20:00,HFSDBSC08,35384.0,35384_Buchiana Mandi Faisalabad-Z2,177.0,5384_Buchiana Mandi Faisalabad-Z2,FAISALABAD_CLUSTER_02_Rural,100%,0.0,45.0,0.0,59.0,0.0,217.0,24.0,31.0,0.0,14.0,1.6458,0.0,10452.0,10902.0,10850.0,10902.0,0.0,1.0,217.0,212.0,1.6458,100.0,102.0,102.0,0.0,212.0,44.0,45.0,0.0316,0.0316,8.369,0.0695,0.0,0.0,0.0027,8.369,0.0695,0.0,0.0,0.0027,1.6458,0.0
2021-04-01,20:00,HFSDBSC08,25384.0,25384_Buchiana Mandi Faisalabad-Z2,176.0,5384_Buchiana Mandi Faisalabad-Z2,FAISALABAD_CLUSTER_02_Rural,100%,0.0,39.0,4.0,77.0,0.0,418.0,76.0,79.0,0.0,43.0,3.3139,4.0,22498.0,22999.0,22828.0,22999.0,2.0,5.0,418.0,402.0,3.3139,100.0,108.0,110.0,2.0,402.0,36.0,39.0,0.1155,0.5203,4.4346,0.1658,0.0187,0.0,0.0053,4.4346,0.1658,0.0187,0.0,0.0053,3.3139,4.0
2021-04-01,20:00,HFSDBSC08,15384.0,15384_Buchiana Mandi Faisalabad-Z2,175.0,5384_Buchiana Mandi Faisalabad-Z2,FAISALABAD_CLUSTER_02_Rural,100%,0.0,52.0,0.0,41.0,0.0,657.0,6.0,26.0,0.0,22.0,1.6736,0.0,9672.0,9825.0,9449.0,9825.0,8.0,21.0,657.0,618.0,1.6736,100.0,163.0,163.0,8.0,618.0,39.0,52.0,0.0,0.0,19.0408,0.0247,0.0,0.0,0.0,19.0408,0.0247,0.0,0.0,0.0,1.6736,0.0
2021-04-01,20:00,HFSDBSC08,35389.0,35389_Chak No 561 GB Neharkoh Wala Faisalabad-Z2,323.0,5389_Chak No 561 GB Neharkoh Wala Faisalabad-Z2,FAISALABAD_CLUSTER_02_Rural,100%,0.0,69.0,0.0,78.0,0.0,217.0,23.0,23.0,0.0,9.0,3.975,0.0,24959.0,26787.0,26115.0,26787.0,1.0,1.0,217.0,203.0,3.975,100.0,127.0,133.0,1.0,203.0,69.0,69.0,0.0,0.6787,10.0284,0.7928,0.07400000000000001,0.0,0.0,10.0284,0.7928,0.07400000000000001,0.0,0.0,3.975,0.0
2021-04-01,20:00,HFSDBSC08,25389.0,25389_Chak No 561 GB Neharkoh Wala Faisalabad-Z2,322.0,5389_Chak No 561 GB Neharkoh Wala Faisalabad-Z2,FAISALABAD_CLUSTER_02_Rural,100%,0.0,20.0,1.0,38.0,0.0,245.0,33.0,33.0,0.0,18.0,1.3917,1.0,8958.0,9777.0,9516.0,9777.0,1.0,1.0,245.0,242.0,1.3917,100.0,67.0,68.0,1.0,242.0,20.0,20.0,0.0,0.1765,7.2407,0.2407,0.0132,0.0,0.0,7.2407,0.2407,0.0132,0.0,0.0,1.3917,1.0
2021-04-01,20:00,HFSDBSC08,15389.0,15389_Chak No 561 GB Neharkoh Wala Faisalabad-Z2,321.0,5389_Chak No 561 GB Neharkoh Wala Faisalabad-Z2,FAISALABAD_CLUSTER_02_Rural,100%,0.0,20.0,0.0,21.0,0.0,142.0,2.0,2.0,0.0,1.0,0.5444,0.0,3312.0,3320.0,3318.0,3320.0,0.0,0.0,142.0,139.0,0.5444,100.0,85.0,86.0,0.0,139.0,20.0,20.0,0.0,0.0,8.758,0.0106,0.0,0.0,0.0,8.758,0.0106,0.0,0.0,0.0,0.5444,0.0
2021-04-01,20:00,HFSDBSC08,32192.0,CII-2192-3_Ali Pur Adda Faisalabad-Z2,290.0,CII-2192_Ali Pur Adda Faisalabad-Z2,FAISALABAD_CLUSTER_02_Rural,100%,0.0,30.0,1.0,40.0,0.0,312.0,21.0,22.0,0.0,11.0,1.5139,1.0,8641.0,9412.0,8877.0,9412.0,2.0,3.0,312.0,299.0,1.5139,100.0,52.0,52.0,2.0,299.0,29.0,30.0,0.0,0.1662,6.2222,0.1349,0.0106,0.0,0.0,6.2222,0.1349,0.0106,0.0,0.0,1.5139,1.0
2021-04-01,20:00,HFSDBSC08,22192.0,CII-2192-2_Ali Pur Adda Faisalabad-Z2,289.0,CII-2192_Ali Pur Adda Faisalabad-Z2,FAISALABAD_CLUSTER_02_Rural,100%,0.0,36.0,0.0,65.0,0.0,485.0,54.0,57.0,0.0,29.0,2.4111,0.0,15331.0,16200.0,15951.0,16200.0,0.0,0.0,485.0,469.0,2.4111,100.0,65.0,69.0,0.0,469.0,36.0,36.0,0.0,0.0464,11.3417,0.0635,0.0053,0.0,0.0,11.3417,0.0635,0.0053,0.0,0.0,2.4111,0.0
2021-04-01,20:00,HFSDBSC08,12192.0,CII-2192-1_Ali Pur Adda Faisalabad-Z2,288.0,CII-2192_Ali Pur Adda Faisalabad-Z2,FAISALABAD_CLUSTER_02_Rural,100%,0.0,20.0,0.0,27.0,0.0,197.0,15.0,16.0,0.0,7.0,2.0986,0.0,14282.0,14952.0,14675.0,14952.0,0.0,0.0,197.0,190.0,2.0986,100.0,33.0,36.0,0.0,190.0,20.0,20.0,0.0339,0.2032,7.7804,0.0185,0.0132,0.0,0.0027,7.7804,0.0185,0.0132,0.0,0.0027,2.0986,0.0
2021-04-01,20:00,HFSDBSC08,31054.0,CI-1054-3_Kherial Nankana Sahib,281.0,CI-1054_Kherial Nankana Sahib,FAISALABAD_CLUSTER_02_Rural,100%,0.0,36.0,0.0,41.0,0.0,304.0,9.0,9.0,0.0,5.0,1.8208,0.0,12325.0,12623.0,12573.0,12623.0,1.0,1.0,304.0,299.0,1.8208,100.0,78.0,81.0,1.0,299.0,36.0,36.0,0.0,0.0724,6.9715,0.3114,0.0053,0.0,0.0,6.9715,0.3114,0.0053,0.0,0.0,1.8208,0.0
2021-04-01,20:00,HFSDBSC08,21054.0,CI-1054-2_Kherial Nankana Sahib,280.0,CI-1054_Kherial Nankana Sahib,FAISALABAD_CLUSTER_02_Rural,100%,0.0,54.0,3.0,57.0,0.0,295.0,7.0,9.0,0.0,3.0,3.7778,3.0,23651.0,25577.0,24421.0,25577.0,0.0,0.0,295.0,291.0,3.7778,100.0,95.0,97.0,0.0,291.0,54.0,54.0,0.0,0.0,5.2559,0.0106,0.0,0.0,0.0,5.2559,0.0106,0.0,0.0,0.0,3.7778,3.0
2021-04-01,20:00,HFSDBSC08,11054.0,CI-1054-1_Kherial Nankana Sahib,279.0,CI-1054_Kherial Nankana Sahib,FAISALABAD_CLUSTER_02_Rural,100%,0.0,12.0,1.0,17.0,0.0,109.0,10.0,14.0,0.0,5.0,0.5944,1.0,3682.0,3894.0,3881.0,3894.0,0.0,0.0,109.0,105.0,0.5944,100.0,23.0,23.0,0.0,105.0,12.0,12.0,0.0,0.1156,8.9646,0.1504,0.0106,0.0,0.0,8.9646,0.1504,0.0106,0.0,0.0,0.5944,1.0
2021-04-01,20:00,HFSDBSC08,34788.0,34788_Ismailabad Faisalabad-Z2 (3G-CII-3712),263.0,4788_Ismailabad Faisalabad-Z2 (3G-CII-3712),FAISALABAD_CLUSTER_02_Rural,100%,0.0,111.0,0.0,196.0,0.0,1722.0,152.0,176.0,0.0,83.0,4.1028,0.0,25053.0,25782.0,25608.0,25782.0,1.0,1.0,1722.0,1696.0,4.1028,58.2839,263.0,272.0,1.0,1696.0,111.0,111.0,0.2985,0.5224,13.1388,3.1837,0.0367,0.0,0.049,13.1388,3.1837,0.0367,0.0,0.049,4.1028,0.0
2021-04-01,20:00,HFSDBSC08,24788.0,24788_Ismailabad Faisalabad-Z2 (3G-CII-3712),262.0,4788_Ismailabad Faisalabad-Z2 (3G-CII-3712),FAISALABAD_CLUSTER_02_Rural,100%,0.0,13.0,1.0,44.0,0.0,195.0,39.0,50.0,0.0,30.0,0.8764,1.0,5458.0,5810.0,5803.0,5810.0,1.0,1.0,195.0,192.0,0.8764,62.4822,46.0,46.0,1.0,192.0,13.0,13.0,0.5133,1.5632,14.4232,0.4406,0.1585,0.0,0.0775,14.4232,0.4406,0.1585,0.0,0.0775,0.8764,1.0
2021-04-01,20:00,HFSDBSC08,14788.0,14788_Ismailabad Faisalabad-Z2 (3G-CII-3712),261.0,4788_Ismailabad Faisalabad-Z2 (3G-CII-3712),FAISALABAD_CLUSTER_02_Rural,100%,0.0,47.0,1.0,97.0,0.0,585.0,83.0,87.0,0.0,50.0,4.7236,1.0,33057.0,33317.0,33244.0,33317.0,0.0,0.0,585.0,584.0,4.7236,64.6341,83.0,84.0,0.0,584.0,47.0,47.0,0.5538,0.5538,20.4379,1.6203,0.0,0.0,0.1228,20.4379,1.6203,0.0,0.0,0.1228,4.7236,1.0
2021-04-01,20:00,HFSDBSC08,34789.0,34789_Chalis Mor Faisalabad-Z2 (3G-CII-3713),257.0,4789_Chalis Mor Faisalabad-Z2 (3G-CII-3713),FAISALABAD_CLUSTER_02_Rural,100%,0.0,37.0,0.0,62.0,0.0,525.0,48.0,52.0,0.0,26.0,2.2542,0.0,15201.0,15383.0,15158.0,15383.0,0.0,0.0,525.0,523.0,2.2542,53.0815,100.0,101.0,0.0,523.0,37.0,37.0,0.2534,0.2815,17.2695,0.0931,0.0049,0.0049,0.0392,17.2695,0.0931,0.0049,0.0049,0.0392,2.2542,0.0
2021-04-01,20:00,HFSDBSC08,24789.0,24789_Chalis Mor Faisalabad-Z2 (3G-CII-3713),256.0,4789_Chalis Mor Faisalabad-Z2 (3G-CII-3713),FAISALABAD_CLUSTER_02_Rural,100%,0.0,25.0,0.0,58.0,0.0,401.0,56.0,61.0,0.0,36.0,1.275,0.0,8436.0,8686.0,8671.0,8686.0,0.0,0.0,401.0,387.0,1.275,52.633,96.0,97.0,0.0,387.0,25.0,25.0,0.436,0.436,12.299000000000001,0.0147,0.0,0.0147,0.0392,12.299000000000001,0.0147,0.0,0.0147,0.0392,1.275,0.0
2021-04-01,20:00,HFSDBSC08,14789.0,14789_Chalis Mor Faisalabad-Z2 (3G-CII-3713),255.0,4789_Chalis Mor Faisalabad-Z2 (3G-CII-3713),FAISALABAD_CLUSTER_02_Rural,100%,0.0,28.0,0.0,48.0,0.0,167.0,38.0,38.0,0.0,20.0,1.8417,0.0,12029.0,12054.0,12032.0,12054.0,1.0,1.0,167.0,164.0,1.8417,52.6389,82.0,85.0,1.0,164.0,28.0,28.0,0.7539,1.3304,10.665,0.46,0.065,0.005,0.08,10.665,0.46,0.065,0.005,0.08,1.8417,0.0
2021-04-01,20:00,HFSDBSC08,34784.0,34784_Chak No 100 Judgewala Faisalabad-Z2,244.0,4784_Chak No 100 Judgewala Faisalabad-Z2,FAISALABAD_CLUSTER_02_Rural,100%,0.0,13.0,1.0,27.0,0.0,147.0,26.0,29.0,0.0,15.0,0.2042,1.0,675.0,832.0,803.0,832.0,0.0,0.0,147.0,134.0,0.2042,100.0,35.0,39.0,0.0,134.0,13.0,13.0,5.4659,13.6287,8.2328,1.2566,0.8968,0.3836,0.2169,8.2328,1.2566,0.8968,0.3836,0.2169,0.2042,1.0
2021-04-01,20:00,HFSDBSC08,24784.0,24784_Chak No 100 Judgewala Faisalabad-Z2,238.0,4784_Chak No 100 Judgewala Faisalabad-Z2,FAISALABAD_CLUSTER_02_Rural,100%,0.0,46.0,1.0,80.0,0.0,356.0,68.0,73.0,0.0,35.0,1.9597,1.0,12282.0,12598.0,12299.0,12598.0,0.0,0.0,356.0,353.0,1.9597,100.0,124.0,125.0,0.0,353.0,46.0,46.0,0.0,0.0,15.3404,0.0106,0.0,0.0,0.0,15.3404,0.0106,0.0,0.0,0.0,1.9597,1.0
2021-04-01,20:00,HFSDBSC08,14784.0,14784_Chak No 100 Judgewala Faisalabad-Z2,233.0,4784_Chak No 100 Judgewala Faisalabad-Z2,FAISALABAD_CLUSTER_02_Rural,100%,0.0,38.0,0.0,45.0,0.0,310.0,12.0,13.0,0.0,7.0,2.7681,0.0,19340.0,19691.0,19622.0,19691.0,0.0,0.0,310.0,310.0,2.7681,100.0,187.0,187.0,0.0,310.0,38.0,38.0,0.0,0.1974,12.9809,0.4498,0.0266,0.0,0.0,12.9809,0.4498,0.0266,0.0,0.0,2.7681,0.0
2021-04-01,20:00,HFSDBSC08,34752.0,34752_Circular Road Faisalabad-Z2 (3G-CII-3710),224.0,4752_Circular Road Faisalabad-Z2 (3G-CII-3710),FAISALABAD_CLUSTER_02_Rural,100%,0.0,85.0,0.0,209.0,0.0,802.0,237.0,247.0,0.0,126.0,5.7472,0.0,38973.0,39167.0,38890.0,39167.0,0.0,1.0,802.0,798.0,5.7472,100.0,194.0,194.0,0.0,798.0,84.0,85.0,0.0137,0.0275,19.3327,0.0857,0.0027,0.0027,0.0,19.3327,0.0857,0.0027,0.0027,0.0,5.7472,0.0
2021-04-01,20:00,HFSDBSC08,24752.0,24752_Circular Road Faisalabad-Z2 (3G-CII-3710),223.0,4752_Circular Road Faisalabad-Z2 (3G-CII-3710),FAISALABAD_CLUSTER_02_Rural,100%,0.0,94.0,0.0,237.0,0.0,577.0,284.0,291.0,0.0,145.0,3.5986,0.0,23034.0,23348.0,23339.0,23348.0,0.0,2.0,577.0,564.0,3.5986,100.0,229.0,231.0,0.0,564.0,92.0,94.0,0.0,0.0,19.4463,0.0469,0.0,0.0,0.0,19.4463,0.0469,0.0,0.0,0.0,3.5986,0.0
2021-04-01,20:00,HFSDBSC08,14752.0,14752_Circular Road Faisalabad-Z2 (3G-CII-3710),222.0,4752_Circular Road Faisalabad-Z2 (3G-CII-3710),FAISALABAD_CLUSTER_02_Rural,100%,0.0,151.0,2.0,283.0,0.0,1550.0,267.0,276.0,0.0,136.0,6.9431,2.0,45253.0,45786.0,45179.0,45786.0,0.0,4.0,1550.0,1545.0,6.9431,100.0,302.0,304.0,0.0,1545.0,147.0,151.0,0.0,0.0,16.0767,0.0243,0.0,0.0,0.0,16.0767,0.0243,0.0,0.0,0.0,6.9431,2.0
2021-04-01,20:00,HFSDBSC08,34773.0,34773_Buchakee City Sheikhupura,162.0,4773_Buchakee City Sheikhupura,FAISALABAD_CLUSTER_02_Rural,100%,0.0,0.0,0.0,0.0,0.0,0.0,0.0,0.0,0.0,0.0,0.0,0.0,0.0,0.0,0.0,0.0,0.0,0.0,0.0,0.0,0.0,0.0,0.0,0.0,0.0,0.0,0.0,0.0,,,,,,,,,,,,,0.0,0.0
2021-04-01,20:00,HFSDBSC08,24773.0,24773_Buchakee City Sheikhupura,161.0,4773_Buchakee City Sheikhupura,FAISALABAD_CLUSTER_02_Rural,100%,0.0,0.0,0.0,0.0,0.0,0.0,0.0,0.0,0.0,0.0,0.0,0.0,0.0,0.0,0.0,0.0,0.0,0.0,0.0,0.0,0.0,0.0,0.0,0.0,0.0,0.0,0.0,0.0,,,,,,,,,,,,,0.0,0.0
2021-04-01,20:00,HFSDBSC08,14773.0,14773_Buchakee City Sheikhupura,160.0,4773_Buchakee City Sheikhupura,FAISALABAD_CLUSTER_02_Rural,100%,0.0,0.0,0.0,0.0,0.0,0.0,0.0,0.0,0.0,0.0,0.0,0.0,0.0,0.0,0.0,0.0,0.0,0.0,0.0,0.0,0.0,0.0,0.0,0.0,0.0,0.0,0.0,0.0,,,,,,,,,,,,,0.0,0.0
2021-04-01,20:00,HFSDBSC08,34774.0,34774_Chak No 654 GB Faisalabad-Z2,159.0,4774_Chak No 654 GB Faisalabad-Z2,FAISALABAD_CLUSTER_02_Rural,100%,0.0,41.0,0.0,72.0,0.0,408.0,62.0,69.0,0.0,31.0,1.3333,0.0,7799.0,8253.0,8152.0,8253.0,1.0,1.0,408.0,385.0,1.3333,100.0,97.0,105.0,1.0,385.0,41.0,41.0,0.0,0.0,12.5054,0.0267,0.0,0.0,0.0,12.5054,0.0267,0.0,0.0,0.0,1.3333,0.0
2021-04-01,20:00,HFSDBSC08,24774.0,24774_Chak No 654 GB Faisalabad-Z2,158.0,4774_Chak No 654 GB Faisalabad-Z2,FAISALABAD_CLUSTER_02_Rural,100%,0.0,73.0,0.0,142.0,0.0,821.0,128.0,135.0,0.0,71.0,2.3181,0.0,13626.0,14209.0,13908.0,14209.0,1.0,1.0,821.0,789.0,2.3181,100.0,164.0,169.0,1.0,789.0,73.0,73.0,0.0,0.2551,11.4358,0.0642,0.0294,0.0,0.0,11.4358,0.0642,0.0294,0.0,0.0,2.3181,0.0
2021-04-01,20:00,HFSDBSC08,14774.0,14774_Chak No 654 GB Faisalabad-Z2,157.0,4774_Chak No 654 GB Faisalabad-Z2,FAISALABAD_CLUSTER_02_Rural,100%,0.0,130.0,0.0,200.0,0.0,615.0,148.0,154.0,0.0,71.0,4.5222,0.0,27761.0,28835.0,28265.0,28835.0,7.0,8.0,615.0,590.0,4.5222,100.0,314.0,318.0,7.0,590.0,129.0,130.0,0.0,0.6794,7.9888,1.0193,0.0616,0.0,0.0,7.9888,1.0193,0.0616,0.0,0.0,4.5222,0.0
2021-04-01,20:00,HFSDBSC08,34767.0,34767_PTCL Exchange Pul 293 GB Faisalabad-Z2,144.0,4767_PTCL Exchange Pul 293 GB Faisalabad-Z2,FAISALABAD_CLUSTER_02_Rural,100%,0.0,97.0,3.0,98.0,0.0,451.0,2.0,2.0,0.0,1.0,4.0333,3.0,25011.0,26507.0,25978.0,26507.0,1.0,1.0,451.0,439.0,4.0333,100.0,190.0,195.0,1.0,439.0,97.0,97.0,0.0,0.0465,5.6567,0.0831,0.0027,0.0,0.0,5.6567,0.0831,0.0027,0.0,0.0,4.0333,3.0
2021-04-01,20:00,HFSDBSC08,24767.0,24767_PTCL Exchange Pul 293 GB Faisalabad-Z2,143.0,4767_PTCL Exchange Pul 293 GB Faisalabad-Z2,FAISALABAD_CLUSTER_02_Rural,100%,0.0,114.0,0.0,121.0,0.0,430.0,18.0,19.0,0.0,9.0,4.0819,0.0,26145.0,26963.0,26795.0,26963.0,1.0,3.0,430.0,400.0,4.0819,100.0,240.0,254.0,1.0,400.0,112.0,114.0,0.0,0.0472,5.5963,0.0615,0.0027,0.0,0.0,5.5963,0.0615,0.0027,0.0,0.0,4.0819,0.0
2021-04-01,20:00,HFSDBSC08,14767.0,14767_PTCL Exchange Pul 293 GB Faisalabad-Z2,142.0,4767_PTCL Exchange Pul 293 GB Faisalabad-Z2,FAISALABAD_CLUSTER_02_Rural,100%,0.0,6.0,1.0,9.0,0.0,105.0,6.0,7.0,0.0,3.0,0.0611,1.0,39.0,63.0,63.0,63.0,0.0,0.0,105.0,96.0,0.0611,100.0,14.0,15.0,0.0,96.0,6.0,6.0,0.0,0.0301,8.7941,0.0695,0.0027,0.0,0.0,8.7941,0.0695,0.0027,0.0,0.0,0.0611,1.0
2021-04-01,20:00,HFSDBSC08,34088.0,34088_Hussain Town Faisalabad-Z2 (3G-CII-4545),135.0,4088_Hussain Town Faisalabad-Z2 (3G-CII-4545),FAISALABAD_CLUSTER_02_Rural,100%,0.0,76.0,1.0,218.0,0.0,914.0,291.0,304.0,0.0,143.0,3.7125,1.0,23497.0,24329.0,24108.0,24329.0,7.0,7.0,914.0,890.0,3.7125,100.0,263.0,267.0,7.0,890.0,76.0,76.0,0.0586,0.1464,17.8518,0.2911,0.016,0.0106,0.0,17.8518,0.2911,0.016,0.0106,0.0,3.7125,1.0
2021-04-01,20:00,HFSDBSC08,24088.0,24088_Hussain Town Faisalabad-Z2 (3G-CII-4545),134.0,4088_Hussain Town Faisalabad-Z2 (3G-CII-4545),FAISALABAD_CLUSTER_02_Rural,100%,0.0,63.0,1.0,205.0,0.0,291.0,273.0,280.0,0.0,143.0,2.8556,1.0,18580.0,18970.0,18951.0,18970.0,0.0,0.0,291.0,282.0,2.8556,100.0,109.0,110.0,0.0,282.0,63.0,63.0,0.0,0.1413,7.4436,0.0959,0.0107,0.0,0.0,7.4436,0.0959,0.0107,0.0,0.0,2.8556,1.0
2021-04-01,20:00,HFSDBSC08,14088.0,14088_Hussain Town Faisalabad-Z2 (3G-CII-4545),133.0,4088_Hussain Town Faisalabad-Z2 (3G-CII-4545),FAISALABAD_CLUSTER_02_Rural,100%,0.0,105.0,3.0,206.0,0.0,724.0,181.0,192.0,0.0,101.0,7.3167,3.0,49322.0,49936.0,49629.0,49936.0,1.0,1.0,724.0,714.0,7.3167,100.0,200.0,204.0,1.0,714.0,105.0,105.0,0.0,0.2598,13.2171,1.0078,0.0371,0.0,0.0,13.2171,1.0078,0.0371,0.0,0.0,7.3167,3.0
2021-04-01,20:00,HFSDBSC08,34097.0,34097_Lokhey Sweety Textile Faisalabad-Z2 (3G-CII-4546),120.0,4097_Lokhey Sweety Textile Faisalabad-Z2 (3G-CII-4546),FAISALABAD_CLUSTER_02_Rural,100%,0.0,161.0,1.0,175.0,0.0,866.0,29.0,34.0,0.0,15.0,5.4083,1.0,32639.0,34551.0,34433.0,34551.0,1.0,1.0,866.0,850.0,5.4083,100.0,727.0,735.0,1.0,850.0,161.0,161.0,0.0,0.5443,5.53,0.3174,0.032,0.0,0.0,5.53,0.3174,0.032,0.0,0.0,5.4083,1.0
2021-04-01,20:00,HFSDBSC08,24097.0,24097_Lokhey Sweety Textile Faisalabad-Z2 (3G-CII-4546),119.0,4097_Lokhey Sweety Textile Faisalabad-Z2 (3G-CII-4546),FAISALABAD_CLUSTER_02_Rural,100%,0.0,229.0,3.0,265.0,0.0,770.0,63.0,63.0,0.0,36.0,11.8472,3.0,78778.0,79900.0,78915.0,79900.0,3.0,4.0,770.0,725.0,11.8472,100.0,391.0,403.0,3.0,725.0,228.0,229.0,2.2618,6.0531,3.4389999999999996,0.9941,0.1789,0.0881,0.0187,3.4389999999999996,0.9941,0.1789,0.0881,0.0187,11.8472,3.0
2021-04-01,20:00,HFSDBSC08,14097.0,14097_Lokhey Sweety Textile Faisalabad-Z2 (3G-CII-4546),118.0,4097_Lokhey Sweety Textile Faisalabad-Z2 (3G-CII-4546),FAISALABAD_CLUSTER_02_Rural,100%,0.0,93.0,5.0,132.0,0.0,465.0,86.0,89.0,0.0,41.0,4.025,5.0,24756.0,25440.0,24977.0,25440.0,0.0,0.0,465.0,456.0,4.025,100.0,181.0,185.0,0.0,456.0,93.0,93.0,0.024,0.2882,10.7675,0.3342,0.0294,0.0027,0.0,10.7675,0.3342,0.0294,0.0027,0.0,4.025,5.0
2021-04-01,20:00,HFSDBSC08,34070.0,34070_Chak No 100 Phalayi Wala Faisalabad-Z2 (3G-CII-4541),117.0,4070_Chak No 100 Phalayi Wala Faisalabad-Z2 (3G-CII-4541),FAISALABAD_CLUSTER_02_Rural,100%,0.0,143.0,0.0,157.0,0.0,362.0,30.0,31.0,0.0,15.0,5.2167,0.0,33274.0,33904.0,33642.0,33904.0,1.0,2.0,362.0,353.0,5.2167,100.0,207.0,210.0,1.0,353.0,142.0,143.0,0.0356,0.6049,6.0133,1.4149,0.0426,0.0027,0.0,6.0133,1.4149,0.0426,0.0027,0.0,5.2167,0.0
2021-04-01,20:00,HFSDBSC08,24070.0,24070_Chak No 100 Phalayi Wala Faisalabad-Z2 (3G-CII-4541),116.0,4070_Chak No 100 Phalayi Wala Faisalabad-Z2 (3G-CII-4541),FAISALABAD_CLUSTER_02_Rural,100%,0.0,29.0,1.0,45.0,0.0,250.0,31.0,36.0,0.0,16.0,1.7625,1.0,11632.0,12386.0,12257.0,12386.0,0.0,2.0,250.0,230.0,1.7625,100.0,52.0,58.0,0.0,230.0,27.0,29.0,0.0,0.3218,7.9548,0.2846,0.0266,0.0,0.0,7.9548,0.2846,0.0266,0.0,0.0,1.7625,1.0
2021-04-01,20:00,HFSDBSC08,14070.0,14070_Chak No 100 Phalayi Wala Faisalabad-Z2 (3G-CII-4541),115.0,4070_Chak No 100 Phalayi Wala Faisalabad-Z2 (3G-CII-4541),FAISALABAD_CLUSTER_02_Rural,100%,0.0,38.0,3.0,56.0,0.0,337.0,29.0,36.0,0.0,18.0,2.3542,3.0,13922.0,15012.0,14904.0,15012.0,0.0,1.0,337.0,320.0,2.3542,100.0,90.0,94.0,0.0,320.0,37.0,38.0,0.0858,0.3003,6.0851,0.0958,0.0133,0.0,0.0053,6.0851,0.0958,0.0133,0.0,0.0053,2.3542,3.0
2021-04-01,20:00,HFSDBSC08,34755.0,34755_Molallah Waryam Nagar Faisalabad-Z2 (3G-CII-4613),3.0,4755_Molallah Waryam Nagar Faisalabad-Z2 (3G-CII-4613),FAISALABAD_CLUSTER_02_Rural,100%,0.0,112.0,3.0,165.0,0.0,1357.0,130.0,140.0,0.0,55.0,5.5806,3.0,37142.0,38061.0,37714.0,38061.0,3.0,5.0,1357.0,1315.0,5.5806,100.0,266.0,280.0,3.0,1315.0,110.0,112.0,0.0,0.0463,11.3295,0.2155,0.0054,0.0,0.0,11.3295,0.2155,0.0054,0.0,0.0,5.5806,3.0
2021-04-01,20:00,HFSDBSC08,24755.0,24755_Molallah Waryam Nagar Faisalabad-Z2 (3G-CII-4613),2.0,4755_Molallah Waryam Nagar Faisalabad-Z2 (3G-CII-4613),FAISALABAD_CLUSTER_02_Rural,100%,0.0,103.0,0.0,225.0,0.0,463.0,233.0,236.0,1.0,123.0,4.5458,0.0,29259.0,30483.0,30402.0,30483.0,0.0,0.0,463.0,458.0,4.5458,100.0,224.0,225.0,0.0,458.0,103.0,103.0,0.0,0.2772,1.9040000000000001,0.0133,0.0053,0.0,0.0,1.9040000000000001,0.0133,0.0053,0.0,0.0,4.5458,0.0
2021-04-01,20:00,HFSDBSC08,14755.0,14755_Molallah Waryam Nagar Faisalabad-Z2 (3G-CII-4613),1.0,4755_Molallah Waryam Nagar Faisalabad-Z2 (3G-CII-4613),FAISALABAD_CLUSTER_02_Rural,100%,0.0,48.0,0.0,111.0,0.0,316.0,127.0,130.0,0.0,63.0,2.6917,0.0,18256.0,18429.0,18262.0,18429.0,0.0,0.0,316.0,313.0,2.6917,100.0,97.0,98.0,0.0,313.0,48.0,48.0,0.0,0.0,19.6857,0.0645,0.0,0.0,0.0,19.6857,0.0645,0.0,0.0,0.0,2.6917,0.0
