Date,Time,GBSC,Cell CI,Cell Name,CellIndex,Site Name,Location,Integrity,_CallSetup TCH GOS(%)_N,_CallSetup TCH GOS(%)_D,_DCR_N,_DCR_D,_GOS-SDCCH(%)_N,_GOS-SDCCH(%)_D,_HSR%_N,_HSR%_D,_Mobility TCH GOS(%)_N,_Mobility TCH GOS(%)_D,_MTBD (Mean Time between Drop)_N,_MTBD (Mean Time between Drop)_D,_RxQual Index DL_1,_RxQual Index DL_2,_RxQual Index UL_1,_RxQual Index UL_2,CSSR_Non Blocking_1_N,CSSR_Non Blocking_2_N,CSSR_Non Blocking_1_D,CSSR_Non Blocking_2_D,GlobelTraffic,TCH Availability Rate,_cssr_Call Setup Indications (Circuit Service)_N_1,_Cssr_Channel Requests (Circuit Service)_D_1,_CSSR_Call Drops on SDCCH_N_2,_CSSR_Successful SDCCH Seizures_D_2,_CSSR_Successful TCH Seizures (Traffic Channel)_N_3,_CSSR_TCH Seizure Requests (Traffic Channel)_D_3,Interference Band Proportion (4~5)(%),Interference Band 345,Mean Number of TCH in Interference Band 1,Mean Number of TCH in Interference Band 2,Mean Number of TCH in Interference Band 3,Mean Number of TCH in Interference Band 4,Mean Number of TCH in Interference Band 5,Mean Number of TCH in Interference Band 1.1,Mean Number of TCH in Interference Band 2.1,Mean Number of TCH in Interference Band 3.1,Mean Number of TCH in Interference Band 4.1,Mean Number of TCH in Interference Band 5.1,K3014:Traffic Volume on TCH(Erl),CM33:Call Drops on Traffic Channel
2021-04-01,19:00,HLHRBSC16,17461.0,17461_Pace Model Town Link Road (Micro) Lahore-Z0,197.0,7461_Pace Model Town Link Road (Micro) Lahore-Z0,LAHORE_CLUSTER_12_Urban,100%,0.0,1.0,0.0,2.0,0.0,1.0,2.0,2.0,0.0,1.0,0.0222,0.0,132.0,132.0,132.0,132.0,0.0,0.0,1.0,1.0,0.0222,100.0,1.0,1.0,0.0,1.0,1.0,1.0,0.0,0.0,3.9707,0.0,0.0,0.0,0.0,3.9707,0.0,0.0,0.0,0.0,0.0222,0.0
2021-04-01,19:00,HLHRBSC16,17326.0,17326_Link Road Model Town Lahore-Z3 (3G-CI-4101),196.0,7326_Link Road Model Town Lahore-Z3 (3G-CI-4101),LAHORE_CLUSTER_12_Urban,100%,0.0,92.0,1.0,239.0,0.0,305.0,274.0,279.0,0.0,136.0,3.1278,1.0,15858.0,17112.0,16860.0,17112.0,1.0,2.0,305.0,291.0,3.1278,100.0,136.0,137.0,1.0,291.0,91.0,92.0,0.17800000000000002,0.6725,12.575,0.8527,0.0669,0.0134,0.0107,12.575,0.8527,0.0669,0.0134,0.0107,3.1278,1.0
2021-04-01,19:00,HLHRBSC16,27326.0,27326_Link Road Model Town Lahore-Z3 (3G-CI-4101),195.0,7326_Link Road Model Town Lahore-Z3 (3G-CI-4101),LAHORE_CLUSTER_12_Urban,100%,0.0,132.0,0.0,523.0,0.0,800.0,773.0,787.0,0.0,392.0,17.8306,0.0,119018.0,119168.0,119018.0,119168.0,4.0,4.0,800.0,758.0,17.8306,100.0,256.0,262.0,4.0,758.0,132.0,132.0,17.247,32.808,5.6986,3.1119,2.0404,0.8722,1.3893,5.6986,3.1119,2.0404,0.8722,1.3893,17.8306,0.0
2021-04-01,19:00,HLHRBSC16,37326.0,37326_Link Road Model Town Lahore-Z3 (3G-CI-4101),194.0,7326_Link Road Model Town Lahore-Z3 (3G-CI-4101),LAHORE_CLUSTER_12_Urban,100%,0.0,115.0,0.0,212.0,0.0,877.0,208.0,216.0,0.0,99.0,5.0556,0.0,32182.0,32190.0,32140.0,32190.0,0.0,1.0,877.0,869.0,5.0556,100.0,188.0,188.0,0.0,869.0,114.0,115.0,0.2307,1.7394,14.2781,0.5241,0.2273,0.0348,0.0,14.2781,0.5241,0.2273,0.0348,0.0,5.0556,0.0
2021-04-01,19:00,HLHRBSC16,37297.0,37297_Block F Model Town Lahore-Z3 (3G-CI-4096),193.0,7297_Block F Model Town Lahore-Z3 (3G-CI-4096),LAHORE_CLUSTER_12_Urban,100%,0.0,62.0,0.0,147.0,0.0,175.0,175.0,176.0,0.0,85.0,3.6514,0.0,24274.0,24310.0,24290.0,24310.0,1.0,1.0,175.0,168.0,3.6514,100.0,89.0,94.0,1.0,168.0,62.0,62.0,0.0,0.5777,3.5319,0.1303,0.0213,0.0,0.0,3.5319,0.1303,0.0213,0.0,0.0,3.6514,0.0
2021-04-01,19:00,HLHRBSC16,27297.0,27297_Block F Model Town Lahore-Z3 (3G-CI-4096),192.0,7297_Block F Model Town Lahore-Z3 (3G-CI-4096),LAHORE_CLUSTER_12_Urban,100%,0.0,62.0,0.0,199.0,0.0,290.0,279.0,283.0,0.0,138.0,2.2833,0.0,12928.0,12966.0,12932.0,12966.0,0.0,0.0,290.0,260.0,2.2833,100.0,94.0,108.0,0.0,260.0,62.0,62.0,0.1949,1.097,0.2207,10.582,0.0985,0.0186,0.0027,0.2207,10.582,0.0985,0.0186,0.0027,2.2833,0.0
2021-04-01,19:00,HLHRBSC16,17297.0,17297_Block F Model Town Lahore-Z3 (3G-CI-4096),191.0,7297_Block F Model Town Lahore-Z3 (3G-CI-4096),LAHORE_CLUSTER_12_Urban,100%,0.0,66.0,1.0,183.0,0.0,314.0,236.0,237.0,0.0,117.0,3.05,1.0,18728.0,18758.0,17516.0,18758.0,1.0,1.0,314.0,306.0,3.05,100.0,196.0,198.0,1.0,306.0,66.0,66.0,98.0159,98.3835,0.0027,0.055999999999999994,0.0133,0.0053,3.552,0.0027,0.055999999999999994,0.0133,0.0053,3.552,3.05,1.0
2021-04-01,19:00,HLHRBSC16,37134.0,37134_Block P Model Town Lahore-Z3 (3G-CI-4355),190.0,7134_Block P Model Town Lahore-Z3 (3G-CI-4355),LAHORE_CLUSTER_12_Urban,100%,0.0,21.0,0.0,79.0,0.0,164.0,116.0,117.0,0.0,58.0,0.7458,0.0,4304.0,4308.0,4300.0,4308.0,0.0,0.0,164.0,164.0,0.7458,100.0,66.0,66.0,0.0,164.0,21.0,21.0,0.1068,0.6141,9.7205,0.2326,0.0508,0.0054,0.0054,9.7205,0.2326,0.0508,0.0054,0.0054,0.7458,0.0
2021-04-01,19:00,HLHRBSC16,27134.0,27134_Block P Model Town Lahore-Z3 (3G-CI-4355),189.0,7134_Block P Model Town Lahore-Z3 (3G-CI-4355),LAHORE_CLUSTER_12_Urban,100%,0.0,30.0,1.0,62.0,0.0,225.0,52.0,54.0,0.0,32.0,0.9569,1.0,5550.0,5576.0,5576.0,5576.0,0.0,0.0,225.0,223.0,0.9569,100.0,46.0,46.0,0.0,223.0,30.0,30.0,1.003,2.6003,6.4907,0.5013,0.1147,0.0533,0.0187,6.4907,0.5013,0.1147,0.0533,0.0187,0.9569,1.0
2021-04-01,19:00,HLHRBSC16,17134.0,17134_Block P Model Town Lahore-Z3 (3G-CI-4355),188.0,7134_Block P Model Town Lahore-Z3 (3G-CI-4355),LAHORE_CLUSTER_12_Urban,100%,0.0,42.0,1.0,103.0,0.0,149.0,121.0,123.0,0.0,61.0,1.0542,1.0,5696.0,5756.0,5756.0,5756.0,0.0,0.0,149.0,133.0,1.0542,100.0,103.0,104.0,0.0,133.0,42.0,42.0,0.1264,15.652000000000001,8.7139,1.992,1.9706,0.0107,0.0054,8.7139,1.992,1.9706,0.0107,0.0054,1.0542,1.0
2021-04-01,19:00,HLHRBSC16,37108.0,37108_Block M Model Town (Gold) Lahore-Z3 (3G-CI-4343),187.0,7108_Block M Model Town (Gold) Lahore-Z3 (3G-CI-4343),LAHORE_CLUSTER_12_Urban,100%,0.0,111.0,0.0,182.0,0.0,303.0,142.0,143.0,0.0,72.0,2.2958,0.0,12148.0,12172.0,12156.0,12172.0,0.0,0.0,303.0,298.0,2.2958,100.0,203.0,206.0,0.0,298.0,111.0,111.0,0.348,1.1434,9.3173,1.288,0.0853,0.0187,0.0187,9.3173,1.288,0.0853,0.0187,0.0187,2.2958,0.0
2021-04-01,19:00,HLHRBSC16,27108.0,27108_Block M Model Town (Gold) Lahore-Z3 (3G-CI-4343),186.0,7108_Block M Model Town (Gold) Lahore-Z3 (3G-CI-4343),LAHORE_CLUSTER_12_Urban,100%,0.0,51.0,0.0,125.0,0.0,131.0,146.0,149.0,0.0,74.0,0.9181,0.0,4154.0,4260.0,4248.0,4260.0,1.0,1.0,131.0,125.0,0.9181,100.0,75.0,77.0,1.0,125.0,51.0,51.0,0.11,0.55,7.4693,2.176,0.0427,0.0107,0.0,7.4693,2.176,0.0427,0.0107,0.0,0.9181,0.0
2021-04-01,19:00,HLHRBSC16,17108.0,17108_Block M Model Town (Gold) Lahore-Z3 (3G-CI-4343),185.0,7108_Block M Model Town (Gold) Lahore-Z3 (3G-CI-4343),LAHORE_CLUSTER_12_Urban,100%,0.0,51.0,0.0,74.0,0.0,199.0,46.0,47.0,0.0,23.0,1.0375,0.0,6034.0,6034.0,5990.0,6034.0,0.0,0.0,199.0,193.0,1.0375,100.0,108.0,113.0,0.0,193.0,51.0,51.0,4.0673,10.1113,3.5214,7.0562,0.7112,0.2995,0.1792,3.5214,7.0562,0.7112,0.2995,0.1792,1.0375,0.0
2021-04-01,19:00,HLHRBSC16,37040.0,37040_Block G Link Road Model Town Lahore-Z3 (3G-CI-4053),181.0,7040_Block G Link Road Model Town Lahore-Z3 (3G-CI-4053),LAHORE_CLUSTER_12_Urban,100%,0.0,42.0,0.0,98.0,0.0,122.0,101.0,105.0,0.0,56.0,2.0222,0.0,12694.0,12780.0,12774.0,12780.0,1.0,1.0,122.0,120.0,2.0222,100.0,91.0,91.0,1.0,120.0,42.0,42.0,0.0615,0.2765,8.4011,0.2807,0.0187,0.0054,0.0,8.4011,0.2807,0.0187,0.0054,0.0,2.0222,0.0
2021-04-01,19:00,HLHRBSC16,27040.0,27040_Block G Link Road Model Town Lahore-Z3 (3G-CI-4053),180.0,7040_Block G Link Road Model Town Lahore-Z3 (3G-CI-4053),LAHORE_CLUSTER_12_Urban,100%,0.0,73.0,0.0,249.0,0.0,939.0,313.0,325.0,0.0,177.0,4.2,0.0,26484.0,26694.0,26210.0,26694.0,0.0,0.0,939.0,884.0,4.2,100.0,184.0,196.0,0.0,884.0,73.0,73.0,0.4692,2.1113,8.2834,8.4519,0.2807,0.0615,0.0187,8.2834,8.4519,0.2807,0.0615,0.0187,4.2,0.0
2021-04-01,19:00,HLHRBSC16,17040.0,17040_Block G Link Road Model Town Lahore-Z3 (3G-CI-4053),179.0,7040_Block G Link Road Model Town Lahore-Z3 (3G-CI-4053),LAHORE_CLUSTER_12_Urban,100%,0.0,69.0,0.0,115.0,0.0,136.0,96.0,96.0,0.0,46.0,1.7111,0.0,9718.0,9718.0,9716.0,9718.0,0.0,0.0,136.0,135.0,1.7111,100.0,99.0,100.0,0.0,135.0,69.0,69.0,0.9961,2.9883,8.8048,1.8717,0.2193,0.0722,0.0374,8.8048,1.8717,0.2193,0.0722,0.0374,1.7111,0.0
2021-04-01,19:00,HLHRBSC16,37312.0,37312_Block E Model Town Lahore-Z3 (3G-CI-4099),175.0,7312_Block E Model Town Lahore-Z3 (3G-CI-4099),LAHORE_CLUSTER_12_Urban,100%,0.0,37.0,0.0,99.0,0.0,243.0,122.0,122.0,0.0,62.0,1.5222,0.0,9022.0,9582.0,9554.0,9582.0,1.0,1.0,243.0,217.0,1.5222,100.0,88.0,92.0,1.0,217.0,37.0,37.0,0.1896,3.6248,0.0293,10.7899,0.3856,0.016,0.0053,0.0293,10.7899,0.3856,0.016,0.0053,1.5222,0.0
2021-04-01,19:00,HLHRBSC16,27312.0,27312_Block E Model Town Lahore-Z3 (3G-CI-4099),174.0,7312_Block E Model Town Lahore-Z3 (3G-CI-4099),LAHORE_CLUSTER_12_Urban,100%,0.0,6.0,0.0,26.0,0.0,125.0,39.0,40.0,0.0,19.0,0.1486,0.0,508.0,634.0,632.0,634.0,0.0,0.0,125.0,121.0,0.1486,100.0,10.0,11.0,0.0,121.0,6.0,6.0,0.0493,0.1974,10.5186,0.242,0.016,0.0027,0.0027,10.5186,0.242,0.016,0.0027,0.0027,0.1486,0.0
2021-04-01,19:00,HLHRBSC16,33195.0,33195_Kotha Pind Lahore-Z3 (3G-CI-4266),169.0,3195_Kotha Pind Lahore-Z3 (3G-CI-4266),LAHORE_CLUSTER_12_Urban,100%,0.0,3.0,0.0,18.0,0.0,75.0,27.0,32.0,0.0,17.0,0.2764,0.0,1616.0,1626.0,1626.0,1626.0,0.0,0.0,75.0,75.0,0.2764,100.0,9.0,9.0,0.0,75.0,3.0,3.0,0.4405,1.4413,5.984,0.5813,0.0667,0.0187,0.0107,5.984,0.5813,0.0667,0.0187,0.0107,0.2764,0.0
2021-04-01,19:00,HLHRBSC16,23195.0,23195_Kotha Pind Lahore-Z3 (3G-CI-4266),168.0,3195_Kotha Pind Lahore-Z3 (3G-CI-4266),LAHORE_CLUSTER_12_Urban,100%,0.0,62.0,0.0,182.0,0.0,632.0,244.0,249.0,0.0,121.0,3.2583,0.0,19370.0,19372.0,19338.0,19372.0,1.0,1.0,632.0,613.0,3.2583,100.0,152.0,153.0,1.0,613.0,62.0,62.0,0.0498,0.3485,10.5037,0.2031,0.0321,0.0054,0.0,10.5037,0.2031,0.0321,0.0054,0.0,3.2583,0.0
2021-04-01,19:00,HLHRBSC16,13195.0,13195_Kotha Pind Lahore-Z3 (3G-CI-4266),167.0,3195_Kotha Pind Lahore-Z3 (3G-CI-4266),LAHORE_CLUSTER_12_Urban,100%,0.0,108.0,1.0,169.0,0.0,1193.0,123.0,126.0,0.0,63.0,2.8514,1.0,16406.0,16458.0,16350.0,16458.0,0.0,0.0,1193.0,1193.0,2.8514,100.0,952.0,953.0,0.0,1193.0,108.0,108.0,0.0914,0.5023,11.1617,0.4808,0.0481,0.0107,0.0,11.1617,0.4808,0.0481,0.0107,0.0,2.8514,1.0
2021-04-01,19:00,HLHRBSC16,13174.0,13174_Block Q Model Town Lahore-Z3 (3G-CI-4799),166.0,3174_Block Q Model Town Lahore-Z3 (3G-CI-4799),LAHORE_CLUSTER_12_Urban,100%,0.0,32.0,0.0,79.0,0.0,92.0,91.0,91.0,0.0,47.0,1.4722,0.0,9204.0,9206.0,9204.0,9206.0,0.0,0.0,92.0,91.0,1.4722,100.0,48.0,48.0,0.0,91.0,32.0,32.0,0.0,0.4943,4.1493,0.1467,0.0213,0.0,0.0,4.1493,0.1467,0.0213,0.0,0.0,1.4722,0.0
2021-04-01,19:00,HLHRBSC16,23174.0,23174_Block Q Model Town Lahore-Z3 (3G-CI-4799),165.0,3174_Block Q Model Town Lahore-Z3 (3G-CI-4799),LAHORE_CLUSTER_12_Urban,100%,0.0,113.0,0.0,182.0,0.0,1187.0,132.0,133.0,0.0,70.0,4.0847,0.0,24848.0,25228.0,25202.0,25228.0,0.0,0.0,1187.0,1169.0,4.0847,100.0,232.0,234.0,0.0,1169.0,113.0,113.0,0.0183,0.3481,13.904000000000002,0.6027,0.048,0.0027,0.0,13.904000000000002,0.6027,0.048,0.0027,0.0,4.0847,0.0
2021-04-01,19:00,HLHRBSC16,33174.0,33174_Block Q Model Town Lahore-Z3 (3G-CI-4799),164.0,3174_Block Q Model Town Lahore-Z3 (3G-CI-4799),LAHORE_CLUSTER_12_Urban,100%,0.0,126.0,1.0,215.0,0.0,456.0,175.0,177.0,0.0,89.0,3.7111,1.0,22752.0,22880.0,22846.0,22880.0,1.0,1.0,456.0,456.0,3.7111,100.0,207.0,207.0,1.0,456.0,126.0,126.0,0.1707,0.8532,11.949000000000002,0.4484,0.0853,0.0134,0.008,11.949000000000002,0.4484,0.0853,0.0134,0.008,3.7111,1.0
2021-04-01,19:00,HLHRBSC16,33076.0,33076_Block G Model Town Lahore-Z3 (3G-CI-4024),163.0,3076_Block G Model Town Lahore-Z3 (3G-CI-4024),LAHORE_CLUSTER_12_Urban,100%,0.0,70.0,0.0,164.0,0.0,1163.0,184.0,184.0,0.0,94.0,2.9361,0.0,17308.0,17772.0,17696.0,17772.0,2.0,2.0,1163.0,1146.0,2.9361,100.0,904.0,911.0,2.0,1146.0,70.0,70.0,0.4247,2.7807,4.631,7.5943,0.2963,0.0374,0.016,4.631,7.5943,0.2963,0.0374,0.016,2.9361,0.0
2021-04-01,19:00,HLHRBSC16,23076.0,23076_Block G Model Town Lahore-Z3 (3G-CI-4024),162.0,3076_Block G Model Town Lahore-Z3 (3G-CI-4024),LAHORE_CLUSTER_12_Urban,100%,0.0,25.0,0.0,47.0,0.0,93.0,36.0,36.0,0.0,22.0,1.4972,0.0,9564.0,9658.0,9658.0,9658.0,0.0,0.0,93.0,91.0,1.4972,100.0,38.0,40.0,0.0,91.0,25.0,25.0,0.0912,0.1823,5.6016,0.2567,0.0054,0.0054,0.0,5.6016,0.2567,0.0054,0.0054,0.0,1.4972,0.0
2021-04-01,19:00,HLHRBSC16,13076.0,13076_Block G Model Town Lahore-Z3 (3G-CI-4024),161.0,3076_Block G Model Town Lahore-Z3 (3G-CI-4024),LAHORE_CLUSTER_12_Urban,100%,0.0,90.0,2.0,203.0,0.0,1133.0,218.0,221.0,0.0,113.0,3.7083,2.0,22742.0,22828.0,22606.0,22828.0,3.0,3.0,1133.0,1099.0,3.7083,100.0,210.0,216.0,3.0,1099.0,90.0,90.0,0.3175,1.4288,10.5333,1.056,0.1307,0.016,0.0213,10.5333,1.056,0.1307,0.016,0.0213,3.7083,2.0
2021-04-01,19:00,HLHRBSC16,17312.0,17312_Block E Model Town Lahore-Z3 (3G-CI-4099),160.0,7312_Block E Model Town Lahore-Z3 (3G-CI-4099),LAHORE_CLUSTER_12_Urban,100%,0.0,41.0,0.0,84.0,0.0,154.0,82.0,85.0,0.0,43.0,1.5514,0.0,9148.0,9350.0,9334.0,9350.0,0.0,0.0,154.0,144.0,1.5514,100.0,60.0,61.0,0.0,144.0,41.0,41.0,0.5892,2.9674,10.3911,1.4427,0.29,0.0506,0.0213,10.3911,1.4427,0.29,0.0506,0.0213,1.5514,0.0
2021-04-01,19:00,HLHRBSC16,27027.0,27027_Block A Model Town Lahore-Z3 (3G-CI-1019),153.0,7027_Block A Model Town Lahore-Z3 (3G-CI-1019),LAHORE_CLUSTER_12_Urban,100%,0.0,42.0,0.0,134.0,0.0,405.0,184.0,191.0,0.0,95.0,1.3458,0.0,7188.0,7226.0,7090.0,7226.0,2.0,3.0,405.0,385.0,1.3458,100.0,71.0,77.0,2.0,385.0,41.0,42.0,0.1181,0.7561,8.927999999999999,2.272,0.07200000000000001,0.0107,0.0027,8.927999999999999,2.272,0.07200000000000001,0.0107,0.0027,1.3458,0.0
2021-04-01,19:00,HLHRBSC16,37027.0,37027_Block A Model Town Lahore-Z3 (3G-CI-1019),152.0,7027_Block A Model Town Lahore-Z3 (3G-CI-1019),LAHORE_CLUSTER_12_Urban,100%,0.0,62.0,0.0,77.0,0.0,153.0,27.0,28.0,0.0,15.0,1.1764,0.0,6000.0,6014.0,6014.0,6014.0,0.0,0.0,153.0,153.0,1.1764,100.0,82.0,82.0,0.0,153.0,62.0,62.0,0.1385,0.6654,8.822000000000001,0.7449,0.0507,0.0133,0.0,8.822000000000001,0.7449,0.0507,0.0133,0.0,1.1764,0.0
2021-04-01,19:00,HLHRBSC16,17027.0,17027_Block A Model Town Lahore-Z3 (3G-CI-1019),151.0,7027_Block A Model Town Lahore-Z3 (3G-CI-1019),LAHORE_CLUSTER_12_Urban,100%,0.0,54.0,0.0,141.0,0.0,601.0,163.0,164.0,0.0,87.0,1.9611,0.0,11774.0,11786.0,11430.0,11786.0,4.0,4.0,601.0,582.0,1.9611,100.0,86.0,93.0,4.0,582.0,54.0,54.0,74.7043,100.0,0.0,0.0,2.9653,8.72,0.0373,0.0,0.0,2.9653,8.72,0.0373,1.9611,0.0
2021-04-01,19:00,HLHRBSC16,17388.0,17388_Texlinx CEO Residence (Micro) Lahore-Z0,131.0,7388_Texlinx CEO Residence (Micro) Lahore-Z0,LAHORE_CLUSTER_12_Urban,100%,0.0,0.0,0.0,0.0,0.0,0.0,0.0,0.0,0.0,0.0,0.0,0.0,0.0,0.0,0.0,0.0,0.0,0.0,0.0,0.0,0.0,100.0,0.0,0.0,0.0,0.0,0.0,0.0,0.0,0.0,4.9974,0.0027,0.0,0.0,0.0,4.9974,0.0027,0.0,0.0,0.0,0.0,0.0
2021-04-01,19:00,HLHRBSC09,37192.0,37192_Makka Colony (Gold) Lahore-Z3 (3G-CI-4084),7.0,7192_Makka Colony (Gold) Lahore-Z3 (3G-CI-4084),LAHORE_CLUSTER_12_Urban,100%,1.0,78.0,0.0,123.0,0.0,337.0,91.0,94.0,0.0,47.0,3.7819,0.0,23812.0,24102.0,23610.0,24102.0,1.0,1.0,337.0,325.0,3.7819,100.0,135.0,145.0,1.0,325.0,77.0,78.0,0.6236,0.97,9.3896,2.0427,0.04,0.0613,0.0107,9.3896,2.0427,0.04,0.0613,0.0107,3.7819,0.0
2021-04-01,19:00,HLHRBSC09,27192.0,27192_Makka Colony (Gold) Lahore-Z3 (3G-CI-4084),6.0,7192_Makka Colony (Gold) Lahore-Z3 (3G-CI-4084),LAHORE_CLUSTER_12_Urban,100%,0.0,29.0,0.0,123.0,0.0,95.0,164.0,165.0,0.0,94.0,1.7667,0.0,10810.0,10994.0,10828.0,10994.0,0.0,0.0,95.0,89.0,1.7667,100.0,39.0,40.0,0.0,89.0,29.0,29.0,0.0731,0.9983,9.5502,1.307,0.1015,0.008,0.0,9.5502,1.307,0.1015,0.008,0.0,1.7667,0.0
2021-04-01,19:00,HLHRBSC09,17192.0,17192_Makka Colony (Gold) Lahore-Z3 (3G-CI-4084),5.0,7192_Makka Colony (Gold) Lahore-Z3 (3G-CI-4084),LAHORE_CLUSTER_12_Urban,100%,0.0,161.0,1.0,289.0,0.0,589.0,263.0,265.0,0.0,130.0,6.2347,1.0,37854.0,37860.0,37514.0,37860.0,6.0,8.0,589.0,551.0,6.2347,100.0,238.0,247.0,6.0,551.0,159.0,161.0,0.1854,1.0427,0.4064,11.0134,0.0989,0.0107,0.0107,0.4064,11.0134,0.0989,0.0107,0.0107,6.2347,1.0
2021-04-01,19:00,HLHRBSC09,33192.0,33192_Eventure Solutions Lahore-Z3 (3G-CI-4044),228.0,3192_Eventure Solutions Lahore-Z3 (3G-CI-4044),LAHORE_CLUSTER_12_Urban,100%,0.0,55.0,0.0,146.0,0.0,250.0,165.0,169.0,0.0,91.0,2.1389,0.0,12706.0,12874.0,12856.0,12874.0,0.0,0.0,250.0,250.0,2.1389,100.0,83.0,83.0,0.0,250.0,55.0,55.0,0.0843,1.0376,8.8074,0.6082,0.0907,0.008,0.0,8.8074,0.6082,0.0907,0.008,0.0,2.1389,0.0
2021-04-01,19:00,HLHRBSC09,23192.0,23192_Eventure Solutions Lahore-Z3 (3G-CI-4044),227.0,3192_Eventure Solutions Lahore-Z3 (3G-CI-4044),LAHORE_CLUSTER_12_Urban,100%,0.0,104.0,2.0,161.0,0.0,355.0,117.0,120.0,0.0,57.0,3.4389,2.0,21806.0,21960.0,21834.0,21960.0,0.0,0.0,355.0,349.0,3.4389,100.0,167.0,168.0,0.0,349.0,104.0,104.0,0.4058,1.4336,8.8245,0.9112,0.1015,0.0374,0.0027,8.8245,0.9112,0.1015,0.0374,0.0027,3.4389,2.0
2021-04-01,19:00,HLHRBSC09,13192.0,13192_Eventure Solutions Lahore-Z3 (3G-CI-4044),226.0,3192_Eventure Solutions Lahore-Z3 (3G-CI-4044),LAHORE_CLUSTER_12_Urban,100%,0.0,86.0,0.0,143.0,0.0,179.0,121.0,123.0,0.0,57.0,2.6736,0.0,15684.0,15750.0,15720.0,15750.0,0.0,0.0,179.0,179.0,2.6736,100.0,128.0,128.0,0.0,179.0,86.0,86.0,0.0418,0.1045,12.5867,0.152,0.008,0.0,0.0053,12.5867,0.152,0.008,0.0,0.0053,2.6736,0.0
2021-04-01,19:00,HLHRBSC09,17278.0,17278_Station HQ NAVY Lahore-Z3 (3G-CI-4438),208.0,7278_Station HQ NAVY Lahore-Z3 (3G-CI-4438),LAHORE_CLUSTER_12_Urban,100%,0.0,23.0,0.0,57.0,0.0,165.0,77.0,77.0,0.0,34.0,0.9194,0.0,5510.0,5564.0,5556.0,5564.0,0.0,0.0,165.0,165.0,0.9194,100.0,90.0,90.0,0.0,165.0,23.0,23.0,0.2575,1.1156,5.2379999999999995,0.9251,0.0535,0.0161,0.0,5.2379999999999995,0.9251,0.0535,0.0161,0.0,0.9194,0.0
2021-04-01,19:00,HLHRBSC09,27278.0,27278_Station HQ NAVY Lahore-Z3 (3G-CI-4438),207.0,7278_Station HQ NAVY Lahore-Z3 (3G-CI-4438),LAHORE_CLUSTER_12_Urban,100%,0.0,19.0,0.0,69.0,0.0,450.0,89.0,91.0,0.0,50.0,0.6694,0.0,3736.0,3826.0,3826.0,3826.0,0.0,0.0,450.0,450.0,0.6694,100.0,228.0,228.0,0.0,450.0,19.0,19.0,0.2974,2.2305,6.0187,1.0134,0.139,0.0214,0.0,6.0187,1.0134,0.139,0.0214,0.0,0.6694,0.0
2021-04-01,19:00,HLHRBSC09,37278.0,37278_Station HQ NAVY Lahore-Z3 (3G-CI-4438),206.0,7278_Station HQ NAVY Lahore-Z3 (3G-CI-4438),LAHORE_CLUSTER_12_Urban,100%,0.0,127.0,2.0,193.0,0.0,1174.0,132.0,133.0,0.0,66.0,6.7819,2.0,44842.0,45230.0,45082.0,45230.0,0.0,0.0,1174.0,1169.0,6.7819,100.0,570.0,575.0,0.0,1169.0,127.0,127.0,0.0251,0.4255,9.847999999999999,0.7627,0.0427,0.0027,0.0,9.847999999999999,0.7627,0.0427,0.0027,0.0,6.7819,2.0
2021-04-01,19:00,HLHRBSC09,31701.0,CI-1701-3_Madina Colony Lahore-Z3 (3G-CI-1948),199.0,CI-1701_Madina Colony Lahore-Z3 (3G-CI-1948),LAHORE_CLUSTER_12_Urban,100%,0.0,79.0,0.0,170.0,0.0,536.0,208.0,220.0,0.0,92.0,2.0403,0.0,10440.0,10764.0,10728.0,10764.0,0.0,1.0,536.0,497.0,2.0403,100.0,141.0,146.0,0.0,497.0,78.0,79.0,0.0845,0.3379,9.0572,0.4035,0.0241,0.008,0.0,9.0572,0.4035,0.0241,0.008,0.0,2.0403,0.0
2021-04-01,19:00,HLHRBSC09,21701.0,CI-1701-2_Madina Colony Lahore-Z3 (3G-CI-1948),198.0,CI-1701_Madina Colony Lahore-Z3 (3G-CI-1948),LAHORE_CLUSTER_12_Urban,100%,0.0,162.0,2.0,392.0,0.0,1669.0,412.0,426.0,0.0,233.0,5.8583,2.0,34390.0,34640.0,34244.0,34640.0,0.0,0.0,1669.0,1523.0,5.8583,100.0,428.0,467.0,0.0,1523.0,162.0,162.0,0.3169,1.4262,19.7062,5.1817,0.2801,0.07200000000000001,0.008,19.7062,5.1817,0.2801,0.07200000000000001,0.008,5.8583,2.0
2021-04-01,19:00,HLHRBSC09,11701.0,CI-1701-1_Madina Colony Lahore-Z3 (3G-CI-1948),197.0,CI-1701_Madina Colony Lahore-Z3 (3G-CI-1948),LAHORE_CLUSTER_12_Urban,100%,0.0,122.0,1.0,211.0,0.0,428.0,199.0,201.0,0.0,89.0,4.6208,1.0,29392.0,29520.0,29224.0,29520.0,0.0,0.0,428.0,395.0,4.6208,100.0,209.0,214.0,0.0,395.0,122.0,122.0,0.5865,1.6197,3.608,5.7867,0.0987,0.0347,0.0213,3.608,5.7867,0.0987,0.0347,0.0213,4.6208,1.0
2021-04-01,19:00,HLHRBSC09,13042.0,13042_Children Hospital Lahore-Z3 (3G-CI-4013),196.0,3042_Children Hospital Lahore-Z3 (3G-CI-4013),LAHORE_CLUSTER_12_Urban,100%,0.0,81.0,0.0,143.0,0.0,239.0,111.0,115.0,0.0,63.0,1.9583,0.0,11304.0,11344.0,11344.0,11344.0,0.0,0.0,239.0,236.0,1.9583,100.0,152.0,155.0,0.0,236.0,81.0,81.0,1.7526,6.9424,9.805,1.0695,0.6065,0.0958,0.1091,9.805,1.0695,0.6065,0.0958,0.1091,1.9583,0.0
2021-04-01,19:00,HLHRBSC09,23042.0,23042_Children Hospital Lahore-Z3 (3G-CI-4013),195.0,3042_Children Hospital Lahore-Z3 (3G-CI-4013),LAHORE_CLUSTER_12_Urban,100%,0.0,106.0,2.0,222.0,0.0,648.0,210.0,216.0,1.0,118.0,3.9014,2.0,22326.0,23582.0,23546.0,23582.0,0.0,1.0,648.0,589.0,3.9014,100.0,161.0,167.0,0.0,589.0,105.0,106.0,0.2539,0.6092,9.9547,0.488,0.0373,0.0133,0.0133,9.9547,0.488,0.0373,0.0133,0.0133,3.9014,2.0
2021-04-01,19:00,HLHRBSC09,33042.0,33042_Children Hospital Lahore-Z3 (3G-CI-4013),194.0,3042_Children Hospital Lahore-Z3 (3G-CI-4013),LAHORE_CLUSTER_12_Urban,100%,0.0,81.0,0.0,189.0,0.0,999.0,226.0,228.0,0.0,108.0,2.4361,0.0,13944.0,14028.0,14020.0,14028.0,1.0,1.0,999.0,984.0,2.4361,100.0,124.0,126.0,1.0,984.0,81.0,81.0,0.4093,1.7630000000000001,13.4991,3.1077,0.2289,0.0399,0.0293,13.4991,3.1077,0.2289,0.0399,0.0293,2.4361,0.0
2021-04-01,19:00,HLHRBSC09,31603.0,CI-1603-3_Near Falcon Complex Lahore-Z3 (3G-CI-1847),187.0,CI-1603_Near Falcon Complex Lahore-Z3 (3G-CI-1847),LAHORE_CLUSTER_12_Urban,100%,0.0,66.0,2.0,124.0,0.0,305.0,114.0,116.0,0.0,55.0,1.8806,2.0,10136.0,10238.0,10234.0,10238.0,0.0,0.0,305.0,291.0,1.8806,100.0,153.0,156.0,0.0,291.0,66.0,66.0,0.978,5.3207,4.3422,2.1283,0.2968,0.0588,0.008,4.3422,2.1283,0.2968,0.0588,0.008,1.8806,2.0
2021-04-01,19:00,HLHRBSC09,21603.0,CI-1603-2_Near Falcon Complex Lahore-Z3 (3G-CI-1847),186.0,CI-1603_Near Falcon Complex Lahore-Z3 (3G-CI-1847),LAHORE_CLUSTER_12_Urban,100%,0.0,80.0,0.0,148.0,0.0,320.0,119.0,129.0,0.0,73.0,3.2236,0.0,19120.0,19268.0,19034.0,19268.0,0.0,1.0,320.0,300.0,3.2236,100.0,166.0,176.0,0.0,300.0,79.0,80.0,99.8905,99.9453,0.0,0.0053,0.0054,8.8423,0.9091,0.0,0.0053,0.0054,8.8423,0.9091,3.2236,0.0
2021-04-01,19:00,HLHRBSC09,11603.0,CI-1603-1_Near Falcon Complex Lahore-Z3 (3G-CI-1847),185.0,CI-1603_Near Falcon Complex Lahore-Z3 (3G-CI-1847),LAHORE_CLUSTER_12_Urban,100%,0.0,108.0,0.0,168.0,0.0,457.0,125.0,126.0,0.0,61.0,4.2944,0.0,27216.0,27548.0,27406.0,27548.0,0.0,1.0,457.0,455.0,4.2944,100.0,284.0,285.0,0.0,455.0,107.0,108.0,1.0879,3.0426,12.8427,1.1787,0.2827,0.0933,0.064,12.8427,1.1787,0.2827,0.0933,0.064,4.2944,0.0
2021-04-01,19:00,HLHRBSC09,31605.0,CI-1605-3_Railway Officers Flats Lahore-Z2 (3G-CI-1849),180.0,CI-1605_Railway Officers Flats Lahore-Z2 (3G-CI-1849),LAHORE_CLUSTER_12_Urban,100%,0.0,255.0,1.0,454.0,0.0,1212.0,400.0,411.0,0.0,202.0,7.825,1.0,45308.0,45536.0,45392.0,45536.0,0.0,0.0,1212.0,1186.0,7.825,100.0,396.0,405.0,0.0,1186.0,255.0,255.0,0.0,0.0408,10.5856,2.5374,0.0054,0.0,0.0,10.5856,2.5374,0.0054,0.0,0.0,7.825,1.0
2021-04-01,19:00,HLHRBSC09,21605.0,CI-1605-2_Railway Officers Flats Lahore-Z2 (3G-CI-1849),150.0,CI-1605_Railway Officers Flats Lahore-Z2 (3G-CI-1849),LAHORE_CLUSTER_12_Urban,100%,0.0,59.0,0.0,127.0,0.0,856.0,126.0,128.0,0.0,69.0,2.4042,0.0,14606.0,14668.0,14616.0,14668.0,0.0,0.0,856.0,843.0,2.4042,100.0,92.0,101.0,0.0,843.0,59.0,59.0,0.0437,0.1528,11.5936,0.6417,0.0134,0.0054,0.0,11.5936,0.6417,0.0134,0.0054,0.0,2.4042,0.0
2021-04-01,19:00,HLHRBSC09,11708.0,CI-1708-1_Residence of Zonal Chief of Askari Bank (Pico),125.0,CI-1708_Residence of Zonal Chief of Askari Bank (Pico),LAHORE_CLUSTER_12_Urban,100%,0.0,0.0,0.0,0.0,0.0,0.0,0.0,0.0,0.0,0.0,0.0,0.0,0.0,0.0,0.0,0.0,0.0,0.0,0.0,0.0,0.0,0.0,0.0,0.0,0.0,0.0,0.0,0.0,,,,,,,,,,,,,0.0,0.0
2021-04-01,19:00,HLHRBSC09,11605.0,CI-1605-1_Railway Officers Flats Lahore-Z2 (3G-CI-1849),1.0,CI-1605_Railway Officers Flats Lahore-Z2 (3G-CI-1849),LAHORE_CLUSTER_12_Urban,100%,0.0,22.0,0.0,39.0,0.0,171.0,32.0,32.0,0.0,17.0,1.4,0.0,9462.0,9486.0,9484.0,9486.0,0.0,0.0,171.0,168.0,1.4,100.0,58.0,60.0,0.0,168.0,22.0,22.0,0.2421,9.0229,5.8453,5.1787,1.064,0.0293,0.0,5.8453,5.1787,1.064,0.0293,0.0,1.4,0.0
2021-04-01,19:00,HLHRBSC12,37047.0,37047_Near Dolli Shadi Hall (Gold) Lahore-Z2 (3G-CI-4056),86.0,7047_Near Dolli Shadi Hall (Gold) Lahore-Z2 (3G-CI-4056),LAHORE_CLUSTER_12_Urban,100%,0.0,126.0,2.0,210.0,0.0,761.0,161.0,167.0,0.0,84.0,3.9042,2.0,23294.0,23358.0,23326.0,23358.0,0.0,0.0,761.0,751.0,3.9042,100.0,212.0,214.0,0.0,751.0,126.0,126.0,0.1445,0.6185,11.514000000000001,1.3219,0.0612,0.008,0.0107,11.514000000000001,1.3219,0.0612,0.008,0.0107,3.9042,2.0
2021-04-01,19:00,HLHRBSC12,27047.0,27047_Near Dolli Shadi Hall (Gold) Lahore-Z2 (3G-CI-4056),85.0,7047_Near Dolli Shadi Hall (Gold) Lahore-Z2 (3G-CI-4056),LAHORE_CLUSTER_12_Urban,100%,0.0,270.0,4.0,377.0,0.0,670.0,222.0,231.0,0.0,109.0,8.8306,4.0,55024.0,55130.0,54664.0,55130.0,2.0,4.0,670.0,628.0,8.8306,100.0,403.0,413.0,2.0,628.0,268.0,270.0,0.6441,8.477,9.4651,6.7957,1.3917,0.0958,0.0186,9.4651,6.7957,1.3917,0.0958,0.0186,8.8306,4.0
2021-04-01,19:00,HLHRBSC12,17047.0,17047_Near Dolli Shadi Hall (Gold) Lahore-Z2 (3G-CI-4056),84.0,7047_Near Dolli Shadi Hall (Gold) Lahore-Z2 (3G-CI-4056),LAHORE_CLUSTER_12_Urban,100%,0.0,222.0,0.0,435.0,0.0,1202.0,455.0,465.0,3.0,216.0,15.7014,0.0,107870.0,107898.0,107892.0,107898.0,0.0,0.0,1202.0,1183.0,15.7014,100.0,438.0,442.0,0.0,1183.0,222.0,222.0,0.6988,3.2477,5.4193,7.1327,0.3307,0.0587,0.032,5.4193,7.1327,0.3307,0.0587,0.032,15.7014,0.0
2021-04-01,19:00,HLHRBSC12,33091.0,33091_Sector W Water Tank DHA Lahore-Z2 (3G-CI-4029),74.0,3091_Sector W Water Tank DHA Lahore-Z2 (3G-CI-4029),LAHORE_CLUSTER_12_Urban,100%,0.0,54.0,0.0,120.0,0.0,162.0,139.0,142.0,0.0,64.0,2.2667,0.0,14416.0,14600.0,14590.0,14600.0,1.0,1.0,162.0,159.0,2.2667,100.0,92.0,94.0,1.0,159.0,54.0,54.0,0.1028,1.567,7.8476,2.3707,0.152,0.008,0.0027,7.8476,2.3707,0.152,0.008,0.0027,2.2667,0.0
2021-04-01,19:00,HLHRBSC12,23091.0,23091_Sector W Water Tank DHA Lahore-Z2 (3G-CI-4029),73.0,3091_Sector W Water Tank DHA Lahore-Z2 (3G-CI-4029),LAHORE_CLUSTER_12_Urban,100%,0.0,15.0,0.0,48.0,0.0,89.0,62.0,64.0,0.0,33.0,0.9083,0.0,5748.0,5774.0,5642.0,5774.0,0.0,0.0,89.0,83.0,0.9083,100.0,33.0,39.0,0.0,83.0,15.0,15.0,0.3179,3.9129,1.4064,9.0989,0.39299999999999996,0.0214,0.0134,1.4064,9.0989,0.39299999999999996,0.0214,0.0134,0.9083,0.0
2021-04-01,19:00,HLHRBSC12,13091.0,13091_Sector W Water Tank DHA Lahore-Z2 (3G-CI-4029),72.0,3091_Sector W Water Tank DHA Lahore-Z2 (3G-CI-4029),LAHORE_CLUSTER_12_Urban,100%,0.0,330.0,7.0,429.0,0.0,548.0,208.0,215.0,0.0,101.0,7.1972,7.0,41880.0,42506.0,42492.0,42506.0,0.0,2.0,548.0,531.0,7.1972,100.0,428.0,436.0,0.0,531.0,328.0,330.0,0.8229,8.5045,3.843,6.5257,0.8705,0.066,0.0273,3.843,6.5257,0.8705,0.066,0.0273,7.1972,7.0
2021-04-01,19:00,HLHRBSC12,33056.0,33056_Bajwa Chowk Walton Lahore-Z2 (3G-CI-4207),59.0,3056_Bajwa Chowk Walton Lahore-Z2 (3G-CI-4207),LAHORE_CLUSTER_12_Urban,100%,0.0,100.0,0.0,198.0,0.0,306.0,194.0,195.0,0.0,98.0,3.0097,0.0,17802.0,17854.0,17716.0,17854.0,0.0,0.0,306.0,305.0,3.0097,100.0,191.0,191.0,0.0,305.0,100.0,100.0,0.1476,3.9475,8.0924,5.8123,0.5501,0.0214,0.0,8.0924,5.8123,0.5501,0.0214,0.0,3.0097,0.0
2021-04-01,19:00,HLHRBSC12,23056.0,23056_Bajwa Chowk Walton Lahore-Z2 (3G-CI-4207),58.0,3056_Bajwa Chowk Walton Lahore-Z2 (3G-CI-4207),LAHORE_CLUSTER_12_Urban,100%,0.0,69.0,0.0,119.0,0.0,189.0,98.0,100.0,0.0,50.0,2.2903,0.0,13550.0,13560.0,13558.0,13560.0,0.0,0.0,189.0,189.0,2.2903,100.0,123.0,123.0,0.0,189.0,69.0,69.0,0.6255,3.1493,9.4868,1.6921,0.2913,0.0535,0.0187,9.4868,1.6921,0.2913,0.0535,0.0187,2.2903,0.0
2021-04-01,19:00,HLHRBSC12,13056.0,13056_Bajwa Chowk Walton Lahore-Z2 (3G-CI-4207),57.0,3056_Bajwa Chowk Walton Lahore-Z2 (3G-CI-4207),LAHORE_CLUSTER_12_Urban,100%,0.0,137.0,2.0,250.0,0.0,516.0,214.0,217.0,0.0,113.0,2.6667,2.0,12850.0,12960.0,12950.0,12960.0,0.0,0.0,516.0,512.0,2.6667,100.0,327.0,331.0,0.0,512.0,137.0,137.0,0.433,2.2551,9.4347,5.0133,0.2693,0.0587,0.0053,9.4347,5.0133,0.2693,0.0587,0.0053,2.6667,2.0
2021-04-01,19:00,HLHRBSC12,31619.0,CI-1619-3_Alnoor Town Walton Cantt Lahore-Z2 (3G-CI-1863),297.0,CI-1619_Alnoor Town Walton Cantt Lahore-Z2 (3G-CI-1863),LAHORE_CLUSTER_12_Urban,100%,0.0,117.0,1.0,195.0,0.0,464.0,165.0,166.0,0.0,78.0,4.4764,1.0,25858.0,25994.0,25978.0,25994.0,0.0,0.0,464.0,453.0,4.4764,100.0,234.0,240.0,0.0,453.0,117.0,117.0,0.0,0.0,11.6762,0.0,0.0,0.0,0.0,11.6762,0.0,0.0,0.0,0.0,4.4764,1.0
2021-04-01,19:00,HLHRBSC12,21619.0,CI-1619-2_Alnoor Town Walton Cantt Lahore-Z2 (3G-CI-1863),296.0,CI-1619_Alnoor Town Walton Cantt Lahore-Z2 (3G-CI-1863),LAHORE_CLUSTER_12_Urban,100%,0.0,87.0,1.0,181.0,0.0,203.0,179.0,182.0,0.0,95.0,2.5014,1.0,13814.0,14262.0,14226.0,14262.0,0.0,0.0,203.0,203.0,2.5014,100.0,137.0,137.0,0.0,203.0,87.0,87.0,0.0,0.0,9.1787,0.496,0.0,0.0,0.0,9.1787,0.496,0.0,0.0,0.0,2.5014,1.0
2021-04-01,19:00,HLHRBSC12,11619.0,CI-1619-1_Alnoor Town Walton Cantt Lahore-Z2 (3G-CI-1863),295.0,CI-1619_Alnoor Town Walton Cantt Lahore-Z2 (3G-CI-1863),LAHORE_CLUSTER_12_Urban,100%,0.0,109.0,0.0,182.0,0.0,325.0,153.0,153.0,0.0,73.0,3.875,0.0,24210.0,24266.0,24264.0,24266.0,0.0,0.0,325.0,325.0,3.875,100.0,161.0,161.0,0.0,325.0,109.0,109.0,0.0,0.0532,9.8427,0.1947,0.0053,0.0,0.0,9.8427,0.1947,0.0053,0.0,0.0,3.875,0.0
2021-04-01,19:00,HLHRBSC12,31646.0,CI-1646-3_Rehmat Pura Pico Road Lahore-Z3 (3G-CI-1890),286.0,CI-1646_Rehmat Pura Pico Road Lahore-Z3 (3G-CI-1890),LAHORE_CLUSTER_12_Urban,100%,0.0,52.0,0.0,73.0,0.0,176.0,39.0,39.0,0.0,21.0,0.8222,0.0,3694.0,3696.0,3696.0,3696.0,0.0,0.0,176.0,172.0,0.8222,100.0,93.0,96.0,0.0,172.0,52.0,52.0,0.0,0.0,9.9379,0.0053,0.0,0.0,0.0,9.9379,0.0053,0.0,0.0,0.0,0.8222,0.0
2021-04-01,19:00,HLHRBSC12,21646.0,CI-1646-2_Rehmat Pura Pico Road Lahore-Z3 (3G-CI-1890),285.0,CI-1646_Rehmat Pura Pico Road Lahore-Z3 (3G-CI-1890),LAHORE_CLUSTER_12_Urban,100%,0.0,41.0,1.0,65.0,0.0,239.0,49.0,49.0,0.0,25.0,0.5375,1.0,2306.0,2402.0,2386.0,2402.0,0.0,1.0,239.0,232.0,0.5375,100.0,191.0,193.0,0.0,232.0,40.0,41.0,0.0,0.0,5.1096,0.0588,0.0,0.0,0.0,5.1096,0.0588,0.0,0.0,0.0,0.5375,1.0
2021-04-01,19:00,HLHRBSC12,11646.0,CI-1646-1_Rehmat Pura Pico Road Lahore-Z3 (3G-CI-1890),284.0,CI-1646_Rehmat Pura Pico Road Lahore-Z3 (3G-CI-1890),LAHORE_CLUSTER_12_Urban,100%,0.0,98.0,0.0,139.0,0.0,340.0,71.0,77.0,0.0,36.0,3.2,0.0,19206.0,19442.0,19436.0,19442.0,0.0,0.0,340.0,327.0,3.2,100.0,172.0,180.0,0.0,327.0,98.0,98.0,0.0,0.0464,17.0699,0.1897,0.008,0.0,0.0,17.0699,0.1897,0.008,0.0,0.0,3.2,0.0
2021-04-01,19:00,HLHRBSC12,37647.0,37647_Molana Muhammad Ali Johar Rd Lahore-Z3 (3G-CI-4458),274.0,7647_Molana Muhammad Ali Johar Rd Lahore-Z3 (3G-CI-4458),LAHORE_CLUSTER_12_Urban,100%,0.0,36.0,0.0,91.0,0.0,648.0,101.0,101.0,0.0,56.0,1.5306,0.0,9678.0,9728.0,9698.0,9728.0,1.0,2.0,648.0,648.0,1.5306,100.0,83.0,83.0,1.0,648.0,35.0,36.0,0.1186,1.2814,5.9813,5.112,0.1307,0.0133,0.0,5.9813,5.112,0.1307,0.0133,0.0,1.5306,0.0
2021-04-01,19:00,HLHRBSC12,27647.0,27647_Molana Muhammad Ali Johar Rd Lahore-Z3 (3G-CI-4458),273.0,7647_Molana Muhammad Ali Johar Rd Lahore-Z3 (3G-CI-4458),LAHORE_CLUSTER_12_Urban,100%,0.0,34.0,0.0,84.0,0.0,337.0,89.0,96.0,0.0,49.0,0.9847,0.0,4984.0,5308.0,5168.0,5308.0,0.0,0.0,337.0,319.0,0.9847,100.0,67.0,71.0,0.0,319.0,34.0,34.0,0.0685,0.3424,9.3893,2.2834,0.0321,0.0054,0.0027,9.3893,2.2834,0.0321,0.0054,0.0027,0.9847,0.0
2021-04-01,19:00,HLHRBSC12,17647.0,17647_Molana Muhammad Ali Johar Rd Lahore-Z3 (3G-CI-4458),272.0,7647_Molana Muhammad Ali Johar Rd Lahore-Z3 (3G-CI-4458),LAHORE_CLUSTER_12_Urban,100%,0.0,121.0,3.0,240.0,0.0,389.0,247.0,253.0,0.0,121.0,4.5125,3.0,28310.0,28546.0,28322.0,28546.0,0.0,0.0,389.0,370.0,4.5125,100.0,183.0,188.0,0.0,370.0,121.0,121.0,1.0464,4.3894,5.7246,3.0695,0.3075,0.0668,0.0294,5.7246,3.0695,0.3075,0.0668,0.0294,4.5125,3.0
2021-04-01,19:00,HLHRBSC12,37245.0,37245_Old Abadi Street Lahore-Z3 (3G-CI-4421),271.0,7245_Old Abadi Street Lahore-Z3 (3G-CI-4421),LAHORE_CLUSTER_12_Urban,100%,0.0,86.0,0.0,120.0,0.0,400.0,63.0,67.0,0.0,35.0,3.2333,0.0,20764.0,20970.0,20704.0,20970.0,1.0,1.0,400.0,382.0,3.2333,100.0,207.0,210.0,1.0,382.0,86.0,86.0,0.1476,0.9591,11.7413,2.5787,0.1173,0.0133,0.008,11.7413,2.5787,0.1173,0.0133,0.008,3.2333,0.0
2021-04-01,19:00,HLHRBSC12,27245.0,27245_Old Abadi Street Lahore-Z3 (3G-CI-4421),270.0,7245_Old Abadi Street Lahore-Z3 (3G-CI-4421),LAHORE_CLUSTER_12_Urban,100%,0.0,110.0,0.0,204.0,0.0,253.0,179.0,183.0,0.0,94.0,4.9486,0.0,31388.0,31482.0,31434.0,31482.0,0.0,0.0,253.0,243.0,4.9486,100.0,186.0,194.0,0.0,243.0,110.0,110.0,0.3833,0.6844,0.0,9.7005,0.0294,0.0107,0.0267,0.0,9.7005,0.0294,0.0107,0.0267,4.9486,0.0
2021-04-01,19:00,HLHRBSC12,17245.0,17245_Old Abadi Street Lahore-Z3 (3G-CI-4421),269.0,7245_Old Abadi Street Lahore-Z3 (3G-CI-4421),LAHORE_CLUSTER_12_Urban,100%,0.0,30.0,0.0,49.0,0.0,83.0,35.0,35.0,0.0,19.0,0.7847,0.0,4622.0,4676.0,4652.0,4676.0,0.0,0.0,83.0,80.0,0.7847,100.0,54.0,56.0,0.0,80.0,30.0,30.0,0.0,0.2206,5.7493,0.28,0.0133,0.0,0.0,5.7493,0.28,0.0133,0.0,0.0,0.7847,0.0
2021-04-01,19:00,HLHRBSC12,31469.0,CI-1469-3_Yasmin Park Lahore-Z3 (3G-CI-4367),262.0,CI-1469_Yasmin Park Lahore-Z3 (3G-CI-4367),LAHORE_CLUSTER_12_Urban,100%,0.0,86.0,0.0,226.0,0.0,461.0,266.0,269.0,0.0,140.0,2.9458,0.0,17290.0,17296.0,17280.0,17296.0,0.0,0.0,461.0,455.0,2.9458,100.0,181.0,183.0,0.0,455.0,86.0,86.0,0.2283,1.7504,8.032,2.296,0.16,0.016,0.008,8.032,2.296,0.16,0.016,0.008,2.9458,0.0
2021-04-01,19:00,HLHRBSC12,21469.0,CI-1469-2_Yasmin Park Lahore-Z3 (3G-CI-4367),261.0,CI-1469_Yasmin Park Lahore-Z3 (3G-CI-4367),LAHORE_CLUSTER_12_Urban,100%,0.0,32.0,0.0,189.0,0.0,281.0,296.0,313.0,0.0,158.0,2.0847,0.0,12382.0,12562.0,12402.0,12562.0,1.0,1.0,281.0,245.0,2.0847,100.0,76.0,85.0,1.0,245.0,32.0,32.0,0.524,34.1513,6.8984,0.475,3.7654,0.055999999999999994,0.0027,6.8984,0.475,3.7654,0.055999999999999994,0.0027,2.0847,0.0
2021-04-01,19:00,HLHRBSC12,11469.0,CI-1469-1_Yasmin Park Lahore-Z3 (3G-CI-4367),260.0,CI-1469_Yasmin Park Lahore-Z3 (3G-CI-4367),LAHORE_CLUSTER_12_Urban,100%,0.0,134.0,0.0,248.0,0.0,912.0,230.0,236.0,0.0,115.0,4.0806,0.0,24130.0,24220.0,24154.0,24220.0,0.0,1.0,912.0,892.0,4.0806,100.0,310.0,311.0,0.0,892.0,133.0,134.0,0.5933,1.7282,9.216000000000001,0.9440000000000001,0.1173,0.0507,0.0107,9.216000000000001,0.9440000000000001,0.1173,0.0507,0.0107,4.0806,0.0
2021-04-01,19:00,HLHRBSC12,37157.0,37157_Block R Model Town Lahore-Z3 (3G-CI-4366),259.0,7157_Block R Model Town Lahore-Z3 (3G-CI-4366),LAHORE_CLUSTER_12_Urban,100%,0.0,100.0,0.0,170.0,0.0,568.0,148.0,154.0,0.0,70.0,3.3111,0.0,19058.0,19098.0,19088.0,19098.0,2.0,2.0,568.0,562.0,3.3111,100.0,157.0,163.0,2.0,562.0,100.0,100.0,0.8581,4.9285,7.8556,3.6979,0.4947,0.0829,0.0214,7.8556,3.6979,0.4947,0.0829,0.0214,3.3111,0.0
2021-04-01,19:00,HLHRBSC12,27157.0,27157_Block R Model Town Lahore-Z3 (3G-CI-4366),258.0,7157_Block R Model Town Lahore-Z3 (3G-CI-4366),LAHORE_CLUSTER_12_Urban,100%,0.0,64.0,0.0,126.0,0.0,219.0,124.0,127.0,0.0,63.0,3.0569,0.0,19968.0,19984.0,19972.0,19984.0,1.0,1.0,219.0,217.0,3.0569,100.0,133.0,134.0,1.0,217.0,64.0,64.0,0.3187,2.763,10.1108,2.1021,0.307,0.0347,0.0053,10.1108,2.1021,0.307,0.0347,0.0053,3.0569,0.0
2021-04-01,19:00,HLHRBSC12,17157.0,17157_Block R Model Town Lahore-Z3 (3G-CI-4366),257.0,7157_Block R Model Town Lahore-Z3 (3G-CI-4366),LAHORE_CLUSTER_12_Urban,100%,0.0,137.0,3.0,290.0,0.0,895.0,300.0,302.0,0.0,153.0,6.0125,3.0,35496.0,36274.0,36204.0,36274.0,1.0,1.0,895.0,870.0,6.0125,100.0,381.0,395.0,1.0,870.0,137.0,137.0,0.0,0.3546,12.474,0.2968,0.0455,0.0,0.0,12.474,0.2968,0.0455,0.0,0.0,6.0125,3.0
2021-04-01,19:00,HLHRBSC12,31663.0,CI-1663-3_LDA Quarters Walton Road Lahore-Z2 (3G-CI-4749),256.0,CI-1663_LDA Quarters Walton Road Lahore-Z2 (3G-CI-4749),LAHORE_CLUSTER_12_Urban,100%,0.0,107.0,1.0,167.0,0.0,432.0,120.0,121.0,0.0,60.0,3.7847,1.0,22968.0,23068.0,23038.0,23068.0,0.0,0.0,432.0,426.0,3.7847,100.0,229.0,234.0,0.0,426.0,107.0,107.0,0.0,0.0,10.6979,0.0321,0.0,0.0,0.0,10.6979,0.0321,0.0,0.0,0.0,3.7847,1.0
2021-04-01,19:00,HLHRBSC12,21663.0,CI-1663-2_LDA Quarters Walton Road Lahore-Z2 (3G-CI-4749),255.0,CI-1663_LDA Quarters Walton Road Lahore-Z2 (3G-CI-4749),LAHORE_CLUSTER_12_Urban,100%,0.0,157.0,0.0,226.0,0.0,357.0,128.0,135.0,0.0,71.0,6.3181,0.0,40452.0,40538.0,40476.0,40538.0,0.0,2.0,357.0,347.0,6.3181,100.0,285.0,295.0,0.0,347.0,155.0,157.0,0.0507,0.6599,9.256,1.1813,0.064,0.0053,0.0,9.256,1.1813,0.064,0.0053,0.0,6.3181,0.0
2021-04-01,19:00,HLHRBSC12,37124.0,37124_Peco Road Lahore-Z3 (3G-CI-4349),251.0,7124_Peco Road Lahore-Z3 (3G-CI-4349),LAHORE_CLUSTER_12_Urban,100%,0.0,89.0,2.0,155.0,0.0,476.0,131.0,138.0,0.0,58.0,4.1,2.0,25500.0,26376.0,26330.0,26376.0,5.0,6.0,476.0,443.0,4.1,100.0,136.0,141.0,5.0,443.0,88.0,89.0,0.4396,20.023,11.9468,1.1529,3.2077,0.0427,0.0293,11.9468,1.1529,3.2077,0.0427,0.0293,4.1,2.0
2021-04-01,19:00,HLHRBSC12,27124.0,27124_Peco Road Lahore-Z3 (3G-CI-4349),250.0,7124_Peco Road Lahore-Z3 (3G-CI-4349),LAHORE_CLUSTER_12_Urban,100%,0.0,107.0,0.0,135.0,0.0,623.0,51.0,53.0,0.0,28.0,4.7208,0.0,29172.0,30672.0,30270.0,30672.0,0.0,0.0,623.0,607.0,4.7208,100.0,237.0,244.0,0.0,607.0,107.0,107.0,99.9775,100.0,0.0,0.0,0.0027,0.0,11.8453,0.0,0.0,0.0027,0.0,11.8453,4.7208,0.0
2021-04-01,19:00,HLHRBSC12,17124.0,17124_Peco Road Lahore-Z3 (3G-CI-4349),249.0,7124_Peco Road Lahore-Z3 (3G-CI-4349),LAHORE_CLUSTER_12_Urban,100%,0.0,197.0,1.0,309.0,0.0,544.0,222.0,226.0,0.0,114.0,6.7097,1.0,42296.0,42476.0,41924.0,42476.0,0.0,1.0,544.0,531.0,6.7097,100.0,307.0,312.0,0.0,531.0,196.0,197.0,0.0389,2.0018,18.7904,1.3141,0.4027,0.008,0.0,18.7904,1.3141,0.4027,0.008,0.0,6.7097,1.0
2021-04-01,19:00,HLHRBSC12,11663.0,CI-1663-1_LDA Quarters Walton Road Lahore-Z2 (3G-CI-4749),248.0,CI-1663_LDA Quarters Walton Road Lahore-Z2 (3G-CI-4749),LAHORE_CLUSTER_12_Urban,100%,0.0,70.0,1.0,108.0,0.0,169.0,73.0,75.0,0.0,38.0,1.55,1.0,8318.0,8688.0,8688.0,8688.0,0.0,0.0,169.0,168.0,1.55,100.0,110.0,110.0,0.0,168.0,70.0,70.0,0.2104,0.6575,9.9733,0.0987,0.0453,0.016,0.0053,9.9733,0.0987,0.0453,0.016,0.0053,1.55,1.0
2021-04-01,19:00,HLHRBSC12,37022.0,37022_Kot Lakhpat Lahore-Z3 (3G-CI-4297),244.0,7022_Kot Lakhpat Lahore-Z3 (3G-CI-4297),LAHORE_CLUSTER_12_Urban,100%,0.0,53.0,0.0,107.0,0.0,265.0,109.0,109.0,0.0,54.0,1.2667,0.0,7216.0,7236.0,7236.0,7236.0,0.0,0.0,265.0,144.0,1.2667,100.0,85.0,194.0,0.0,144.0,53.0,53.0,0.3326,43.9979,0.0,5.8503,4.5615,0.0321,0.0027,0.0,5.8503,4.5615,0.0321,0.0027,1.2667,0.0
2021-04-01,19:00,HLHRBSC12,27022.0,27022_Kot Lakhpat Lahore-Z3 (3G-CI-4297),243.0,7022_Kot Lakhpat Lahore-Z3 (3G-CI-4297),LAHORE_CLUSTER_12_Urban,100%,0.0,98.0,0.0,183.0,0.0,381.0,163.0,163.0,0.0,85.0,2.425,0.0,13182.0,13234.0,13188.0,13234.0,0.0,0.0,381.0,368.0,2.425,100.0,151.0,161.0,0.0,368.0,98.0,98.0,0.0,0.2497,11.7722,1.0292,0.032,0.0,0.0,11.7722,1.0292,0.032,0.0,0.0,2.425,0.0
2021-04-01,19:00,HLHRBSC12,17022.0,17022_Kot Lakhpat Lahore-Z3 (3G-CI-4297),242.0,7022_Kot Lakhpat Lahore-Z3 (3G-CI-4297),LAHORE_CLUSTER_12_Urban,100%,0.0,27.0,0.0,66.0,0.0,78.0,86.0,86.0,0.0,39.0,0.3889,0.0,1718.0,1784.0,1784.0,1784.0,0.0,0.0,78.0,73.0,0.3889,100.0,42.0,46.0,0.0,73.0,27.0,27.0,0.8689,2.4534,9.2827,0.8959999999999999,0.1653,0.0587,0.032,9.2827,0.8959999999999999,0.1653,0.0587,0.032,0.3889,0.0
2021-04-01,19:00,HLHRBSC12,33037.0,33037_Abid Painthouse Lahore-Z3 (3G-CI-4197),225.0,3037_Abid Painthouse Lahore-Z3 (3G-CI-4197),LAHORE_CLUSTER_12_Urban,100%,0.0,198.0,1.0,308.0,0.0,706.0,227.0,234.0,0.0,111.0,6.3028,1.0,37408.0,37438.0,37408.0,37438.0,1.0,2.0,706.0,688.0,6.3028,100.0,313.0,320.0,1.0,688.0,197.0,198.0,0.5601,2.5314,10.3315,1.3021,0.2353,0.0508,0.0161,10.3315,1.3021,0.2353,0.0508,0.0161,6.3028,1.0
2021-04-01,19:00,HLHRBSC12,23037.0,23037_Abid Painthouse Lahore-Z3 (3G-CI-4197),224.0,3037_Abid Painthouse Lahore-Z3 (3G-CI-4197),LAHORE_CLUSTER_12_Urban,100%,0.0,159.0,0.0,235.0,0.0,484.0,146.0,147.0,0.0,76.0,3.9028,0.0,23172.0,23218.0,23128.0,23218.0,2.0,2.0,484.0,480.0,3.9028,100.0,319.0,319.0,2.0,480.0,159.0,159.0,0.0517,0.2932,14.8338,0.6197,0.0374,0.0054,0.0027,14.8338,0.6197,0.0374,0.0054,0.0027,3.9028,0.0
2021-04-01,19:00,HLHRBSC12,13037.0,13037_Abid Painthouse Lahore-Z3 (3G-CI-4197),223.0,3037_Abid Painthouse Lahore-Z3 (3G-CI-4197),LAHORE_CLUSTER_12_Urban,100%,0.0,147.0,1.0,220.0,0.0,859.0,135.0,137.0,0.0,71.0,4.7278,1.0,28612.0,28938.0,28828.0,28938.0,1.0,2.0,859.0,852.0,4.7278,100.0,309.0,313.0,1.0,852.0,146.0,147.0,0.0739,0.3508,13.6433,0.7499,0.04,0.008,0.0027,13.6433,0.7499,0.04,0.008,0.0027,4.7278,1.0
2021-04-01,19:00,HLHRBSC12,33761.0,33761_Arfa Kareem IT Center (Micro) Lahore-Z0,203.0,3761_Arfa Kareem IT Center (Micro) Lahore-Z0,LAHORE_CLUSTER_12_Urban,100%,0.0,28.0,0.0,29.0,0.0,156.0,4.0,4.0,0.0,1.0,0.6139,0.0,3398.0,3398.0,3392.0,3398.0,1.0,1.0,156.0,156.0,0.6139,100.0,33.0,33.0,1.0,156.0,28.0,28.0,0.0389,0.3106,6.7778,0.0159,0.0185,0.0027,0.0,6.7778,0.0159,0.0185,0.0027,0.0,0.6139,0.0
2021-04-01,19:00,HLHRBSC12,23761.0,23761_Arfa Kareem IT Center (Micro) Lahore-Z0,202.0,3761_Arfa Kareem IT Center (Micro) Lahore-Z0,LAHORE_CLUSTER_12_Urban,100%,0.0,13.0,0.0,17.0,0.0,103.0,7.0,7.0,0.0,4.0,0.7014,0.0,4524.0,4524.0,4524.0,4524.0,0.0,0.0,103.0,103.0,0.7014,100.0,19.0,19.0,0.0,103.0,13.0,13.0,0.0,0.0,6.2407,0.0,0.0,0.0,0.0,6.2407,0.0,0.0,0.0,0.0,0.7014,0.0
2021-04-01,19:00,HLHRBSC12,13761.0,13761_Arfa Kareem IT Center (Micro) Lahore-Z0,196.0,3761_Arfa Kareem IT Center (Micro) Lahore-Z0,LAHORE_CLUSTER_12_Urban,100%,0.0,6.0,0.0,8.0,0.0,15.0,3.0,5.0,0.0,3.0,0.4278,0.0,2922.0,2922.0,2922.0,2922.0,0.0,0.0,15.0,15.0,0.4278,100.0,9.0,9.0,0.0,15.0,6.0,6.0,0.0,0.0,4.5515,0.0,0.0,0.0,0.0,4.5515,0.0,0.0,0.0,0.0,0.4278,0.0
2021-04-01,19:00,HLHRBSC12,27041.0,27041_Ghulab Devi Hospital Lahore-Z3 (3G-CI-4054),194.0,7041_Ghulab Devi Hospital Lahore-Z3 (3G-CI-4054),LAHORE_CLUSTER_12_Urban,100%,0.0,140.0,0.0,255.0,0.0,447.0,243.0,249.0,0.0,117.0,3.9917,0.0,23098.0,24062.0,24018.0,24062.0,0.0,1.0,447.0,441.0,3.9917,100.0,246.0,248.0,0.0,441.0,139.0,140.0,19.971,27.935,4.8956,7.4535,1.3647,1.0834,2.3389,4.8956,7.4535,1.3647,1.0834,2.3389,3.9917,0.0
2021-04-01,19:00,HLHRBSC12,37041.0,37041_Ghulab Devi Hospital Lahore-Z3 (3G-CI-4054),193.0,7041_Ghulab Devi Hospital Lahore-Z3 (3G-CI-4054),LAHORE_CLUSTER_12_Urban,100%,0.0,105.0,0.0,284.0,0.0,1042.0,357.0,361.0,0.0,179.0,3.5528,0.0,19776.0,19848.0,19820.0,19848.0,0.0,0.0,1042.0,1025.0,3.5528,100.0,234.0,245.0,0.0,1025.0,105.0,105.0,3.6225,8.6834,9.4059,4.8364,0.7893,0.4225,0.1425,9.4059,4.8364,0.7893,0.4225,0.1425,3.5528,0.0
2021-04-01,19:00,HLHRBSC12,17041.0,17041_Ghulab Devi Hospital Lahore-Z3 (3G-CI-4054),192.0,7041_Ghulab Devi Hospital Lahore-Z3 (3G-CI-4054),LAHORE_CLUSTER_12_Urban,100%,0.0,79.0,0.0,207.0,0.0,1285.0,253.0,261.0,0.0,128.0,2.575,0.0,14602.0,14782.0,14692.0,14782.0,1.0,1.0,1285.0,1271.0,2.575,100.0,139.0,139.0,1.0,1271.0,79.0,79.0,0.1957,0.318,10.6578,0.2407,0.0134,0.0107,0.0107,10.6578,0.2407,0.0134,0.0107,0.0107,2.575,0.0
2021-04-01,19:00,HLHRBSC12,17125.0,17125_Walton Road Lahore-Z2 (3G-CI-4350),191.0,7125_Walton Road Lahore-Z2 (3G-CI-4350),LAHORE_CLUSTER_12_Urban,100%,0.0,154.0,0.0,297.0,0.0,1107.0,285.0,296.0,0.0,144.0,4.3722,0.0,25302.0,25474.0,25462.0,25474.0,0.0,0.0,1107.0,1095.0,4.3722,100.0,265.0,272.0,0.0,1095.0,154.0,154.0,0.0475,0.5697,9.615,1.5856,0.0588,0.0054,0.0,9.615,1.5856,0.0588,0.0054,0.0,4.3722,0.0
2021-04-01,19:00,HLHRBSC12,27125.0,27125_Walton Road Lahore-Z2 (3G-CI-4350),190.0,7125_Walton Road Lahore-Z2 (3G-CI-4350),LAHORE_CLUSTER_12_Urban,100%,0.0,28.0,0.0,107.0,0.0,307.0,150.0,152.0,0.0,77.0,1.1972,0.0,6128.0,6370.0,6368.0,6370.0,0.0,0.0,307.0,304.0,1.1972,100.0,60.0,60.0,0.0,304.0,28.0,28.0,0.0,0.4347,5.6898,0.4332,0.0267,0.0,0.0,5.6898,0.4332,0.0267,0.0,0.0,1.1972,0.0
2021-04-01,19:00,HLHRBSC12,37125.0,37125_Walton Road Lahore-Z2 (3G-CI-4350),189.0,7125_Walton Road Lahore-Z2 (3G-CI-4350),LAHORE_CLUSTER_12_Urban,100%,0.0,67.0,0.0,200.0,0.0,225.0,263.0,263.0,0.0,133.0,1.8208,0.0,10192.0,10226.0,10224.0,10226.0,0.0,0.0,225.0,220.0,1.8208,100.0,109.0,110.0,0.0,220.0,67.0,67.0,0.386,3.2460000000000004,16.7813,1.2613,0.5333,0.0587,0.0133,16.7813,1.2613,0.5333,0.0587,0.0133,1.8208,0.0
2021-04-01,19:00,HLHRBSC12,11304.0,CI-1304-1_Ittefaq Hospital 2 (Micro) Lahore-Z0,181.0,CI-1304_Ittefaq Hospital 2 (Micro) Lahore-Z0,LAHORE_CLUSTER_12_Urban,100%,0.0,47.0,0.0,56.0,0.0,511.0,21.0,21.0,0.0,9.0,1.9333,0.0,11936.0,11936.0,11932.0,11936.0,0.0,0.0,511.0,511.0,1.9333,100.0,341.0,341.0,0.0,511.0,47.0,47.0,0.0,0.0,4.859,0.008,0.0,0.0,0.0,4.859,0.008,0.0,0.0,0.0,1.9333,0.0
2021-04-01,19:00,HLHRBSC12,11303.0,CI-1303-1_Ittefaq Hospital 1 (Micro) Lahore-Z0,180.0,CI-1303_Ittefaq Hospital 1 (Micro) Lahore-Z0,LAHORE_CLUSTER_12_Urban,100%,0.0,78.0,0.0,88.0,0.0,431.0,15.0,15.0,0.0,10.0,2.2639,0.0,13640.0,13640.0,13640.0,13640.0,0.0,0.0,431.0,431.0,2.2639,100.0,210.0,210.0,0.0,431.0,78.0,78.0,0.1067,0.1494,12.4282,0.0133,0.0053,0.0106,0.0027,12.4282,0.0133,0.0053,0.0106,0.0027,2.2639,0.0
2021-04-01,19:00,HLHRBSC12,37335.0,37335_Imam Bargh Walton Lahore-Z2 (3G-CI-4116),155.0,7335_Imam Bargh Walton Lahore-Z2 (3G-CI-4116),LAHORE_CLUSTER_12_Urban,100%,0.0,91.0,0.0,154.0,0.0,440.0,128.0,132.0,0.0,65.0,2.8181,0.0,16396.0,16430.0,16430.0,16430.0,1.0,2.0,440.0,440.0,2.8181,100.0,246.0,246.0,1.0,440.0,90.0,91.0,0.0541,0.6677,14.1653,0.5147,0.0907,0.0027,0.0053,14.1653,0.5147,0.0907,0.0027,0.0053,2.8181,0.0
2021-04-01,19:00,HLHRBSC12,27335.0,27335_Imam Bargh Walton Lahore-Z2 (3G-CI-4116),154.0,7335_Imam Bargh Walton Lahore-Z2 (3G-CI-4116),LAHORE_CLUSTER_12_Urban,100%,0.0,133.0,0.0,248.0,0.0,348.0,221.0,227.0,0.0,116.0,3.8111,0.0,22020.0,22130.0,22082.0,22130.0,0.0,1.0,348.0,346.0,3.8111,100.0,224.0,225.0,0.0,346.0,132.0,133.0,0.0,1.2583,13.68,0.968,0.1867,0.0,0.0,13.68,0.968,0.1867,0.0,0.0,3.8111,0.0
2021-04-01,19:00,HLHRBSC12,17335.0,17335_Imam Bargh Walton Lahore-Z2 (3G-CI-4116),153.0,7335_Imam Bargh Walton Lahore-Z2 (3G-CI-4116),LAHORE_CLUSTER_12_Urban,100%,0.0,125.0,1.0,224.0,0.0,426.0,188.0,191.0,0.0,102.0,5.2278,1.0,33750.0,33828.0,33804.0,33828.0,0.0,0.0,426.0,424.0,5.2278,100.0,215.0,215.0,0.0,424.0,125.0,125.0,0.0655,1.5731,11.2293,0.784,0.184,0.008,0.0,11.2293,0.784,0.184,0.008,0.0,5.2278,1.0
2021-04-01,19:00,HLHRBSC10,37123.0,37123_Phase 2 GECHS Lahore-Z3 (3G-CI-4076),608.0,7123_Phase 2 GECHS Lahore-Z3 (3G-CI-4076),LAHORE_CLUSTER_12_Urban,100%,0.0,68.0,1.0,158.0,0.0,186.0,184.0,185.0,0.0,89.0,1.2194,1.0,5506.0,5522.0,5520.0,5522.0,0.0,0.0,186.0,180.0,1.2194,100.0,119.0,121.0,0.0,180.0,68.0,68.0,0.12,0.7199,11.984000000000002,1.256,0.08,0.016,0.0,11.984000000000002,1.256,0.08,0.016,0.0,1.2194,1.0
2021-04-01,19:00,HLHRBSC10,27123.0,27123_Phase 2 GECHS Lahore-Z3 (3G-CI-4076),607.0,7123_Phase 2 GECHS Lahore-Z3 (3G-CI-4076),LAHORE_CLUSTER_12_Urban,100%,0.0,64.0,0.0,353.0,0.0,873.0,588.0,599.0,0.0,291.0,4.9069,0.0,29986.0,30156.0,30116.0,30156.0,0.0,0.0,873.0,861.0,4.9069,100.0,103.0,106.0,0.0,861.0,64.0,64.0,0.3826,4.3267,6.7947,6.5582,0.5505,0.0481,0.0053,6.7947,6.5582,0.5505,0.0481,0.0053,4.9069,0.0
2021-04-01,19:00,HLHRBSC10,17123.0,17123_Phase 2 GECHS Lahore-Z3 (3G-CI-4076),606.0,7123_Phase 2 GECHS Lahore-Z3 (3G-CI-4076),LAHORE_CLUSTER_12_Urban,100%,0.0,64.0,0.0,150.0,0.0,357.0,164.0,168.0,0.0,87.0,3.4444,0.0,22434.0,22452.0,22446.0,22452.0,0.0,0.0,357.0,356.0,3.4444,100.0,90.0,90.0,0.0,356.0,64.0,64.0,0.2245,0.6955,11.3055,0.5236,0.0561,0.016,0.0107,11.3055,0.5236,0.0561,0.016,0.0107,3.4444,0.0
2021-04-01,19:00,HLHRBSC12,51734.0,CI-1734-5_Packges Mall (Micro) Lahore-Z2 (3G-CI-1326),336.0,CI-1734_Packges Mall (Micro) Lahore-Z2 (3G-CI-1326),LAHORE_CLUSTER_12_Urban,100%,0.0,3.0,0.0,3.0,0.0,33.0,0.0,0.0,0.0,0.0,0.0375,0.0,164.0,164.0,164.0,164.0,0.0,0.0,33.0,33.0,0.0375,100.0,6.0,6.0,0.0,33.0,3.0,3.0,0.0,0.0,4.9547,0.0,0.0,0.0,0.0,4.9547,0.0,0.0,0.0,0.0,0.0375,0.0
2021-04-01,19:00,HLHRBSC12,41734.0,CI-1734-4_Packges Mall (Micro) Lahore-Z2 (3G-CI-1326),335.0,CI-1734_Packges Mall (Micro) Lahore-Z2 (3G-CI-1326),LAHORE_CLUSTER_12_Urban,100%,0.0,1.0,0.0,3.0,0.0,20.0,4.0,4.0,0.0,2.0,0.0181,0.0,100.0,100.0,100.0,100.0,0.0,0.0,20.0,20.0,0.0181,100.0,2.0,2.0,0.0,20.0,1.0,1.0,0.0,0.0,4.9733,0.0,0.0,0.0,0.0,4.9733,0.0,0.0,0.0,0.0,0.0181,0.0
2021-04-01,19:00,HLHRBSC12,31734.0,CI-1734-3_Packges Mall (Micro) Lahore-Z2 (3G-CI-1326),333.0,CI-1734_Packges Mall (Micro) Lahore-Z2 (3G-CI-1326),LAHORE_CLUSTER_12_Urban,100%,0.0,1.0,0.0,1.0,0.0,2.0,0.0,0.0,0.0,0.0,0.0,0.0,0.0,0.0,0.0,0.0,0.0,0.0,2.0,2.0,0.0,100.0,1.0,1.0,0.0,2.0,1.0,1.0,0.0,0.0,5.008,0.0,0.0,0.0,0.0,5.008,0.0,0.0,0.0,0.0,0.0,0.0
2021-04-01,19:00,HLHRBSC12,21734.0,CI-1734-2_Packges Mall (Micro) Lahore-Z2 (3G-CI-1326),332.0,CI-1734_Packges Mall (Micro) Lahore-Z2 (3G-CI-1326),LAHORE_CLUSTER_12_Urban,100%,0.0,0.0,0.0,0.0,0.0,2.0,0.0,0.0,0.0,0.0,0.0,0.0,0.0,0.0,0.0,0.0,0.0,0.0,2.0,2.0,0.0,100.0,0.0,0.0,0.0,2.0,0.0,0.0,0.0,0.0,5.0,0.0,0.0,0.0,0.0,5.0,0.0,0.0,0.0,0.0,0.0,0.0
2021-04-01,19:00,HLHRBSC12,11734.0,CI-1734-1_Packges Mall (Micro) Lahore-Z2 (3G-CI-1326),331.0,CI-1734_Packges Mall (Micro) Lahore-Z2 (3G-CI-1326),LAHORE_CLUSTER_12_Urban,100%,0.0,4.0,0.0,8.0,0.0,53.0,7.0,7.0,0.0,4.0,0.0903,0.0,552.0,552.0,552.0,552.0,0.0,0.0,53.0,53.0,0.0903,100.0,4.0,4.0,0.0,53.0,4.0,4.0,0.0,0.0,6.8907,0.0,0.0,0.0,0.0,6.8907,0.0,0.0,0.0,0.0,0.0903,0.0
2021-04-01,19:00,HLHRBSC09,31775.0,CI-1775-3_Cavalry Road Lahore-Z1 (3G-CI-2058),209.0,CI-1775_Cavalry Road Lahore-Z1 (3G-CI-2058),LAHORE_CLUSTER_12_Urban,100%,0.0,66.0,0.0,210.0,0.0,763.0,297.0,304.0,0.0,145.0,5.1042,0.0,33950.0,34014.0,33956.0,34014.0,0.0,0.0,763.0,746.0,5.1042,100.0,123.0,126.0,0.0,746.0,66.0,66.0,0.0,0.2728,19.5664,1.8271,0.0585,0.0,0.0,19.5664,1.8271,0.0585,0.0,0.0,5.1042,0.0
2021-04-01,19:00,HLHRBSC09,21775.0,CI-1775-2_Cavalry Road Lahore-Z1 (3G-CI-2058),205.0,CI-1775_Cavalry Road Lahore-Z1 (3G-CI-2058),LAHORE_CLUSTER_12_Urban,100%,0.0,91.0,2.0,206.0,0.0,2007.0,223.0,223.0,0.0,118.0,7.6722,2.0,51170.0,51294.0,50750.0,51294.0,2.0,5.0,2007.0,1637.0,7.6722,100.0,187.0,208.0,2.0,1637.0,88.0,91.0,0.1877,0.9319,15.2096,4.4426,0.1476,0.0213,0.016,15.2096,4.4426,0.1476,0.0213,0.016,7.6722,2.0
2021-04-01,19:00,HLHRBSC09,11775.0,CI-1775-1_Cavalry Road Lahore-Z1 (3G-CI-2058),204.0,CI-1775_Cavalry Road Lahore-Z1 (3G-CI-2058),LAHORE_CLUSTER_12_Urban,100%,0.0,162.0,1.0,300.0,0.0,1029.0,259.0,270.0,0.0,138.0,5.7111,1.0,36100.0,36290.0,35988.0,36290.0,0.0,1.0,1029.0,924.0,5.7111,100.0,326.0,343.0,0.0,924.0,161.0,162.0,0.672,9.7155,14.2555,4.4195,1.8706,0.1121,0.0269,14.2555,4.4195,1.8706,0.1121,0.0269,5.7111,1.0
