Date,Time,GBSC,Cell CI,Cell Name,CellIndex,Site Name,Location,Integrity,_CallSetup TCH GOS(%)_N,_CallSetup TCH GOS(%)_D,_DCR_N,_DCR_D,_GOS-SDCCH(%)_N,_GOS-SDCCH(%)_D,_HSR%_N,_HSR%_D,_Mobility TCH GOS(%)_N,_Mobility TCH GOS(%)_D,_MTBD (Mean Time between Drop)_N,_MTBD (Mean Time between Drop)_D,_RxQual Index DL_1,_RxQual Index DL_2,_RxQual Index UL_1,_RxQual Index UL_2,CSSR_Non Blocking_1_N,CSSR_Non Blocking_2_N,CSSR_Non Blocking_1_D,CSSR_Non Blocking_2_D,GlobelTraffic,TCH Availability Rate,_cssr_Call Setup Indications (Circuit Service)_N_1,_Cssr_Channel Requests (Circuit Service)_D_1,_CSSR_Call Drops on SDCCH_N_2,_CSSR_Successful SDCCH Seizures_D_2,_CSSR_Successful TCH Seizures (Traffic Channel)_N_3,_CSSR_TCH Seizure Requests (Traffic Channel)_D_3,Interference Band Proportion (4~5)(%),Interference Band 345,Mean Number of TCH in Interference Band 1,Mean Number of TCH in Interference Band 2,Mean Number of TCH in Interference Band 3,Mean Number of TCH in Interference Band 4,Mean Number of TCH in Interference Band 5,Mean Number of TCH in Interference Band 1.1,Mean Number of TCH in Interference Band 2.1,Mean Number of TCH in Interference Band 3.1,Mean Number of TCH in Interference Band 4.1,Mean Number of TCH in Interference Band 5.1,K3014:Traffic Volume on TCH(Erl),CM33:Call Drops on Traffic Channel
2021-04-01,20:00,HFSDBSC05,15759.0,15759_Noorpur Millat Faisalabad-Z1 (3G-CII-3095),215.0,5759_Noorpur Millat Faisalabad-Z1 (3G-CII-3095),FAISALABAD_CLUSTER_04_Rural,100%,0.0,71.0,0.0,135.0,0.0,276.0,124.0,126.0,0.0,64.0,5.8208,0.0,40196.0,40208.0,40176.0,40208.0,0.0,0.0,276.0,274.0,5.8208,100.0,132.0,132.0,0.0,274.0,71.0,71.0,0.0329,0.1203,16.0366,0.1101,0.0141,0.0053,0.0,16.0366,0.1101,0.0141,0.0053,0.0,5.8208,0.0
2021-04-01,20:00,HFSDBSC05,15807.0,15807_Irfanabad Faisalabad-Z1 (3G-CII-3101),196.0,5807_Irfanabad Faisalabad-Z1 (3G-CII-3101),FAISALABAD_CLUSTER_04_Rural,100%,0.0,32.0,0.0,54.0,0.0,257.0,46.0,46.0,0.0,22.0,1.2764,0.0,8058.0,8064.0,8064.0,8064.0,0.0,0.0,257.0,252.0,1.2764,100.0,135.0,135.0,0.0,252.0,32.0,32.0,0.0183,0.2736,14.4187,0.1116,0.0372,0.0,0.0027,14.4187,0.1116,0.0372,0.0,0.0027,1.2764,0.0
2021-04-01,20:00,HFSDBSC05,15808.0,15808_Zafar Colony Faisalabad-Z1 (3G-CII-4513),194.0,5808_Zafar Colony Faisalabad-Z1 (3G-CII-4513),FAISALABAD_CLUSTER_04_Rural,100%,0.0,493.0,56.0,1105.0,5.0,4018.0,1305.0,1382.0,0.0,701.0,20.7708,56.0,124908.0,126088.0,121886.0,126088.0,13.0,75.0,4013.0,3933.0,20.7708,100.0,837.0,867.0,13.0,3933.0,431.0,493.0,0.1477,0.6038,14.5065,0.1341,0.0672,0.0163,0.0055,14.5065,0.1341,0.0672,0.0163,0.0055,20.7708,56.0
2021-04-01,20:00,HFSDBSC05,24023.0,24023_PTCL Exchange Manwal Faisalabad-Z1 (3G-CII-3033),162.0,4023_PTCL Exchange Manwal Faisalabad-Z1 (3G-CII-3033),FAISALABAD_CLUSTER_04_Rural,100%,0.0,103.0,0.0,271.0,0.0,1774.0,336.0,347.0,0.0,166.0,5.0653,0.0,31668.0,31704.0,31674.0,31704.0,0.0,0.0,1774.0,1757.0,5.0653,100.0,429.0,433.0,0.0,1757.0,103.0,103.0,0.0583,0.3261,22.4773,0.3467,0.0613,0.008,0.0053,22.4773,0.3467,0.0613,0.008,0.0053,5.0653,0.0
2021-04-01,20:00,HFSDBSC05,14023.0,14023_PTCL Exchange Manwal Faisalabad-Z1 (3G-CII-3033),161.0,4023_PTCL Exchange Manwal Faisalabad-Z1 (3G-CII-3033),FAISALABAD_CLUSTER_04_Rural,100%,0.0,150.0,2.0,330.0,0.0,2551.0,352.0,356.0,0.0,181.0,6.7556,2.0,42836.0,43152.0,42776.0,43152.0,1.0,2.0,2551.0,2494.0,6.7556,100.0,472.0,475.0,1.0,2494.0,149.0,150.0,0.17,0.9601,19.7729,2.0064,0.1737,0.0214,0.016,19.7729,2.0064,0.1737,0.0214,0.016,6.7556,2.0
2021-04-01,20:00,HFSDBSC05,14080.0,14080_Chak Jhumra Road Faisalabad-Z1 (3G-CII-4472),89.0,4080_Chak Jhumra Road Faisalabad-Z1 (3G-CII-4472),FAISALABAD_CLUSTER_04_Rural,100%,0.0,144.0,1.0,257.0,0.0,1789.0,211.0,222.0,0.0,113.0,6.25,1.0,41264.0,41370.0,41120.0,41370.0,5.0,5.0,1789.0,1750.0,6.25,100.0,281.0,289.0,5.0,1750.0,144.0,144.0,0.0,0.131,15.9596,0.183,0.0212,0.0,0.0,15.9596,0.183,0.0212,0.0,0.0,6.25,1.0
2021-04-01,20:00,HFSDBSC05,34809.0,34809_Beacon House School Faisalabad-Z1 (3G-CII-4490),55.0,4809_Beacon House School Faisalabad-Z1 (3G-CII-4490),FAISALABAD_CLUSTER_04_Rural,100%,0.0,83.0,1.0,322.0,0.0,766.0,446.0,467.0,0.0,249.0,4.5764,1.0,27860.0,27882.0,27604.0,27882.0,1.0,2.0,766.0,747.0,4.5764,100.0,156.0,157.0,1.0,747.0,82.0,83.0,0.0433,0.3176,18.2156,0.1838,0.0506,0.008,0.0,18.2156,0.1838,0.0506,0.008,0.0,4.5764,1.0
2021-04-01,20:00,HFSDBSC05,24809.0,24809_Beacon House School Faisalabad-Z1 (3G-CII-4490),54.0,4809_Beacon House School Faisalabad-Z1 (3G-CII-4490),FAISALABAD_CLUSTER_04_Rural,100%,0.0,127.0,0.0,290.0,0.0,1331.0,332.0,339.0,0.0,164.0,5.3569,0.0,32326.0,32480.0,31726.0,32480.0,2.0,2.0,1331.0,1305.0,5.3569,100.0,215.0,218.0,2.0,1305.0,127.0,127.0,0.0288,0.0576,10.0952,0.0409,0.0029,0.0029,0.0,10.0952,0.0409,0.0029,0.0029,0.0,5.3569,0.0
2021-04-01,20:00,HFSDBSC05,14809.0,14809_Beacon House School Faisalabad-Z1 (3G-CII-4490),53.0,4809_Beacon House School Faisalabad-Z1 (3G-CII-4490),FAISALABAD_CLUSTER_04_Rural,100%,4.0,111.0,4.0,468.0,0.0,1807.0,616.0,669.0,0.0,380.0,9.8167,4.0,62180.0,62716.0,62172.0,62716.0,0.0,2.0,1807.0,1735.0,9.8167,100.0,240.0,250.0,0.0,1735.0,105.0,111.0,0.0,0.0,10.3103,0.0108,0.0,0.0,0.0,10.3103,0.0108,0.0,0.0,0.0,9.8167,4.0
2021-04-01,20:00,HFSDBSC05,22012.0,CII-2012-2_Mohallah Quaid e Azam Faisalabad-Z1 (3G-CII-4519),31.0,CII-2012_Mohallah Quaid e Azam Faisalabad-Z1 (3G-CII-4519),FAISALABAD_CLUSTER_04_Rural,100%,0.0,107.0,3.0,367.0,0.0,1776.0,515.0,524.0,0.0,261.0,8.6569,3.0,57888.0,57918.0,57330.0,57918.0,12.0,12.0,1776.0,1721.0,8.6569,100.0,296.0,300.0,12.0,1721.0,107.0,107.0,0.0846,3.9113,11.3919,0.5684,0.4763,0.0105,0.0,11.3919,0.5684,0.4763,0.0105,0.0,8.6569,3.0
2021-04-01,20:00,HFSDBSC05,24034.0,24034_Ghafoor Bashir Hospital Faisalabad-Z1 (3G-CII-4470),4.0,4034_Ghafoor Bashir Hospital Faisalabad-Z1 (3G-CII-4470),FAISALABAD_CLUSTER_04_Rural,100%,0.0,27.0,1.0,78.0,0.0,442.0,107.0,109.0,0.0,51.0,1.2625,1.0,7942.0,7946.0,7792.0,7946.0,6.0,6.0,442.0,425.0,1.2625,100.0,96.0,98.0,6.0,425.0,27.0,27.0,5.5818,5.6944,13.4596,0.0564,0.0161,0.0933,0.7067,13.4596,0.0564,0.0161,0.0933,0.7067,1.2625,1.0
2021-04-01,20:00,HFSDBSC05,14034.0,14034_Ghafoor Bashir Hospital Faisalabad-Z1 (3G-CII-4470),3.0,4034_Ghafoor Bashir Hospital Faisalabad-Z1 (3G-CII-4470),FAISALABAD_CLUSTER_04_Rural,100%,0.0,153.0,0.0,299.0,0.0,2011.0,302.0,324.0,0.0,145.0,7.2417,0.0,46422.0,46554.0,46284.0,46554.0,2.0,2.0,2011.0,1989.0,7.2417,100.0,309.0,315.0,2.0,1989.0,153.0,153.0,0.0,0.1303,19.6464,0.0678,0.0257,0.0,0.0,19.6464,0.0678,0.0257,0.0,0.0,7.2417,0.0
2021-04-01,20:00,HFSDBSC06,25950.0,25950_Chak No 204 RB Faisalabad-Z2 (3G-CII-4515),263.0,5950_Chak No 204 RB Faisalabad-Z2 (3G-CII-4515),FAISALABAD_CLUSTER_04_Rural,100%,0.0,102.0,0.0,222.0,0.0,1329.0,246.0,255.0,0.0,122.0,4.2125,0.0,27526.0,27546.0,27490.0,27546.0,0.0,1.0,1329.0,1327.0,4.2125,100.0,213.0,213.0,0.0,1327.0,101.0,102.0,0.0,0.0,10.2394,0.0159,0.0,0.0,0.0,10.2394,0.0159,0.0,0.0,0.0,4.2125,0.0
2021-04-01,20:00,HFSDBSC06,25814.0,25814_Saeed Colony Faisalabad-Z2 (3G-CII-3106),117.0,5814_Saeed Colony Faisalabad-Z2 (3G-CII-3106),FAISALABAD_CLUSTER_04_Rural,100%,0.0,20.0,0.0,42.0,0.0,149.0,50.0,50.0,0.0,22.0,0.4528,0.0,2744.0,2750.0,2750.0,2750.0,0.0,0.0,149.0,149.0,0.4528,100.0,46.0,46.0,0.0,149.0,20.0,20.0,0.0,0.0324,16.3564,0.0372,0.0053,0.0,0.0,16.3564,0.0372,0.0053,0.0,0.0,0.4528,0.0
2021-04-01,20:00,HFSDBSC06,24807.0,24807_Yousaf Abad Faisalabad-Z2 (3G-CII-3086),109.0,4807_Yousaf Abad Faisalabad-Z2 (3G-CII-3086),FAISALABAD_CLUSTER_04_Rural,100%,0.0,55.0,0.0,116.0,0.0,690.0,118.0,124.0,0.0,61.0,2.4306,0.0,15862.0,15900.0,15852.0,15900.0,1.0,1.0,690.0,689.0,2.4306,100.0,268.0,268.0,1.0,689.0,55.0,55.0,0.018000000000000002,0.1802,14.5906,0.141,0.0239,0.0027,0.0,14.5906,0.141,0.0239,0.0027,0.0,2.4306,0.0
2021-04-01,20:00,HFSDBSC06,24027.0,24027_Madina Town Faisalabad-Z2 (3G-CII-3034),91.0,4027_Madina Town Faisalabad-Z2 (3G-CII-3034),FAISALABAD_CLUSTER_04_Rural,100%,0.0,146.0,1.0,243.0,0.0,2736.0,194.0,202.0,0.0,100.0,4.2458,1.0,25486.0,25576.0,25528.0,25576.0,1.0,3.0,2736.0,2717.0,4.2458,100.0,1286.0,1295.0,1.0,2717.0,144.0,146.0,0.0,0.1036,17.7972,0.1596,0.0186,0.0,0.0,17.7972,0.1596,0.0186,0.0,0.0,4.2458,1.0
2021-04-01,20:00,HFSDBSC06,24090.0,24090_Canal Park Colony Faisalabad-Z2 (3G-CII-3078),58.0,4090_Canal Park Colony Faisalabad-Z2 (3G-CII-3078),FAISALABAD_CLUSTER_04_Rural,100%,0.0,21.0,0.0,42.0,0.0,178.0,41.0,41.0,0.0,21.0,1.3431,0.0,8954.0,8962.0,8962.0,8962.0,0.0,0.0,178.0,178.0,1.3431,100.0,29.0,29.0,0.0,178.0,21.0,21.0,0.0163,0.0812,16.3227,0.0933,0.0107,0.0027,0.0,16.3227,0.0933,0.0107,0.0027,0.0,1.3431,0.0
2021-04-01,20:00,HFSDBSC06,24060.0,24060_Khiaban Colony Faisalabad-Z2 (3G-CII-2011),52.0,4060_Khiaban Colony Faisalabad-Z2 (3G-CII-2011),FAISALABAD_CLUSTER_04_Rural,100%,0.0,388.0,3.0,655.0,0.0,7760.0,510.0,517.0,0.0,269.0,20.2417,3.0,132526.0,132698.0,132044.0,132698.0,1.0,3.0,7760.0,7736.0,20.2417,100.0,828.0,837.0,1.0,7736.0,386.0,388.0,0.0655,0.6714,15.1929,1.0714,0.0992,0.0107,0.0,15.1929,1.0714,0.0992,0.0107,0.0,20.2417,3.0
