Date,Time,GBSC,Cell CI,Cell Name,CellIndex,Site Name,Location,Integrity,_CallSetup TCH GOS(%)_N,_CallSetup TCH GOS(%)_D,_DCR_N,_DCR_D,_GOS-SDCCH(%)_N,_GOS-SDCCH(%)_D,_HSR%_N,_HSR%_D,_Mobility TCH GOS(%)_N,_Mobility TCH GOS(%)_D,_MTBD (Mean Time between Drop)_N,_MTBD (Mean Time between Drop)_D,_RxQual Index DL_1,_RxQual Index DL_2,_RxQual Index UL_1,_RxQual Index UL_2,CSSR_Non Blocking_1_N,CSSR_Non Blocking_2_N,CSSR_Non Blocking_1_D,CSSR_Non Blocking_2_D,GlobelTraffic,TCH Availability Rate,_cssr_Call Setup Indications (Circuit Service)_N_1,_Cssr_Channel Requests (Circuit Service)_D_1,_CSSR_Call Drops on SDCCH_N_2,_CSSR_Successful SDCCH Seizures_D_2,_CSSR_Successful TCH Seizures (Traffic Channel)_N_3,_CSSR_TCH Seizure Requests (Traffic Channel)_D_3,Interference Band Proportion (4~5)(%),Interference Band 345,Mean Number of TCH in Interference Band 1,Mean Number of TCH in Interference Band 2,Mean Number of TCH in Interference Band 3,Mean Number of TCH in Interference Band 4,Mean Number of TCH in Interference Band 5,Mean Number of TCH in Interference Band 1.1,Mean Number of TCH in Interference Band 2.1,Mean Number of TCH in Interference Band 3.1,Mean Number of TCH in Interference Band 4.1,Mean Number of TCH in Interference Band 5.1,K3014:Traffic Volume on TCH(Erl),CM33:Call Drops on Traffic Channel
2021-04-01,20:00,HRYKBSC03,15451.0,15451_Delta Factory RY Khan (3G-CII-3392),316.0,5451_Delta Factory RY Khan (3G-CII-3392),RAHIMYARKHAN_CLUSTER_01_Rural,100%,0.0,29.0,0.0,76.0,0.0,166.0,90.0,90.0,0.0,47.0,1.2583,0.0,8298.0,8306.0,8298.0,8306.0,0.0,0.0,166.0,165.0,1.2583,96.5284,82.0,82.0,0.0,165.0,29.0,29.0,2.2839,5.545,6.7343,1.0473,0.2687,0.1413,0.0469,1.0473,0.2687,6.7343,0.1413,0.0469,1.2583,0.0
2021-04-01,20:00,HRYKBSC03,25451.0,25451_Delta Factory RY Khan (3G-CII-3392),315.0,5451_Delta Factory RY Khan (3G-CII-3392),RAHIMYARKHAN_CLUSTER_01_Rural,100%,0.0,157.0,0.0,260.0,0.0,868.0,207.0,211.0,0.0,104.0,5.5583,0.0,35766.0,35834.0,35744.0,35834.0,0.0,1.0,868.0,853.0,5.5583,95.8753,340.0,345.0,0.0,853.0,156.0,157.0,0.054000000000000006,0.21100000000000002,5.7797,0.24100000000000002,0.0095,0.0033,0.0,0.24100000000000002,0.0095,5.7797,0.0033,0.0,5.5583,0.0
2021-04-01,20:00,HRYKBSC03,35451.0,35451_Delta Factory RY Khan (3G-CII-3392),314.0,5451_Delta Factory RY Khan (3G-CII-3392),RAHIMYARKHAN_CLUSTER_01_Rural,100%,0.0,94.0,0.0,170.0,0.0,956.0,161.0,166.0,0.0,78.0,4.4875,0.0,30058.0,30136.0,30110.0,30136.0,0.0,1.0,956.0,949.0,4.4875,90.9422,171.0,174.0,0.0,949.0,93.0,94.0,0.2393,0.5670000000000001,3.613,0.1224,0.0123,0.0028,0.0062,0.1224,0.0123,3.613,0.0028,0.0062,4.4875,0.0
2021-04-01,20:00,HRYKBSC03,21501.0,21501_Baber Colony RY Khan (3G-CII-3382),311.0,1501_Baber Colony RY Khan (3G-CII-3382),RAHIMYARKHAN_CLUSTER_01_Rural,100%,0.0,91.0,1.0,144.0,0.0,1144.0,98.0,104.0,0.0,53.0,5.3736,1.0,34964.0,35278.0,35188.0,35278.0,0.0,0.0,1144.0,1142.0,5.3736,100.0,788.0,788.0,0.0,1142.0,91.0,91.0,0.5429999999999999,2.7367,16.1742,1.1509,0.3908,0.0833,0.0134,1.1509,0.3908,16.1742,0.0833,0.0134,5.3736,1.0
2021-04-01,20:00,HRYKBSC03,25452.0,25452_Settelite Town RY Khan (3G-CII-3619),310.0,5452_Settelite Town RY Khan (3G-CII-3619),RAHIMYARKHAN_CLUSTER_01_Rural,100%,0.0,346.0,0.0,601.0,0.0,1912.0,497.0,500.0,0.0,256.0,15.45,0.0,99018.0,99088.0,99070.0,99088.0,0.0,1.0,1912.0,1907.0,15.45,100.0,592.0,595.0,0.0,1907.0,345.0,346.0,0.2696,1.7274,5.5316,1.2036,0.0999,0.0148,0.0037,1.2036,0.0999,5.5316,0.0148,0.0037,15.45,0.0
2021-04-01,20:00,HRYKBSC03,35452.0,35452_Settelite Town RY Khan (3G-CII-3619),309.0,5452_Settelite Town RY Khan (3G-CII-3619),RAHIMYARKHAN_CLUSTER_01_Rural,100%,0.0,120.0,0.0,225.0,0.0,691.0,196.0,201.0,0.0,106.0,6.0431,0.0,39712.0,39826.0,39810.0,39826.0,0.0,1.0,691.0,675.0,6.0431,100.0,234.0,235.0,0.0,675.0,119.0,120.0,0.3312,1.5201,12.4742,1.3715,0.1672,0.0408,0.0058,1.3715,0.1672,12.4742,0.0408,0.0058,6.0431,0.0
2021-04-01,20:00,HRYKBSC03,35455.0,35455_Palace Colony No 4 RY Khan,304.0,5455_Palace Colony No 4 RY Khan,RAHIMYARKHAN_CLUSTER_01_Rural,100%,0.0,92.0,2.0,132.0,0.0,331.0,81.0,81.0,0.0,40.0,2.9931,2.0,18190.0,19082.0,18974.0,19082.0,0.0,0.0,331.0,310.0,2.9931,100.0,169.0,176.0,0.0,310.0,92.0,92.0,0.0284,0.0569,9.2827,0.1013,0.0027,0.0,0.0027,0.1013,0.0027,9.2827,0.0,0.0027,2.9931,2.0
2021-04-01,20:00,HRYKBSC03,25455.0,25455_Palace Colony No 4 RY Khan,303.0,5455_Palace Colony No 4 RY Khan,RAHIMYARKHAN_CLUSTER_01_Rural,100%,0.0,40.0,1.0,58.0,0.0,123.0,33.0,33.0,0.0,19.0,1.1042,1.0,6678.0,6734.0,6686.0,6734.0,0.0,1.0,123.0,112.0,1.1042,100.0,86.0,92.0,0.0,112.0,39.0,40.0,0.0791,0.0791,6.728,0.0027,0.0,0.0,0.0053,0.0027,0.0,6.728,0.0,0.0053,1.1042,1.0
2021-04-01,20:00,HRYKBSC03,15455.0,15455_Palace Colony No 4 RY Khan,302.0,5455_Palace Colony No 4 RY Khan,RAHIMYARKHAN_CLUSTER_01_Rural,100%,0.0,44.0,0.0,86.0,0.0,115.0,77.0,82.0,0.0,43.0,1.8069,0.0,12008.0,12068.0,12062.0,12068.0,1.0,2.0,115.0,115.0,1.8069,100.0,67.0,67.0,1.0,115.0,43.0,44.0,0.0668,0.0668,7.96,0.0133,0.0,0.0,0.0053,0.0133,0.0,7.96,0.0,0.0053,1.8069,0.0
2021-04-01,20:00,HRYKBSC03,31509.0,31509_Thali Road RY Khan (3G-CII-3389),297.0,1509_Thali Road RY Khan (3G-CII-3389),RAHIMYARKHAN_CLUSTER_01_Rural,100%,0.0,99.0,0.0,146.0,0.0,341.0,97.0,98.0,0.0,47.0,4.3583,0.0,28012.0,28032.0,27942.0,28032.0,0.0,0.0,341.0,340.0,4.3583,100.0,167.0,168.0,0.0,340.0,99.0,99.0,0.0557,0.32,18.7054,0.419,0.0507,0.008,0.0027,0.419,0.0507,18.7054,0.008,0.0027,4.3583,0.0
2021-04-01,20:00,HRYKBSC03,11509.0,11509_Thali Road RY Khan (3G-CII-3389),296.0,1509_Thali Road RY Khan (3G-CII-3389),RAHIMYARKHAN_CLUSTER_01_Rural,100%,0.0,109.0,2.0,211.0,0.0,564.0,195.0,196.0,0.0,102.0,3.7528,2.0,23274.0,23682.0,23576.0,23682.0,0.0,0.0,564.0,557.0,3.7528,100.0,172.0,177.0,0.0,557.0,109.0,109.0,0.1105,0.3474,15.8182,1.0477,0.0401,0.0107,0.008,1.0477,0.0401,15.8182,0.0107,0.008,3.7528,2.0
2021-04-01,20:00,HRYKBSC03,25453.0,25453_Behari Colony RY Khan (3G-CII-3393),295.0,5453_Behari Colony RY Khan (3G-CII-3393),RAHIMYARKHAN_CLUSTER_01_Rural,100%,0.0,139.0,0.0,433.0,0.0,1467.0,581.0,584.0,0.0,295.0,9.5583,0.0,63598.0,63646.0,63596.0,63646.0,0.0,0.0,1467.0,1453.0,9.5583,100.0,308.0,311.0,0.0,1453.0,139.0,139.0,0.0,0.2835,17.2187,0.6711,0.0509,0.0,0.0,0.6711,0.0509,17.2187,0.0,0.0,9.5583,0.0
2021-04-01,20:00,HRYKBSC03,25445.0,25445_Abu Dhabi Road RY Khan (3G-CII-4500),292.0,5445_Abu Dhabi Road RY Khan (3G-CII-4500),RAHIMYARKHAN_CLUSTER_01_Rural,100%,0.0,101.0,0.0,117.0,0.0,444.0,30.0,32.0,0.0,17.0,1.4014,0.0,7489.0,7843.0,7831.0,7843.0,0.0,1.0,444.0,435.0,1.4014,100.0,215.0,217.0,0.0,435.0,100.0,101.0,0.0,0.0216,12.3075,0.0428,0.0027,0.0,0.0,0.0428,0.0027,12.3075,0.0,0.0,1.4014,0.0
2021-04-01,20:00,HRYKBSC03,35445.0,35445_Abu Dhabi Road RY Khan (3G-CII-4500),291.0,5445_Abu Dhabi Road RY Khan (3G-CII-4500),RAHIMYARKHAN_CLUSTER_01_Rural,100%,0.0,105.0,2.0,135.0,0.0,775.0,65.0,67.0,0.0,31.0,3.8028,2.0,24582.0,24611.0,24600.0,24611.0,0.0,0.0,775.0,766.0,3.8028,100.0,208.0,210.0,0.0,766.0,105.0,105.0,0.2513,1.1709,9.4554,1.0289,0.0976,0.0213,0.0053,1.0289,0.0976,9.4554,0.0213,0.0053,3.8028,2.0
2021-04-01,20:00,HRYKBSC03,15445.0,15445_Abu Dhabi Road RY Khan (3G-CII-4500),290.0,5445_Abu Dhabi Road RY Khan (3G-CII-4500),RAHIMYARKHAN_CLUSTER_01_Rural,100%,0.0,91.0,1.0,149.0,0.0,509.0,109.0,116.0,0.0,59.0,4.4444,1.0,28873.0,29534.0,29484.0,29534.0,0.0,1.0,509.0,494.0,4.4444,100.0,178.0,190.0,0.0,494.0,90.0,91.0,0.0,0.0267,9.7521,0.2525,0.0027,0.0,0.0,0.2525,0.0027,9.7521,0.0,0.0,4.4444,1.0
2021-04-01,20:00,HRYKBSC03,25454.0,25454_Gulshan Iqbal RY Khan (3G-CII-3394),286.0,5454_Gulshan Iqbal RY Khan (3G-CII-3394),RAHIMYARKHAN_CLUSTER_01_Rural,100%,0.0,217.0,1.0,363.0,0.0,1333.0,299.0,300.0,0.0,148.0,6.8944,1.0,37834.0,38290.0,38194.0,38290.0,0.0,3.0,1333.0,1326.0,6.8944,100.0,403.0,408.0,0.0,1326.0,214.0,217.0,0.0442,0.265,5.6347,0.3867,0.0133,0.0027,0.0,0.3867,0.0133,5.6347,0.0027,0.0,6.8944,1.0
2021-04-01,20:00,HRYKBSC03,15454.0,15454_Gulshan Iqbal RY Khan (3G-CII-3394),284.0,5454_Gulshan Iqbal RY Khan (3G-CII-3394),RAHIMYARKHAN_CLUSTER_01_Rural,100%,0.0,225.0,1.0,391.0,0.0,3971.0,322.0,332.0,0.0,165.0,9.3847,1.0,52356.0,52974.0,52386.0,52974.0,0.0,2.0,3971.0,3937.0,9.3847,100.0,534.0,538.0,0.0,3937.0,223.0,225.0,0.0105,0.2523,22.8613,2.4427,0.0613,0.0027,0.0,2.4427,0.0613,22.8613,0.0027,0.0,9.3847,1.0
2021-04-01,20:00,HRYKBSC03,11506.0,11506_Old Officers Colony RY Khan (3G-CII-3386),282.0,1506_Old Officers Colony RY Khan (3G-CII-3386),RAHIMYARKHAN_CLUSTER_01_Rural,100%,0.0,133.0,1.0,296.0,0.0,533.0,331.0,334.0,0.0,165.0,3.5,1.0,20988.0,20994.0,20986.0,20994.0,0.0,2.0,533.0,529.0,3.5,100.0,274.0,276.0,0.0,529.0,131.0,133.0,0.0,0.0,10.7617,8.2834,0.0,0.0,0.0,8.2834,0.0,10.7617,0.0,0.0,3.5,1.0
2021-04-01,20:00,HRYKBSC03,21504.0,21504_Tameer e Millat Road RY Khan (3G-CII-3384),277.0,1504_Tameer e Millat Road RY Khan (3G-CII-3384),RAHIMYARKHAN_CLUSTER_01_Rural,100%,0.0,94.0,0.0,169.0,0.0,460.0,164.0,166.0,0.0,75.0,4.5597,0.0,29696.0,29742.0,29684.0,29742.0,0.0,0.0,460.0,459.0,4.5597,100.0,282.0,282.0,0.0,459.0,94.0,94.0,0.7963,2.6826,15.4088,2.295,0.3432,0.1047,0.0402,2.295,0.3432,15.4088,0.1047,0.0402,4.5597,0.0
2021-04-01,20:00,HRYKBSC03,31504.0,31504_Tameer e Millat Road RY Khan (3G-CII-3384),275.0,1504_Tameer e Millat Road RY Khan (3G-CII-3384),RAHIMYARKHAN_CLUSTER_01_Rural,100%,0.0,155.0,0.0,363.0,0.0,997.0,422.0,439.0,0.0,211.0,7.0403,0.0,45964.0,46036.0,45990.0,46036.0,0.0,1.0,997.0,995.0,7.0403,100.0,293.0,293.0,0.0,995.0,154.0,155.0,0.3308,2.1491,10.637,1.4995,0.2255,0.0342,0.0068,1.4995,0.2255,10.637,0.0342,0.0068,7.0403,0.0
2021-04-01,20:00,HRYKBSC03,21503.0,21503_Sheikh Zaid Palace RY Khan,274.0,1503_Sheikh Zaid Palace RY Khan,RAHIMYARKHAN_CLUSTER_01_Rural,100%,0.0,40.0,0.0,97.0,0.0,222.0,117.0,118.0,0.0,57.0,2.1681,0.0,14287.0,14582.0,14547.0,14582.0,0.0,0.0,222.0,220.0,2.1681,100.0,165.0,165.0,0.0,220.0,40.0,40.0,0.0,0.0299,8.9037,0.0107,0.0027,0.0,0.0,0.0107,0.0027,8.9037,0.0,0.0,2.1681,0.0
2021-04-01,20:00,HRYKBSC03,11503.0,11503_Sheikh Zaid Palace RY Khan,273.0,1503_Sheikh Zaid Palace RY Khan,RAHIMYARKHAN_CLUSTER_01_Rural,100%,0.0,134.0,2.0,175.0,0.0,424.0,91.0,92.0,0.0,43.0,5.2472,2.0,32222.0,33022.0,32114.0,33022.0,0.0,2.0,424.0,412.0,5.2472,100.0,208.0,211.0,0.0,412.0,132.0,134.0,1.1468,8.6832,4.2618,2.1739,0.5311,0.0674,0.0135,2.1739,0.5311,4.2618,0.0674,0.0135,5.2472,2.0
2021-04-01,20:00,HRYKBSC03,31503.0,31503_Sheikh Zaid Palace RY Khan,272.0,1503_Sheikh Zaid Palace RY Khan,RAHIMYARKHAN_CLUSTER_01_Rural,100%,0.0,201.0,0.0,225.0,0.0,1373.0,47.0,49.0,0.0,25.0,8.2042,0.0,54071.0,55568.0,55024.0,55568.0,0.0,1.0,1373.0,1359.0,8.2042,100.0,474.0,476.0,0.0,1359.0,200.0,201.0,0.0,0.38299999999999995,4.7431,0.1833,0.0189,0.0,0.0,0.1833,0.0189,4.7431,0.0,0.0,8.2042,0.0
2021-04-01,20:00,HRYKBSC03,11502.0,11502_Azizabad Behari Colony RY Khan (3G-CII-3383),270.0,1502_Azizabad Behari Colony RY Khan (3G-CII-3383),RAHIMYARKHAN_CLUSTER_01_Rural,100%,0.0,108.0,1.0,281.0,0.0,585.0,344.0,344.0,0.0,173.0,5.5278,1.0,35784.0,36246.0,36006.0,36246.0,0.0,0.0,585.0,579.0,5.5278,100.0,210.0,215.0,0.0,579.0,108.0,108.0,2.7234,5.7482,5.3417,3.0597,0.2696,0.1841,0.0587,3.0597,0.2696,5.3417,0.1841,0.0587,5.5278,1.0
2021-04-01,20:00,HRYKBSC03,35456.0,35456_Deri Sangi RY Khan (3G-CII-3395),234.0,5456_Deri Sangi RY Khan (3G-CII-3395),RAHIMYARKHAN_CLUSTER_01_Rural,100%,0.0,113.0,1.0,289.0,0.0,1040.0,354.0,361.0,0.0,176.0,4.4167,1.0,26970.0,27416.0,27400.0,27416.0,0.0,0.0,1040.0,1012.0,4.4167,100.0,253.0,262.0,0.0,1012.0,113.0,113.0,0.4507,4.4873,6.9748,0.9799,0.3362,0.0322,0.0053,0.9799,0.3362,6.9748,0.0322,0.0053,4.4167,1.0
2021-04-01,20:00,HRYKBSC03,25456.0,25456_Deri Sangi RY Khan (3G-CII-3395),233.0,5456_Deri Sangi RY Khan (3G-CII-3395),RAHIMYARKHAN_CLUSTER_01_Rural,100%,0.0,250.0,0.0,377.0,0.0,1487.0,244.0,247.0,0.0,128.0,11.0153,0.0,71624.0,71692.0,71646.0,71692.0,0.0,1.0,1487.0,1478.0,11.0153,100.0,371.0,376.0,0.0,1478.0,249.0,250.0,0.0667,0.1629,8.6332,0.3755,0.0087,0.006,0.0,0.3755,0.0087,8.6332,0.006,0.0,11.0153,0.0
2021-04-01,20:00,HRYKBSC03,36923.0,36923_Chak No 72 NP RY Khan (3G-CII-3397),231.0,6923_Chak No 72 NP RY Khan (3G-CII-3397),RAHIMYARKHAN_CLUSTER_01_Rural,100%,0.0,105.0,0.0,266.0,0.0,1187.0,322.0,330.0,0.0,161.0,3.9972,0.0,24330.0,24794.0,24490.0,24794.0,0.0,0.0,1187.0,1162.0,3.9972,100.0,312.0,313.0,0.0,1162.0,105.0,105.0,0.0244,0.3175,10.3456,0.4916,0.0319,0.0027,0.0,0.4916,0.0319,10.3456,0.0027,0.0,3.9972,0.0
2021-04-01,20:00,HRYKBSC03,16923.0,16923_Chak No 72 NP RY Khan (3G-CII-3397),229.0,6923_Chak No 72 NP RY Khan (3G-CII-3397),RAHIMYARKHAN_CLUSTER_01_Rural,100%,0.0,121.0,1.0,234.0,0.0,1019.0,212.0,218.0,0.0,113.0,4.4069,1.0,27428.0,27710.0,27244.0,27710.0,0.0,0.0,1019.0,1008.0,4.4069,100.0,337.0,338.0,0.0,1008.0,121.0,121.0,0.0722,1.3332,13.0217,1.4571,0.1851,0.0106,0.0,1.4571,0.1851,13.0217,0.0106,0.0,4.4069,1.0
2021-04-01,20:00,HRYKBSC03,12296.0,CII-2296-1_Zafra Abbad RY Khan (3G-CII-3401),174.0,CII-2296_Zafra Abbad RY Khan (3G-CII-3401),RAHIMYARKHAN_CLUSTER_01_Rural,100%,0.0,132.0,1.0,383.0,0.0,1310.0,499.0,499.0,0.0,251.0,5.3694,1.0,32488.0,32536.0,32282.0,32536.0,0.0,0.0,1310.0,1288.0,5.3694,100.0,386.0,389.0,0.0,1288.0,132.0,132.0,0.0158,0.095,15.8801,0.7605,0.0132,0.0026,0.0,0.7605,0.0132,15.8801,0.0026,0.0,5.3694,1.0
2021-04-01,20:00,HRYKBSC03,32032.0,CII-2032-3_Baghdad Clny RY Khan (3G-CII-3398),168.0,CII-2032_Baghdad Clny RY Khan (3G-CII-3398),RAHIMYARKHAN_CLUSTER_01_Rural,100%,0.0,32.0,0.0,99.0,0.0,295.0,124.0,127.0,0.0,68.0,2.0431,0.0,13204.0,13258.0,13250.0,13258.0,0.0,0.0,295.0,291.0,2.0431,100.0,142.0,145.0,0.0,291.0,32.0,32.0,0.05,0.7835,14.9704,0.7751,0.1164,0.0079,0.0,0.7751,0.1164,14.9704,0.0079,0.0,2.0431,0.0
2021-04-01,20:00,HRYKBSC03,35448.0,35448_Rajan Pur Kalan RY Khan (3G-CII-4671),158.0,5448_Rajan Pur Kalan RY Khan (3G-CII-4671),RAHIMYARKHAN_CLUSTER_01_Rural,100%,0.0,578.0,26.0,560.0,0.0,3084.0,89.0,132.0,0.0,33.0,11.6625,26.0,52106.0,63367.0,61872.0,63367.0,0.0,46.0,3084.0,2766.0,11.6625,100.0,882.0,974.0,0.0,2766.0,532.0,578.0,0.0,0.0,19.3787,0.016,0.0,0.0,0.0,0.016,0.0,19.3787,0.0,0.0,11.6625,26.0
2021-04-01,20:00,HRYKBSC03,25448.0,25448_Rajan Pur Kalan RY Khan (3G-CII-4671),157.0,5448_Rajan Pur Kalan RY Khan (3G-CII-4671),RAHIMYARKHAN_CLUSTER_01_Rural,100%,0.0,64.0,3.0,90.0,0.0,306.0,42.0,45.0,0.0,26.0,1.4972,3.0,7699.0,8555.0,8503.0,8555.0,0.0,0.0,306.0,302.0,1.4972,100.0,165.0,168.0,0.0,302.0,64.0,64.0,0.0366,0.2201,7.1339999999999995,0.1362,0.0134,0.0027,0.0,0.1362,0.0134,7.1339999999999995,0.0027,0.0,1.4972,3.0
2021-04-01,20:00,HRYKBSC03,15448.0,15448_Rajan Pur Kalan RY Khan (3G-CII-4671),156.0,5448_Rajan Pur Kalan RY Khan (3G-CII-4671),RAHIMYARKHAN_CLUSTER_01_Rural,100%,0.0,253.0,11.0,382.0,0.0,1463.0,173.0,209.0,0.0,143.0,13.6028,11.0,73615.0,83981.0,81337.0,83980.0,0.0,9.0,1463.0,1335.0,13.6028,100.0,502.0,526.0,0.0,1335.0,244.0,253.0,0.018000000000000002,0.6105,13.8506,0.9271,0.0881,0.0027,0.0,0.9271,0.0881,13.8506,0.0027,0.0,13.6028,11.0
2021-04-01,20:00,HRYKBSC03,35527.0,35527_Akram Abad Rajanpur Kalan RY Khan,155.0,5527_Akram Abad Rajanpur Kalan RY Khan,RAHIMYARKHAN_CLUSTER_01_Rural,100%,0.0,68.0,0.0,115.0,0.0,400.0,94.0,95.0,0.0,47.0,3.5042,0.0,22758.0,23188.0,22980.0,23188.0,3.0,3.0,400.0,378.0,3.5042,100.0,106.0,108.0,3.0,378.0,68.0,68.0,0.0,0.5088,4.8711,0.3989,0.027000000000000003,0.0,0.0,0.3989,0.027000000000000003,4.8711,0.0,0.0,3.5042,0.0
2021-04-01,20:00,HRYKBSC03,25527.0,25527_Akram Abad Rajanpur Kalan RY Khan,154.0,5527_Akram Abad Rajanpur Kalan RY Khan,RAHIMYARKHAN_CLUSTER_01_Rural,100%,0.0,404.0,0.0,520.0,0.0,1001.0,208.0,211.0,0.0,118.0,10.3375,0.0,61111.0,61198.0,61160.0,61198.0,0.0,2.0,1001.0,989.0,10.3375,100.0,685.0,698.0,0.0,989.0,402.0,404.0,0.053,0.6076,9.7002,0.6292,0.0576,0.0055,0.0,0.6292,0.0576,9.7002,0.0055,0.0,10.3375,0.0
2021-04-01,20:00,HRYKBSC03,15527.0,15527_Akram Abad Rajanpur Kalan RY Khan,153.0,5527_Akram Abad Rajanpur Kalan RY Khan,RAHIMYARKHAN_CLUSTER_01_Rural,100%,0.0,88.0,2.0,174.0,0.0,455.0,151.0,164.0,0.0,89.0,2.8375,2.0,17051.0,17501.0,17337.0,17501.0,0.0,1.0,455.0,434.0,2.8375,100.0,160.0,166.0,0.0,434.0,87.0,88.0,0.0344,0.5517,6.6287,1.0827,0.0401,0.0,0.0027,1.0827,0.0401,6.6287,0.0,0.0027,2.8375,2.0
2021-04-01,20:00,HRYKBSC03,32143.0,CII-2143-3_Mozr Jhangra Sharqi RY Khan,99.0,CII-2143_Mozr Jhangra Sharqi RY Khan,RAHIMYARKHAN_CLUSTER_01_Rural,100%,0.0,85.0,1.0,164.0,0.0,411.0,165.0,165.0,0.0,80.0,3.8819,1.0,24476.0,25095.0,24848.0,25095.0,0.0,1.0,411.0,385.0,3.8819,100.0,141.0,151.0,0.0,385.0,84.0,85.0,0.0527,0.6056,9.8117,0.2016,0.0557,0.0053,0.0,0.2016,0.0557,9.8117,0.0053,0.0,3.8819,1.0
2021-04-01,20:00,HRYKBSC03,22143.0,CII-2143-2_Mozr Jhangra Sharqi RY Khan,98.0,CII-2143_Mozr Jhangra Sharqi RY Khan,RAHIMYARKHAN_CLUSTER_01_Rural,100%,0.0,173.0,2.0,209.0,0.0,720.0,74.0,75.0,0.0,38.0,7.8583,2.0,51798.0,52437.0,52004.0,52437.0,1.0,3.0,720.0,715.0,7.8583,100.0,390.0,393.0,1.0,715.0,171.0,173.0,0.7224,5.9598,9.2344,1.786,0.6138,0.0767,0.0079,1.786,0.6138,9.2344,0.0767,0.0079,7.8583,2.0
2021-04-01,20:00,HRYKBSC03,12143.0,CII-2143-1_Mozr Jhangra Sharqi RY Khan,97.0,CII-2143_Mozr Jhangra Sharqi RY Khan,RAHIMYARKHAN_CLUSTER_01_Rural,100%,0.0,95.0,2.0,220.0,0.0,573.0,229.0,235.0,0.0,126.0,5.1694,2.0,32675.0,33575.0,33332.0,33575.0,0.0,0.0,573.0,542.0,5.1694,100.0,189.0,202.0,0.0,542.0,95.0,95.0,0.0,0.0289,9.0329,0.2054,0.0027,0.0,0.0,0.2054,0.0027,9.0329,0.0,0.0,5.1694,2.0
2021-04-01,20:00,HRYKBSC03,31511.0,31511_Tarinda Swaye Khan RY Khan (3G-CII-4293),93.0,1511_Tarinda Swaye Khan RY Khan (3G-CII-4293),RAHIMYARKHAN_CLUSTER_01_Rural,100%,0.0,90.0,0.0,187.0,0.0,347.0,183.0,188.0,0.0,99.0,3.4931,0.0,22020.0,22326.0,22304.0,22326.0,0.0,0.0,347.0,340.0,3.4931,100.0,163.0,168.0,0.0,340.0,90.0,90.0,0.0,0.0,8.9325,0.1122,0.0,0.0,0.0,0.1122,0.0,8.9325,0.0,0.0,3.4931,0.0
2021-04-01,20:00,HRYKBSC03,21511.0,21511_Tarinda Swaye Khan RY Khan (3G-CII-4293),92.0,1511_Tarinda Swaye Khan RY Khan (3G-CII-4293),RAHIMYARKHAN_CLUSTER_01_Rural,100%,0.0,88.0,0.0,123.0,0.0,422.0,67.0,71.0,0.0,35.0,3.0542,0.0,18696.0,19752.0,19696.0,19752.0,0.0,0.0,422.0,408.0,3.0542,100.0,218.0,223.0,0.0,408.0,88.0,88.0,0.0,0.0,3.1531,0.0867,0.0,0.0,0.0,0.0867,0.0,3.1531,0.0,0.0,3.0542,0.0
2021-04-01,20:00,HRYKBSC03,26925.0,26925_Bahadurpur Chowk RY Khan (3G-CII-4322),47.0,6925_Bahadurpur Chowk RY Khan (3G-CII-4322),RAHIMYARKHAN_CLUSTER_01_Rural,100%,0.0,192.0,2.0,318.0,0.0,921.0,238.0,240.0,0.0,126.0,5.1375,2.0,30576.0,30766.0,30548.0,30766.0,0.0,0.0,921.0,905.0,5.1375,100.0,336.0,338.0,0.0,905.0,192.0,192.0,0.0296,0.3968,17.4797,0.7455,0.0672,0.0027,0.0027,0.7455,0.0672,17.4797,0.0027,0.0027,5.1375,2.0
2021-04-01,20:00,HRYKBSC03,36925.0,36925_Bahadurpur Chowk RY Khan (3G-CII-4322),46.0,6925_Bahadurpur Chowk RY Khan (3G-CII-4322),RAHIMYARKHAN_CLUSTER_01_Rural,100%,0.0,196.0,1.0,275.0,0.0,1827.0,176.0,180.0,0.0,80.0,4.7972,1.0,27110.0,27518.0,27232.0,27518.0,0.0,1.0,1827.0,1759.0,4.7972,100.0,471.0,477.0,0.0,1759.0,195.0,196.0,0.0511,0.3666,15.3889,0.6936,0.0509,0.0055,0.0028,0.6936,0.0509,15.3889,0.0055,0.0028,4.7972,1.0
2021-04-01,20:00,HRYKBSC03,16925.0,16925_Bahadurpur Chowk RY Khan (3G-CII-4322),45.0,6925_Bahadurpur Chowk RY Khan (3G-CII-4322),RAHIMYARKHAN_CLUSTER_01_Rural,100%,0.0,533.0,1.0,628.0,0.0,1834.0,216.0,216.0,0.0,99.0,15.3361,1.0,94662.0,94724.0,94612.0,94724.0,0.0,4.0,1834.0,1826.0,15.3361,100.0,1076.0,1081.0,0.0,1826.0,529.0,533.0,0.0888,1.2513,4.9625,0.3508,0.0626,0.0,0.0048,0.3508,0.0626,4.9625,0.0,0.0048,15.3361,1.0
2021-04-01,20:00,HRYKBSC03,25525.0,25525_Chak Abbas RY Khan,44.0,5525_Chak Abbas RY Khan,RAHIMYARKHAN_CLUSTER_01_Rural,100%,0.0,49.0,0.0,77.0,0.0,413.0,58.0,59.0,0.0,29.0,0.8375,0.0,4358.0,4508.0,4500.0,4508.0,0.0,1.0,413.0,411.0,0.8375,100.0,120.0,120.0,0.0,411.0,48.0,49.0,0.1009,0.4177,13.0012,0.4464,0.0428,0.011000000000000001,0.0027,0.4464,0.0428,13.0012,0.011000000000000001,0.0027,0.8375,0.0
2021-04-01,20:00,HRYKBSC03,35525.0,35525_Chak Abbas RY Khan,43.0,5525_Chak Abbas RY Khan,RAHIMYARKHAN_CLUSTER_01_Rural,100%,0.0,113.0,2.0,174.0,0.0,464.0,110.0,116.0,0.0,61.0,3.2958,2.0,18256.0,19340.0,19180.0,19340.0,0.0,0.0,464.0,438.0,3.2958,100.0,184.0,190.0,0.0,438.0,113.0,113.0,0.0524,1.9069999999999998,22.32,2.6453,0.47200000000000003,0.0107,0.0027,2.6453,0.47200000000000003,22.32,0.0107,0.0027,3.2958,2.0
2021-04-01,20:00,HRYKBSC03,15525.0,15525_Chak Abbas RY Khan,42.0,5525_Chak Abbas RY Khan,RAHIMYARKHAN_CLUSTER_01_Rural,100%,0.0,63.0,1.0,87.0,0.0,528.0,31.0,40.0,0.0,24.0,2.3708,1.0,14790.0,15678.0,15596.0,15678.0,0.0,0.0,528.0,520.0,2.3708,100.0,204.0,205.0,0.0,520.0,63.0,63.0,0.0361,0.1441,7.3813,0.0107,0.008,0.0027,0.0,0.0107,0.008,7.3813,0.0027,0.0,2.3708,1.0
2021-04-01,20:00,HRYKBSC03,32654.0,CII-2654-3_Basti Rahim Di Wahi RY Khan (3G-CII-4538),41.0,CII-2654_Basti Rahim Di Wahi RY Khan (3G-CII-4538),RAHIMYARKHAN_CLUSTER_01_Rural,100%,0.0,66.0,1.0,252.0,0.0,374.0,379.0,379.0,0.0,187.0,2.5639,1.0,14984.0,15228.0,15130.0,15228.0,0.0,1.0,374.0,374.0,2.5639,100.0,161.0,161.0,0.0,374.0,65.0,66.0,0.0,0.0,5.2813,0.0081,0.0,0.0,0.0,0.0081,0.0,5.2813,0.0,0.0,2.5639,1.0
2021-04-01,20:00,HRYKBSC03,22654.0,CII-2654-2_Basti Rahim Di Wahi RY Khan (3G-CII-4538),40.0,CII-2654_Basti Rahim Di Wahi RY Khan (3G-CII-4538),RAHIMYARKHAN_CLUSTER_01_Rural,100%,0.0,89.0,0.0,402.0,0.0,1446.0,631.0,633.0,0.0,316.0,4.8278,0.0,29998.0,30190.0,30122.0,30190.0,0.0,3.0,1446.0,1444.0,4.8278,100.0,763.0,764.0,0.0,1444.0,86.0,89.0,0.0,0.0,9.1857,0.0116,0.0,0.0,0.0,0.0116,0.0,9.1857,0.0,0.0,4.8278,0.0
2021-04-01,20:00,HRYKBSC03,12654.0,CII-2654-1_Basti Rahim Di Wahi RY Khan (3G-CII-4538),36.0,CII-2654_Basti Rahim Di Wahi RY Khan (3G-CII-4538),RAHIMYARKHAN_CLUSTER_01_Rural,100%,0.0,173.0,1.0,247.0,0.0,1402.0,157.0,163.0,0.0,79.0,6.9194,1.0,42404.0,42770.0,41622.0,42770.0,0.0,3.0,1402.0,1360.0,6.9194,100.0,354.0,361.0,0.0,1360.0,170.0,173.0,0.0,0.0,8.1677,0.1781,0.0,0.0,0.0,0.1781,0.0,8.1677,0.0,0.0,6.9194,1.0
2021-04-01,20:00,HRYKBSC03,25421.0,25421_Chak No 45 P RY Khan,34.0,5421_Chak No 45 P RY Khan,RAHIMYARKHAN_CLUSTER_01_Rural,100%,0.0,121.0,0.0,181.0,0.0,666.0,118.0,118.0,0.0,60.0,1.9889,0.0,10912.0,11052.0,11014.0,11052.0,0.0,0.0,666.0,656.0,1.9889,100.0,275.0,276.0,0.0,656.0,121.0,121.0,0.0277,0.0415,19.2311,0.024,0.0027,0.0,0.0053,0.024,0.0027,19.2311,0.0,0.0053,1.9889,0.0
2021-04-01,20:00,HRYKBSC03,35421.0,35421_Chak No 45 P RY Khan,33.0,5421_Chak No 45 P RY Khan,RAHIMYARKHAN_CLUSTER_01_Rural,100%,0.0,153.0,1.0,215.0,0.0,514.0,126.0,129.0,0.0,65.0,5.1653,1.0,32512.0,32716.0,32494.0,32716.0,0.0,3.0,514.0,499.0,5.1653,100.0,304.0,307.0,0.0,499.0,150.0,153.0,0.0513,0.0685,15.4615,0.1867,0.0027,0.0,0.008,0.1867,0.0027,15.4615,0.0,0.008,5.1653,1.0
2021-04-01,20:00,HRYKBSC03,15421.0,15421_Chak No 45 P RY Khan,32.0,5421_Chak No 45 P RY Khan,RAHIMYARKHAN_CLUSTER_01_Rural,100%,0.0,82.0,1.0,179.0,0.0,514.0,183.0,188.0,0.0,97.0,3.1806,1.0,20074.0,20292.0,20042.0,20292.0,0.0,0.0,514.0,505.0,3.1806,100.0,159.0,160.0,0.0,505.0,82.0,82.0,0.1,0.3,10.456,0.1787,0.0213,0.008,0.0027,0.1787,0.0213,10.456,0.008,0.0027,3.1806,1.0
2021-04-01,20:00,HRYKBSC03,11672.0,11672_Iqbalabad RY Khan,28.0,1672_Iqbalabad RY Khan,RAHIMYARKHAN_CLUSTER_01_Rural,100%,0.0,251.0,2.0,358.0,0.0,1237.0,197.0,209.0,0.0,110.0,8.3944,2.0,53216.0,53811.0,53321.0,53811.0,0.0,3.0,1237.0,1151.0,8.3944,100.0,497.0,514.0,0.0,1151.0,248.0,251.0,0.0228,0.3647,11.2799,0.3671,0.04,0.0,0.0027,0.3671,0.04,11.2799,0.0,0.0027,8.3944,2.0
2021-04-01,20:00,HRYKBSC03,21672.0,21672_Iqbalabad RY Khan,27.0,1672_Iqbalabad RY Khan,RAHIMYARKHAN_CLUSTER_01_Rural,100%,0.0,41.0,1.0,85.0,0.0,254.0,87.0,88.0,0.0,45.0,2.1431,1.0,13388.0,13931.0,13822.0,13931.0,1.0,2.0,254.0,226.0,2.1431,100.0,159.0,164.0,1.0,226.0,40.0,41.0,0.0369,0.1232,21.1908,0.4379,0.0187,0.0053,0.0027,0.4379,0.0187,21.1908,0.0053,0.0027,2.1431,1.0
2021-04-01,20:00,HRYKBSC03,31672.0,31672_Iqbalabad RY Khan,26.0,1672_Iqbalabad RY Khan,RAHIMYARKHAN_CLUSTER_01_Rural,100%,0.0,164.0,2.0,303.0,0.0,679.0,269.0,291.0,0.0,144.0,4.9764,2.0,30175.0,30367.0,30315.0,30367.0,0.0,5.0,679.0,654.0,4.9764,100.0,330.0,337.0,0.0,654.0,159.0,164.0,0.1414,0.9613,8.3617,0.9548,0.0771,0.0133,0.0,0.9548,0.0771,8.3617,0.0133,0.0,4.9764,2.0
2021-04-01,20:00,HRYKBSC03,11511.0,11511_Tarinda Swaye Khan RY Khan (3G-CII-4293),25.0,1511_Tarinda Swaye Khan RY Khan (3G-CII-4293),RAHIMYARKHAN_CLUSTER_01_Rural,100%,0.0,91.0,2.0,106.0,0.0,470.0,29.0,31.0,0.0,16.0,2.9903,2.0,17970.0,19176.0,18940.0,19176.0,0.0,1.0,470.0,451.0,2.9903,100.0,187.0,193.0,0.0,451.0,90.0,91.0,2.3541,7.712000000000001,1.9417,1.2518,0.1854,0.0674,0.013999999999999999,1.2518,0.1854,1.9417,0.0674,0.013999999999999999,2.9903,2.0
2021-04-01,20:00,HRYKBSC03,25871.0,25871_Jinnah Park RY Khan (3G-CII-3396),12.0,5871_Jinnah Park RY Khan (3G-CII-3396),RAHIMYARKHAN_CLUSTER_01_Rural,100%,0.0,281.0,1.0,637.0,0.0,2265.0,704.0,712.0,0.0,356.0,16.8847,1.0,92644.0,93188.0,92866.0,93188.0,0.0,1.0,2265.0,2261.0,16.8847,100.0,734.0,741.0,0.0,2261.0,280.0,281.0,1.1546,3.9606,30.0588,3.7039999999999997,0.9865,0.2638,0.1421,3.7039999999999997,0.9865,30.0588,0.2638,0.1421,16.8847,1.0
