Date,Time,GBSC,Cell CI,Cell Name,CellIndex,Site Name,Location,Integrity,_CallSetup TCH GOS(%)_N,_CallSetup TCH GOS(%)_D,_DCR_N,_DCR_D,_GOS-SDCCH(%)_N,_GOS-SDCCH(%)_D,_HSR%_N,_HSR%_D,_Mobility TCH GOS(%)_N,_Mobility TCH GOS(%)_D,_MTBD (Mean Time between Drop)_N,_MTBD (Mean Time between Drop)_D,_RxQual Index DL_1,_RxQual Index DL_2,_RxQual Index UL_1,_RxQual Index UL_2,CSSR_Non Blocking_1_N,CSSR_Non Blocking_2_N,CSSR_Non Blocking_1_D,CSSR_Non Blocking_2_D,GlobelTraffic,TCH Availability Rate,_cssr_Call Setup Indications (Circuit Service)_N_1,_Cssr_Channel Requests (Circuit Service)_D_1,_CSSR_Call Drops on SDCCH_N_2,_CSSR_Successful SDCCH Seizures_D_2,_CSSR_Successful TCH Seizures (Traffic Channel)_N_3,_CSSR_TCH Seizure Requests (Traffic Channel)_D_3,Interference Band Proportion (4~5)(%),Interference Band 345,Mean Number of TCH in Interference Band 1,Mean Number of TCH in Interference Band 2,Mean Number of TCH in Interference Band 3,Mean Number of TCH in Interference Band 4,Mean Number of TCH in Interference Band 5,Mean Number of TCH in Interference Band 1.1,Mean Number of TCH in Interference Band 2.1,Mean Number of TCH in Interference Band 3.1,Mean Number of TCH in Interference Band 4.1,Mean Number of TCH in Interference Band 5.1,K3014:Traffic Volume on TCH(Erl),CM33:Call Drops on Traffic Channel
2021-04-01,11:00,HDIKBSC02,12233.0,CII-2233-1_Mohallah Alamabad Behal Bhakkar (3G-CII-3510),63.0,CII-2233_Mohallah Alamabad Behal Bhakkar (3G-CII-3510),DI_KHAN_CLUSTER_01_Urban,100%,0.0,687.0,4.0,1220.0,0.0,4810.0,1148.0,1157.0,0.0,534.0,18.4319,4.0,112506.0,112884.0,111836.0,112884.0,3.0,4.0,4810.0,4804.0,18.4319,100.0,1101.0,1101.0,3.0,4804.0,686.0,687.0,1.5018,5.1625,7.5469,2.7903,0.39899999999999997,0.1136,0.0502,7.5469,2.7903,0.39899999999999997,0.1136,0.0502,18.4319,4.0
2021-04-01,11:00,HDIKBSC02,25114.0,25114_Rahimabad Bhakkar (3G-CII-3516),31.0,5114_Rahimabad Bhakkar (3G-CII-3516),DI_KHAN_CLUSTER_01_Urban,100%,0.0,82.0,3.0,579.0,0.0,682.0,900.0,927.0,0.0,506.0,7.0361,3.0,46549.0,47436.0,46848.0,47436.0,0.0,1.0,682.0,660.0,7.0361,100.0,128.0,133.0,0.0,660.0,81.0,82.0,0.1791,1.662,14.4636,1.8559,0.2461,0.027000000000000003,0.0027,14.4636,1.8559,0.2461,0.027000000000000003,0.0027,7.0361,3.0
2021-04-01,11:00,HDIKBSC02,25142.0,25142_Gadula Road (Gold) Bhakkar (3G-CII-3716),301.0,5142_Gadula Road (Gold) Bhakkar (3G-CII-3716),DI_KHAN_CLUSTER_01_Urban,100%,0.0,594.0,0.0,1149.0,0.0,1454.0,1111.0,1131.0,0.0,563.0,16.6806,0.0,100745.0,101262.0,100798.0,101262.0,0.0,8.0,1454.0,1454.0,16.6806,100.0,1007.0,1007.0,0.0,1454.0,586.0,594.0,3.2078,20.9114,7.9138,11.8418,4.4222,0.6503,0.151,7.9138,11.8418,4.4222,0.6503,0.151,16.6806,0.0
2021-04-01,11:00,HDIKBSC02,15142.0,15142_Gadula Road (Gold) Bhakkar (3G-CII-3716),300.0,5142_Gadula Road (Gold) Bhakkar (3G-CII-3716),DI_KHAN_CLUSTER_01_Urban,100%,0.0,511.0,1.0,861.0,0.0,1174.0,680.0,689.0,0.0,352.0,16.5319,1.0,97765.0,98824.0,97846.0,98824.0,0.0,2.0,1174.0,1172.0,16.5319,100.0,963.0,965.0,0.0,1172.0,509.0,511.0,2.7517,7.3717,29.5249,4.7716,1.7106,0.6809999999999999,0.3378,29.5249,4.7716,1.7106,0.6809999999999999,0.3378,16.5319,1.0
2021-04-01,11:00,HDIKBSC02,15114.0,15114_Rahimabad Bhakkar (3G-CII-3516),30.0,5114_Rahimabad Bhakkar (3G-CII-3516),DI_KHAN_CLUSTER_01_Urban,100%,0.0,278.0,1.0,1807.0,0.0,1225.0,2617.0,2698.0,0.0,1535.0,19.1347,1.0,122071.0,123613.0,121991.0,123613.0,0.0,0.0,1225.0,1224.0,19.1347,100.0,420.0,424.0,0.0,1224.0,278.0,278.0,0.8097,4.7973,11.8301,4.8732,0.6996,0.0738,0.0682,11.8301,4.8732,0.6996,0.0738,0.0682,19.1347,1.0
2021-04-01,11:00,HDIKBSC02,25980.0,25980_Mohallah Sadat (Gold) Bhakkar (3G-CII-3723),21.0,5980_Mohallah Sadat (Gold) Bhakkar (3G-CII-3723),DI_KHAN_CLUSTER_01_Urban,100%,0.0,1286.0,5.0,2697.0,0.0,4100.0,2892.0,2898.0,0.0,1410.0,34.8778,5.0,208233.0,209741.0,207605.0,209741.0,1.0,1.0,4100.0,4093.0,34.8778,100.0,3212.0,3219.0,1.0,4093.0,1286.0,1286.0,8.2828,31.9673,6.9867,11.872,6.5653,1.768,0.528,6.9867,11.872,6.5653,1.768,0.528,34.8778,5.0
2021-04-01,11:00,HDIKBSC02,34380.0,34380_Old Ghalla Mandi (Gold) Bhakkar (3G-CII-3515),184.0,4380_Old Ghalla Mandi (Gold) Bhakkar (3G-CII-3515),DI_KHAN_CLUSTER_01_Urban,100%,0.0,2345.0,1.0,3280.0,0.0,4071.0,1875.0,1885.0,0.0,936.0,46.5792,1.0,264984.0,265470.0,264077.0,265470.0,0.0,1.0,4071.0,4068.0,46.5792,100.0,3275.0,3275.0,0.0,4068.0,2344.0,2345.0,0.8152,4.9348,13.5007,3.471,0.7355,0.0909,0.0547,13.5007,3.471,0.7355,0.0909,0.0547,46.5792,1.0
2021-04-01,11:00,HDIKBSC02,24342.0,24342_Mohallah Chah Naskahdi (Gold) Bhakkar (3G-CII-3513),159.0,4342_Mohallah Chah Naskahdi (Gold) Bhakkar (3G-CII-3513),DI_KHAN_CLUSTER_01_Urban,100%,0.0,1343.0,3.0,2157.0,0.0,4406.0,1661.0,1681.0,0.0,819.0,39.7097,3.0,243302.0,244165.0,242450.0,244165.0,2.0,6.0,4406.0,4391.0,39.7097,100.0,3205.0,3209.0,2.0,4391.0,1339.0,1343.0,2.8315,14.0874,6.4342,4.5173,1.4348,0.2832,0.0778,6.4342,4.5173,1.4348,0.2832,0.0778,39.7097,3.0
2021-04-01,11:00,HDIKBSC02,34349.0,34349_Chisti Chowk Bhakkar (3G-CII-3514),157.0,4349_Chisti Chowk Bhakkar (3G-CII-3514),DI_KHAN_CLUSTER_01_Urban,100%,0.0,832.0,5.0,1951.0,0.0,2483.0,2162.0,2212.0,0.0,1120.0,21.2514,5.0,122760.0,126139.0,125033.0,126139.0,1.0,3.0,2483.0,2474.0,21.2514,100.0,1846.0,1858.0,1.0,2474.0,830.0,832.0,7.8852,25.3241,5.4076,4.8005,2.3839,0.7959999999999999,0.2819,5.4076,4.8005,2.3839,0.7959999999999999,0.2819,21.2514,5.0
2021-04-01,11:00,HDIKBSC02,24343.0,24343_Mohallah Sher Meu Wala (Gold) Bhakkar (3G-CII-3690),153.0,4343_Mohallah Sher Meu Wala (Gold) Bhakkar (3G-CII-3690),DI_KHAN_CLUSTER_01_Urban,100%,0.0,593.0,2.0,1111.0,0.0,1953.0,1113.0,1154.0,0.0,535.0,12.4917,2.0,70304.0,71056.0,70811.0,71056.0,3.0,12.0,1953.0,1940.0,12.4917,100.0,940.0,951.0,3.0,1940.0,584.0,593.0,11.2554,44.2302,2.7357,12.720999999999998,9.139,2.3077,0.8118,2.7357,12.720999999999998,9.139,2.3077,0.8118,12.4917,2.0
2021-04-01,11:00,HDIKBSC02,14343.0,14343_Mohallah Sher Meu Wala (Gold) Bhakkar (3G-CII-3690),152.0,4343_Mohallah Sher Meu Wala (Gold) Bhakkar (3G-CII-3690),DI_KHAN_CLUSTER_01_Urban,100%,0.0,1183.0,2.0,1959.0,0.0,2576.0,1666.0,1684.0,0.0,781.0,33.4111,2.0,203163.0,204406.0,203406.0,204406.0,0.0,7.0,2576.0,2564.0,33.4111,100.0,1948.0,1954.0,0.0,2564.0,1176.0,1183.0,4.0712,21.3848,11.662,14.4255,5.7453,1.0902,0.2608,11.662,14.4255,5.7453,1.0902,0.2608,33.4111,2.0
2021-04-01,11:00,HDIKBSC02,34341.0,34341_PTCL Exchange Ahsan (Gold) Bhakkar (3G-CII-3512),151.0,4341_PTCL Exchange Ahsan (Gold) Bhakkar (3G-CII-3512),DI_KHAN_CLUSTER_01_Urban,100%,0.0,1107.0,13.0,2086.0,0.0,3098.0,2023.0,2037.0,0.0,970.0,28.2014,13.0,163244.0,165249.0,163111.0,165249.0,1.0,7.0,3098.0,3075.0,28.2014,100.0,1761.0,1771.0,1.0,3075.0,1101.0,1107.0,10.1241,27.045,16.3682,7.7434,5.5924,2.2566,1.0894,16.3682,7.7434,5.5924,2.2566,1.0894,28.2014,13.0
2021-04-01,11:00,HDIKBSC02,14341.0,14341_PTCL Exchange Ahsan (Gold) Bhakkar (3G-CII-3512),149.0,4341_PTCL Exchange Ahsan (Gold) Bhakkar (3G-CII-3512),DI_KHAN_CLUSTER_01_Urban,100%,0.0,2463.0,58.0,3753.0,0.0,5977.0,3115.0,3206.0,0.0,1403.0,41.4958,58.0,216012.0,219054.0,216624.0,219054.0,1.0,103.0,5977.0,5964.0,41.4958,100.0,4380.0,4400.0,1.0,5964.0,2361.0,2463.0,13.8118,47.1137,1.195,7.9044,5.7298,1.8619,0.5145,1.195,7.9044,5.7298,1.8619,0.5145,41.4958,58.0
2021-04-01,11:00,HDIKBSC02,34340.0,34340_Mohallah Chimni (Gold) Bhakkar (3G-CII-3511),148.0,4340_Mohallah Chimni (Gold) Bhakkar (3G-CII-3511),DI_KHAN_CLUSTER_01_Urban,100%,0.0,1308.0,2.0,2313.0,0.0,2569.0,2247.0,2255.0,0.0,1004.0,30.7097,2.0,180741.0,181510.0,179901.0,181510.0,0.0,2.0,2569.0,2561.0,30.7097,100.0,1830.0,1835.0,0.0,2561.0,1306.0,1308.0,8.3933,23.3129,10.9436,8.1775,3.72,1.304,0.7888,10.9436,8.1775,3.72,1.304,0.7888,30.7097,2.0
2021-04-01,11:00,HDIKBSC02,14340.0,14340_Mohallah Chimni (Gold) Bhakkar (3G-CII-3511),146.0,4340_Mohallah Chimni (Gold) Bhakkar (3G-CII-3511),DI_KHAN_CLUSTER_01_Urban,100%,0.0,560.0,1.0,997.0,0.0,1236.0,864.0,869.0,0.0,438.0,25.3847,1.0,163945.0,164864.0,164257.0,164864.0,0.0,1.0,1236.0,1236.0,25.3847,100.0,944.0,944.0,0.0,1236.0,559.0,560.0,2.2156,9.2157,22.1812,7.7743,2.3098,0.5094,0.2217,22.1812,7.7743,2.3098,0.5094,0.2217,25.3847,1.0
2021-04-01,11:00,HDIKBSC02,24380.0,24380_Old Ghalla Mandi (Gold) Bhakkar (3G-CII-3515),145.0,4380_Old Ghalla Mandi (Gold) Bhakkar (3G-CII-3515),DI_KHAN_CLUSTER_01_Urban,100%,0.0,1523.0,0.0,2521.0,0.0,2915.0,2197.0,2232.0,0.0,1002.0,35.3236,0.0,204044.0,206004.0,203597.0,206004.0,1.0,8.0,2915.0,2915.0,35.3236,100.0,2257.0,2258.0,1.0,2915.0,1516.0,1523.0,11.8576,33.0321,2.4604,5.1361,2.4019,0.7682,0.5769,2.4604,5.1361,2.4019,0.7682,0.5769,35.3236,0.0
2021-04-01,11:00,HDIKBSC02,14380.0,14380_Old Ghalla Mandi (Gold) Bhakkar (3G-CII-3515),102.0,4380_Old Ghalla Mandi (Gold) Bhakkar (3G-CII-3515),DI_KHAN_CLUSTER_01_Urban,100%,0.0,945.0,2.0,2436.0,0.0,2302.0,2290.0,2295.0,2.0,1498.0,40.8167,2.0,257362.0,257876.0,255974.0,257876.0,0.0,4.0,2302.0,2292.0,40.8167,100.0,1353.0,1367.0,0.0,2292.0,941.0,945.0,0.1742,2.7880000000000003,3.5096,0.9612,0.1202,0.0027,0.0053,3.5096,0.9612,0.1202,0.0027,0.0053,40.8167,2.0
2021-04-01,11:00,HDIKBSC03,14324.0,14324_Imamia Road (Gold) DI Khan (3G-CII-3536),99.0,4324_Imamia Road (Gold) DI Khan (3G-CII-3536),DI_KHAN_CLUSTER_01_Urban,100%,1.0,948.0,2.0,1579.0,0.0,1857.0,1161.0,1177.0,2.0,637.0,26.3556,2.0,160016.0,160516.0,159084.0,160516.0,0.0,2.0,1857.0,1852.0,26.3556,100.0,1529.0,1533.0,0.0,1852.0,945.0,948.0,0.5726,2.4346,6.1165,0.6467,0.1291,0.0337,0.006,6.1165,0.6467,0.1291,0.0337,0.006,26.3556,2.0
2021-04-01,11:00,HDIKBSC03,24329.0,24329_Deen Pur Road DI Khan (3G-CII-3537),43.0,4329_Deen Pur Road DI Khan (3G-CII-3537),DI_KHAN_CLUSTER_01_Urban,100%,0.0,753.0,4.0,1133.0,0.0,1629.0,773.0,783.0,0.0,384.0,16.2764,4.0,93846.0,94702.0,93899.0,94702.0,1.0,2.0,1629.0,1612.0,16.2764,100.0,1343.0,1349.0,1.0,1612.0,752.0,753.0,2.2169,12.6341,4.203,8.5507,1.5207,0.2309,0.0928,4.203,8.5507,1.5207,0.2309,0.0928,16.2764,4.0
2021-04-01,11:00,HDIKBSC03,34320.0,34320_PTCL Colony (Gold) DI Khan (3G-CII-3533),35.0,4320_PTCL Colony (Gold) DI Khan (3G-CII-3533),DI_KHAN_CLUSTER_01_Urban,100%,0.0,744.0,17.0,1326.0,0.0,1919.0,1210.0,1248.0,14.0,612.0,15.6514,17.0,85470.0,87355.0,85825.0,87355.0,0.0,10.0,1919.0,1893.0,15.6514,100.0,1171.0,1173.0,0.0,1893.0,734.0,744.0,25.4269,59.8167,1.9639,11.6158,11.6218,5.5443,3.0486,1.9639,11.6158,11.6218,5.5443,3.0486,15.6514,17.0
2021-04-01,11:00,HDIKBSC03,24322.0,24322_Toyota Motors (Gold) DI Khan (3G-CII-3535),3.0,4322_Toyota Motors (Gold) DI Khan (3G-CII-3535),DI_KHAN_CLUSTER_01_Urban,100%,0.0,434.0,2.0,800.0,0.0,1543.0,769.0,791.0,0.0,372.0,19.1556,2.0,117470.0,121364.0,120598.0,121364.0,0.0,7.0,1543.0,1513.0,19.1556,100.0,974.0,985.0,0.0,1513.0,427.0,434.0,6.6922,19.1255,7.7781,5.1791,1.992,0.7513,0.3209,7.7781,5.1791,1.992,0.7513,0.3209,19.1556,2.0
2021-04-01,11:00,HDIKBSC03,25154.0,25154_West Circular Road DI Khan (3G-CII-3544),290.0,5154_West Circular Road DI Khan (3G-CII-3544),DI_KHAN_CLUSTER_01_Urban,100%,0.0,1149.0,16.0,1914.0,0.0,2872.0,1537.0,1569.0,0.0,775.0,30.8194,16.0,182467.0,183069.0,179906.0,183069.0,2.0,9.0,2872.0,2800.0,30.8194,100.0,2292.0,2348.0,2.0,2800.0,1142.0,1149.0,5.6813,19.9193,4.1682,7.5216,2.0784,0.6133,0.2161,4.1682,7.5216,2.0784,0.6133,0.2161,30.8194,16.0
2021-04-01,11:00,HDIKBSC03,35132.0,35132_Kachi Pain DI Khan (3G-CII-3999),288.0,5132_Kachi Pain DI Khan (3G-CII-3999),DI_KHAN_CLUSTER_01_Urban,100%,0.0,996.0,0.0,1511.0,0.0,2145.0,1165.0,1179.0,0.0,524.0,19.5361,0.0,113084.0,113649.0,112876.0,113649.0,0.0,7.0,2145.0,2138.0,19.5361,100.0,1869.0,1874.0,0.0,2138.0,989.0,996.0,0.8641,3.6984,10.7273,1.8933,0.3715,0.1016,0.0117,10.7273,1.8933,0.3715,0.1016,0.0117,19.5361,0.0
2021-04-01,11:00,HDIKBSC03,15132.0,15132_Kachi Pain DI Khan (3G-CII-3999),286.0,5132_Kachi Pain DI Khan (3G-CII-3999),DI_KHAN_CLUSTER_01_Urban,100%,0.0,173.0,0.0,398.0,0.0,595.0,438.0,449.0,0.0,225.0,4.7,0.0,27582.0,28167.0,27966.0,28167.0,0.0,0.0,595.0,595.0,4.7,100.0,444.0,444.0,0.0,595.0,173.0,173.0,0.2174,2.0721,13.9235,1.6772,0.2955,0.0293,0.0053,13.9235,1.6772,0.2955,0.0293,0.0053,4.7,0.0
2021-04-01,11:00,HDIKBSC03,25118.0,25118_Sheikh Yousaf Adda DI Khan (3G-CII-3996),281.0,5118_Sheikh Yousaf Adda DI Khan (3G-CII-3996),DI_KHAN_CLUSTER_01_Urban,100%,0.0,137.0,0.0,444.0,0.0,261.0,618.0,624.0,0.0,308.0,4.7514,0.0,28045.0,28711.0,28611.0,28711.0,0.0,1.0,261.0,257.0,4.7514,100.0,211.0,212.0,0.0,257.0,136.0,137.0,0.0,0.1806,13.1217,0.3705,0.0244,0.0,0.0,13.1217,0.3705,0.0244,0.0,0.0,4.7514,0.0
2021-04-01,11:00,HDIKBSC03,25124.0,25124_Tariqabad DI Khan (3G-CII-3540),278.0,5124_Tariqabad DI Khan (3G-CII-3540),DI_KHAN_CLUSTER_01_Urban,100%,0.0,202.0,2.0,438.0,0.0,473.0,455.0,474.0,0.0,246.0,7.5681,2.0,47698.0,48206.0,47903.0,48206.0,0.0,0.0,473.0,465.0,7.5681,100.0,361.0,363.0,0.0,465.0,202.0,202.0,0.3085,0.9924,10.1542,1.1104,0.0778,0.0261,0.009000000000000001,10.1542,1.1104,0.0778,0.0261,0.009000000000000001,7.5681,2.0
2021-04-01,11:00,HDIKBSC03,15124.0,15124_Tariqabad DI Khan (3G-CII-3540),277.0,5124_Tariqabad DI Khan (3G-CII-3540),DI_KHAN_CLUSTER_01_Urban,100%,0.0,145.0,0.0,281.0,0.0,433.0,269.0,271.0,0.0,136.0,3.4736,0.0,19279.0,19366.0,19203.0,19366.0,0.0,0.0,433.0,432.0,3.4736,100.0,350.0,351.0,0.0,432.0,145.0,145.0,0.064,0.5451,15.9248,0.6827,0.0803,0.008,0.0027,15.9248,0.6827,0.0803,0.008,0.0027,3.4736,0.0
2021-04-01,11:00,HDIKBSC03,35131.0,35131_Topanwala Chowk (Gold) DI Khan (3G-CII-3542),276.0,5131_Topanwala Chowk (Gold) DI Khan (3G-CII-3542),DI_KHAN_CLUSTER_01_Urban,100%,0.0,225.0,9.0,503.0,0.0,809.0,570.0,585.0,0.0,280.0,6.0069,9.0,32425.0,33146.0,32405.0,33146.0,0.0,5.0,809.0,796.0,6.0069,100.0,551.0,553.0,0.0,796.0,220.0,225.0,9.2531,36.0836,5.9548,12.8679,7.9013,2.0714,0.6536,5.9548,12.8679,7.9013,2.0714,0.6536,6.0069,9.0
2021-04-01,11:00,HDIKBSC03,15131.0,15131_Topanwala Chowk (Gold) DI Khan (3G-CII-3542),274.0,5131_Topanwala Chowk (Gold) DI Khan (3G-CII-3542),DI_KHAN_CLUSTER_01_Urban,100%,0.0,1116.0,6.0,1764.0,0.0,2717.0,1297.0,1326.0,0.0,650.0,26.5306,6.0,150954.0,152542.0,149492.0,152542.0,0.0,2.0,2717.0,2676.0,26.5306,100.0,1783.0,1794.0,0.0,2676.0,1114.0,1116.0,2.6430000000000002,8.5532,16.2811,7.1558,1.5147,0.5094,0.168,16.2811,7.1558,1.5147,0.5094,0.168,26.5306,6.0
2021-04-01,11:00,HDIKBSC03,35153.0,35153_Bhaktawarabad Colony DI Khan (3G-CII-4006),273.0,5153_Bhaktawarabad Colony DI Khan (3G-CII-4006),DI_KHAN_CLUSTER_01_Urban,100%,0.0,52.0,0.0,109.0,0.0,172.0,115.0,116.0,0.0,58.0,1.3681,0.0,8430.0,8457.0,8452.0,8457.0,0.0,0.0,172.0,172.0,1.3681,100.0,106.0,106.0,0.0,172.0,52.0,52.0,0.201,0.8039,8.6267,0.5867,0.055999999999999994,0.016,0.0027,8.6267,0.5867,0.055999999999999994,0.016,0.0027,1.3681,0.0
2021-04-01,11:00,HDIKBSC03,15153.0,15153_Bhaktawarabad Colony DI Khan (3G-CII-4006),271.0,5153_Bhaktawarabad Colony DI Khan (3G-CII-4006),DI_KHAN_CLUSTER_01_Urban,100%,0.0,145.0,1.0,221.0,0.0,327.0,177.0,178.0,0.0,74.0,4.8208,1.0,32034.0,32065.0,32062.0,32065.0,0.0,0.0,327.0,327.0,4.8208,100.0,292.0,292.0,0.0,327.0,145.0,145.0,4.4385,6.5083,11.7559,1.4028,0.2913,0.254,0.3708,11.7559,1.4028,0.2913,0.254,0.3708,4.8208,1.0
2021-04-01,11:00,HDIKBSC03,35129.0,35129_Chamman Chowk DI Khan (3G-CII-3541),264.0,5129_Chamman Chowk DI Khan (3G-CII-3541),DI_KHAN_CLUSTER_01_Urban,100%,0.0,192.0,2.0,294.0,0.0,430.0,189.0,192.0,0.0,103.0,7.0292,2.0,43674.0,43968.0,43728.0,43968.0,2.0,3.0,430.0,426.0,7.0292,100.0,323.0,323.0,2.0,426.0,191.0,192.0,0.5748,2.7409,17.6888,5.7947,0.523,0.1094,0.0294,17.6888,5.7947,0.523,0.1094,0.0294,7.0292,2.0
2021-04-01,11:00,HDIKBSC03,25129.0,25129_Chamman Chowk DI Khan (3G-CII-3541),263.0,5129_Chamman Chowk DI Khan (3G-CII-3541),DI_KHAN_CLUSTER_01_Urban,100%,0.0,101.0,0.0,266.0,0.0,197.0,318.0,323.0,0.0,165.0,5.4931,0.0,36544.0,36876.0,36761.0,36876.0,0.0,0.0,197.0,197.0,5.4931,100.0,186.0,186.0,0.0,197.0,101.0,101.0,2.6210000000000004,7.8092,14.8636,3.4759,1.0321,0.3556,0.1658,14.8636,3.4759,1.0321,0.3556,0.1658,5.4931,0.0
2021-04-01,11:00,HDIKBSC03,15129.0,15129_Chamman Chowk DI Khan (3G-CII-3541),262.0,5129_Chamman Chowk DI Khan (3G-CII-3541),DI_KHAN_CLUSTER_01_Urban,100%,0.0,192.0,0.0,423.0,0.0,414.0,441.0,454.0,0.0,232.0,4.6194,0.0,25599.0,25996.0,25714.0,25996.0,1.0,1.0,414.0,410.0,4.6194,100.0,330.0,332.0,1.0,410.0,192.0,192.0,0.3495,2.907,10.3627,3.7093,0.3707,0.0507,0.0,10.3627,3.7093,0.3707,0.0507,0.0,4.6194,0.0
2021-04-01,11:00,HDIKBSC03,35152.0,35152_Hanif Town Dayal Road DI Khan (3G-CII-4005),261.0,5152_Hanif Town Dayal Road DI Khan (3G-CII-4005),DI_KHAN_CLUSTER_01_Urban,100%,0.0,319.0,0.0,661.0,0.0,689.0,665.0,679.0,0.0,345.0,12.6167,0.0,80469.0,81724.0,81227.0,81724.0,0.0,1.0,689.0,685.0,12.6167,100.0,571.0,575.0,0.0,685.0,318.0,319.0,0.2926,1.869,16.9177,2.9858,0.3197,0.054000000000000006,0.0054,16.9177,2.9858,0.3197,0.054000000000000006,0.0054,12.6167,0.0
2021-04-01,11:00,HDIKBSC03,35151.0,35151_Mohalla Eid Gah DI Khan (3G-CII-3543),258.0,5151_Mohalla Eid Gah DI Khan (3G-CII-3543),DI_KHAN_CLUSTER_01_Urban,100%,0.0,189.0,2.0,386.0,0.0,390.0,391.0,398.0,0.0,198.0,5.4375,2.0,33958.0,34024.0,33736.0,34024.0,0.0,1.0,390.0,390.0,5.4375,100.0,322.0,322.0,0.0,390.0,188.0,189.0,13.6246,27.2293,12.8987,6.6,3.6453,1.8187,1.8319999999999999,12.8987,6.6,3.6453,1.8187,1.8319999999999999,5.4375,2.0
2021-04-01,11:00,HDIKBSC03,25151.0,25151_Mohalla Eid Gah DI Khan (3G-CII-3543),257.0,5151_Mohalla Eid Gah DI Khan (3G-CII-3543),DI_KHAN_CLUSTER_01_Urban,100%,0.0,74.0,0.0,202.0,0.0,219.0,257.0,265.0,0.0,129.0,2.0722,0.0,12871.0,12926.0,12852.0,12926.0,0.0,0.0,219.0,218.0,2.0722,100.0,180.0,180.0,0.0,218.0,74.0,74.0,2.2752,14.9409,9.3396,3.3556,1.8904,0.262,0.0775,9.3396,3.3556,1.8904,0.262,0.0775,2.0722,0.0
2021-04-01,11:00,HDIKBSC03,15151.0,15151_Mohalla Eid Gah DI Khan (3G-CII-3543),256.0,5151_Mohalla Eid Gah DI Khan (3G-CII-3543),DI_KHAN_CLUSTER_01_Urban,100%,0.0,66.0,0.0,258.0,0.0,655.0,317.0,326.0,0.0,194.0,6.65,0.0,45530.0,45845.0,45780.0,45845.0,0.0,0.0,655.0,655.0,6.65,100.0,620.0,620.0,0.0,655.0,66.0,66.0,0.2872,1.3577,11.8895,0.7451,0.1371,0.0335,0.0033,11.8895,0.7451,0.1371,0.0335,0.0033,6.65,0.0
2021-04-01,11:00,HDIKBSC03,35123.0,35123_Village Dewala DI Khan (3G-CII-3539),252.0,5123_Village Dewala DI Khan (3G-CII-3539),DI_KHAN_CLUSTER_01_Urban,100%,0.0,198.0,5.0,519.0,0.0,505.0,633.0,643.0,0.0,321.0,6.7014,5.0,39634.0,40460.0,40271.0,40460.0,0.0,0.0,505.0,502.0,6.7014,100.0,424.0,426.0,0.0,502.0,198.0,198.0,0.0602,0.341,12.7867,0.4667,0.0373,0.008,0.0,12.7867,0.4667,0.0373,0.008,0.0,6.7014,5.0
2021-04-01,11:00,HDIKBSC03,15123.0,15123_Village Dewala DI Khan (3G-CII-3539),250.0,5123_Village Dewala DI Khan (3G-CII-3539),DI_KHAN_CLUSTER_01_Urban,100%,0.0,369.0,1.0,723.0,0.0,1035.0,691.0,703.0,0.0,357.0,12.6208,1.0,79121.0,79731.0,79297.0,79731.0,0.0,2.0,1035.0,1027.0,12.6208,100.0,798.0,805.0,0.0,1027.0,367.0,369.0,0.1417,2.0346,17.157,2.0567,0.3712,0.0166,0.0112,17.157,2.0567,0.3712,0.0166,0.0112,12.6208,1.0
2021-04-01,11:00,HDIKBSC03,15127.0,15127_Muryali More DI Khan (3G-CI-3985),245.0,5127_Muryali More DI Khan (3G-CI-3985),DI_KHAN_CLUSTER_01_Urban,100%,0.0,307.0,3.0,680.0,0.0,833.0,705.0,721.0,0.0,377.0,11.0361,3.0,68246.0,68723.0,67866.0,68723.0,2.0,2.0,833.0,826.0,11.0361,100.0,539.0,543.0,2.0,826.0,307.0,307.0,0.3299,3.4057,10.5708,3.5839999999999996,0.4507,0.0403,0.0081,10.5708,3.5839999999999996,0.4507,0.0403,0.0081,11.0361,3.0
2021-04-01,11:00,HDIKBSC03,35122.0,35122_Main Chogalla (Gold) DI Khan (3G-CII-3538),244.0,5122_Main Chogalla (Gold) DI Khan (3G-CII-3538),DI_KHAN_CLUSTER_01_Urban,100%,0.0,587.0,6.0,959.0,0.0,2014.0,670.0,683.0,1.0,381.0,16.5417,6.0,97355.0,98384.0,96845.0,98384.0,0.0,8.0,2014.0,1910.0,16.5417,100.0,855.0,872.0,0.0,1910.0,579.0,587.0,0.3555,2.8785,18.3253,4.2587,0.5867,0.08,0.0027,18.3253,4.2587,0.5867,0.08,0.0027,16.5417,6.0
2021-04-01,11:00,HDIKBSC03,25122.0,25122_Main Chogalla (Gold) DI Khan (3G-CII-3538),243.0,5122_Main Chogalla (Gold) DI Khan (3G-CII-3538),DI_KHAN_CLUSTER_01_Urban,100%,0.0,935.0,9.0,1255.0,0.0,2717.0,703.0,714.0,1.0,331.0,25.3764,9.0,148197.0,151665.0,148557.0,151665.0,8.0,17.0,2717.0,2652.0,25.3764,100.0,1812.0,1823.0,8.0,2652.0,926.0,935.0,0.1654,2.3335,10.6178,2.1,0.2823,0.0188,0.0028,10.6178,2.1,0.2823,0.0188,0.0028,25.3764,9.0
2021-04-01,11:00,HDIKBSC03,15122.0,15122_Main Chogalla (Gold) DI Khan (3G-CII-3538),242.0,5122_Main Chogalla (Gold) DI Khan (3G-CII-3538),DI_KHAN_CLUSTER_01_Urban,100%,0.0,286.0,2.0,774.0,0.0,1156.0,807.0,820.0,0.0,488.0,18.1444,2.0,117479.0,118075.0,117284.0,118075.0,1.0,1.0,1156.0,1152.0,18.1444,100.0,554.0,554.0,1.0,1152.0,286.0,286.0,1.1882,8.3848,21.3958,11.094000000000001,2.5522,0.312,0.1093,21.3958,11.094000000000001,2.5522,0.312,0.1093,18.1444,2.0
2021-04-01,11:00,HDIKBSC03,35126.0,35126_Baranabad (Gold) DI Khan (3G-CI-3984),241.0,5126_Baranabad (Gold) DI Khan (3G-CI-3984),DI_KHAN_CLUSTER_01_Urban,100%,0.0,573.0,8.0,851.0,0.0,1698.0,575.0,598.0,1.0,288.0,18.5264,8.0,112628.0,113249.0,111480.0,113248.0,0.0,4.0,1698.0,1637.0,18.5264,100.0,1258.0,1269.0,0.0,1637.0,569.0,573.0,0.8014,8.0091,0.9365,12.8834,1.0828,0.0845,0.0359,0.9365,12.8834,1.0828,0.0845,0.0359,18.5264,8.0
2021-04-01,11:00,HDIKBSC03,25126.0,25126_Baranabad (Gold) DI Khan (3G-CI-3984),240.0,5126_Baranabad (Gold) DI Khan (3G-CI-3984),DI_KHAN_CLUSTER_01_Urban,100%,0.0,355.0,5.0,657.0,0.0,1008.0,551.0,562.0,0.0,307.0,13.7153,5.0,87989.0,88694.0,88118.0,88694.0,0.0,2.0,1008.0,989.0,13.7153,100.0,756.0,756.0,0.0,989.0,353.0,355.0,2.1898,11.706,17.0407,5.9123,2.4738,0.4815,0.0878,17.0407,5.9123,2.4738,0.4815,0.0878,13.7153,5.0
2021-04-01,11:00,HDIKBSC03,25128.0,25128_Draban Chaungi DI Khan (3G-CII-3998),237.0,5128_Draban Chaungi DI Khan (3G-CII-3998),DI_KHAN_CLUSTER_01_Urban,100%,0.0,225.0,0.0,504.0,0.0,682.0,517.0,541.0,0.0,281.0,9.0097,0.0,58020.0,58536.0,58121.0,58536.0,1.0,2.0,682.0,677.0,9.0097,100.0,489.0,494.0,1.0,677.0,224.0,225.0,0.0821,0.6591,12.0944,0.8716,0.0753,0.008,0.0027,12.0944,0.8716,0.0753,0.008,0.0027,9.0097,0.0
2021-04-01,11:00,HDIKBSC03,15119.0,15119_Mohallah Qadir Bakhish DI Khan (3G-CII-3997),233.0,5119_Mohallah Qadir Bakhish DI Khan (3G-CII-3997),DI_KHAN_CLUSTER_01_Urban,100%,0.0,110.0,0.0,404.0,0.0,508.0,563.0,586.0,0.0,298.0,4.8917,0.0,30248.0,30519.0,30410.0,30519.0,0.0,0.0,508.0,506.0,4.8917,100.0,299.0,300.0,0.0,506.0,110.0,110.0,0.0138,0.359,18.2792,1.0195,0.0669,0.0027,0.0,18.2792,1.0195,0.0669,0.0027,0.0,4.8917,0.0
2021-04-01,11:00,HDIKBSC03,22254.0,CII-2254-2_Daraban Road DI Khan (3G-CII-3532),228.0,CII-2254_Daraban Road DI Khan (3G-CII-3532),DI_KHAN_CLUSTER_01_Urban,100%,0.0,229.0,2.0,526.0,0.0,445.0,605.0,611.0,0.0,300.0,5.1306,2.0,29482.0,29966.0,29844.0,29966.0,0.0,3.0,445.0,444.0,5.1306,100.0,403.0,404.0,0.0,444.0,226.0,229.0,0.1733,1.2159,11.4084,0.7759999999999999,0.1286,0.0187,0.0027,11.4084,0.7759999999999999,0.1286,0.0187,0.0027,5.1306,2.0
2021-04-01,11:00,HDIKBSC03,12254.0,CII-2254-1_Daraban Road DI Khan (3G-CII-3532),227.0,CII-2254_Daraban Road DI Khan (3G-CII-3532),DI_KHAN_CLUSTER_01_Urban,100%,0.0,338.0,3.0,731.0,0.0,740.0,794.0,809.0,0.0,388.0,9.1819,3.0,56022.0,56995.0,56753.0,56995.0,0.0,2.0,740.0,736.0,9.1819,100.0,596.0,597.0,0.0,736.0,336.0,338.0,0.3232,1.1659,10.3437,0.4603,0.0921,0.0272,0.0081,10.3437,0.4603,0.0921,0.0272,0.0081,9.1819,3.0
2021-04-01,11:00,HDIKBSC03,34321.0,34321_Circular Road (Gold) DI Khan (3G-CII-3534),22.0,4321_Circular Road (Gold) DI Khan (3G-CII-3534),DI_KHAN_CLUSTER_01_Urban,100%,0.0,234.0,2.0,473.0,0.0,507.0,411.0,421.0,0.0,237.0,7.7708,2.0,43908.0,45136.0,44930.0,45136.0,0.0,0.0,507.0,503.0,7.7708,100.0,411.0,414.0,0.0,503.0,234.0,234.0,3.9456,9.4138,15.1779,3.0672,1.1014,0.3867,0.408,15.1779,3.0672,1.1014,0.3867,0.408,7.7708,2.0
2021-04-01,11:00,HDIKBSC03,14321.0,14321_Circular Road (Gold) DI Khan (3G-CII-3534),20.0,4321_Circular Road (Gold) DI Khan (3G-CII-3534),DI_KHAN_CLUSTER_01_Urban,100%,0.0,403.0,1.0,581.0,0.0,1193.0,308.0,311.0,0.0,179.0,14.9625,1.0,94789.0,95581.0,95166.0,95581.0,0.0,1.0,1193.0,1049.0,14.9625,100.0,801.0,930.0,0.0,1049.0,402.0,403.0,1.4794,5.1438,8.5306,4.6764,0.5102,0.1153,0.0906,8.5306,4.6764,0.5102,0.1153,0.0906,14.9625,1.0
2021-04-01,11:00,HDIKBSC03,14322.0,14322_Toyota Motors (Gold) DI Khan (3G-CII-3535),2.0,4322_Toyota Motors (Gold) DI Khan (3G-CII-3535),DI_KHAN_CLUSTER_01_Urban,100%,0.0,744.0,13.0,1103.0,0.0,1852.0,640.0,649.0,0.0,365.0,27.0653,13.0,165708.0,168337.0,166220.0,168337.0,0.0,6.0,1852.0,1822.0,27.0653,100.0,1281.0,1281.0,0.0,1822.0,738.0,744.0,2.9936,12.9476,6.8088,4.7832,1.3255,0.3266,0.07200000000000001,6.8088,4.7832,1.3255,0.3266,0.07200000000000001,27.0653,13.0
2021-04-01,11:00,HDIKBSC03,24323.0,24323_Mohallah Awanabad (Gold) DI Khan (3G-CII-3936),18.0,4323_Mohallah Awanabad (Gold) DI Khan (3G-CII-3936),DI_KHAN_CLUSTER_01_Urban,100%,0.0,136.0,0.0,553.0,0.0,288.0,677.0,692.0,0.0,418.0,10.8889,0.0,73001.0,73599.0,72985.0,73599.0,0.0,0.0,288.0,284.0,10.8889,100.0,204.0,208.0,0.0,284.0,136.0,136.0,2.467,6.905,10.4625,2.5364,0.6197,0.1856,0.1589,10.4625,2.5364,0.6197,0.1856,0.1589,10.8889,0.0
2021-04-01,11:00,HDIKBSC03,34324.0,34324_Imamia Road (Gold) DI Khan (3G-CII-3536),101.0,4324_Imamia Road (Gold) DI Khan (3G-CII-3536),DI_KHAN_CLUSTER_01_Urban,100%,0.0,493.0,4.0,1027.0,0.0,1322.0,1103.0,1117.0,0.0,536.0,16.6208,4.0,99192.0,100176.0,99151.0,100176.0,0.0,2.0,1322.0,1313.0,16.6208,100.0,972.0,977.0,0.0,1313.0,491.0,493.0,17.9694,42.1449,6.567,16.4771,9.6293,4.6453,2.512,6.567,16.4771,9.6293,4.6453,2.512,16.6208,4.0
2021-04-01,11:00,HDIKBSC03,32755.0,CII-2755-3_Mohallah Jalal Shah DI Khan (3G-CII-4768),305.0,CII-2755_Mohallah Jalal Shah DI Khan (3G-CII-4768),DI_KHAN_CLUSTER_01_Urban,100%,0.0,627.0,8.0,963.0,0.0,2009.0,746.0,770.0,0.0,340.0,16.4889,8.0,92013.0,95320.0,93942.0,95320.0,0.0,7.0,2009.0,1980.0,16.4889,100.0,1568.0,1585.0,0.0,1980.0,620.0,627.0,0.8066,13.6215,3.32,19.8133,3.432,0.2027,0.0133,3.32,19.8133,3.432,0.2027,0.0133,16.4889,8.0
2021-04-01,11:00,HDIKBSC03,22755.0,CII-2755-2_Mohallah Jalal Shah DI Khan (3G-CII-4768),304.0,CII-2755_Mohallah Jalal Shah DI Khan (3G-CII-4768),DI_KHAN_CLUSTER_01_Urban,100%,0.0,574.0,5.0,1078.0,0.0,1336.0,991.0,1026.0,0.0,507.0,20.4139,5.0,127228.0,129657.0,128450.0,129656.0,0.0,4.0,1336.0,1326.0,20.4139,100.0,1096.0,1101.0,0.0,1326.0,570.0,574.0,0.115,5.7964,3.9947,17.848,1.3173,0.0213,0.0053,3.9947,17.848,1.3173,0.0213,0.0053,20.4139,5.0
2021-04-01,11:00,HDIKBSC03,12755.0,CII-2755-1_Mohallah Jalal Shah DI Khan (3G-CII-4768),303.0,CII-2755_Mohallah Jalal Shah DI Khan (3G-CII-4768),DI_KHAN_CLUSTER_01_Urban,100%,0.0,422.0,4.0,811.0,0.0,1139.0,809.0,835.0,0.0,397.0,12.2222,4.0,70266.0,71328.0,70862.0,71328.0,0.0,5.0,1139.0,1110.0,12.2222,100.0,945.0,965.0,0.0,1110.0,417.0,422.0,4.2669999999999995,16.0224,19.0987,5.22,3.4042,1.1418,0.0939,19.0987,5.22,3.4042,1.1418,0.0939,12.2222,4.0
2021-04-01,11:00,HDIKBSC03,32757.0,CII-2757-3_Islamia Chowk Gali Eid Gah DI Khan (3G-CII-4770),320.0,CII-2757_Islamia Chowk Gali Eid Gah DI Khan (3G-CII-4770),DI_KHAN_CLUSTER_01_Urban,100%,0.0,475.0,2.0,630.0,0.0,1181.0,379.0,400.0,0.0,163.0,17.0611,2.0,103900.0,106550.0,105811.0,106550.0,0.0,8.0,1181.0,1177.0,17.0611,100.0,796.0,800.0,0.0,1177.0,467.0,475.0,2.5780000000000003,10.5345,12.6249,9.2573,1.9461,0.5153,0.1152,12.6249,9.2573,1.9461,0.5153,0.1152,17.0611,2.0
2021-04-01,11:00,HDIKBSC03,22757.0,CII-2757-2_Islamia Chowk Gali Eid Gah DI Khan (3G-CII-4770),319.0,CII-2757_Islamia Chowk Gali Eid Gah DI Khan (3G-CII-4770),DI_KHAN_CLUSTER_01_Urban,100%,0.0,200.0,0.0,359.0,0.0,437.0,339.0,351.0,0.0,160.0,3.9347,0.0,20624.0,21354.0,21024.0,21354.0,0.0,1.0,437.0,429.0,3.9347,100.0,332.0,339.0,0.0,429.0,199.0,200.0,7.8653,27.743000000000002,8.1334,7.9924,4.4362,1.4841,0.2713,8.1334,7.9924,4.4362,1.4841,0.2713,3.9347,0.0
2021-04-01,11:00,HDIKBSC03,12757.0,CII-2757-1_Islamia Chowk Gali Eid Gah DI Khan (3G-CII-4770),306.0,CII-2757_Islamia Chowk Gali Eid Gah DI Khan (3G-CII-4770),DI_KHAN_CLUSTER_01_Urban,100%,0.0,251.0,0.0,376.0,0.0,619.0,248.0,258.0,0.0,128.0,12.6833,0.0,83883.0,84816.0,84377.0,84816.0,0.0,1.0,619.0,614.0,12.6833,100.0,527.0,532.0,0.0,614.0,250.0,251.0,0.5173,4.0425,22.8617,3.7793,0.9787,0.1223,0.0213,22.8617,3.7793,0.9787,0.1223,0.0213,12.6833,0.0
