Date,Time,GBSC,Cell CI,Cell Name,CellIndex,Site Name,Location,Integrity,_CallSetup TCH GOS(%)_N,_CallSetup TCH GOS(%)_D,_DCR_N,_DCR_D,_GOS-SDCCH(%)_N,_GOS-SDCCH(%)_D,_HSR%_N,_HSR%_D,_Mobility TCH GOS(%)_N,_Mobility TCH GOS(%)_D,_MTBD (Mean Time between Drop)_N,_MTBD (Mean Time between Drop)_D,_RxQual Index DL_1,_RxQual Index DL_2,_RxQual Index UL_1,_RxQual Index UL_2,CSSR_Non Blocking_1_N,CSSR_Non Blocking_2_N,CSSR_Non Blocking_1_D,CSSR_Non Blocking_2_D,GlobelTraffic,TCH Availability Rate,_cssr_Call Setup Indications (Circuit Service)_N_1,_Cssr_Channel Requests (Circuit Service)_D_1,_CSSR_Call Drops on SDCCH_N_2,_CSSR_Successful SDCCH Seizures_D_2,_CSSR_Successful TCH Seizures (Traffic Channel)_N_3,_CSSR_TCH Seizure Requests (Traffic Channel)_D_3,Interference Band Proportion (4~5)(%),Interference Band 345,Mean Number of TCH in Interference Band 1,Mean Number of TCH in Interference Band 2,Mean Number of TCH in Interference Band 3,Mean Number of TCH in Interference Band 4,Mean Number of TCH in Interference Band 5,Mean Number of TCH in Interference Band 1.1,Mean Number of TCH in Interference Band 2.1,Mean Number of TCH in Interference Band 3.1,Mean Number of TCH in Interference Band 4.1,Mean Number of TCH in Interference Band 5.1,K3014:Traffic Volume on TCH(Erl),CM33:Call Drops on Traffic Channel
2021-04-01,12:00,HLHRBSC11,23501.0,23501_Bashir Cement Corporation Sheikhupura (3G-CI-4724),9.0,3501_Bashir Cement Corporation Sheikhupura (3G-CI-4724),GUJRANWALA_CLUSTER_05_Urban,100%,0.0,193.0,2.0,387.0,0.0,579.0,372.0,392.0,0.0,196.0,5.9444,2.0,32810.0,32924.0,32248.0,32924.0,0.0,2.0,579.0,562.0,5.9444,100.0,384.0,387.0,0.0,562.0,191.0,193.0,0.2575,0.8834,21.6302,1.6748,0.1472,0.0392,0.0214,21.6302,1.6748,0.1472,0.0392,0.0214,5.9444,2.0
2021-04-01,12:00,HLHRBSC11,21670.0,CI-1670-2_Highway Colony Sheikhupura (3G-CI-1916),77.0,CI-1670_Highway Colony Sheikhupura (3G-CI-1916),GUJRANWALA_CLUSTER_05_Urban,100%,0.0,59.0,0.0,88.0,0.0,113.0,58.0,58.0,0.0,29.0,1.7278,0.0,10172.0,10174.0,10174.0,10174.0,0.0,0.0,113.0,113.0,1.7278,33.3333,82.0,82.0,0.0,113.0,59.0,59.0,0.044000000000000004,0.1759,5.9887,0.0505,0.008,0.0027,0.0,5.9887,0.0505,0.008,0.0027,0.0,1.7278,0.0
2021-04-01,12:00,HLHRBSC11,37600.0,37600_Mashraqi Park Sheikhupura (3G-CI-4737),67.0,7600_Mashraqi Park Sheikhupura (3G-CI-4737),GUJRANWALA_CLUSTER_05_Urban,100%,0.0,77.0,1.0,139.0,0.0,253.0,125.0,127.0,0.0,62.0,1.5486,1.0,8202.0,8242.0,8206.0,8242.0,0.0,0.0,253.0,252.0,1.5486,100.0,216.0,216.0,0.0,252.0,77.0,77.0,1.0026,4.888,10.2119,1.9347,0.4962,0.0934,0.0347,10.2119,1.9347,0.4962,0.0934,0.0347,1.5486,1.0
2021-04-01,12:00,HLHRBSC11,11670.0,CI-1670-1_Highway Colony Sheikhupura (3G-CI-1916),62.0,CI-1670_Highway Colony Sheikhupura (3G-CI-1916),GUJRANWALA_CLUSTER_05_Urban,100%,0.0,42.0,0.0,69.0,0.0,170.0,53.0,56.0,0.0,27.0,1.5306,0.0,9674.0,9724.0,9724.0,9724.0,0.0,0.0,170.0,170.0,1.5306,32.6119,90.0,90.0,0.0,170.0,42.0,42.0,0.1337,0.4012,5.8277,0.1307,0.016,0.0053,0.0027,5.8277,0.1307,0.016,0.0053,0.0027,1.5306,0.0
2021-04-01,12:00,HLHRBSC11,13511.0,13511_Shamsi Road Civil Lines Sheikhupura (3G-CI-4731),57.0,3511_Shamsi Road Civil Lines Sheikhupura (3G-CI-4731),GUJRANWALA_CLUSTER_05_Urban,100%,0.0,6.0,0.0,33.0,0.0,20.0,45.0,48.0,0.0,27.0,0.2222,0.0,976.0,1024.0,968.0,1024.0,0.0,0.0,20.0,20.0,0.2222,100.0,8.0,8.0,0.0,20.0,6.0,6.0,0.0551,0.0551,9.5842,0.0641,0.0,0.0027,0.0027,9.5842,0.0641,0.0,0.0027,0.0027,0.2222,0.0
2021-04-01,12:00,HLHRBSC11,33508.0,33508_Ghaznavi Road Sheikhupura (3G-CI-4728),55.0,3508_Ghaznavi Road Sheikhupura (3G-CI-4728),GUJRANWALA_CLUSTER_05_Urban,100%,0.0,6.0,0.0,19.0,0.0,51.0,25.0,27.0,0.0,14.0,0.0972,0.0,426.0,428.0,426.0,428.0,0.0,0.0,51.0,50.0,0.0972,100.0,47.0,48.0,0.0,50.0,6.0,6.0,0.0815,1.3841,9.4444,0.2591,0.1282,0.008,0.0,9.4444,0.2591,0.1282,0.008,0.0,0.0972,0.0
2021-04-01,12:00,HLHRBSC11,13508.0,13508_Ghaznavi Road Sheikhupura (3G-CI-4728),50.0,3508_Ghaznavi Road Sheikhupura (3G-CI-4728),GUJRANWALA_CLUSTER_05_Urban,100%,0.0,18.0,0.0,61.0,0.0,63.0,99.0,99.0,0.0,43.0,0.5653,0.0,3136.0,3202.0,3202.0,3202.0,0.0,0.0,63.0,62.0,0.5653,100.0,48.0,49.0,0.0,62.0,18.0,18.0,0.0339,0.1018,15.45,0.2585,0.0107,0.0053,0.0,15.45,0.2585,0.0107,0.0053,0.0,0.5653,0.0
2021-04-01,12:00,HLHRBSC11,33512.0,33512_Cricket Stadium Sheikhupura (3G-CI-1608),49.0,3512_Cricket Stadium Sheikhupura (3G-CI-1608),GUJRANWALA_CLUSTER_05_Urban,100%,0.0,206.0,2.0,326.0,0.0,475.0,283.0,289.0,0.0,123.0,5.1528,2.0,28528.0,28646.0,28610.0,28646.0,0.0,2.0,475.0,469.0,5.1528,100.0,376.0,382.0,0.0,469.0,204.0,206.0,0.5465,1.7285,8.0046,0.8411,0.1064,0.0357,0.0135,8.0046,0.8411,0.1064,0.0357,0.0135,5.1528,2.0
2021-04-01,12:00,HLHRBSC11,27601.0,27601_Cricket Stadium Sheikhupura (3G-CI-4738),43.0,7601_Cricket Stadium Sheikhupura (3G-CI-4738),GUJRANWALA_CLUSTER_05_Urban,100%,0.0,88.0,0.0,213.0,0.0,313.0,244.0,248.0,0.0,127.0,3.6042,0.0,22374.0,22452.0,22400.0,22452.0,0.0,2.0,313.0,313.0,3.6042,100.0,231.0,231.0,0.0,313.0,86.0,88.0,0.2226,1.3130000000000002,11.1616,0.6729999999999999,0.1308,0.0187,0.008,11.1616,0.6729999999999999,0.1308,0.0187,0.008,3.6042,0.0
2021-04-01,12:00,HLHRBSC11,17601.0,17601_Cricket Stadium Sheikhupura (3G-CI-4738),42.0,7601_Cricket Stadium Sheikhupura (3G-CI-4738),GUJRANWALA_CLUSTER_05_Urban,100%,0.0,85.0,0.0,177.0,0.0,432.0,162.0,172.0,0.0,95.0,5.1847,0.0,32994.0,33246.0,33194.0,33246.0,0.0,2.0,432.0,417.0,5.1847,100.0,129.0,131.0,0.0,417.0,83.0,85.0,0.0996,1.0971,12.5035,0.7366,0.1335,0.0107,0.0027,12.5035,0.7366,0.1335,0.0107,0.0027,5.1847,0.0
2021-04-01,12:00,HLHRBSC11,23699.0,23699_Nabipura Sheikhupura (3G-CI-4736),356.0,3699_Nabipura Sheikhupura (3G-CI-4736),GUJRANWALA_CLUSTER_05_Urban,100%,0.0,129.0,2.0,201.0,0.0,441.0,139.0,141.0,0.0,72.0,5.3931,2.0,32594.0,33006.0,32190.0,33006.0,0.0,1.0,441.0,440.0,5.3931,100.0,373.0,374.0,0.0,440.0,128.0,129.0,1.6282,5.2346,12.5653,1.8693,0.5493,0.1947,0.0533,12.5653,1.8693,0.5493,0.1947,0.0533,5.3931,2.0
2021-04-01,12:00,HLHRBSC11,33208.0,33208_Jahangirabad Sheikhupura (3G-CI-1580),354.0,3208_Jahangirabad Sheikhupura (3G-CI-1580),GUJRANWALA_CLUSTER_05_Urban,100%,0.0,65.0,0.0,174.0,0.0,177.0,224.0,226.0,0.0,109.0,2.025,0.0,12058.0,12058.0,12058.0,12058.0,0.0,0.0,177.0,177.0,2.025,100.0,128.0,128.0,0.0,177.0,65.0,65.0,0.1057,0.2289,15.2111,0.0674,0.0189,0.0081,0.0081,15.2111,0.0674,0.0189,0.0081,0.0081,2.025,0.0
2021-04-01,12:00,HLHRBSC11,23208.0,23208_Jahangirabad Sheikhupura (3G-CI-1580),353.0,3208_Jahangirabad Sheikhupura (3G-CI-1580),GUJRANWALA_CLUSTER_05_Urban,100%,0.0,24.0,0.0,50.0,0.0,45.0,52.0,53.0,0.0,26.0,0.9181,0.0,5596.0,5596.0,5560.0,5596.0,0.0,0.0,45.0,45.0,0.9181,100.0,34.0,34.0,0.0,45.0,24.0,24.0,0.6254,1.7868,8.3493,0.4453,0.10400000000000001,0.04,0.016,8.3493,0.4453,0.10400000000000001,0.04,0.016,0.9181,0.0
2021-04-01,12:00,HLHRBSC11,13208.0,13208_Jahangirabad Sheikhupura (3G-CI-1580),352.0,3208_Jahangirabad Sheikhupura (3G-CI-1580),GUJRANWALA_CLUSTER_05_Urban,100%,0.0,33.0,1.0,113.0,0.0,113.0,160.0,161.0,0.0,80.0,1.0861,1.0,6510.0,6526.0,6502.0,6526.0,0.0,0.0,113.0,113.0,1.0861,100.0,80.0,82.0,0.0,113.0,33.0,33.0,0.051,0.1191,15.5961,0.1096,0.0107,0.008,0.0,15.5961,0.1096,0.0107,0.008,0.0,1.0861,1.0
2021-04-01,12:00,HLHRBSC11,31075.0,CI-1075-3_Tara Wala Bazar Sheikhupura (3G-CI-3876),351.0,CI-1075_Tara Wala Bazar Sheikhupura (3G-CI-3876),GUJRANWALA_CLUSTER_05_Urban,100%,0.0,78.0,0.0,430.0,0.0,786.0,625.0,667.0,0.0,356.0,3.2278,0.0,17922.0,18140.0,18036.0,18140.0,0.0,0.0,786.0,763.0,3.2278,100.0,129.0,133.0,0.0,763.0,78.0,78.0,0.3952,1.1854,19.051,0.9462,0.1599,0.0373,0.0427,19.051,0.9462,0.1599,0.0373,0.0427,3.2278,0.0
2021-04-01,12:00,HLHRBSC11,33509.0,33509_Alamgir Road Sheikhupura (3G-CI-4729),35.0,3509_Alamgir Road Sheikhupura (3G-CI-4729),GUJRANWALA_CLUSTER_05_Urban,100%,0.0,115.0,0.0,203.0,0.0,280.0,182.0,190.0,0.0,88.0,2.2861,0.0,12196.0,12236.0,12212.0,12236.0,0.0,0.0,280.0,278.0,2.2861,100.0,238.0,240.0,0.0,278.0,115.0,115.0,0.1769,0.5485,9.8139,5.1897,0.0561,0.0107,0.016,9.8139,5.1897,0.0561,0.0107,0.016,2.2861,0.0
2021-04-01,12:00,HLHRBSC11,33209.0,33209_Muhala Arai Wala Sheikhupura (3G-CI-1581),348.0,3209_Muhala Arai Wala Sheikhupura (3G-CI-1581),GUJRANWALA_CLUSTER_05_Urban,100%,0.0,26.0,0.0,53.0,0.0,121.0,54.0,54.0,0.0,27.0,1.2972,0.0,8598.0,8598.0,8596.0,8598.0,0.0,0.0,121.0,121.0,1.2972,100.0,80.0,80.0,0.0,121.0,26.0,26.0,0.0657,0.2464,16.0363,0.1197,0.0293,0.0106,0.0,16.0363,0.1197,0.0293,0.0106,0.0,1.2972,0.0
2021-04-01,12:00,HLHRBSC11,13209.0,13209_Muhala Arai Wala Sheikhupura (3G-CI-1581),346.0,3209_Muhala Arai Wala Sheikhupura (3G-CI-1581),GUJRANWALA_CLUSTER_05_Urban,100%,0.0,21.0,0.0,63.0,0.0,62.0,81.0,85.0,0.0,42.0,1.0181,0.0,6374.0,6376.0,6376.0,6376.0,0.0,0.0,62.0,62.0,1.0181,100.0,47.0,47.0,0.0,62.0,21.0,21.0,0.0,0.0318,16.7024,0.0319,0.0053,0.0,0.0,16.7024,0.0319,0.0053,0.0,0.0,1.0181,0.0
2021-04-01,12:00,HLHRBSC11,31155.0,CI-1155-3_Muhala Rasul Nagar Sheikhupura (3G-CI-4743),342.0,CI-1155_Muhala Rasul Nagar Sheikhupura (3G-CI-4743),GUJRANWALA_CLUSTER_05_Urban,100%,0.0,36.0,0.0,64.0,0.0,88.0,63.0,63.0,0.0,28.0,1.0375,0.0,6386.0,6388.0,6380.0,6388.0,0.0,0.0,88.0,87.0,1.0375,100.0,70.0,71.0,0.0,87.0,36.0,36.0,3.2272,6.0492,16.2101,0.4362,0.5,0.5319,0.0399,16.2101,0.4362,0.5,0.5319,0.0399,1.0375,0.0
2021-04-01,12:00,HLHRBSC11,21155.0,CI-1155-2_Muhala Rasul Nagar Sheikhupura (3G-CI-4743),341.0,CI-1155_Muhala Rasul Nagar Sheikhupura (3G-CI-4743),GUJRANWALA_CLUSTER_05_Urban,100%,0.0,8.0,0.0,51.0,0.0,23.0,81.0,81.0,0.0,43.0,0.5556,0.0,3406.0,3406.0,3404.0,3406.0,0.0,0.0,23.0,23.0,0.5556,100.0,17.0,17.0,0.0,23.0,8.0,8.0,0.259,1.9312,10.0613,1.0427,0.1893,0.016,0.0133,10.0613,1.0427,0.1893,0.016,0.0133,0.5556,0.0
2021-04-01,12:00,HLHRBSC11,23509.0,23509_Alamgir Road Sheikhupura (3G-CI-4729),34.0,3509_Alamgir Road Sheikhupura (3G-CI-4729),GUJRANWALA_CLUSTER_05_Urban,100%,0.0,96.0,0.0,154.0,0.0,215.0,112.0,113.0,0.0,58.0,2.2903,0.0,13022.0,13068.0,12990.0,13068.0,1.0,1.0,215.0,214.0,2.2903,100.0,165.0,166.0,1.0,214.0,96.0,96.0,0.4415,2.0661,4.9679,9.861,0.24600000000000002,0.0481,0.0187,4.9679,9.861,0.24600000000000002,0.0481,0.0187,2.2903,0.0
2021-04-01,12:00,HLHRBSC11,11157.0,CI-1157-1_Muhala Rehman Pura Sheikhupura (3G-CI-4745),337.0,CI-1157_Muhala Rehman Pura Sheikhupura (3G-CI-4745),GUJRANWALA_CLUSTER_05_Urban,100%,0.0,6.0,0.0,44.0,0.0,25.0,78.0,79.0,0.0,38.0,0.3153,0.0,1638.0,1644.0,1644.0,1644.0,0.0,0.0,25.0,20.0,0.3153,100.0,14.0,18.0,0.0,20.0,6.0,6.0,2.1911,4.8101,14.5239,0.266,0.4069,0.258,0.0825,14.5239,0.266,0.4069,0.258,0.0825,0.3153,0.0
2021-04-01,12:00,HLHRBSC11,21156.0,CI-1156-2_Near Phattak Sheikhupura (3G-CI-4744),335.0,CI-1156_Near Phattak Sheikhupura (3G-CI-4744),GUJRANWALA_CLUSTER_05_Urban,100%,0.0,23.0,0.0,88.0,0.0,41.0,123.0,126.0,0.0,65.0,0.9681,0.0,5004.0,5018.0,5018.0,5018.0,0.0,0.0,41.0,41.0,0.9681,100.0,35.0,35.0,0.0,41.0,23.0,23.0,0.0248,0.1742,10.3668,0.3253,0.016,0.0027,0.0,10.3668,0.3253,0.016,0.0027,0.0,0.9681,0.0
2021-04-01,12:00,HLHRBSC11,11156.0,CI-1156-1_Near Phattak Sheikhupura (3G-CI-4744),334.0,CI-1156_Near Phattak Sheikhupura (3G-CI-4744),GUJRANWALA_CLUSTER_05_Urban,100%,0.0,45.0,1.0,118.0,0.0,126.0,144.0,147.0,0.0,73.0,1.0847,1.0,5496.0,5644.0,5626.0,5644.0,0.0,0.0,126.0,126.0,1.0847,100.0,95.0,95.0,0.0,126.0,45.0,45.0,0.0861,0.3099,14.677999999999999,0.7457,0.0346,0.0133,0.0,14.677999999999999,0.7457,0.0346,0.0133,0.0,1.0847,1.0
2021-04-01,12:00,HLHRBSC11,13509.0,13509_Alamgir Road Sheikhupura (3G-CI-4729),33.0,3509_Alamgir Road Sheikhupura (3G-CI-4729),GUJRANWALA_CLUSTER_05_Urban,100%,0.0,35.0,0.0,58.0,0.0,103.0,41.0,46.0,0.0,25.0,0.8458,0.0,4372.0,4484.0,4440.0,4484.0,0.0,1.0,103.0,102.0,0.8458,100.0,74.0,75.0,0.0,102.0,34.0,35.0,0.0,0.1699,10.9144,0.0882,0.0187,0.0,0.0,10.9144,0.0882,0.0187,0.0,0.0,0.8458,0.0
2021-04-01,12:00,HLHRBSC11,11076.0,CI-1076-1_Mohallah Nokhar Sheikhupura (3G-CI-3885),328.0,CI-1076_Mohallah Nokhar Sheikhupura (3G-CI-3885),GUJRANWALA_CLUSTER_05_Urban,100%,0.0,3.0,0.0,8.0,0.0,29.0,10.0,10.0,0.0,5.0,0.0583,0.0,224.0,224.0,224.0,224.0,0.0,0.0,29.0,29.0,0.0583,100.0,16.0,16.0,0.0,29.0,3.0,3.0,0.0,0.049,10.860999999999999,0.0535,0.0054,0.0,0.0,10.860999999999999,0.0535,0.0054,0.0,0.0,0.0583,0.0
2021-04-01,12:00,HLHRBSC11,23512.0,23512_Cricket Stadium Sheikhupura (3G-CI-1608),32.0,3512_Cricket Stadium Sheikhupura (3G-CI-1608),GUJRANWALA_CLUSTER_05_Urban,100%,0.0,37.0,1.0,116.0,0.0,216.0,143.0,148.0,0.0,80.0,1.3764,1.0,7914.0,8002.0,7914.0,8002.0,0.0,0.0,216.0,216.0,1.3764,100.0,135.0,135.0,0.0,216.0,37.0,37.0,1.1005,3.0756,8.5642,0.6203,0.1872,0.0802,0.0241,8.5642,0.6203,0.1872,0.0802,0.0241,1.3764,1.0
2021-04-01,12:00,HLHRBSC11,33503.0,33503_Mohalla Muhammadpura Sheikhupura (3G-CI-1605),319.0,3503_Mohalla Muhammadpura Sheikhupura (3G-CI-1605),GUJRANWALA_CLUSTER_05_Urban,100%,0.0,317.0,5.0,478.0,0.0,1583.0,435.0,452.0,0.0,166.0,4.475,5.0,19716.0,20614.0,20240.0,20614.0,0.0,5.0,1583.0,1499.0,4.475,100.0,528.0,554.0,0.0,1499.0,312.0,317.0,0.3202,0.9608,6.8904,0.5508,0.0481,0.0241,0.0,6.8904,0.5508,0.0481,0.0241,0.0,4.475,5.0
2021-04-01,12:00,HLHRBSC11,23503.0,23503_Mohalla Muhammadpura Sheikhupura (3G-CI-1605),318.0,3503_Mohalla Muhammadpura Sheikhupura (3G-CI-1605),GUJRANWALA_CLUSTER_05_Urban,100%,0.0,50.0,0.0,101.0,0.0,157.0,102.0,102.0,0.0,51.0,1.2764,0.0,6448.0,6448.0,6448.0,6448.0,0.0,0.0,157.0,152.0,1.2764,100.0,94.0,99.0,0.0,152.0,50.0,50.0,0.4193,0.9088,14.4163,0.7101,0.0747,0.0507,0.0133,14.4163,0.7101,0.0747,0.0507,0.0133,1.2764,0.0
2021-04-01,12:00,HLHRBSC11,13503.0,13503_Mohalla Muhammadpura Sheikhupura (3G-CI-1605),317.0,3503_Mohalla Muhammadpura Sheikhupura (3G-CI-1605),GUJRANWALA_CLUSTER_05_Urban,100%,0.0,87.0,0.0,130.0,0.0,268.0,95.0,95.0,0.0,45.0,3.3056,0.0,21652.0,21716.0,21710.0,21716.0,0.0,2.0,268.0,267.0,3.3056,100.0,165.0,165.0,0.0,267.0,85.0,87.0,0.2493,1.2716,10.2674,0.3209,0.1096,0.0214,0.0054,10.2674,0.3209,0.1096,0.0214,0.0054,3.3056,0.0
2021-04-01,12:00,HLHRBSC11,31015.0,CI-1015-3_Civil Lines Sheikhupura (3G-CI-1774),310.0,CI-1015_Civil Lines Sheikhupura (3G-CI-1774),GUJRANWALA_CLUSTER_05_Urban,100%,0.0,124.0,0.0,211.0,0.0,1269.0,124.0,134.0,0.0,90.0,3.5542,0.0,19030.0,19350.0,19314.0,19350.0,0.0,0.0,1269.0,1259.0,3.5542,100.0,374.0,379.0,0.0,1259.0,124.0,124.0,0.9640000000000001,4.4209,13.8827,1.4533,0.5547,0.136,0.0187,13.8827,1.4533,0.5547,0.136,0.0187,3.5542,0.0
2021-04-01,12:00,HLHRBSC11,13512.0,13512_Cricket Stadium Sheikhupura (3G-CI-1608),31.0,3512_Cricket Stadium Sheikhupura (3G-CI-1608),GUJRANWALA_CLUSTER_05_Urban,100%,0.0,157.0,0.0,328.0,0.0,591.0,300.0,309.0,0.0,172.0,5.8528,0.0,34470.0,34614.0,34532.0,34614.0,0.0,0.0,591.0,588.0,5.8528,100.0,376.0,379.0,0.0,588.0,157.0,157.0,0.5319,1.5292,7.1702,0.8017,0.0807,0.0188,0.0242,7.1702,0.8017,0.0807,0.0188,0.0242,5.8528,0.0
2021-04-01,12:00,HLHRBSC11,21015.0,CI-1015-2_Civil Lines Sheikhupura (3G-CI-1774),309.0,CI-1015_Civil Lines Sheikhupura (3G-CI-1774),GUJRANWALA_CLUSTER_05_Urban,100%,0.0,282.0,0.0,534.0,0.0,3895.0,394.0,436.0,34.0,293.0,9.4764,0.0,51810.0,53952.0,53846.0,53952.0,0.0,4.0,3895.0,3783.0,9.4764,100.0,555.0,577.0,0.0,3783.0,278.0,282.0,0.7103,4.8145,16.2246,3.123,0.8342,0.1364,0.008,16.2246,3.123,0.8342,0.1364,0.008,9.4764,0.0
2021-04-01,12:00,HLHRBSC11,11015.0,CI-1015-1_Civil Lines Sheikhupura (3G-CI-1774),308.0,CI-1015_Civil Lines Sheikhupura (3G-CI-1774),GUJRANWALA_CLUSTER_05_Urban,100%,0.0,57.0,1.0,205.0,0.0,299.0,261.0,266.0,0.0,148.0,2.2653,1.0,11178.0,11236.0,11228.0,11236.0,0.0,0.0,299.0,298.0,2.2653,100.0,107.0,107.0,0.0,298.0,57.0,57.0,0.7838,2.0771,12.4393,0.9109999999999999,0.1763,0.0721,0.0348,12.4393,0.9109999999999999,0.1763,0.0721,0.0348,2.2653,1.0
2021-04-01,12:00,HLHRBSC11,31014.0,CI-1014-3_Dera Hafizan Wala Sheikhupura (3G-CI-1773),307.0,CI-1014_Dera Hafizan Wala Sheikhupura (3G-CI-1773),GUJRANWALA_CLUSTER_05_Urban,100%,0.0,20.0,0.0,60.0,0.0,81.0,81.0,81.0,0.0,40.0,0.7514,0.0,4014.0,4018.0,4018.0,4018.0,0.0,0.0,81.0,81.0,0.7514,100.0,41.0,41.0,0.0,81.0,20.0,20.0,0.8308,3.1042,15.1065,1.3762,0.3867,0.08,0.0613,15.1065,1.3762,0.3867,0.08,0.0613,0.7514,0.0
2021-04-01,12:00,HLHRBSC11,21014.0,CI-1014-2_Dera Hafizan Wala Sheikhupura (3G-CI-1773),306.0,CI-1014_Dera Hafizan Wala Sheikhupura (3G-CI-1773),GUJRANWALA_CLUSTER_05_Urban,100%,0.0,36.0,0.0,51.0,0.0,86.0,34.0,34.0,0.0,15.0,0.3389,0.0,1694.0,1700.0,1700.0,1700.0,0.0,0.0,86.0,86.0,0.3389,100.0,76.0,76.0,0.0,86.0,36.0,36.0,0.0701,0.2102,11.3369,0.0829,0.016,0.0054,0.0027,11.3369,0.0829,0.016,0.0054,0.0027,0.3389,0.0
2021-04-01,12:00,HLHRBSC11,33654.0,33654_Iqbal Park Sheikhupura (3G-CI-4735),304.0,3654_Iqbal Park Sheikhupura (3G-CI-4735),GUJRANWALA_CLUSTER_05_Urban,100%,0.0,82.0,0.0,132.0,0.0,196.0,99.0,101.0,0.0,53.0,2.1514,0.0,12522.0,12534.0,12532.0,12534.0,0.0,1.0,196.0,196.0,2.1514,100.0,157.0,157.0,0.0,196.0,81.0,82.0,0.0546,0.5737,9.5307,0.1733,0.0507,0.0053,0.0,9.5307,0.1733,0.0507,0.0053,0.0,2.1514,0.0
2021-04-01,12:00,HLHRBSC11,23654.0,23654_Iqbal Park Sheikhupura (3G-CI-4735),303.0,3654_Iqbal Park Sheikhupura (3G-CI-4735),GUJRANWALA_CLUSTER_05_Urban,100%,0.0,105.0,0.0,162.0,0.0,262.0,112.0,118.0,0.0,58.0,2.0528,0.0,10874.0,10878.0,10878.0,10878.0,0.0,0.0,262.0,261.0,2.0528,100.0,182.0,182.0,0.0,261.0,105.0,105.0,0.1277,0.4255,12.0841,0.4189,0.0374,0.016,0.0,12.0841,0.4189,0.0374,0.016,0.0,2.0528,0.0
2021-04-01,12:00,HLHRBSC11,13654.0,13654_Iqbal Park Sheikhupura (3G-CI-4735),302.0,3654_Iqbal Park Sheikhupura (3G-CI-4735),GUJRANWALA_CLUSTER_05_Urban,100%,0.0,172.0,1.0,257.0,0.0,386.0,167.0,168.0,0.0,85.0,2.8736,1.0,14742.0,14844.0,14726.0,14844.0,0.0,0.0,386.0,385.0,2.8736,100.0,270.0,271.0,0.0,385.0,172.0,172.0,0.8626,2.5009,19.4701,1.0266,0.3444,0.096,0.0853,19.4701,1.0266,0.3444,0.096,0.0853,2.8736,1.0
2021-04-01,12:00,HLHRBSC11,31668.0,CI-1668-3_Sheikhupura Train Station Sheikhupura (3G-CI-1914),299.0,CI-1668_Sheikhupura Train Station Sheikhupura (3G-CI-1914),GUJRANWALA_CLUSTER_05_Urban,100%,0.0,50.0,0.0,80.0,0.0,224.0,54.0,56.0,0.0,30.0,1.0181,0.0,4370.0,4416.0,4324.0,4416.0,0.0,1.0,224.0,218.0,1.0181,100.0,93.0,96.0,0.0,218.0,49.0,50.0,0.2089,1.3335,15.4801,0.9412,0.1872,0.0321,0.0027,15.4801,0.9412,0.1872,0.0321,0.0027,1.0181,0.0
2021-04-01,12:00,HLHRBSC11,37696.0,37696_College Road Sheikhupura (3G-CI-4741),298.0,7696_College Road Sheikhupura (3G-CI-4741),GUJRANWALA_CLUSTER_05_Urban,100%,0.0,64.0,2.0,188.0,0.0,923.0,228.0,240.0,0.0,124.0,3.9708,2.0,24586.0,24828.0,24796.0,24828.0,0.0,0.0,923.0,878.0,3.9708,100.0,668.0,709.0,0.0,878.0,64.0,64.0,1.0327,4.4506,6.9974,0.93,0.2836,0.067,0.0187,6.9974,0.93,0.2836,0.067,0.0187,3.9708,2.0
2021-04-01,12:00,HLHRBSC11,27696.0,27696_College Road Sheikhupura (3G-CI-4741),294.0,7696_College Road Sheikhupura (3G-CI-4741),GUJRANWALA_CLUSTER_05_Urban,100%,0.0,172.0,0.0,279.0,0.0,569.0,254.0,257.0,0.0,108.0,2.8167,0.0,13718.0,13898.0,13898.0,13898.0,0.0,1.0,569.0,565.0,2.8167,100.0,425.0,427.0,0.0,565.0,171.0,172.0,0.0,0.0475,11.0864,0.1764,0.0054,0.0,0.0,11.0864,0.1764,0.0054,0.0,0.0,2.8167,0.0
2021-04-01,12:00,HLHRBSC11,17696.0,17696_College Road Sheikhupura (3G-CI-4741),293.0,7696_College Road Sheikhupura (3G-CI-4741),GUJRANWALA_CLUSTER_05_Urban,100%,0.0,60.0,0.0,128.0,0.0,237.0,105.0,111.0,3.0,71.0,1.7764,0.0,9736.0,9974.0,9968.0,9974.0,0.0,0.0,237.0,230.0,1.7764,100.0,120.0,124.0,0.0,230.0,60.0,60.0,0.0923,1.3235,8.1893,0.36,0.1067,0.008,0.0,8.1893,0.36,0.1067,0.008,0.0,1.7764,0.0
2021-04-01,12:00,HLHRBSC11,37692.0,37692_Muslim Ganj Sheikhupura (3G-CI-4740),292.0,7692_Muslim Ganj Sheikhupura (3G-CI-4740),GUJRANWALA_CLUSTER_05_Urban,100%,0.0,91.0,1.0,185.0,0.0,240.0,184.0,187.0,0.0,95.0,3.5514,1.0,22256.0,22280.0,22236.0,22280.0,0.0,1.0,240.0,240.0,3.5514,100.0,193.0,193.0,0.0,240.0,90.0,91.0,0.0257,0.8747,9.7301,0.6804,0.0892,0.0027,0.0,9.7301,0.6804,0.0892,0.0027,0.0,3.5514,1.0
2021-04-01,12:00,HLHRBSC11,27692.0,27692_Muslim Ganj Sheikhupura (3G-CI-4740),291.0,7692_Muslim Ganj Sheikhupura (3G-CI-4740),GUJRANWALA_CLUSTER_05_Urban,100%,0.0,104.0,1.0,302.0,0.0,253.0,378.0,389.0,0.0,198.0,4.5542,1.0,28728.0,28814.0,28812.0,28814.0,0.0,0.0,253.0,253.0,4.5542,100.0,190.0,190.0,0.0,253.0,104.0,104.0,1.3,2.9013,8.376,1.2418,0.1586,0.0588,0.07,8.376,1.2418,0.1586,0.0588,0.07,4.5542,1.0
2021-04-01,12:00,HLHRBSC11,17692.0,17692_Muslim Ganj Sheikhupura (3G-CI-4740),290.0,7692_Muslim Ganj Sheikhupura (3G-CI-4740),GUJRANWALA_CLUSTER_05_Urban,100%,0.0,93.0,1.0,193.0,0.0,235.0,194.0,198.0,0.0,101.0,3.0722,1.0,17222.0,17298.0,17284.0,17298.0,0.0,1.0,235.0,234.0,3.0722,100.0,167.0,167.0,0.0,234.0,92.0,93.0,0.3972,1.4243,18.2229,1.0241,0.2005,0.0615,0.0161,18.2229,1.0241,0.2005,0.0615,0.0161,3.0722,1.0
2021-04-01,12:00,HLHRBSC11,23511.0,23511_Shamsi Road Civil Lines Sheikhupura (3G-CI-4731),29.0,3511_Shamsi Road Civil Lines Sheikhupura (3G-CI-4731),GUJRANWALA_CLUSTER_05_Urban,100%,0.0,221.0,2.0,284.0,0.0,2602.0,182.0,221.0,0.0,78.0,5.4806,2.0,28986.0,30680.0,30652.0,30680.0,0.0,14.0,2602.0,2547.0,5.4806,100.0,1245.0,1268.0,0.0,2547.0,207.0,221.0,0.1129,0.5295,6.8958,0.1693,0.0296,0.0027,0.0054,6.8958,0.1693,0.0296,0.0027,0.0054,5.4806,2.0
2021-04-01,12:00,HLHRBSC11,33504.0,33504_Soahil Park Sheikhupura (3G-CI-4726),289.0,3504_Soahil Park Sheikhupura (3G-CI-4726),GUJRANWALA_CLUSTER_05_Urban,100%,0.0,60.0,0.0,161.0,0.0,286.0,199.0,218.0,0.0,111.0,0.7819,0.0,2664.0,2830.0,2756.0,2830.0,0.0,5.0,286.0,285.0,0.7819,100.0,213.0,214.0,0.0,285.0,55.0,60.0,0.0686,0.1373,7.6946,0.0452,0.0053,0.0053,0.0,7.6946,0.0452,0.0053,0.0053,0.0,0.7819,0.0
2021-04-01,12:00,HLHRBSC11,23504.0,23504_Soahil Park Sheikhupura (3G-CI-4726),288.0,3504_Soahil Park Sheikhupura (3G-CI-4726),GUJRANWALA_CLUSTER_05_Urban,100%,0.0,154.0,0.0,263.0,0.0,650.0,213.0,215.0,0.0,109.0,2.9181,0.0,15220.0,15308.0,15252.0,15308.0,0.0,0.0,650.0,650.0,2.9181,100.0,596.0,596.0,0.0,650.0,154.0,154.0,0.0,0.0236,11.2518,0.032,0.0027,0.0,0.0,11.2518,0.032,0.0027,0.0,0.0,2.9181,0.0
2021-04-01,12:00,HLHRBSC11,13504.0,13504_Soahil Park Sheikhupura (3G-CI-4726),287.0,3504_Soahil Park Sheikhupura (3G-CI-4726),GUJRANWALA_CLUSTER_05_Urban,100%,0.0,60.0,0.0,194.0,0.0,136.0,259.0,268.0,0.0,136.0,1.8083,0.0,9500.0,9550.0,9466.0,9550.0,1.0,1.0,136.0,136.0,1.8083,100.0,96.0,96.0,1.0,136.0,60.0,60.0,0.0,0.0,14.4601,0.11699999999999999,0.0,0.0,0.0,14.4601,0.11699999999999999,0.0,0.0,0.0,1.8083,0.0
2021-04-01,12:00,HLHRBSC11,37691.0,37691_Kashif Park Housing Colony Sheikhupura (3G-CI-4739),283.0,7691_Kashif Park Housing Colony Sheikhupura (3G-CI-4739),GUJRANWALA_CLUSTER_05_Urban,100%,0.0,185.0,5.0,382.0,0.0,456.0,379.0,383.0,0.0,198.0,5.9875,5.0,34570.0,34604.0,34510.0,34604.0,0.0,0.0,456.0,452.0,5.9875,100.0,297.0,297.0,0.0,452.0,185.0,185.0,0.2883,2.5045,13.048,1.3431,0.3271,0.0399,0.0027,13.048,1.3431,0.3271,0.0399,0.0027,5.9875,5.0
2021-04-01,12:00,HLHRBSC11,21668.0,CI-1668-2_Sheikhupura Train Station Sheikhupura (3G-CI-1914),275.0,CI-1668_Sheikhupura Train Station Sheikhupura (3G-CI-1914),GUJRANWALA_CLUSTER_05_Urban,100%,0.0,30.0,0.0,47.0,0.0,104.0,32.0,32.0,0.0,18.0,0.9833,0.0,5630.0,5630.0,5630.0,5630.0,0.0,1.0,104.0,100.0,0.9833,100.0,74.0,78.0,0.0,100.0,29.0,30.0,0.0,0.0895,23.3496,0.4478,0.0213,0.0,0.0,23.3496,0.4478,0.0213,0.0,0.0,0.9833,0.0
2021-04-01,12:00,HLHRBSC11,11668.0,CI-1668-1_Sheikhupura Train Station Sheikhupura (3G-CI-1914),274.0,CI-1668_Sheikhupura Train Station Sheikhupura (3G-CI-1914),GUJRANWALA_CLUSTER_05_Urban,100%,0.0,51.0,0.0,85.0,0.0,271.0,71.0,71.0,0.0,34.0,1.4028,0.0,8040.0,8222.0,8172.0,8222.0,0.0,0.0,271.0,270.0,1.4028,100.0,162.0,163.0,0.0,270.0,51.0,51.0,0.0601,0.6005,21.4297,0.6402,0.12,0.0107,0.0027,21.4297,0.6402,0.12,0.0107,0.0027,1.4028,0.0
2021-04-01,12:00,HLHRBSC11,13517.0,13517_Mohalla Rehmanpura Sheikhupura (3G-CI-4899),272.0,3517_Mohalla Rehmanpura Sheikhupura (3G-CI-4899),GUJRANWALA_CLUSTER_05_Urban,100%,0.0,80.0,0.0,114.0,0.0,199.0,70.0,71.0,0.0,34.0,0.8097,0.0,2928.0,2928.0,2914.0,2928.0,0.0,0.0,199.0,198.0,0.8097,100.0,184.0,185.0,0.0,198.0,80.0,80.0,0.0168,0.0168,15.8557,0.0774,0.0,0.0027,0.0,15.8557,0.0774,0.0,0.0027,0.0,0.8097,0.0
2021-04-01,12:00,HLHRBSC11,23517.0,23517_Mohalla Rehmanpura Sheikhupura (3G-CI-4899),271.0,3517_Mohalla Rehmanpura Sheikhupura (3G-CI-4899),GUJRANWALA_CLUSTER_05_Urban,100%,0.0,19.0,0.0,62.0,0.0,72.0,87.0,87.0,0.0,43.0,1.5875,0.0,10470.0,10478.0,10478.0,10478.0,0.0,0.0,72.0,72.0,1.5875,100.0,57.0,57.0,0.0,72.0,19.0,19.0,1.0168,1.4761,7.9822,0.0481,0.0374,0.0374,0.0455,7.9822,0.0481,0.0374,0.0374,0.0455,1.5875,0.0
2021-04-01,12:00,HLHRBSC11,33517.0,33517_Mohalla Rehmanpura Sheikhupura (3G-CI-4899),270.0,3517_Mohalla Rehmanpura Sheikhupura (3G-CI-4899),GUJRANWALA_CLUSTER_05_Urban,100%,0.0,97.0,0.0,164.0,0.0,282.0,137.0,139.0,0.0,67.0,2.0569,0.0,10422.0,10424.0,10392.0,10424.0,0.0,0.0,282.0,279.0,2.0569,100.0,198.0,200.0,0.0,279.0,97.0,97.0,1.0256,3.3525,12.4322,0.6706,0.3155,0.1096,0.0294,12.4322,0.6706,0.3155,0.1096,0.0294,2.0569,0.0
2021-04-01,12:00,HLHRBSC11,13519.0,13519_GT Road Sheikhupura (3G-CI-4734),266.0,3519_GT Road Sheikhupura (3G-CI-4734),GUJRANWALA_CLUSTER_05_Urban,100%,0.0,42.0,0.0,64.0,0.0,100.0,46.0,46.0,0.0,22.0,1.0125,0.0,6126.0,6128.0,6128.0,6128.0,0.0,0.0,100.0,100.0,1.0125,100.0,81.0,81.0,0.0,100.0,42.0,42.0,0.0329,0.1975,8.0213,0.0452,0.0133,0.0027,0.0,8.0213,0.0452,0.0133,0.0027,0.0,1.0125,0.0
2021-04-01,12:00,HLHRBSC11,23519.0,23519_GT Road Sheikhupura (3G-CI-4734),265.0,3519_GT Road Sheikhupura (3G-CI-4734),GUJRANWALA_CLUSTER_05_Urban,100%,0.0,37.0,0.0,93.0,0.0,145.0,110.0,114.0,0.0,56.0,1.6111,0.0,9164.0,9422.0,9360.0,9422.0,0.0,0.0,145.0,143.0,1.6111,100.0,96.0,98.0,0.0,143.0,37.0,37.0,0.0706,0.6709999999999999,14.5107,0.4495,0.0904,0.0053,0.0053,14.5107,0.4495,0.0904,0.0053,0.0053,1.6111,0.0
2021-04-01,12:00,HLHRBSC11,33519.0,33519_GT Road Sheikhupura (3G-CI-4734),264.0,3519_GT Road Sheikhupura (3G-CI-4734),GUJRANWALA_CLUSTER_05_Urban,100%,0.0,66.0,0.0,106.0,0.0,204.0,84.0,86.0,0.0,40.0,0.7861,0.0,3564.0,3584.0,3566.0,3584.0,0.0,0.0,204.0,199.0,0.7861,100.0,124.0,129.0,0.0,199.0,66.0,66.0,0.2191,0.8258,14.6848,0.9823,0.0958,0.032,0.0027,14.6848,0.9823,0.0958,0.032,0.0027,0.7861,0.0
2021-04-01,12:00,HLHRBSC11,13505.0,13505_Rehmat Colony Sheikhupura (3G-CI-4727),263.0,3505_Rehmat Colony Sheikhupura (3G-CI-4727),GUJRANWALA_CLUSTER_05_Urban,100%,0.0,85.0,0.0,166.0,0.0,271.0,161.0,178.0,0.0,83.0,2.4514,0.0,13198.0,13418.0,13298.0,13418.0,0.0,1.0,271.0,271.0,2.4514,100.0,215.0,215.0,0.0,271.0,84.0,85.0,0.0,0.019,14.0133,0.032,0.0027,0.0,0.0,14.0133,0.032,0.0027,0.0,0.0,2.4514,0.0
2021-04-01,12:00,HLHRBSC11,23505.0,23505_Rehmat Colony Sheikhupura (3G-CI-4727),262.0,3505_Rehmat Colony Sheikhupura (3G-CI-4727),GUJRANWALA_CLUSTER_05_Urban,100%,0.0,49.0,0.0,120.0,0.0,110.0,135.0,141.0,0.0,72.0,2.3306,0.0,14560.0,14708.0,14670.0,14708.0,0.0,1.0,110.0,110.0,2.3306,100.0,88.0,88.0,0.0,110.0,48.0,49.0,1.393,2.2288,13.3828,0.657,0.12,0.0773,0.1227,13.3828,0.657,0.12,0.0773,0.1227,2.3306,0.0
2021-04-01,12:00,HLHRBSC11,13502.0,13502_Ghulam Yasir Bhiki Road Sheikhupura (3G-CI-1604),26.0,3502_Ghulam Yasir Bhiki Road Sheikhupura (3G-CI-1604),GUJRANWALA_CLUSTER_05_Urban,100%,0.0,37.0,0.0,93.0,0.0,99.0,99.0,105.0,0.0,58.0,1.0125,0.0,5272.0,5272.0,5270.0,5272.0,0.0,0.0,99.0,99.0,1.0125,100.0,75.0,75.0,0.0,99.0,37.0,37.0,0.3537,0.8576,24.0587,0.6027,0.1253,0.0507,0.0373,24.0587,0.6027,0.1253,0.0507,0.0373,1.0125,0.0
2021-04-01,12:00,HLHRBSC11,33505.0,33505_Rehmat Colony Sheikhupura (3G-CI-4727),259.0,3505_Rehmat Colony Sheikhupura (3G-CI-4727),GUJRANWALA_CLUSTER_05_Urban,100%,0.0,197.0,1.0,415.0,0.0,474.0,446.0,451.0,0.0,221.0,5.7472,1.0,33338.0,33354.0,33252.0,33354.0,0.0,2.0,474.0,465.0,5.7472,100.0,392.0,392.0,0.0,465.0,195.0,197.0,0.2181,1.3556,6.4422,7.2679,0.1581,0.0193,0.011000000000000001,6.4422,7.2679,0.1581,0.0193,0.011000000000000001,5.7472,1.0
2021-04-01,12:00,HLHRBSC11,17463.0,17463_Kake Zian Gali (Micro) Sheikhupura (3G-CI-1695),25.0,7463_Kake Zian Gali (Micro) Sheikhupura (3G-CI-1695),GUJRANWALA_CLUSTER_05_Urban,100%,0.0,23.0,0.0,36.0,0.0,58.0,25.0,25.0,0.0,13.0,0.2889,0.0,1292.0,1312.0,1312.0,1312.0,0.0,0.0,58.0,58.0,0.2889,100.0,33.0,33.0,0.0,58.0,23.0,23.0,0.8079999999999999,1.7275,9.1337,0.2968,0.0882,0.0401,0.0374,9.1337,0.2968,0.0882,0.0401,0.0374,0.2889,0.0
2021-04-01,12:00,HLHRBSC11,31673.0,CI-1673-3_Opposite Allah Wala Pul Sheikhupura (3G-CI-1919),244.0,CI-1673_Opposite Allah Wala Pul Sheikhupura (3G-CI-1919),GUJRANWALA_CLUSTER_05_Urban,100%,0.0,104.0,2.0,180.0,0.0,306.0,151.0,153.0,0.0,77.0,2.2681,2.0,12074.0,12084.0,12062.0,12084.0,0.0,1.0,306.0,306.0,2.2681,100.0,214.0,214.0,0.0,306.0,103.0,104.0,0.0,0.0,18.0027,0.0587,0.0,0.0,0.0,18.0027,0.0587,0.0,0.0,0.0,2.2681,2.0
2021-04-01,12:00,HLHRBSC11,21673.0,CI-1673-2_Opposite Allah Wala Pul Sheikhupura (3G-CI-1919),243.0,CI-1673_Opposite Allah Wala Pul Sheikhupura (3G-CI-1919),GUJRANWALA_CLUSTER_05_Urban,100%,0.0,61.0,0.0,74.0,0.0,194.0,28.0,28.0,0.0,14.0,1.3139,0.0,7292.0,7292.0,7292.0,7292.0,0.0,1.0,194.0,194.0,1.3139,100.0,170.0,170.0,0.0,194.0,60.0,61.0,0.0124,0.1246,21.3721,0.0588,0.0241,0.0027,0.0,21.3721,0.0588,0.0241,0.0027,0.0,1.3139,0.0
2021-04-01,12:00,HLHRBSC11,11673.0,CI-1673-1_Opposite Allah Wala Pul Sheikhupura (3G-CI-1919),234.0,CI-1673_Opposite Allah Wala Pul Sheikhupura (3G-CI-1919),GUJRANWALA_CLUSTER_05_Urban,100%,0.0,21.0,0.0,30.0,0.0,87.0,21.0,21.0,0.0,9.0,0.3278,0.0,1404.0,1546.0,1520.0,1546.0,0.0,0.0,87.0,87.0,0.3278,100.0,42.0,42.0,0.0,87.0,21.0,21.0,0.0827,0.4606,21.7493,0.7253,0.0853,0.016,0.0027,21.7493,0.7253,0.0853,0.016,0.0027,0.3278,0.0
2021-04-01,12:00,HLHRBSC11,31672.0,CI-1672-3_Muslim Gujg Near Al Haq Sheikhupura (3G-CI-1918),233.0,CI-1672_Muslim Gujg Near Al Haq Sheikhupura (3G-CI-1918),GUJRANWALA_CLUSTER_05_Urban,100%,0.0,87.0,0.0,195.0,0.0,235.0,205.0,205.0,0.0,106.0,2.1542,0.0,11984.0,12010.0,12004.0,12010.0,0.0,0.0,235.0,234.0,2.1542,100.0,155.0,155.0,0.0,234.0,87.0,87.0,0.3099,2.5675,16.1316,1.5241,0.4091,0.0562,0.0,16.1316,1.5241,0.4091,0.0562,0.0,2.1542,0.0
2021-04-01,12:00,HLHRBSC11,21672.0,CI-1672-2_Muslim Gujg Near Al Haq Sheikhupura (3G-CI-1918),232.0,CI-1672_Muslim Gujg Near Al Haq Sheikhupura (3G-CI-1918),GUJRANWALA_CLUSTER_05_Urban,100%,0.0,57.0,1.0,102.0,0.0,160.0,94.0,96.0,0.0,44.0,2.7333,1.0,17558.0,17562.0,17562.0,17562.0,0.0,0.0,160.0,160.0,2.7333,100.0,150.0,150.0,0.0,160.0,57.0,57.0,0.0404,0.9411,18.6263,1.0272,0.1787,0.0053,0.0027,18.6263,1.0272,0.1787,0.0053,0.0027,2.7333,1.0
2021-04-01,12:00,HLHRBSC11,11672.0,CI-1672-1_Muslim Gujg Near Al Haq Sheikhupura (3G-CI-1918),213.0,CI-1672_Muslim Gujg Near Al Haq Sheikhupura (3G-CI-1918),GUJRANWALA_CLUSTER_05_Urban,100%,0.0,95.0,0.0,216.0,0.0,384.0,222.0,233.0,0.0,121.0,4.8264,0.0,30304.0,30420.0,30390.0,30420.0,0.0,1.0,384.0,378.0,4.8264,100.0,237.0,238.0,0.0,378.0,94.0,95.0,0.2251,1.7794,21.2987,3.136,0.3867,0.055999999999999994,0.0,21.2987,3.136,0.3867,0.055999999999999994,0.0,4.8264,0.0
2021-04-01,12:00,HLHRBSC11,33514.0,33514_Sethi Kothi Sheikhupura (3G-CI-1609),21.0,3514_Sethi Kothi Sheikhupura (3G-CI-1609),GUJRANWALA_CLUSTER_05_Urban,100%,0.0,18.0,0.0,46.0,0.0,59.0,41.0,48.0,0.0,28.0,0.7681,0.0,4748.0,4894.0,4890.0,4894.0,0.0,0.0,59.0,52.0,0.7681,100.0,26.0,31.0,0.0,52.0,18.0,18.0,0.2925,1.9633,5.5615,0.7139,0.107,0.0187,0.0,5.5615,0.7139,0.107,0.0187,0.0,0.7681,0.0
2021-04-01,12:00,HLHRBSC11,23514.0,23514_Sethi Kothi Sheikhupura (3G-CI-1609),20.0,3514_Sethi Kothi Sheikhupura (3G-CI-1609),GUJRANWALA_CLUSTER_05_Urban,100%,0.0,63.0,3.0,168.0,0.0,215.0,190.0,216.0,0.0,107.0,1.7,3.0,8814.0,9156.0,9084.0,9156.0,0.0,1.0,215.0,210.0,1.7,100.0,133.0,134.0,0.0,210.0,62.0,63.0,0.1816,0.6172,6.9733,0.3449,0.0321,0.0107,0.0027,6.9733,0.3449,0.0321,0.0107,0.0027,1.7,3.0
2021-04-01,12:00,HLHRBSC11,31670.0,CI-1670-3_Highway Colony Sheikhupura (3G-CI-1916),179.0,CI-1670_Highway Colony Sheikhupura (3G-CI-1916),GUJRANWALA_CLUSTER_05_Urban,100%,0.0,17.0,0.0,38.0,0.0,86.0,37.0,37.0,0.0,21.0,0.9847,0.0,6508.0,6510.0,6510.0,6510.0,0.0,0.0,86.0,86.0,0.9847,10.5263,41.0,41.0,0.0,86.0,17.0,17.0,0.0,0.0,0.9225,0.0,0.0,0.0,0.0,0.9225,0.0,0.0,0.0,0.0,0.9847,0.0
2021-04-01,12:00,HLHRBSC11,33494.0,33494_Jackarta Road Sheikhupura (3G-CI-1603),178.0,3494_Jackarta Road Sheikhupura (3G-CI-1603),GUJRANWALA_CLUSTER_05_Urban,100%,0.0,167.0,1.0,324.0,0.0,515.0,308.0,308.0,0.0,158.0,3.7819,1.0,20708.0,20772.0,20750.0,20772.0,2.0,3.0,515.0,503.0,3.7819,100.0,283.0,286.0,2.0,503.0,166.0,167.0,0.7644,3.8436,10.8423,1.2647,0.3877,0.0722,0.0241,10.8423,1.2647,0.3877,0.0722,0.0241,3.7819,1.0
2021-04-01,12:00,HLHRBSC11,23494.0,23494_Jackarta Road Sheikhupura (3G-CI-1603),177.0,3494_Jackarta Road Sheikhupura (3G-CI-1603),GUJRANWALA_CLUSTER_05_Urban,100%,0.0,116.0,2.0,219.0,0.0,346.0,200.0,202.0,0.0,102.0,4.0556,2.0,24888.0,25148.0,25074.0,25148.0,0.0,0.0,346.0,344.0,4.0556,100.0,224.0,226.0,0.0,344.0,116.0,116.0,0.051,0.5601,15.1302,0.518,0.0801,0.008,0.0,15.1302,0.518,0.0801,0.008,0.0,4.0556,2.0
2021-04-01,12:00,HLHRBSC11,13494.0,13494_Jackarta Road Sheikhupura (3G-CI-1603),176.0,3494_Jackarta Road Sheikhupura (3G-CI-1603),GUJRANWALA_CLUSTER_05_Urban,100%,0.0,57.0,2.0,81.0,0.0,139.0,52.0,52.0,0.0,25.0,1.2625,2.0,6602.0,6656.0,6632.0,6656.0,0.0,1.0,139.0,127.0,1.2625,100.0,86.0,94.0,0.0,127.0,56.0,57.0,3.0142,6.6899,6.1383,0.6493,0.2674,0.1096,0.1096,6.1383,0.6493,0.2674,0.1096,0.1096,1.2625,2.0
2021-04-01,12:00,HLHRBSC11,33500.0,33500_Qila Sheikhupura (3G-CI-4723),146.0,3500_Qila Sheikhupura (3G-CI-4723),GUJRANWALA_CLUSTER_05_Urban,100%,0.0,39.0,0.0,75.0,0.0,138.0,74.0,74.0,0.0,36.0,0.5417,0.0,2388.0,2470.0,2470.0,2470.0,0.0,0.0,138.0,134.0,0.5417,100.0,68.0,69.0,0.0,134.0,39.0,39.0,4.3732,14.2869,10.8785,3.8471,1.7032,0.5963,0.1551,10.8785,3.8471,1.7032,0.5963,0.1551,0.5417,0.0
2021-04-01,12:00,HLHRBSC11,23500.0,23500_Qila Sheikhupura (3G-CI-4723),145.0,3500_Qila Sheikhupura (3G-CI-4723),GUJRANWALA_CLUSTER_05_Urban,100%,0.0,161.0,0.0,341.0,0.0,507.0,386.0,390.0,0.0,180.0,3.4347,0.0,17394.0,17688.0,17610.0,17688.0,0.0,0.0,507.0,503.0,3.4347,100.0,315.0,317.0,0.0,503.0,161.0,161.0,0.611,2.8989,16.3663,1.9037,0.4305,0.0989,0.016,16.3663,1.9037,0.4305,0.0989,0.016,3.4347,0.0
2021-04-01,12:00,HLHRBSC11,13500.0,13500_Qila Sheikhupura (3G-CI-4723),138.0,3500_Qila Sheikhupura (3G-CI-4723),GUJRANWALA_CLUSTER_05_Urban,100%,0.0,84.0,1.0,158.0,0.0,189.0,155.0,155.0,0.0,75.0,1.4583,1.0,7098.0,7106.0,7102.0,7106.0,0.0,1.0,189.0,187.0,1.4583,100.0,135.0,137.0,0.0,187.0,83.0,84.0,1.1894,2.9428,19.7412,1.4225,0.3824,0.1444,0.115,19.7412,1.4225,0.3824,0.1444,0.115,1.4583,1.0
2021-04-01,12:00,HLHRBSC11,17485.0,17485_Main Mobile Market (Micro) Sheikhupura (3G-CI-1697),131.0,7485_Main Mobile Market (Micro) Sheikhupura (3G-CI-1697),GUJRANWALA_CLUSTER_05_Urban,100%,0.0,40.0,0.0,67.0,0.0,191.0,42.0,42.0,0.0,27.0,0.8583,0.0,4928.0,4928.0,4928.0,4928.0,0.0,0.0,191.0,184.0,0.8583,100.0,93.0,100.0,0.0,184.0,40.0,40.0,0.0,0.0,8.6773,0.24,0.0,0.0,0.0,8.6773,0.24,0.0,0.0,0.0,0.8583,0.0
2021-04-01,12:00,HLHRBSC11,33501.0,33501_Bashir Cement Corporation Sheikhupura (3G-CI-4724),13.0,3501_Bashir Cement Corporation Sheikhupura (3G-CI-4724),GUJRANWALA_CLUSTER_05_Urban,100%,0.0,83.0,0.0,188.0,0.0,193.0,209.0,212.0,0.0,107.0,2.9,0.0,16766.0,17156.0,17038.0,17156.0,0.0,2.0,193.0,191.0,2.9,100.0,142.0,144.0,0.0,191.0,81.0,83.0,6.5404,13.5871,14.1073,4.6365,1.5285,0.6827,0.736,14.1073,4.6365,1.5285,0.6827,0.736,2.9,0.0
2021-04-01,12:00,HLHRBSC11,33515.0,33515_Golria Colony Sheikhupura (3G-CI-4733),122.0,3515_Golria Colony Sheikhupura (3G-CI-4733),GUJRANWALA_CLUSTER_05_Urban,100%,0.0,58.0,0.0,73.0,0.0,168.0,34.0,34.0,0.0,15.0,0.9722,0.0,4378.0,4434.0,4410.0,4434.0,0.0,0.0,168.0,163.0,0.9722,100.0,141.0,142.0,0.0,163.0,58.0,58.0,0.0,0.0388,13.6077,0.1173,0.0053,0.0,0.0,13.6077,0.1173,0.0053,0.0,0.0,0.9722,0.0
2021-04-01,12:00,HLHRBSC11,23515.0,23515_Golria Colony Sheikhupura (3G-CI-4733),121.0,3515_Golria Colony Sheikhupura (3G-CI-4733),GUJRANWALA_CLUSTER_05_Urban,100%,0.0,8.0,0.0,49.0,0.0,28.0,84.0,84.0,0.0,41.0,0.3944,0.0,2274.0,2300.0,2300.0,2300.0,0.0,0.0,28.0,28.0,0.3944,100.0,17.0,17.0,0.0,28.0,8.0,8.0,0.0,0.0,11.4198,0.0722,0.0,0.0,0.0,11.4198,0.0722,0.0,0.0,0.0,0.3944,0.0
2021-04-01,12:00,HLHRBSC11,31666.0,CI-1666-3_Near Janazgah Sheikhupura (3G-CI-1912),12.0,CI-1666_Near Janazgah Sheikhupura (3G-CI-1912),GUJRANWALA_CLUSTER_05_Urban,100%,0.0,77.0,2.0,144.0,0.0,837.0,129.0,132.0,0.0,67.0,3.0736,2.0,17986.0,18628.0,18494.0,18628.0,0.0,0.0,837.0,836.0,3.0736,100.0,710.0,711.0,0.0,836.0,77.0,77.0,0.0,0.0277,9.5757,0.0667,0.0027,0.0,0.0,9.5757,0.0667,0.0027,0.0,0.0,3.0736,2.0
2021-04-01,12:00,HLHRBSC11,21666.0,CI-1666-2_Near Janazgah Sheikhupura (3G-CI-1912),11.0,CI-1666_Near Janazgah Sheikhupura (3G-CI-1912),GUJRANWALA_CLUSTER_05_Urban,100%,0.0,34.0,0.0,50.0,0.0,167.0,41.0,41.0,0.0,16.0,1.2764,0.0,8164.0,8198.0,8198.0,8198.0,0.0,0.0,167.0,156.0,1.2764,100.0,45.0,47.0,0.0,156.0,34.0,34.0,0.0395,0.2369,13.1778,0.3368,0.0267,0.0054,0.0,13.1778,0.3368,0.0267,0.0054,0.0,1.2764,0.0
2021-04-01,12:00,HLHRBSC11,13684.0,13684_Sharif Colony (Gold) Sheikhupura (3G-CI-4879),104.0,3684_Sharif Colony (Gold) Sheikhupura (3G-CI-4879),GUJRANWALA_CLUSTER_05_Urban,100%,0.0,223.0,1.0,415.0,0.0,1500.0,377.0,388.0,0.0,194.0,9.525,1.0,58372.0,59234.0,58994.0,59234.0,0.0,3.0,1500.0,1499.0,9.525,100.0,1278.0,1279.0,0.0,1499.0,220.0,223.0,0.2007,0.5137,12.5058,0.8159,0.0419,0.0209,0.006,12.5058,0.8159,0.0419,0.0209,0.006,9.525,1.0
2021-04-01,12:00,HLHRBSC11,11666.0,CI-1666-1_Near Janazgah Sheikhupura (3G-CI-1912),10.0,CI-1666_Near Janazgah Sheikhupura (3G-CI-1912),GUJRANWALA_CLUSTER_05_Urban,100%,0.0,62.0,1.0,90.0,0.0,282.0,60.0,63.0,0.0,30.0,2.2542,1.0,13054.0,13970.0,13930.0,13970.0,0.0,2.0,282.0,279.0,2.2542,100.0,209.0,211.0,0.0,279.0,60.0,62.0,0.107,0.2853,37.11,0.1707,0.0667,0.04,0.0,37.11,0.1707,0.0667,0.04,0.0,2.2542,1.0
2021-04-01,12:00,HLHRBSC08,33536.0,33536_Muridke Sheikhupura (3G-CI-4932),67.0,3536_Muridke Sheikhupura (3G-CI-4932),GUJRANWALA_CLUSTER_05_Urban,100%,0.0,34.0,0.0,75.0,0.0,124.0,79.0,79.0,0.0,41.0,1.2944,0.0,7908.0,7936.0,7936.0,7936.0,0.0,0.0,124.0,123.0,1.2944,100.0,75.0,76.0,0.0,123.0,34.0,34.0,0.0,1.2459,8.9746,0.3255,0.1173,0.0,0.0,8.9746,0.3255,0.1173,0.0,0.0,1.2944,0.0
2021-04-01,12:00,HLHRBSC08,13539.0,13539_Jinnah Ideal School Sheikhupura (3G-CI-1420),289.0,3539_Jinnah Ideal School Sheikhupura (3G-CI-1420),GUJRANWALA_CLUSTER_05_Urban,100%,0.0,39.0,0.0,92.0,0.0,120.0,98.0,98.0,0.0,53.0,0.8639,0.0,4240.0,4240.0,4240.0,4240.0,0.0,0.0,120.0,119.0,0.8639,100.0,74.0,75.0,0.0,119.0,39.0,39.0,0.0687,0.687,14.7681,0.6786,0.0962,0.0107,0.0,14.7681,0.6786,0.0962,0.0107,0.0,0.8639,0.0
2021-04-01,12:00,HLHRBSC08,31069.0,CI-1069-3_Muridke Sheikhupura (3G-CI-1450),281.0,CI-1069_Muridke Sheikhupura (3G-CI-1450),GUJRANWALA_CLUSTER_05_Urban,100%,0.0,55.0,0.0,104.0,0.0,242.0,104.0,106.0,0.0,49.0,1.0778,0.0,5714.0,5730.0,5680.0,5730.0,0.0,0.0,242.0,236.0,1.0778,100.0,111.0,112.0,0.0,236.0,55.0,55.0,1.1052,2.4194,17.123,0.3476,0.2353,0.1738,0.0241,17.123,0.3476,0.2353,0.1738,0.0241,1.0778,0.0
2021-04-01,12:00,HLHRBSC08,21069.0,CI-1069-2_Muridke Sheikhupura (3G-CI-1450),232.0,CI-1069_Muridke Sheikhupura (3G-CI-1450),GUJRANWALA_CLUSTER_05_Urban,100%,0.0,20.0,0.0,68.0,0.0,53.0,97.0,97.0,0.0,48.0,0.5819,0.0,3096.0,3096.0,3092.0,3096.0,0.0,0.0,53.0,53.0,0.5819,100.0,37.0,37.0,0.0,53.0,20.0,20.0,0.0157,0.0471,16.8747,0.0853,0.0053,0.0027,0.0,16.8747,0.0853,0.0053,0.0027,0.0,0.5819,0.0
2021-04-01,12:00,HLHRBSC08,21139.0,CI-1139-2_Doake Muridkey Sheikhupura (3G-CI-1487),179.0,CI-1139_Doake Muridkey Sheikhupura (3G-CI-1487),GUJRANWALA_CLUSTER_05_Urban,100%,0.0,29.0,0.0,59.0,0.0,49.0,60.0,60.0,0.0,30.0,0.6806,0.0,3672.0,3702.0,3694.0,3702.0,0.0,0.0,49.0,49.0,0.6806,100.0,40.0,40.0,0.0,49.0,29.0,29.0,0.1967,1.2458,7.5353,0.5187,0.0856,0.016,0.0,7.5353,0.5187,0.0856,0.016,0.0,0.6806,0.0
2021-04-01,12:00,HLHRBSC08,13537.0,13537_Aehmad Pura Sheikhupura (3G-CI-4933),135.0,3537_Aehmad Pura Sheikhupura (3G-CI-4933),GUJRANWALA_CLUSTER_05_Urban,100%,0.0,95.0,0.0,189.0,0.0,272.0,183.0,184.0,0.0,94.0,3.8917,0.0,23244.0,23438.0,23192.0,23438.0,0.0,0.0,272.0,258.0,3.8917,100.0,181.0,183.0,0.0,258.0,95.0,95.0,0.8995,3.6701,21.174,1.3864,0.6489,0.1573,0.0533,21.174,1.3864,0.6489,0.1573,0.0533,3.8917,0.0
2021-04-01,12:00,HLHRBSC08,33541.0,33541_Main GT Road Muridkey Sheikhupura (3G-CI-1421),110.0,3541_Main GT Road Muridkey Sheikhupura (3G-CI-1421),GUJRANWALA_CLUSTER_05_Urban,100%,0.0,66.0,0.0,119.0,0.0,261.0,121.0,121.0,0.0,53.0,1.8903,0.0,11440.0,11544.0,11280.0,11544.0,0.0,0.0,261.0,255.0,1.8903,100.0,103.0,105.0,0.0,255.0,66.0,66.0,2.4314,6.7302,5.8449,1.2326,0.3262,0.1123,0.0722,5.8449,1.2326,0.3262,0.1123,0.0722,1.8903,0.0
2021-04-01,12:00,HLHRBSC08,23541.0,23541_Main GT Road Muridkey Sheikhupura (3G-CI-1421),109.0,3541_Main GT Road Muridkey Sheikhupura (3G-CI-1421),GUJRANWALA_CLUSTER_05_Urban,100%,0.0,228.0,4.0,314.0,0.0,655.0,174.0,174.0,0.0,86.0,3.6944,4.0,17876.0,17958.0,17736.0,17958.0,1.0,1.0,655.0,650.0,3.6944,100.0,416.0,420.0,1.0,650.0,228.0,228.0,0.1921,0.8166,15.714,0.8485,0.1043,0.0321,0.0,15.714,0.8485,0.1043,0.0321,0.0,3.6944,4.0
2021-04-01,12:00,HLHRBSC08,13541.0,13541_Main GT Road Muridkey Sheikhupura (3G-CI-1421),108.0,3541_Main GT Road Muridkey Sheikhupura (3G-CI-1421),GUJRANWALA_CLUSTER_05_Urban,100%,0.0,117.0,0.0,284.0,0.0,421.0,330.0,331.0,0.0,168.0,3.3556,0.0,18640.0,18676.0,18676.0,18676.0,2.0,3.0,421.0,418.0,3.3556,100.0,276.0,276.0,2.0,418.0,116.0,117.0,0.1746,0.8732,10.3058,0.3293,0.075,0.0187,0.0,10.3058,0.3293,0.075,0.0187,0.0,3.3556,0.0
