Date,Time,GBSC,Cell CI,Cell Name,CellIndex,Site Name,Location,Integrity,_CallSetup TCH GOS(%)_N,_CallSetup TCH GOS(%)_D,_DCR_N,_DCR_D,_GOS-SDCCH(%)_N,_GOS-SDCCH(%)_D,_HSR%_N,_HSR%_D,_Mobility TCH GOS(%)_N,_Mobility TCH GOS(%)_D,_MTBD (Mean Time between Drop)_N,_MTBD (Mean Time between Drop)_D,_RxQual Index DL_1,_RxQual Index DL_2,_RxQual Index UL_1,_RxQual Index UL_2,CSSR_Non Blocking_1_N,CSSR_Non Blocking_2_N,CSSR_Non Blocking_1_D,CSSR_Non Blocking_2_D,GlobelTraffic,TCH Availability Rate,_cssr_Call Setup Indications (Circuit Service)_N_1,_Cssr_Channel Requests (Circuit Service)_D_1,_CSSR_Call Drops on SDCCH_N_2,_CSSR_Successful SDCCH Seizures_D_2,_CSSR_Successful TCH Seizures (Traffic Channel)_N_3,_CSSR_TCH Seizure Requests (Traffic Channel)_D_3,Interference Band Proportion (4~5)(%),Interference Band 345,Mean Number of TCH in Interference Band 1,Mean Number of TCH in Interference Band 2,Mean Number of TCH in Interference Band 3,Mean Number of TCH in Interference Band 4,Mean Number of TCH in Interference Band 5,Mean Number of TCH in Interference Band 1.1,Mean Number of TCH in Interference Band 2.1,Mean Number of TCH in Interference Band 3.1,Mean Number of TCH in Interference Band 4.1,Mean Number of TCH in Interference Band 5.1,K3014:Traffic Volume on TCH(Erl),CM33:Call Drops on Traffic Channel
2021-04-01,11:00,HBWNBSC02,32584.0,CII-2584-3_Zia Shaheed Bahawalnagar (3G-CII-3651),229.0,CII-2584_Zia Shaheed Bahawalnagar (3G-CII-3651),SAHIWAL_CLUSTER_06_Urban,100%,0.0,750.0,1.0,1406.0,0.0,2006.0,1495.0,1511.0,0.0,666.0,12.5569,1.0,66364.0,67470.0,66156.0,67470.0,0.0,7.0,2006.0,2005.0,12.5569,100.0,1186.0,1186.0,0.0,2005.0,743.0,750.0,2.8339,9.0851,20.5574,1.7474,1.5336,0.564,0.1313,1.7474,1.5336,20.5574,0.564,0.1313,12.5569,1.0
2021-04-01,11:00,HBWNBSC02,22584.0,CII-2584-2_Zia Shaheed Bahawalnagar (3G-CII-3651),228.0,CII-2584_Zia Shaheed Bahawalnagar (3G-CII-3651),SAHIWAL_CLUSTER_06_Urban,100%,0.0,201.0,1.0,384.0,0.0,438.0,385.0,396.0,0.0,190.0,4.0028,1.0,22403.0,22605.0,22173.0,22605.0,0.0,0.0,438.0,438.0,4.0028,100.0,307.0,307.0,0.0,438.0,201.0,201.0,0.0142,0.1001,18.5577,0.1016,0.016,0.0027,0.0,0.1016,0.016,18.5577,0.0027,0.0,4.0028,1.0
2021-04-01,11:00,HBWNBSC02,15221.0,15221_Green Town Haroonabad Bahawalnagar (3G-CII-4149),136.0,5221_Green Town Haroonabad Bahawalnagar (3G-CII-4149),SAHIWAL_CLUSTER_06_Urban,100%,0.0,173.0,0.0,337.0,0.0,549.0,350.0,360.0,0.0,164.0,4.3042,0.0,25707.0,26630.0,26298.0,26630.0,0.0,0.0,549.0,545.0,4.3042,100.0,275.0,278.0,0.0,545.0,173.0,173.0,1.9346,9.3215,5.8984,3.7513,0.7861,0.1711,0.0348,3.7513,0.7861,5.8984,0.1711,0.0348,4.3042,0.0
2021-04-01,11:00,HBWNBSC02,24582.0,24582_Al Faiz Colony Bahawalnagar (3G-CII-3645),73.0,4582_Al Faiz Colony Bahawalnagar (3G-CII-3645),SAHIWAL_CLUSTER_06_Urban,100%,0.0,298.0,1.0,585.0,0.0,763.0,594.0,602.0,0.0,288.0,9.9944,1.0,61666.0,62087.0,61631.0,62087.0,0.0,0.0,763.0,751.0,9.9944,100.0,410.0,412.0,0.0,751.0,298.0,298.0,0.0578,0.5784,30.7005,1.4759,0.1685,0.0187,0.0,1.4759,0.1685,30.7005,0.0187,0.0,9.9944,1.0
2021-04-01,11:00,HBWNBSC02,34591.0,34591_Imitiaz Colony Bahawalnagar (3G-CII-3647),65.0,4591_Imitiaz Colony Bahawalnagar (3G-CII-3647),SAHIWAL_CLUSTER_06_Urban,100%,0.0,175.0,3.0,634.0,0.0,688.0,939.0,956.0,0.0,464.0,6.8222,3.0,43770.0,43927.0,43394.0,43927.0,0.0,0.0,688.0,683.0,6.8222,100.0,301.0,304.0,0.0,683.0,175.0,175.0,0.3492,1.2381,24.2908,0.5209,0.2233,0.0718,0.016,0.5209,0.2233,24.2908,0.0718,0.016,6.8222,3.0
2021-04-01,11:00,HBWNBSC02,14591.0,14591_Imitiaz Colony Bahawalnagar (3G-CII-3647),63.0,4591_Imitiaz Colony Bahawalnagar (3G-CII-3647),SAHIWAL_CLUSTER_06_Urban,100%,0.0,228.0,0.0,514.0,0.0,551.0,590.0,607.0,0.0,295.0,6.4222,0.0,39604.0,39713.0,39419.0,39713.0,0.0,1.0,551.0,539.0,6.4222,100.0,371.0,382.0,0.0,539.0,227.0,228.0,0.0925,0.3303,19.8312,0.2349,0.0479,0.0133,0.0053,0.2349,0.0479,19.8312,0.0133,0.0053,6.4222,0.0
2021-04-01,11:00,HBWNBSC02,34580.0,34580_PTCL Exchange (Gold) Bahawalnagar (3G-CII-3643),61.0,4580_PTCL Exchange (Gold) Bahawalnagar (3G-CII-3643),SAHIWAL_CLUSTER_06_Urban,100%,0.0,1487.0,5.0,3183.0,0.0,3120.0,2487.0,2509.0,3.0,1711.0,39.2264,5.0,230444.0,233365.0,231119.0,233365.0,0.0,9.0,3120.0,3111.0,39.2264,100.0,2096.0,2101.0,0.0,3111.0,1478.0,1487.0,1.0649,4.5436,29.0319,3.2372,1.176,0.2347,0.1253,3.2372,1.176,29.0319,0.2347,0.1253,39.2264,5.0
2021-04-01,11:00,HBWNBSC02,24580.0,24580_PTCL Exchange (Gold) Bahawalnagar (3G-CII-3643),60.0,4580_PTCL Exchange (Gold) Bahawalnagar (3G-CII-3643),SAHIWAL_CLUSTER_06_Urban,100%,0.0,453.0,0.0,929.0,0.0,1129.0,1075.0,1084.0,0.0,481.0,6.9083,0.0,37645.0,37793.0,37455.0,37793.0,0.0,2.0,1129.0,1117.0,6.9083,100.0,762.0,771.0,0.0,1117.0,451.0,453.0,0.5622,3.0182,19.8732,2.6739,0.5710000000000001,0.096,0.0347,2.6739,0.5710000000000001,19.8732,0.096,0.0347,6.9083,0.0
2021-04-01,11:00,HBWNBSC02,14580.0,14580_PTCL Exchange (Gold) Bahawalnagar (3G-CII-3643),59.0,4580_PTCL Exchange (Gold) Bahawalnagar (3G-CII-3643),SAHIWAL_CLUSTER_06_Urban,100%,0.0,825.0,2.0,1501.0,0.0,2691.0,1418.0,1429.0,0.0,676.0,22.5264,2.0,132774.0,133426.0,131827.0,133426.0,1.0,2.0,2691.0,2666.0,22.5264,100.0,1250.0,1270.0,1.0,2666.0,824.0,825.0,0.3097,1.6041,30.3737,2.6523,0.4345,0.0666,0.0373,2.6523,0.4345,30.3737,0.0666,0.0373,22.5264,2.0
2021-04-01,11:00,HBWNBSC02,35222.0,35222_New Housing Society Bahawalnagar (3G-CII-3649),52.0,5222_New Housing Society Bahawalnagar (3G-CII-3649),SAHIWAL_CLUSTER_06_Urban,100%,0.0,269.0,2.0,899.0,0.0,667.0,1256.0,1258.0,1.0,632.0,9.6,2.0,58377.0,59770.0,59474.0,59770.0,0.0,1.0,667.0,664.0,9.6,100.0,398.0,398.0,0.0,664.0,268.0,269.0,3.2759,7.7095,5.7584,0.3949,0.2956,0.1752,0.0432,0.3949,0.2956,5.7584,0.1752,0.0432,9.6,2.0
2021-04-01,11:00,HBWNBSC02,25222.0,25222_New Housing Society Bahawalnagar (3G-CII-3649),51.0,5222_New Housing Society Bahawalnagar (3G-CII-3649),SAHIWAL_CLUSTER_06_Urban,100%,0.0,181.0,0.0,533.0,0.0,489.0,692.0,704.0,0.0,355.0,6.6569,0.0,42825.0,42979.0,42750.0,42979.0,0.0,1.0,489.0,488.0,6.6569,100.0,292.0,292.0,0.0,488.0,180.0,181.0,0.33299999999999996,1.1539,11.3907,0.516,0.0989,0.0348,0.0054,0.516,0.0989,11.3907,0.0348,0.0054,6.6569,0.0
2021-04-01,11:00,HBWNBSC02,15222.0,15222_New Housing Society Bahawalnagar (3G-CII-3649),44.0,5222_New Housing Society Bahawalnagar (3G-CII-3649),SAHIWAL_CLUSTER_06_Urban,100%,0.0,661.0,2.0,1374.0,0.0,1784.0,1554.0,1577.0,0.0,719.0,17.0958,2.0,103340.0,104187.0,103912.0,104187.0,0.0,2.0,1784.0,1770.0,17.0958,100.0,1079.0,1090.0,0.0,1770.0,659.0,661.0,0.36700000000000005,2.6184,33.1648,3.9599,0.8583,0.1203,0.0196,3.9599,0.8583,33.1648,0.1203,0.0196,17.0958,2.0
2021-04-01,11:00,HBWNBSC02,35224.0,35224_Tiba Noor Pura (Gold) Bahawalnagar (3G-CII-3650),40.0,5224_Tiba Noor Pura (Gold) Bahawalnagar (3G-CII-3650),SAHIWAL_CLUSTER_06_Urban,100%,0.0,377.0,1.0,667.0,0.0,1093.0,582.0,595.0,0.0,290.0,8.1361,1.0,47914.0,48193.0,48064.0,48193.0,0.0,0.0,1093.0,1092.0,8.1361,100.0,624.0,624.0,0.0,1092.0,377.0,377.0,0.2077,0.527,11.6239,0.2365,0.0381,0.0194,0.0054,0.2365,0.0381,11.6239,0.0194,0.0054,8.1361,1.0
2021-04-01,11:00,HBWNBSC02,15224.0,15224_Tiba Noor Pura (Gold) Bahawalnagar (3G-CII-3650),37.0,5224_Tiba Noor Pura (Gold) Bahawalnagar (3G-CII-3650),SAHIWAL_CLUSTER_06_Urban,100%,0.0,472.0,0.0,848.0,0.0,1244.0,809.0,822.0,0.0,378.0,13.7056,0.0,86740.0,87194.0,86744.0,87194.0,0.0,0.0,1244.0,1236.0,13.7056,100.0,734.0,739.0,0.0,1236.0,472.0,472.0,0.5772,2.2706,18.5133,1.7536,0.3512,0.1037,0.016,1.7536,0.3512,18.5133,0.1037,0.016,13.7056,0.0
2021-04-01,11:00,HBWNBSC02,24581.0,24581_Fort Abbas Road Bahawalnagar (3G-CII-3644),30.0,4581_Fort Abbas Road Bahawalnagar (3G-CII-3644),SAHIWAL_CLUSTER_06_Urban,100%,0.0,1611.0,1.0,2742.0,0.0,4603.0,2558.0,2592.0,2.0,1146.0,34.0097,1.0,189809.0,191102.0,186803.0,191102.0,4.0,10.0,4603.0,4543.0,34.0097,100.0,2606.0,2645.0,4.0,4543.0,1605.0,1611.0,9.9781,16.121,6.7422,0.3082,0.5163,0.3871,0.4516,0.3082,0.5163,6.7422,0.3871,0.4516,34.0097,1.0
2021-04-01,11:00,HBWNBSC02,35220.0,35220_Bangla Road Bahawalnagar (3G-CII-3648),26.0,5220_Bangla Road Bahawalnagar (3G-CII-3648),SAHIWAL_CLUSTER_06_Urban,100%,0.0,407.0,1.0,930.0,0.0,1111.0,1099.0,1110.0,0.0,525.0,11.3292,1.0,68825.0,69227.0,68723.0,69227.0,0.0,0.0,1111.0,1104.0,11.3292,100.0,747.0,752.0,0.0,1104.0,407.0,407.0,1.516,4.5929,14.6482,1.7203,0.5279,0.1737,0.0864,1.7203,0.5279,14.6482,0.1737,0.0864,11.3292,1.0
2021-04-01,11:00,HBWNBSC02,15220.0,15220_Bangla Road Bahawalnagar (3G-CII-3648),21.0,5220_Bangla Road Bahawalnagar (3G-CII-3648),SAHIWAL_CLUSTER_06_Urban,100%,0.0,315.0,0.0,831.0,0.0,757.0,1026.0,1040.0,0.0,518.0,8.2764,0.0,51251.0,51425.0,51172.0,51425.0,1.0,2.0,757.0,751.0,8.2764,100.0,653.0,659.0,1.0,751.0,314.0,315.0,0.1568,0.6099,28.1521,2.3395,0.139,0.016,0.0321,2.3395,0.139,28.1521,0.016,0.0321,8.2764,0.0
2021-04-01,11:00,HBWNBSC02,14584.0,14584_Baldiha Road Canal Bahawalnagar (3G-CII-4481),8.0,4584_Baldiha Road Canal Bahawalnagar (3G-CII-4481),SAHIWAL_CLUSTER_06_Urban,100%,0.0,213.0,1.0,376.0,0.0,425.0,347.0,354.0,0.0,166.0,6.0722,1.0,37394.0,37704.0,37629.0,37704.0,0.0,2.0,425.0,419.0,6.0722,67.1008,312.0,318.0,0.0,419.0,211.0,213.0,0.5309,1.5929,8.9521,0.9305,0.1067,0.0373,0.016,0.9305,0.1067,8.9521,0.0373,0.016,6.0722,1.0
2021-04-01,11:00,HBWNBSC02,34583.0,34583_Muslim Colony Bahawalnagar (3G-CII-3646),7.0,4583_Muslim Colony Bahawalnagar (3G-CII-3646),SAHIWAL_CLUSTER_06_Urban,100%,0.0,242.0,0.0,649.0,0.0,767.0,779.0,792.0,0.0,409.0,9.775,0.0,62344.0,63098.0,62326.0,63098.0,0.0,1.0,767.0,765.0,9.775,100.0,366.0,366.0,0.0,765.0,241.0,242.0,0.5347,2.852,2.5116,1.0858,0.0858,0.0099,0.0099,1.0858,0.0858,2.5116,0.0099,0.0099,9.775,0.0
2021-04-01,11:00,HBWNBSC01,14579.0,14579_Bhatta Colony Bahawalnagar (3G-CII-3791),96.0,4579_Bhatta Colony Bahawalnagar (3G-CII-3791),SAHIWAL_CLUSTER_06_Urban,100%,0.0,63.0,0.0,158.0,0.0,215.0,184.0,184.0,0.0,95.0,2.4792,0.0,16636.0,16656.0,16637.0,16656.0,0.0,0.0,215.0,214.0,2.4792,100.0,127.0,128.0,0.0,214.0,63.0,63.0,0.3153,1.2743,19.232,0.8079999999999999,0.1947,0.0347,0.0293,0.8079999999999999,0.1947,19.232,0.0347,0.0293,2.4792,0.0
2021-04-01,11:00,HBWNBSC01,24578.0,24578_Canal House Bahawalnagar (3G-CII-3790),79.0,4578_Canal House Bahawalnagar (3G-CII-3790),SAHIWAL_CLUSTER_06_Urban,100%,0.0,121.0,0.0,235.0,0.0,497.0,258.0,259.0,0.0,115.0,4.2833,0.0,27595.0,27714.0,27496.0,27714.0,0.0,1.0,497.0,496.0,4.2833,100.0,283.0,283.0,0.0,496.0,120.0,121.0,1.5733,7.9155,11.2048,3.7394,1.0293,0.2021,0.0532,3.7394,1.0293,11.2048,0.2021,0.0532,4.2833,0.0
2021-04-01,11:00,HBWNBSC01,24575.0,24575_Bahwalnagar Road Chishtian Bahawalnagar (3G-CII-4266),57.0,4575_Bahwalnagar Road Chishtian Bahawalnagar (3G-CII-4266),SAHIWAL_CLUSTER_06_Urban,100%,0.0,108.0,0.0,305.0,0.0,745.0,404.0,404.0,0.0,197.0,3.9528,0.0,26368.0,26547.0,26501.0,26547.0,0.0,0.0,745.0,739.0,3.9528,100.0,237.0,241.0,0.0,739.0,108.0,108.0,0.1084,1.0367,15.9216,1.1211,0.1599,0.0107,0.008,1.1211,0.1599,15.9216,0.0107,0.008,3.9528,0.0
2021-04-01,11:00,HBWNBSC01,14575.0,14575_Bahwalnagar Road Chishtian Bahawalnagar (3G-CII-4266),56.0,4575_Bahwalnagar Road Chishtian Bahawalnagar (3G-CII-4266),SAHIWAL_CLUSTER_06_Urban,100%,0.0,108.0,1.0,260.0,0.0,504.0,329.0,330.0,0.0,152.0,2.2306,1.0,13237.0,13341.0,13308.0,13341.0,0.0,0.0,504.0,503.0,2.2306,100.0,297.0,298.0,0.0,503.0,108.0,108.0,0.6546,1.8125,8.958,1.4409999999999998,0.1226,0.0453,0.024,1.4409999999999998,0.1226,8.958,0.0453,0.024,2.2306,1.0
2021-04-01,11:00,HBWNBSC01,14577.0,14577_Gulberg Town Bahawalnagar (3G-CII-3789),32.0,4577_Gulberg Town Bahawalnagar (3G-CII-3789),SAHIWAL_CLUSTER_06_Urban,100%,0.0,209.0,0.0,459.0,0.0,1081.0,542.0,543.0,0.0,251.0,8.4292,0.0,54892.0,55031.0,54828.0,55031.0,0.0,1.0,1081.0,1081.0,8.4292,100.0,421.0,423.0,0.0,1081.0,208.0,209.0,0.1843,0.7594,10.9698,0.6456,0.0673,0.0136,0.008,0.6456,0.0673,10.9698,0.0136,0.008,8.4292,0.0
2021-04-01,11:00,HBWNBSC01,34576.0,34576_Township Chishtian Bahawalnagar (3G-CII-3788),13.0,4576_Township Chishtian Bahawalnagar (3G-CII-3788),SAHIWAL_CLUSTER_06_Urban,100%,0.0,149.0,2.0,284.0,0.0,805.0,288.0,288.0,0.0,135.0,6.1222,2.0,39644.0,39795.0,39607.0,39795.0,0.0,0.0,805.0,800.0,6.1222,100.0,273.0,273.0,0.0,800.0,149.0,149.0,0.1142,0.8164,13.5542,0.4585,0.0992,0.008,0.0081,0.4585,0.0992,13.5542,0.008,0.0081,6.1222,2.0
