Date,Time,GBSC,Cell CI,Cell Name,CellIndex,Site Name,Location,Integrity,_CallSetup TCH GOS(%)_N,_CallSetup TCH GOS(%)_D,_DCR_N,_DCR_D,_GOS-SDCCH(%)_N,_GOS-SDCCH(%)_D,_HSR%_N,_HSR%_D,_Mobility TCH GOS(%)_N,_Mobility TCH GOS(%)_D,_MTBD (Mean Time between Drop)_N,_MTBD (Mean Time between Drop)_D,_RxQual Index DL_1,_RxQual Index DL_2,_RxQual Index UL_1,_RxQual Index UL_2,CSSR_Non Blocking_1_N,CSSR_Non Blocking_2_N,CSSR_Non Blocking_1_D,CSSR_Non Blocking_2_D,GlobelTraffic,TCH Availability Rate,_cssr_Call Setup Indications (Circuit Service)_N_1,_Cssr_Channel Requests (Circuit Service)_D_1,_CSSR_Call Drops on SDCCH_N_2,_CSSR_Successful SDCCH Seizures_D_2,_CSSR_Successful TCH Seizures (Traffic Channel)_N_3,_CSSR_TCH Seizure Requests (Traffic Channel)_D_3,Interference Band Proportion (4~5)(%),Interference Band 345,Mean Number of TCH in Interference Band 1,Mean Number of TCH in Interference Band 2,Mean Number of TCH in Interference Band 3,Mean Number of TCH in Interference Band 4,Mean Number of TCH in Interference Band 5,Mean Number of TCH in Interference Band 1.1,Mean Number of TCH in Interference Band 2.1,Mean Number of TCH in Interference Band 3.1,Mean Number of TCH in Interference Band 4.1,Mean Number of TCH in Interference Band 5.1,K3014:Traffic Volume on TCH(Erl),CM33:Call Drops on Traffic Channel
2021-04-01,19:00,HLHRBSC13,37241.0,37241_Talat Town Lahore-Z2 (3G-CI-1661),51.0,7241_Talat Town Lahore-Z2 (3G-CI-1661),LAHORE_CLUSTER_11_Rural,100%,0.0,47.0,0.0,109.0,0.0,472.0,113.0,118.0,0.0,62.0,1.4375,0.0,8740.0,8740.0,8740.0,8740.0,2.0,2.0,472.0,461.0,1.4375,100.0,125.0,125.0,2.0,461.0,47.0,47.0,0.0,0.1815,10.1789,0.0772,0.0187,0.0,0.0,10.1789,0.0772,0.0187,0.0,0.0,1.4375,0.0
2021-04-01,19:00,HLHRBSC13,17241.0,17241_Talat Town Lahore-Z2 (3G-CI-1661),50.0,7241_Talat Town Lahore-Z2 (3G-CI-1661),LAHORE_CLUSTER_11_Rural,100%,0.0,88.0,0.0,183.0,0.0,477.0,200.0,207.0,0.0,97.0,2.0847,0.0,11344.0,11414.0,11414.0,11414.0,1.0,2.0,477.0,465.0,2.0847,100.0,170.0,176.0,1.0,465.0,87.0,88.0,0.8129,2.1301,8.0987,1.2133,0.1253,0.04,0.0373,8.0987,1.2133,0.1253,0.04,0.0373,2.0847,0.0
2021-04-01,19:00,HLHRBSC13,31371.0,CI-1371-3_Shaheen Abad Lahore-Z2 (3G-CI-1795),36.0,CI-1371_Shaheen Abad Lahore-Z2 (3G-CI-1795),LAHORE_CLUSTER_11_Rural,100%,0.0,77.0,0.0,142.0,0.0,254.0,130.0,133.0,0.0,65.0,1.8931,0.0,10404.0,10438.0,10426.0,10438.0,0.0,0.0,254.0,249.0,1.8931,100.0,118.0,122.0,0.0,249.0,77.0,77.0,1.5188,3.3185,4.4933,0.0907,0.0853,0.0347,0.0373,4.4933,0.0907,0.0853,0.0347,0.0373,1.8931,0.0
2021-04-01,19:00,HLHRBSC13,13199.0,13199_New Truck Adda Lahore-Z2 (3G-CI-1579),334.0,3199_New Truck Adda Lahore-Z2 (3G-CI-1579),LAHORE_CLUSTER_11_Rural,100%,0.0,113.0,0.0,229.0,0.0,354.0,231.0,233.0,0.0,116.0,2.9639,0.0,17288.0,17302.0,17284.0,17302.0,0.0,0.0,354.0,347.0,2.9639,100.0,198.0,198.0,0.0,347.0,113.0,113.0,0.7603,1.943,1.1417,8.1684,0.1123,0.0348,0.0374,1.1417,8.1684,0.1123,0.0348,0.0374,2.9639,0.0
2021-04-01,19:00,HLHRBSC13,37981.0,37981_Rafiaabad Lahore-Z2 (3G-CI-1769),323.0,7981_Rafiaabad Lahore-Z2 (3G-CI-1769),LAHORE_CLUSTER_11_Rural,100%,0.0,102.0,0.0,229.0,0.0,1270.0,265.0,275.0,0.0,128.0,2.8333,0.0,15788.0,16036.0,15980.0,16036.0,1.0,1.0,1270.0,1211.0,2.8333,100.0,221.0,225.0,1.0,1211.0,102.0,102.0,0.0411,0.2258,12.6826,0.2799,0.024,0.0053,0.0,12.6826,0.2799,0.024,0.0053,0.0,2.8333,0.0
2021-04-01,19:00,HLHRBSC13,33130.0,33130_Block E Sabzazar Colony Lahore-Z2 (3G-CI-4235),292.0,3130_Block E Sabzazar Colony Lahore-Z2 (3G-CI-4235),LAHORE_CLUSTER_11_Rural,100%,0.0,147.0,0.0,350.0,0.0,2072.0,427.0,440.0,0.0,204.0,5.6944,0.0,33284.0,33768.0,33706.0,33768.0,0.0,1.0,2072.0,2046.0,5.6944,100.0,657.0,666.0,0.0,2046.0,146.0,147.0,0.0,0.0876,12.0615,0.1444,0.0107,0.0,0.0,12.0615,0.1444,0.0107,0.0,0.0,5.6944,0.0
2021-04-01,19:00,HLHRBSC13,37177.0,37177_K Block Sabzazar (Gold) Lahore-Z2 (3G-CI-4379),144.0,7177_K Block Sabzazar (Gold) Lahore-Z2 (3G-CI-4379),LAHORE_CLUSTER_11_Rural,100%,0.0,118.0,0.0,244.0,0.0,902.0,234.0,242.0,0.0,129.0,5.6597,0.0,34582.0,35798.0,35682.0,35798.0,3.0,4.0,902.0,876.0,5.6597,100.0,206.0,207.0,3.0,876.0,117.0,118.0,0.1426,0.767,14.4231,0.4328,0.0935,0.0214,0.0,14.4231,0.4328,0.0935,0.0214,0.0,5.6597,0.0
2021-04-01,19:00,HLHRBSC13,37183.0,37183_Sherkot Lahore-Z2 (3G-CI-1655),14.0,7183_Sherkot Lahore-Z2 (3G-CI-1655),LAHORE_CLUSTER_11_Rural,100%,0.0,100.0,1.0,262.0,0.0,416.0,314.0,322.0,0.0,164.0,2.7208,1.0,15252.0,15306.0,15304.0,15306.0,2.0,3.0,416.0,400.0,2.7208,100.0,234.0,239.0,2.0,400.0,99.0,100.0,0.1333,0.9328,0.9584,8.9291,0.0798,0.0133,0.0,0.9584,8.9291,0.0798,0.0133,0.0,2.7208,1.0
2021-04-01,19:00,HLHRBSC13,17183.0,17183_Sherkot Lahore-Z2 (3G-CI-1655),10.0,7183_Sherkot Lahore-Z2 (3G-CI-1655),LAHORE_CLUSTER_11_Rural,100%,0.0,92.0,0.0,309.0,0.0,274.0,448.0,454.0,0.0,223.0,2.6097,0.0,13968.0,13970.0,13970.0,13970.0,1.0,3.0,274.0,268.0,2.6097,100.0,204.0,207.0,1.0,268.0,90.0,92.0,0.9273,6.4013,4.7404,11.9751,0.9776,0.1148,0.0508,4.7404,11.9751,0.9776,0.1148,0.0508,2.6097,0.0
2021-04-01,19:00,HLHRBSC13,11371.0,CI-1371-1_Shaheen Abad Lahore-Z2 (3G-CI-1795),1.0,CI-1371_Shaheen Abad Lahore-Z2 (3G-CI-1795),LAHORE_CLUSTER_11_Rural,100%,0.0,56.0,0.0,117.0,0.0,362.0,117.0,118.0,0.0,64.0,1.9,0.0,11384.0,11400.0,11204.0,11400.0,1.0,3.0,362.0,350.0,1.9,100.0,209.0,221.0,1.0,350.0,54.0,56.0,0.4203,2.4937,0.0,10.5475,0.2243,0.0348,0.0107,0.0,10.5475,0.2243,0.0348,0.0107,1.9,0.0
