Date,Time,GBSC,Cell CI,Cell Name,CellIndex,Site Name,Location,Integrity,_CallSetup TCH GOS(%)_N,_CallSetup TCH GOS(%)_D,_DCR_N,_DCR_D,_GOS-SDCCH(%)_N,_GOS-SDCCH(%)_D,_HSR%_N,_HSR%_D,_Mobility TCH GOS(%)_N,_Mobility TCH GOS(%)_D,_MTBD (Mean Time between Drop)_N,_MTBD (Mean Time between Drop)_D,_RxQual Index DL_1,_RxQual Index DL_2,_RxQual Index UL_1,_RxQual Index UL_2,CSSR_Non Blocking_1_N,CSSR_Non Blocking_2_N,CSSR_Non Blocking_1_D,CSSR_Non Blocking_2_D,GlobelTraffic,TCH Availability Rate,_cssr_Call Setup Indications (Circuit Service)_N_1,_Cssr_Channel Requests (Circuit Service)_D_1,_CSSR_Call Drops on SDCCH_N_2,_CSSR_Successful SDCCH Seizures_D_2,_CSSR_Successful TCH Seizures (Traffic Channel)_N_3,_CSSR_TCH Seizure Requests (Traffic Channel)_D_3,Interference Band Proportion (4~5)(%),Interference Band 345,Mean Number of TCH in Interference Band 1,Mean Number of TCH in Interference Band 2,Mean Number of TCH in Interference Band 3,Mean Number of TCH in Interference Band 4,Mean Number of TCH in Interference Band 5,Mean Number of TCH in Interference Band 1.1,Mean Number of TCH in Interference Band 2.1,Mean Number of TCH in Interference Band 3.1,Mean Number of TCH in Interference Band 4.1,Mean Number of TCH in Interference Band 5.1,K3014:Traffic Volume on TCH(Erl),CM33:Call Drops on Traffic Channel
2021-04-01,12:00,HSKTBSC02,23410.0,23410_Polo Ground Cantt Sialkot (3G-CI-1036),99.0,3410_Polo Ground Cantt Sialkot (3G-CI-1036),SIALKOT_CLUSTER_02_Urban,100%,0.0,154.0,1.0,454.0,0.0,1050.0,553.0,621.0,0.0,334.0,4.7528,1.0,24488.0,24724.0,24678.0,24724.0,0.0,2.0,1050.0,1025.0,4.7528,100.0,282.0,284.0,0.0,1025.0,152.0,154.0,0.9012,3.6316,9.3043,0.7281,0.2842,0.0589,0.035,9.3043,0.7281,0.2842,0.0589,0.035,4.7528,1.0
2021-04-01,12:00,HSKTBSC02,13410.0,13410_Polo Ground Cantt Sialkot (3G-CI-1036),98.0,3410_Polo Ground Cantt Sialkot (3G-CI-1036),SIALKOT_CLUSTER_02_Urban,100%,0.0,374.0,1.0,462.0,0.0,3503.0,276.0,295.0,0.0,98.0,8.9931,1.0,49454.0,50666.0,50172.0,50666.0,0.0,9.0,3503.0,3455.0,8.9931,100.0,942.0,947.0,0.0,3455.0,365.0,374.0,0.0438,0.1317,12.0983,0.1608,0.0108,0.0054,0.0,12.0983,0.1608,0.0108,0.0054,0.0,8.9931,1.0
2021-04-01,12:00,HSKTBSC02,33407.0,33407_Gulistan Cinema (Gold) Sialkot (3G-CI-4153),94.0,3407_Gulistan Cinema (Gold) Sialkot (3G-CI-4153),SIALKOT_CLUSTER_02_Urban,100%,1.0,220.0,0.0,495.0,0.0,1640.0,552.0,563.0,0.0,280.0,8.2653,0.0,49338.0,49364.0,49270.0,49364.0,0.0,1.0,1640.0,1635.0,8.2653,100.0,1003.0,1004.0,0.0,1635.0,218.0,220.0,0.4679,3.1430000000000002,7.8608,0.941,0.2431,0.0398,0.0028,7.8608,0.941,0.2431,0.0398,0.0028,8.2653,0.0
2021-04-01,12:00,HSKTBSC02,23407.0,23407_Gulistan Cinema (Gold) Sialkot (3G-CI-4153),93.0,3407_Gulistan Cinema (Gold) Sialkot (3G-CI-4153),SIALKOT_CLUSTER_02_Urban,100%,0.0,1396.0,2.0,1822.0,0.0,9439.0,1572.0,1641.0,0.0,448.0,18.1847,2.0,84742.0,85562.0,84326.0,85562.0,0.0,14.0,9439.0,9229.0,18.1847,100.0,2844.0,2895.0,0.0,9229.0,1382.0,1396.0,0.0706,0.5362,3.4661,0.322,0.0177,0.0027,0.0,3.4661,0.322,0.0177,0.0027,0.0,18.1847,2.0
2021-04-01,12:00,HSKTBSC02,13407.0,13407_Gulistan Cinema (Gold) Sialkot (3G-CI-4153),92.0,3407_Gulistan Cinema (Gold) Sialkot (3G-CI-4153),SIALKOT_CLUSTER_02_Urban,100%,0.0,167.0,2.0,804.0,0.0,2365.0,1103.0,1137.0,0.0,638.0,8.0792,2.0,43334.0,43456.0,43284.0,43456.0,12.0,13.0,2365.0,2309.0,8.0792,100.0,242.0,248.0,12.0,2309.0,166.0,167.0,0.2673,2.0098,5.819,3.0479,0.1577,0.0134,0.0108,5.819,3.0479,0.1577,0.0134,0.0108,8.0792,2.0
2021-04-01,12:00,HSKTBSC02,33405.0,33405_PTCL Exchange DTE Sialkot (3G-CI-4275),88.0,3405_PTCL Exchange DTE Sialkot (3G-CI-4275),SIALKOT_CLUSTER_02_Urban,100%,0.0,491.0,1.0,1764.0,0.0,3823.0,2225.0,2385.0,0.0,1281.0,17.1806,1.0,91476.0,93502.0,92354.0,93502.0,0.0,4.0,3823.0,3688.0,17.1806,100.0,876.0,893.0,0.0,3688.0,487.0,491.0,0.1376,1.3655,12.6503,1.4995,0.1762,0.0197,0.0,12.6503,1.4995,0.1762,0.0197,0.0,17.1806,1.0
2021-04-01,12:00,HSKTBSC02,23405.0,23405_PTCL Exchange DTE Sialkot (3G-CI-4275),87.0,3405_PTCL Exchange DTE Sialkot (3G-CI-4275),SIALKOT_CLUSTER_02_Urban,100%,0.0,138.0,0.0,318.0,0.0,1128.0,348.0,364.0,0.0,183.0,2.9806,0.0,15102.0,15322.0,15214.0,15322.0,0.0,2.0,1128.0,1086.0,2.9806,100.0,262.0,268.0,0.0,1086.0,136.0,138.0,0.0928,0.9589,7.9411,0.5772,0.0745,0.008,0.0,7.9411,0.5772,0.0745,0.008,0.0,2.9806,0.0
2021-04-01,12:00,HSKTBSC02,33404.0,33404_Cantt Sialkot (3G-CI-1034),85.0,3404_Cantt Sialkot (3G-CI-1034),SIALKOT_CLUSTER_02_Urban,100%,0.0,68.0,0.0,460.0,0.0,691.0,674.0,684.0,0.0,394.0,4.7917,0.0,27248.0,27340.0,27294.0,27340.0,0.0,1.0,691.0,690.0,4.7917,100.0,103.0,103.0,0.0,690.0,67.0,68.0,0.0832,0.5639,12.3105,0.5065,0.062,0.0054,0.0053,12.3105,0.5065,0.062,0.0054,0.0053,4.7917,0.0
2021-04-01,12:00,HSKTBSC02,23404.0,23404_Cantt Sialkot (3G-CI-1034),84.0,3404_Cantt Sialkot (3G-CI-1034),SIALKOT_CLUSTER_02_Urban,100%,0.0,107.0,3.0,607.0,2.0,1747.0,810.0,863.0,0.0,511.0,7.0528,3.0,40354.0,40988.0,40770.0,40988.0,7.0,8.0,1745.0,1717.0,7.0528,100.0,152.0,155.0,7.0,1717.0,106.0,107.0,0.4148,1.8906,10.7587,0.6337,0.1714,0.0401,0.008,10.7587,0.6337,0.1714,0.0401,0.008,7.0528,3.0
2021-04-01,12:00,HSKTBSC02,13404.0,13404_Cantt Sialkot (3G-CI-1034),83.0,3404_Cantt Sialkot (3G-CI-1034),SIALKOT_CLUSTER_02_Urban,100%,0.0,483.0,3.0,1095.0,0.0,1711.0,1272.0,1297.0,0.0,618.0,12.2569,3.0,68540.0,68876.0,68656.0,68876.0,1.0,5.0,1711.0,1697.0,12.2569,100.0,780.0,786.0,1.0,1697.0,479.0,483.0,0.2927,2.2528,12.7271,1.1742,0.2788,0.0336,0.008,12.7271,1.1742,0.2788,0.0336,0.008,12.2569,3.0
2021-04-01,12:00,HSKTBSC02,33412.0,33412_Prem Nagar (Gold) Sialkot (3G-CI-4156),73.0,3412_Prem Nagar (Gold) Sialkot (3G-CI-4156),SIALKOT_CLUSTER_02_Urban,100%,0.0,72.0,0.0,176.0,0.0,244.0,198.0,211.0,0.0,105.0,2.3014,0.0,12518.0,13340.0,13330.0,13340.0,0.0,0.0,244.0,240.0,2.3014,100.0,109.0,112.0,0.0,240.0,72.0,72.0,0.1006,1.1592,10.7834,0.6811,0.1228,0.0117,0.0,10.7834,0.6811,0.1228,0.0117,0.0,2.3014,0.0
2021-04-01,12:00,HSKTBSC02,23412.0,23412_Prem Nagar (Gold) Sialkot (3G-CI-4156),72.0,3412_Prem Nagar (Gold) Sialkot (3G-CI-4156),SIALKOT_CLUSTER_02_Urban,100%,0.0,85.0,0.0,249.0,0.0,516.0,306.0,325.0,0.0,165.0,4.1181,0.0,23388.0,23886.0,23542.0,23886.0,2.0,3.0,516.0,482.0,4.1181,100.0,140.0,145.0,2.0,482.0,84.0,85.0,1.696,14.3047,4.7734,9.9025,2.1593,0.2053,0.0851,4.7734,9.9025,2.1593,0.2053,0.0851,4.1181,0.0
2021-04-01,12:00,HSKTBSC02,13412.0,13412_Prem Nagar (Gold) Sialkot (3G-CI-4156),71.0,3412_Prem Nagar (Gold) Sialkot (3G-CI-4156),SIALKOT_CLUSTER_02_Urban,100%,0.0,0.0,0.0,0.0,2.0,7229.0,0.0,0.0,0.0,0.0,0.0,0.0,0.0,0.0,0.0,0.0,1.0,1.0,7227.0,6684.0,0.0,100.0,546.0,674.0,1.0,6684.0,0.0,0.0,0.2667,2.5335,1.264,2.6347,0.0907,0.0107,0.0,1.264,2.6347,0.0907,0.0107,0.0,0.0,0.0
2021-04-01,12:00,HSKTBSC02,33409.0,33409_Puran Nagar Sialkot (3G-CI-4155),70.0,3409_Puran Nagar Sialkot (3G-CI-4155),SIALKOT_CLUSTER_02_Urban,100%,0.0,42.0,3.0,192.0,0.0,387.0,279.0,295.0,0.0,150.0,2.5042,3.0,13784.0,14506.0,14362.0,14506.0,0.0,0.0,387.0,369.0,2.5042,100.0,53.0,54.0,0.0,369.0,42.0,42.0,0.5755,3.1567,11.4504,2.4669,0.371,0.0507,0.032,11.4504,2.4669,0.371,0.0507,0.032,2.5042,3.0
2021-04-01,12:00,HSKTBSC02,33422.0,33422_Model Town (Gold) Sialkot (3G-CI-4159),7.0,3422_Model Town (Gold) Sialkot (3G-CI-4159),SIALKOT_CLUSTER_02_Urban,100%,0.0,263.0,1.0,460.0,0.0,936.0,453.0,456.0,0.0,200.0,6.9319,1.0,38048.0,38430.0,38134.0,38430.0,1.0,4.0,936.0,908.0,6.9319,100.0,436.0,445.0,1.0,908.0,260.0,263.0,0.5717,4.8819,3.3082,2.7841,0.2761,0.0332,0.0034,3.3082,2.7841,0.2761,0.0332,0.0034,6.9319,1.0
2021-04-01,12:00,HSKTBSC02,23409.0,23409_Puran Nagar Sialkot (3G-CI-4155),69.0,3409_Puran Nagar Sialkot (3G-CI-4155),SIALKOT_CLUSTER_02_Urban,100%,0.0,28.0,0.0,153.0,0.0,203.0,214.0,225.0,0.0,127.0,1.9361,0.0,11880.0,11974.0,11958.0,11974.0,0.0,0.0,203.0,197.0,1.9361,100.0,43.0,43.0,0.0,197.0,28.0,28.0,0.5242,3.0638,7.9036,1.44,0.2448,0.0319,0.0186,7.9036,1.44,0.2448,0.0319,0.0186,1.9361,0.0
2021-04-01,12:00,HSKTBSC02,13409.0,13409_Puran Nagar Sialkot (3G-CI-4155),68.0,3409_Puran Nagar Sialkot (3G-CI-4155),SIALKOT_CLUSTER_02_Urban,100%,0.0,14.0,0.0,23.0,0.0,54.0,24.0,24.0,0.0,9.0,0.275,0.0,1590.0,1616.0,1612.0,1616.0,0.0,0.0,54.0,52.0,0.275,100.0,46.0,48.0,0.0,52.0,14.0,14.0,0.1221,0.6652,18.4931,0.9926,0.1065,0.0107,0.0133,18.4931,0.9926,0.1065,0.0107,0.0133,0.275,0.0
2021-04-01,12:00,HSKTBSC02,23422.0,23422_Model Town (Gold) Sialkot (3G-CI-4159),6.0,3422_Model Town (Gold) Sialkot (3G-CI-4159),SIALKOT_CLUSTER_02_Urban,100%,0.0,253.0,1.0,575.0,0.0,1025.0,656.0,673.0,0.0,326.0,9.5819,1.0,55042.0,55428.0,55132.0,55428.0,2.0,5.0,1025.0,997.0,9.5819,100.0,425.0,434.0,2.0,997.0,250.0,253.0,0.266,1.7518,6.1206,1.1926,0.1106,0.011000000000000001,0.0089,6.1206,1.1926,0.1106,0.011000000000000001,0.0089,9.5819,1.0
2021-04-01,12:00,HSKTBSC02,13422.0,13422_Model Town (Gold) Sialkot (3G-CI-4159),5.0,3422_Model Town (Gold) Sialkot (3G-CI-4159),SIALKOT_CLUSTER_02_Urban,100%,0.0,72.0,1.0,377.0,0.0,657.0,560.0,572.0,0.0,304.0,8.4486,1.0,54984.0,55152.0,55124.0,55152.0,0.0,0.0,657.0,647.0,8.4486,100.0,122.0,132.0,0.0,647.0,72.0,72.0,1.3888,3.3681,10.44,1.6879,0.2484,0.1262,0.0481,10.44,1.6879,0.2484,0.1262,0.0481,8.4486,1.0
2021-04-01,12:00,HSKTBSC02,37751.0,37751_Godhpur Sialkot (3G-CI-4461),43.0,7751_Godhpur Sialkot (3G-CI-4461),SIALKOT_CLUSTER_02_Urban,100%,0.0,55.0,0.0,138.0,0.0,798.0,153.0,159.0,0.0,84.0,2.9278,0.0,18242.0,18490.0,18476.0,18490.0,0.0,0.0,798.0,788.0,2.9278,100.0,95.0,96.0,0.0,788.0,55.0,55.0,0.1147,0.4405,4.3278,0.2988,0.0151,0.0053,0.0,4.3278,0.2988,0.0151,0.0053,0.0,2.9278,0.0
2021-04-01,12:00,HSKTBSC02,27751.0,27751_Godhpur Sialkot (3G-CI-4461),42.0,7751_Godhpur Sialkot (3G-CI-4461),SIALKOT_CLUSTER_02_Urban,100%,0.0,56.0,1.0,118.0,0.0,317.0,109.0,129.0,0.0,64.0,1.0403,1.0,5522.0,5730.0,5656.0,5730.0,0.0,0.0,317.0,306.0,1.0403,100.0,88.0,92.0,0.0,306.0,56.0,56.0,0.0489,0.6342,5.2774,0.2096,0.0323,0.0027,0.0,5.2774,0.2096,0.0323,0.0027,0.0,1.0403,1.0
2021-04-01,12:00,HSKTBSC02,33435.0,33435_Daska Road Model Town Sialkot (3G-CI-4280),40.0,3435_Daska Road Model Town Sialkot (3G-CI-4280),SIALKOT_CLUSTER_02_Urban,100%,0.0,273.0,2.0,473.0,0.0,890.0,433.0,442.0,0.0,201.0,6.0708,2.0,33168.0,33474.0,33420.0,33474.0,1.0,2.0,890.0,854.0,6.0708,100.0,457.0,470.0,1.0,854.0,272.0,273.0,0.0463,0.1626,11.2798,0.2055,0.0134,0.0053,0.0,11.2798,0.2055,0.0134,0.0053,0.0,6.0708,2.0
2021-04-01,12:00,HSKTBSC02,33421.0,33421_Pooran Nagar Paris Road (Gold) Sialkot (3G-CI-4812),4.0,3421_Pooran Nagar Paris Road (Gold) Sialkot (3G-CI-4812),SIALKOT_CLUSTER_02_Urban,100%,1.0,671.0,6.0,1179.0,4.0,6114.0,1033.0,1052.0,4.0,529.0,25.4153,6.0,124670.0,126490.0,124440.0,126490.0,42.0,59.0,6110.0,5908.0,25.4153,100.0,1120.0,1163.0,42.0,5908.0,653.0,671.0,0.4991,2.7073,5.5231,4.4042,0.2253,0.0349,0.0161,5.5231,4.4042,0.2253,0.0349,0.0161,25.4153,6.0
2021-04-01,12:00,HSKTBSC02,23435.0,23435_Daska Road Model Town Sialkot (3G-CI-4280),39.0,3435_Daska Road Model Town Sialkot (3G-CI-4280),SIALKOT_CLUSTER_02_Urban,100%,0.0,222.0,2.0,565.0,0.0,944.0,647.0,657.0,0.0,343.0,8.4986,2.0,48184.0,48218.0,48086.0,48218.0,2.0,2.0,944.0,932.0,8.4986,100.0,318.0,323.0,2.0,932.0,222.0,222.0,0.1211,0.8122,6.7675,0.3599,0.0497,0.0087,0.0,6.7675,0.3599,0.0497,0.0087,0.0,8.4986,2.0
2021-04-01,12:00,HSKTBSC02,13435.0,13435_Daska Road Model Town Sialkot (3G-CI-4280),38.0,3435_Daska Road Model Town Sialkot (3G-CI-4280),SIALKOT_CLUSTER_02_Urban,100%,0.0,128.0,0.0,322.0,0.0,446.0,393.0,401.0,0.0,196.0,2.8917,0.0,14268.0,14338.0,14280.0,14338.0,0.0,0.0,446.0,444.0,2.8917,100.0,191.0,191.0,0.0,444.0,128.0,128.0,0.1377,0.5231,10.8528,0.7992,0.0451,0.0134,0.0027,10.8528,0.7992,0.0451,0.0134,0.0027,2.8917,0.0
2021-04-01,12:00,HSKTBSC02,33431.0,33431_Arouras Road Sialkot (3G-CI-4811),31.0,3431_Arouras Road Sialkot (3G-CI-4811),SIALKOT_CLUSTER_02_Urban,100%,0.0,199.0,0.0,438.0,0.0,1515.0,480.0,489.0,0.0,244.0,9.7514,0.0,60100.0,60200.0,60080.0,60200.0,0.0,1.0,1515.0,1510.0,9.7514,100.0,309.0,310.0,0.0,1510.0,198.0,199.0,0.2593,1.8884,5.5817,0.7344,0.1049,0.0167,0.0,5.5817,0.7344,0.1049,0.0167,0.0,9.7514,0.0
2021-04-01,12:00,HSKTBSC02,23431.0,23431_Arouras Road Sialkot (3G-CI-4811),30.0,3431_Arouras Road Sialkot (3G-CI-4811),SIALKOT_CLUSTER_02_Urban,100%,0.0,273.0,0.0,443.0,0.0,1850.0,311.0,321.0,0.0,172.0,7.6889,0.0,43216.0,43432.0,43202.0,43432.0,2.0,3.0,1850.0,1833.0,7.6889,100.0,389.0,390.0,2.0,1833.0,272.0,273.0,0.2029,1.3735,14.5649,1.1569,0.1866,0.0216,0.0107,14.5649,1.1569,0.1866,0.0216,0.0107,7.6889,0.0
2021-04-01,12:00,HSKTBSC02,23421.0,23421_Pooran Nagar Paris Road (Gold) Sialkot (3G-CI-4812),3.0,3421_Pooran Nagar Paris Road (Gold) Sialkot (3G-CI-4812),SIALKOT_CLUSTER_02_Urban,100%,0.0,304.0,0.0,532.0,0.0,1071.0,475.0,481.0,0.0,234.0,8.4847,0.0,47392.0,47406.0,47226.0,47406.0,1.0,5.0,1071.0,1062.0,8.4847,100.0,581.0,586.0,1.0,1062.0,300.0,304.0,0.1632,0.2552,5.8043,0.1838,0.0055,0.0098,0.0,5.8043,0.1838,0.0055,0.0098,0.0,8.4847,0.0
2021-04-01,12:00,HSKTBSC02,13431.0,13431_Arouras Road Sialkot (3G-CI-4811),29.0,3431_Arouras Road Sialkot (3G-CI-4811),SIALKOT_CLUSTER_02_Urban,100%,0.0,84.0,1.0,365.0,0.0,723.0,557.0,563.0,0.0,281.0,6.6208,1.0,41766.0,41862.0,41738.0,41862.0,0.0,0.0,723.0,721.0,6.6208,100.0,172.0,172.0,0.0,721.0,84.0,84.0,0.311,1.6258,11.924000000000001,1.2817,0.1765,0.0335,0.0083,11.924000000000001,1.2817,0.1765,0.0335,0.0083,6.6208,1.0
2021-04-01,12:00,HSKTBSC02,33430.0,33430_Kashmir Road (Gold) Sialkot (3G-CI-4167),28.0,3430_Kashmir Road (Gold) Sialkot (3G-CI-4167),SIALKOT_CLUSTER_02_Urban,100%,0.0,334.0,0.0,658.0,0.0,1386.0,648.0,660.0,0.0,327.0,9.4,0.0,50460.0,50858.0,50700.0,50858.0,5.0,7.0,1386.0,1369.0,9.4,100.0,539.0,544.0,5.0,1369.0,332.0,334.0,0.4013,2.1701,11.3058,1.2674,0.2273,0.0461,0.0055,11.3058,1.2674,0.2273,0.0461,0.0055,9.4,0.0
2021-04-01,12:00,HSKTBSC02,23430.0,23430_Kashmir Road (Gold) Sialkot (3G-CI-4167),27.0,3430_Kashmir Road (Gold) Sialkot (3G-CI-4167),SIALKOT_CLUSTER_02_Urban,100%,0.0,320.0,5.0,617.0,0.0,1965.0,607.0,617.0,0.0,300.0,11.4417,5.0,66964.0,67286.0,67110.0,67286.0,2.0,4.0,1965.0,1949.0,11.4417,100.0,509.0,512.0,2.0,1949.0,318.0,320.0,1.0642,3.5878,7.8057,1.2799,0.2378,0.0626,0.0377,7.8057,1.2799,0.2378,0.0626,0.0377,11.4417,5.0
2021-04-01,12:00,HSKTBSC02,13430.0,13430_Kashmir Road (Gold) Sialkot (3G-CI-4167),26.0,3430_Kashmir Road (Gold) Sialkot (3G-CI-4167),SIALKOT_CLUSTER_02_Urban,100%,0.0,169.0,3.0,440.0,0.0,1631.0,520.0,534.0,0.0,274.0,9.8625,3.0,61638.0,61884.0,61808.0,61884.0,1.0,3.0,1631.0,1619.0,9.8625,100.0,352.0,352.0,1.0,1619.0,167.0,169.0,0.0599,0.4919,8.1455,0.3202,0.0368,0.0,0.0051,8.1455,0.3202,0.0368,0.0,0.0051,9.8625,3.0
2021-04-01,12:00,HSKTBSC02,31347.0,CI-1347-3_Commisioner Road (Gold) Sialkot (3G-CI-1084),208.0,CI-1347_Commisioner Road (Gold) Sialkot (3G-CI-1084),SIALKOT_CLUSTER_02_Urban,100%,0.0,76.0,0.0,318.0,0.0,352.0,464.0,472.0,0.0,243.0,5.1181,0.0,31402.0,31550.0,31304.0,31550.0,1.0,2.0,352.0,343.0,5.1181,100.0,144.0,144.0,1.0,343.0,75.0,76.0,0.1119,0.986,11.0036,1.0315,0.1063,0.0055,0.0081,11.0036,1.0315,0.1063,0.0055,0.0081,5.1181,0.0
2021-04-01,12:00,HSKTBSC02,21347.0,CI-1347-2_Commisioner Road (Gold) Sialkot (3G-CI-1084),207.0,CI-1347_Commisioner Road (Gold) Sialkot (3G-CI-1084),SIALKOT_CLUSTER_02_Urban,100%,0.0,418.0,3.0,606.0,0.0,1639.0,379.0,387.0,0.0,191.0,10.6333,3.0,60524.0,60626.0,60510.0,60626.0,0.0,2.0,1639.0,1636.0,10.6333,100.0,684.0,684.0,0.0,1636.0,416.0,418.0,1.1437,4.1573,10.5141,1.4319,0.3756,0.1041,0.0384,10.5141,1.4319,0.3756,0.1041,0.0384,10.6333,3.0
2021-04-01,12:00,HSKTBSC02,11347.0,CI-1347-1_Commisioner Road (Gold) Sialkot (3G-CI-1084),206.0,CI-1347_Commisioner Road (Gold) Sialkot (3G-CI-1084),SIALKOT_CLUSTER_02_Urban,100%,0.0,219.0,0.0,370.0,0.0,777.0,322.0,325.0,0.0,159.0,5.0472,0.0,27008.0,27066.0,26908.0,27066.0,1.0,9.0,777.0,774.0,5.0472,100.0,349.0,349.0,1.0,774.0,211.0,219.0,1.1217,3.3642,10.5096,0.8352,0.2633,0.0726,0.0591,10.5096,0.8352,0.2633,0.0726,0.0591,5.0472,0.0
2021-04-01,12:00,HSKTBSC02,33718.0,33718_Khadim Ali Road Sialkot (3G-CI-4883),205.0,3718_Khadim Ali Road Sialkot (3G-CI-4883),SIALKOT_CLUSTER_02_Urban,100%,0.0,288.0,3.0,839.0,0.0,1576.0,1080.0,1103.0,0.0,556.0,15.7278,3.0,93228.0,93524.0,93218.0,93524.0,1.0,4.0,1576.0,1544.0,15.7278,100.0,469.0,480.0,1.0,1544.0,285.0,288.0,0.2013,1.1531,14.4894,1.4177,0.1532,0.019,0.0134,14.4894,1.4177,0.1532,0.019,0.0134,15.7278,3.0
2021-04-01,12:00,HSKTBSC02,23718.0,23718_Khadim Ali Road Sialkot (3G-CI-4883),204.0,3718_Khadim Ali Road Sialkot (3G-CI-4883),SIALKOT_CLUSTER_02_Urban,100%,0.0,23.0,0.0,121.0,0.0,85.0,178.0,192.0,0.0,105.0,0.8431,0.0,4080.0,4220.0,4220.0,4220.0,0.0,0.0,85.0,79.0,0.8431,100.0,54.0,60.0,0.0,79.0,23.0,23.0,2.0249,8.883,5.104,2.336,0.56,0.1227,0.0427,5.104,2.336,0.56,0.1227,0.0427,0.8431,0.0
2021-04-01,12:00,HSKTBSC02,13718.0,13718_Khadim Ali Road Sialkot (3G-CI-4883),203.0,3718_Khadim Ali Road Sialkot (3G-CI-4883),SIALKOT_CLUSTER_02_Urban,100%,0.0,85.0,4.0,434.0,0.0,820.0,588.0,612.0,0.0,349.0,6.8764,4.0,41206.0,41364.0,41340.0,41364.0,0.0,0.0,820.0,809.0,6.8764,100.0,161.0,164.0,0.0,809.0,85.0,85.0,1.1535,3.2301,11.3028,1.0465,0.265,0.0857,0.0615,11.3028,1.0465,0.265,0.0857,0.0615,6.8764,4.0
2021-04-01,12:00,HSKTBSC02,13421.0,13421_Pooran Nagar Paris Road (Gold) Sialkot (3G-CI-4812),2.0,3421_Pooran Nagar Paris Road (Gold) Sialkot (3G-CI-4812),SIALKOT_CLUSTER_02_Urban,100%,0.0,196.0,5.0,509.0,0.0,784.0,640.0,657.0,0.0,316.0,8.9181,5.0,53392.0,53518.0,53264.0,53518.0,0.0,2.0,784.0,772.0,8.9181,100.0,324.0,331.0,0.0,772.0,194.0,196.0,0.2493,1.1226,10.423,0.3511,0.0952,0.0217,0.0054,10.423,0.3511,0.0952,0.0217,0.0054,8.9181,5.0
2021-04-01,12:00,HSKTBSC02,53417.0,53417_Muslim Town (Gold) Sialkot (3G-CI-4276),199.0,3417_Muslim Town (Gold) Sialkot (3G-CI-4276),SIALKOT_CLUSTER_02_Urban,100%,0.0,180.0,2.0,438.0,0.0,2012.0,537.0,548.0,0.0,258.0,11.1111,2.0,69888.0,70012.0,69988.0,70012.0,2.0,2.0,2012.0,2001.0,11.1111,100.0,307.0,308.0,2.0,2001.0,180.0,180.0,0.1521,1.3717,7.832999999999999,0.4222,0.1021,0.0074,0.0054,7.832999999999999,0.4222,0.1021,0.0074,0.0054,11.1111,2.0
2021-04-01,12:00,HSKTBSC02,37770.0,37770_Tariq Road Cantt Sialkot (3G-CI-4464),198.0,7770_Tariq Road Cantt Sialkot (3G-CI-4464),SIALKOT_CLUSTER_02_Urban,100%,0.0,321.0,1.0,841.0,0.0,2287.0,1019.0,1037.0,0.0,520.0,9.6264,1.0,50998.0,51758.0,51452.0,51758.0,0.0,0.0,2287.0,2269.0,9.6264,100.0,438.0,443.0,0.0,2269.0,321.0,321.0,1.6380000000000001,6.8111,8.5638,1.4268,0.5546,0.1104,0.0652,8.5638,1.4268,0.5546,0.1104,0.0652,9.6264,1.0
2021-04-01,12:00,HSKTBSC02,27770.0,27770_Tariq Road Cantt Sialkot (3G-CI-4464),197.0,7770_Tariq Road Cantt Sialkot (3G-CI-4464),SIALKOT_CLUSTER_02_Urban,100%,0.0,211.0,0.0,322.0,0.0,1309.0,267.0,278.0,0.0,111.0,3.8028,0.0,20838.0,20968.0,20932.0,20968.0,0.0,1.0,1309.0,1284.0,3.8028,100.0,397.0,398.0,0.0,1284.0,210.0,211.0,0.3842,1.7667,17.895,2.6131,0.2886,0.0749,0.0054,17.895,2.6131,0.2886,0.0749,0.0054,3.8028,0.0
2021-04-01,12:00,HSKTBSC02,17770.0,17770_Tariq Road Cantt Sialkot (3G-CI-4464),196.0,7770_Tariq Road Cantt Sialkot (3G-CI-4464),SIALKOT_CLUSTER_02_Urban,100%,0.0,424.0,1.0,1230.0,0.0,5726.0,1634.0,1685.0,0.0,817.0,11.4083,1.0,52132.0,54178.0,53202.0,54178.0,0.0,8.0,5726.0,5636.0,11.4083,100.0,1054.0,1073.0,0.0,5636.0,416.0,424.0,0.1884,0.8537,13.0694,0.4688,0.0909,0.0174,0.0083,13.0694,0.4688,0.0909,0.0174,0.0083,11.4083,1.0
2021-04-01,12:00,HSKTBSC02,37774.0,37774_Khayaban e Iqbal Park Cantt Sialkot (3G-CI-1063),195.0,7774_Khayaban e Iqbal Park Cantt Sialkot (3G-CI-1063),SIALKOT_CLUSTER_02_Urban,100%,0.0,322.0,1.0,422.0,0.0,687.0,199.0,206.0,0.0,104.0,7.9792,1.0,45164.0,45300.0,45134.0,45300.0,0.0,3.0,687.0,678.0,7.9792,100.0,512.0,515.0,0.0,678.0,319.0,322.0,0.033,0.033,8.0041,0.1716,0.0,0.0027,0.0,8.0041,0.1716,0.0,0.0027,0.0,7.9792,1.0
2021-04-01,12:00,HSKTBSC02,27774.0,27774_Khayaban e Iqbal Park Cantt Sialkot (3G-CI-1063),194.0,7774_Khayaban e Iqbal Park Cantt Sialkot (3G-CI-1063),SIALKOT_CLUSTER_02_Urban,100%,0.0,78.0,0.0,167.0,0.0,153.0,177.0,178.0,0.0,89.0,2.0583,0.0,11110.0,11282.0,11248.0,11282.0,0.0,0.0,153.0,153.0,2.0583,100.0,144.0,144.0,0.0,153.0,78.0,78.0,3.2242,6.4,9.6606,0.7403,0.3529,0.1952,0.1631,9.6606,0.7403,0.3529,0.1952,0.1631,2.0583,0.0
2021-04-01,12:00,HSKTBSC02,33438.0,33438_Opposite Rachna Polo Club Sialkot (3G-CI-4281),180.0,3438_Opposite Rachna Polo Club Sialkot (3G-CI-4281),SIALKOT_CLUSTER_02_Urban,100%,0.0,98.0,1.0,231.0,0.0,392.0,256.0,264.0,0.0,134.0,2.8861,1.0,15610.0,15972.0,15960.0,15972.0,0.0,0.0,392.0,384.0,2.8861,100.0,214.0,214.0,0.0,384.0,98.0,98.0,0.0434,0.3026,12.149000000000001,0.3927,0.0326,0.0027,0.0027,12.149000000000001,0.3927,0.0326,0.0027,0.0027,2.8861,1.0
2021-04-01,12:00,HSKTBSC02,23438.0,23438_Opposite Rachna Polo Club Sialkot (3G-CI-4281),179.0,3438_Opposite Rachna Polo Club Sialkot (3G-CI-4281),SIALKOT_CLUSTER_02_Urban,100%,0.0,132.0,2.0,308.0,0.0,783.0,348.0,352.0,0.0,176.0,4.6014,2.0,26506.0,26638.0,26630.0,26638.0,1.0,1.0,783.0,775.0,4.6014,100.0,230.0,237.0,1.0,775.0,132.0,132.0,0.1684,1.3087,13.4004,0.6802,0.1627,0.0214,0.0027,13.4004,0.6802,0.1627,0.0214,0.0027,4.6014,2.0
2021-04-01,12:00,HSKTBSC02,13438.0,13438_Opposite Rachna Polo Club Sialkot (3G-CI-4281),175.0,3438_Opposite Rachna Polo Club Sialkot (3G-CI-4281),SIALKOT_CLUSTER_02_Urban,100%,0.0,23.0,0.0,84.0,0.0,32.0,110.0,116.0,0.0,61.0,0.9208,0.0,5324.0,5344.0,5344.0,5344.0,0.0,0.0,32.0,32.0,0.9208,100.0,29.0,29.0,0.0,32.0,23.0,23.0,0.4537,1.7014,4.4187,0.2027,0.0587,0.0133,0.008,4.4187,0.2027,0.0587,0.0133,0.008,0.9208,0.0
2021-04-01,12:00,HSKTBSC02,33439.0,33439_Ghazi Road Cantt Sialkot (3G-CI-4282),174.0,3439_Ghazi Road Cantt Sialkot (3G-CI-4282),SIALKOT_CLUSTER_02_Urban,100%,0.0,119.0,0.0,163.0,0.0,426.0,116.0,119.0,0.0,45.0,1.9444,0.0,9828.0,9998.0,9976.0,9998.0,0.0,1.0,426.0,400.0,1.9444,100.0,186.0,200.0,0.0,400.0,118.0,119.0,0.7798,3.4404,9.488,1.7387,0.3093,0.0773,0.0133,9.488,1.7387,0.3093,0.0773,0.0133,1.9444,0.0
2021-04-01,12:00,HSKTBSC02,13439.0,13439_Ghazi Road Cantt Sialkot (3G-CI-4282),172.0,3439_Ghazi Road Cantt Sialkot (3G-CI-4282),SIALKOT_CLUSTER_02_Urban,100%,0.0,223.0,2.0,499.0,0.0,610.0,513.0,517.0,0.0,276.0,6.4319,2.0,33832.0,33870.0,33804.0,33870.0,0.0,0.0,610.0,604.0,6.4319,100.0,357.0,362.0,0.0,604.0,223.0,223.0,0.24,1.0502,13.7684,0.9606,0.1206,0.033,0.0028,13.7684,0.9606,0.1206,0.033,0.0028,6.4319,2.0
2021-04-01,12:00,HSKTBSC02,33437.0,33437_Tariq Road Cantt Sialkot (3G-CI-1043),169.0,3437_Tariq Road Cantt Sialkot (3G-CI-1043),SIALKOT_CLUSTER_02_Urban,100%,0.0,63.0,0.0,156.0,0.0,122.0,172.0,176.0,0.0,93.0,2.475,0.0,14958.0,15006.0,14998.0,15006.0,0.0,0.0,122.0,122.0,2.475,100.0,116.0,116.0,0.0,122.0,63.0,63.0,14.3231,22.7177,7.7038,0.9869,0.9440000000000001,0.5387,1.072,7.7038,0.9869,0.9440000000000001,0.5387,1.072,2.475,0.0
2021-04-01,12:00,HSKTBSC02,37786.0,37786_Capital Road (Gold) Sialkot (3G-CI-4468),165.0,7786_Capital Road (Gold) Sialkot (3G-CI-4468),SIALKOT_CLUSTER_02_Urban,100%,0.0,126.0,0.0,351.0,0.0,441.0,428.0,438.0,0.0,226.0,5.4736,0.0,30948.0,30988.0,30818.0,30988.0,0.0,1.0,441.0,433.0,5.4736,100.0,212.0,214.0,0.0,433.0,125.0,126.0,0.0,0.4468,3.7242,0.4827,0.0189,0.0,0.0,3.7242,0.4827,0.0189,0.0,0.0,5.4736,0.0
2021-04-01,12:00,HSKTBSC02,27786.0,27786_Capital Road (Gold) Sialkot (3G-CI-4468),164.0,7786_Capital Road (Gold) Sialkot (3G-CI-4468),SIALKOT_CLUSTER_02_Urban,100%,0.0,340.0,8.0,748.0,0.0,2035.0,815.0,854.0,0.0,417.0,12.0472,8.0,68056.0,68216.0,67400.0,68216.0,0.0,3.0,2035.0,1988.0,12.0472,100.0,570.0,575.0,0.0,1988.0,337.0,340.0,3.6726,8.9679,10.4428,3.2412,0.7959999999999999,0.3469,0.2052,10.4428,3.2412,0.7959999999999999,0.3469,0.2052,12.0472,8.0
2021-04-01,12:00,HSKTBSC02,17786.0,17786_Capital Road (Gold) Sialkot (3G-CI-4468),163.0,7786_Capital Road (Gold) Sialkot (3G-CI-4468),SIALKOT_CLUSTER_02_Urban,100%,0.0,60.0,0.0,304.0,0.0,307.0,423.0,429.0,0.0,245.0,5.3639,0.0,32370.0,32754.0,32712.0,32754.0,0.0,0.0,307.0,296.0,5.3639,100.0,84.0,84.0,0.0,296.0,60.0,60.0,1.2619,3.946,9.1838,2.1153,0.3157,0.0869,0.0615,9.1838,2.1153,0.3157,0.0869,0.0615,5.3639,0.0
2021-04-01,12:00,HSKTBSC02,33488.0,33488_Muslim Colony Sialkot (3G-CI-1049),162.0,3488_Muslim Colony Sialkot (3G-CI-1049),SIALKOT_CLUSTER_02_Urban,100%,0.0,87.0,0.0,364.0,0.0,1085.0,498.0,511.0,0.0,279.0,4.1222,0.0,22192.0,22252.0,22160.0,22252.0,4.0,4.0,1085.0,1063.0,4.1222,100.0,205.0,207.0,4.0,1063.0,87.0,87.0,1.1446,4.5469,13.712,2.5227,0.5787,0.1093,0.0853,13.712,2.5227,0.5787,0.1093,0.0853,4.1222,0.0
2021-04-01,12:00,HSKTBSC02,23488.0,23488_Muslim Colony Sialkot (3G-CI-1049),161.0,3488_Muslim Colony Sialkot (3G-CI-1049),SIALKOT_CLUSTER_02_Urban,100%,0.0,366.0,2.0,891.0,0.0,5025.0,1030.0,1092.0,0.0,537.0,9.7333,2.0,47898.0,48742.0,48310.0,48742.0,13.0,19.0,5025.0,4780.0,9.7333,100.0,695.0,731.0,13.0,4780.0,360.0,366.0,0.1136,0.5205,11.2756,0.6853,0.0489,0.0082,0.0055,11.2756,0.6853,0.0489,0.0082,0.0055,9.7333,2.0
2021-04-01,12:00,HSKTBSC02,33418.0,33418_Water Tank (Gold) Sialkot (3G-CI-4753),157.0,3418_Water Tank (Gold) Sialkot (3G-CI-4753),SIALKOT_CLUSTER_02_Urban,100%,0.0,112.0,0.0,179.0,0.0,509.0,158.0,162.0,0.0,68.0,1.5569,0.0,6284.0,6646.0,6646.0,6646.0,0.0,0.0,509.0,501.0,1.5569,100.0,248.0,248.0,0.0,501.0,112.0,112.0,0.17,1.4446,8.5324,0.7467,0.12,0.0133,0.0027,8.5324,0.7467,0.12,0.0133,0.0027,1.5569,0.0
2021-04-01,12:00,HSKTBSC02,23418.0,23418_Water Tank (Gold) Sialkot (3G-CI-4753),156.0,3418_Water Tank (Gold) Sialkot (3G-CI-4753),SIALKOT_CLUSTER_02_Urban,100%,0.0,409.0,1.0,789.0,0.0,2704.0,729.0,742.0,0.0,386.0,14.6792,1.0,86098.0,86240.0,85798.0,86240.0,3.0,6.0,2704.0,2671.0,14.6792,100.0,616.0,624.0,3.0,2671.0,406.0,409.0,0.2406,1.3542,13.276,2.1803,0.1745,0.0296,0.0081,13.276,2.1803,0.1745,0.0296,0.0081,14.6792,1.0
2021-04-01,12:00,HSKTBSC02,13418.0,13418_Water Tank (Gold) Sialkot (3G-CI-4753),155.0,3418_Water Tank (Gold) Sialkot (3G-CI-4753),SIALKOT_CLUSTER_02_Urban,100%,0.0,697.0,3.0,1472.0,0.0,5218.0,1579.0,1614.0,0.0,783.0,21.1194,3.0,116542.0,117088.0,116792.0,117088.0,2.0,5.0,5218.0,5150.0,21.1194,100.0,1183.0,1196.0,2.0,5150.0,694.0,697.0,0.9017,3.5957,5.7664,0.9116,0.1866,0.0527,0.0098,5.7664,0.9116,0.1866,0.0527,0.0098,21.1194,3.0
2021-04-01,12:00,HSKTBSC02,33417.0,33417_Muslim Town (Gold) Sialkot (3G-CI-4276),154.0,3417_Muslim Town (Gold) Sialkot (3G-CI-4276),SIALKOT_CLUSTER_02_Urban,100%,0.0,141.0,3.0,445.0,0.0,1465.0,545.0,574.0,0.0,311.0,8.0417,3.0,45728.0,46872.0,46388.0,46872.0,1.0,5.0,1465.0,1446.0,8.0417,100.0,228.0,229.0,1.0,1446.0,137.0,141.0,0.4138,1.091,6.4987,0.512,0.048,0.024,0.0053,6.4987,0.512,0.048,0.024,0.0053,8.0417,3.0
2021-04-01,12:00,HSKTBSC02,23417.0,23417_Muslim Town (Gold) Sialkot (3G-CI-4276),153.0,3417_Muslim Town (Gold) Sialkot (3G-CI-4276),SIALKOT_CLUSTER_02_Urban,100%,0.0,153.0,2.0,344.0,0.0,757.0,369.0,376.0,0.0,191.0,4.225,2.0,23096.0,23552.0,23458.0,23552.0,1.0,1.0,757.0,720.0,4.225,100.0,267.0,268.0,1.0,720.0,153.0,153.0,1.5774,6.8066,1.2999,0.5447,0.1035,0.0143,0.0169,1.2999,0.5447,0.1035,0.0143,0.0169,4.225,2.0
2021-04-01,12:00,HSKTBSC02,37771.0,37771_District Jail Sialkot (3G-CI-4465),147.0,7771_District Jail Sialkot (3G-CI-4465),SIALKOT_CLUSTER_02_Urban,100%,0.0,166.0,0.0,671.0,0.0,1858.0,829.0,877.0,0.0,511.0,9.5972,0.0,57388.0,58158.0,58098.0,58158.0,6.0,8.0,1858.0,1805.0,9.5972,100.0,269.0,279.0,6.0,1805.0,164.0,166.0,0.9153,6.085,6.6065,1.5647,0.4498,0.0577,0.0219,6.6065,1.5647,0.4498,0.0577,0.0219,9.5972,0.0
2021-04-01,12:00,HSKTBSC02,27771.0,27771_District Jail Sialkot (3G-CI-4465),146.0,7771_District Jail Sialkot (3G-CI-4465),SIALKOT_CLUSTER_02_Urban,100%,0.0,18.0,0.0,92.0,0.0,92.0,107.0,121.0,0.0,75.0,0.8806,0.0,4416.0,4886.0,4846.0,4886.0,0.0,0.0,92.0,88.0,0.8806,100.0,25.0,25.0,0.0,88.0,18.0,18.0,0.9286,3.6144,4.1989,3.5706,0.2165,0.0454,0.0294,4.1989,3.5706,0.2165,0.0454,0.0294,0.8806,0.0
2021-04-01,12:00,HSKTBSC02,33434.0,33434_Ghazi Road Cantt Sialkot (3G-CI-4279),145.0,3434_Ghazi Road Cantt Sialkot (3G-CI-4279),SIALKOT_CLUSTER_02_Urban,100%,0.0,72.0,1.0,240.0,0.0,305.0,300.0,315.0,0.0,168.0,3.7056,1.0,22702.0,22822.0,22790.0,22822.0,0.0,0.0,305.0,293.0,3.7056,100.0,111.0,111.0,0.0,293.0,72.0,72.0,0.0469,0.982,5.1869,0.4909,0.0536,0.0027,0.0,5.1869,0.4909,0.0536,0.0027,0.0,3.7056,1.0
2021-04-01,12:00,HSKTBSC02,23434.0,23434_Ghazi Road Cantt Sialkot (3G-CI-4279),144.0,3434_Ghazi Road Cantt Sialkot (3G-CI-4279),SIALKOT_CLUSTER_02_Urban,100%,0.0,209.0,2.0,400.0,0.0,650.0,374.0,382.0,0.0,193.0,7.7625,2.0,45696.0,45962.0,45906.0,45962.0,0.0,2.0,650.0,646.0,7.7625,100.0,339.0,341.0,0.0,646.0,207.0,209.0,0.5422,1.5102,6.3574,0.4439,0.0669,0.0321,0.0054,6.3574,0.4439,0.0669,0.0321,0.0054,7.7625,2.0
2021-04-01,12:00,HSKTBSC02,13434.0,13434_Ghazi Road Cantt Sialkot (3G-CI-4279),143.0,3434_Ghazi Road Cantt Sialkot (3G-CI-4279),SIALKOT_CLUSTER_02_Urban,100%,0.0,85.0,0.0,165.0,0.0,212.0,173.0,178.0,0.0,81.0,2.0486,0.0,10638.0,10954.0,10954.0,10954.0,0.0,0.0,212.0,209.0,2.0486,100.0,157.0,160.0,0.0,209.0,85.0,85.0,0.192,3.403,9.8288,0.9229999999999999,0.3574,0.0214,0.0,9.8288,0.9229999999999999,0.3574,0.0214,0.0,2.0486,0.0
2021-04-01,12:00,HSKTBSC02,27759.0,27759_Ugoki Road Sialkot (3G-CI-1060),141.0,7759_Ugoki Road Sialkot (3G-CI-1060),SIALKOT_CLUSTER_02_Urban,100%,0.0,193.0,0.0,370.0,0.0,529.0,331.0,338.0,0.0,179.0,4.4653,0.0,23298.0,23618.0,23458.0,23618.0,0.0,1.0,529.0,521.0,4.4653,100.0,330.0,332.0,0.0,521.0,192.0,193.0,0.474,0.9012,16.1224,0.5597,0.0719,0.0293,0.0505,16.1224,0.5597,0.0719,0.0293,0.0505,4.4653,0.0
2021-04-01,12:00,HSKTBSC02,33420.0,33420_Allama Iqbal Road Sialkot (3G-CI-4158),139.0,3420_Allama Iqbal Road Sialkot (3G-CI-4158),SIALKOT_CLUSTER_02_Urban,100%,0.0,57.0,1.0,148.0,0.0,180.0,172.0,176.0,0.0,93.0,1.5375,1.0,8272.0,8418.0,8392.0,8418.0,1.0,3.0,180.0,167.0,1.5375,100.0,82.0,89.0,1.0,167.0,55.0,57.0,0.0,0.3618,8.1755,0.6144,0.0319,0.0,0.0,8.1755,0.6144,0.0319,0.0,0.0,1.5375,1.0
2021-04-01,12:00,HSKTBSC02,23420.0,23420_Allama Iqbal Road Sialkot (3G-CI-4158),138.0,3420_Allama Iqbal Road Sialkot (3G-CI-4158),SIALKOT_CLUSTER_02_Urban,100%,0.0,152.0,0.0,466.0,0.0,590.0,619.0,629.0,0.0,316.0,5.5014,0.0,30610.0,30780.0,30754.0,30780.0,0.0,1.0,590.0,579.0,5.5014,100.0,218.0,224.0,0.0,579.0,151.0,152.0,0.2622,1.5568,11.2947,0.8504,0.1597,0.0215,0.0109,11.2947,0.8504,0.1597,0.0215,0.0109,5.5014,0.0
2021-04-01,12:00,HSKTBSC02,13420.0,13420_Allama Iqbal Road Sialkot (3G-CI-4158),137.0,3420_Allama Iqbal Road Sialkot (3G-CI-4158),SIALKOT_CLUSTER_02_Urban,100%,0.0,255.0,0.0,605.0,0.0,1715.0,681.0,691.0,0.0,351.0,8.5042,0.0,46974.0,47888.0,47790.0,47888.0,1.0,3.0,1715.0,1703.0,8.5042,100.0,474.0,480.0,1.0,1703.0,253.0,255.0,0.1915,1.2057,15.7292,1.4734,0.1766,0.0333,0.0,15.7292,1.4734,0.1766,0.0333,0.0,8.5042,0.0
2021-04-01,12:00,HSKTBSC02,33419.0,33419_Sindbad Playland Sialkot (3G-CI-4277),136.0,3419_Sindbad Playland Sialkot (3G-CI-4277),SIALKOT_CLUSTER_02_Urban,100%,0.0,249.0,1.0,586.0,0.0,3304.0,699.0,716.0,0.0,337.0,12.2986,1.0,73418.0,74454.0,73964.0,74454.0,8.0,11.0,3304.0,3133.0,12.2986,100.0,536.0,546.0,8.0,3133.0,246.0,249.0,0.3251,0.746,5.2709,2.8925,0.0346,0.008,0.0187,5.2709,2.8925,0.0346,0.008,0.0187,12.2986,1.0
2021-04-01,12:00,HSKTBSC02,17771.0,17771_District Jail Sialkot (3G-CI-4465),133.0,7771_District Jail Sialkot (3G-CI-4465),SIALKOT_CLUSTER_02_Urban,100%,0.0,472.0,1.0,1292.0,0.0,3701.0,1640.0,1688.0,0.0,827.0,16.1306,1.0,86288.0,88898.0,88438.0,88898.0,21.0,25.0,3701.0,3564.0,16.1306,100.0,831.0,848.0,21.0,3564.0,468.0,472.0,0.14800000000000002,1.4409999999999998,8.7116,0.9305,0.1265,0.0145,0.0,8.7116,0.9305,0.1265,0.0145,0.0,16.1306,1.0
2021-04-01,12:00,HSKTBSC02,27758.0,27758_Chah Bagwana (Gold) Sialkot (3G-CI-4170),129.0,7758_Chah Bagwana (Gold) Sialkot (3G-CI-4170),SIALKOT_CLUSTER_02_Urban,100%,0.0,231.0,10.0,414.0,0.0,1042.0,362.0,374.0,0.0,186.0,6.0819,10.0,32620.0,33038.0,32476.0,33038.0,1.0,2.0,1042.0,1015.0,6.0819,100.0,364.0,372.0,1.0,1015.0,230.0,231.0,0.1168,0.6798,11.1066,0.4834,0.0657,0.0083,0.0054,11.1066,0.4834,0.0657,0.0083,0.0054,6.0819,10.0
2021-04-01,12:00,HSKTBSC02,37750.0,37750_Rauf Tower Hotel (Gold) Sialkot (3G-CI-1055),127.0,7750_Rauf Tower Hotel (Gold) Sialkot (3G-CI-1055),SIALKOT_CLUSTER_02_Urban,100%,0.0,354.0,3.0,545.0,0.0,1154.0,372.0,385.0,0.0,193.0,9.5833,3.0,53932.0,54302.0,54084.0,54302.0,0.0,2.0,1154.0,1139.0,9.5833,100.0,509.0,511.0,0.0,1139.0,352.0,354.0,0.0,0.0,7.1534,0.1871,0.0,0.0,0.0,7.1534,0.1871,0.0,0.0,0.0,9.5833,3.0
2021-04-01,12:00,HSKTBSC02,27750.0,27750_Rauf Tower Hotel (Gold) Sialkot (3G-CI-1055),126.0,7750_Rauf Tower Hotel (Gold) Sialkot (3G-CI-1055),SIALKOT_CLUSTER_02_Urban,100%,0.0,247.0,4.0,591.0,0.0,1168.0,629.0,645.0,0.0,348.0,9.0597,4.0,48072.0,48874.0,48488.0,48874.0,6.0,8.0,1168.0,1117.0,9.0597,100.0,376.0,388.0,6.0,1117.0,245.0,247.0,3.0703,10.3191,9.8386,2.1713,0.9707,0.2749,0.1363,9.8386,2.1713,0.9707,0.2749,0.1363,9.0597,4.0
2021-04-01,12:00,HSKTBSC02,37784.0,37784_Paris Road (Gold) Sialkot (3G-CI-4175),124.0,7784_Paris Road (Gold) Sialkot (3G-CI-4175),SIALKOT_CLUSTER_02_Urban,100%,0.0,845.0,0.0,1501.0,0.0,6382.0,1069.0,1134.0,0.0,674.0,30.4986,0.0,142884.0,151672.0,150592.0,151672.0,0.0,23.0,6382.0,6230.0,30.4986,100.0,2042.0,2086.0,0.0,6230.0,822.0,845.0,2.0422,6.3172,12.773,3.542,0.7445,0.2423,0.1134,12.773,3.542,0.7445,0.2423,0.1134,30.4986,0.0
2021-04-01,12:00,HSKTBSC02,27784.0,27784_Paris Road (Gold) Sialkot (3G-CI-4175),123.0,7784_Paris Road (Gold) Sialkot (3G-CI-4175),SIALKOT_CLUSTER_02_Urban,100%,0.0,323.0,1.0,795.0,0.0,1391.0,929.0,948.0,0.0,481.0,10.6833,1.0,60118.0,60436.0,60278.0,60436.0,2.0,7.0,1391.0,1366.0,10.6833,100.0,561.0,565.0,2.0,1366.0,318.0,323.0,0.2551,2.0955,6.6501,1.8744,0.1602,0.0222,0.0,6.6501,1.8744,0.1602,0.0222,0.0,10.6833,1.0
2021-04-01,12:00,HSKTBSC02,17784.0,17784_Paris Road (Gold) Sialkot (3G-CI-4175),122.0,7784_Paris Road (Gold) Sialkot (3G-CI-4175),SIALKOT_CLUSTER_02_Urban,100%,0.0,499.0,7.0,1087.0,0.0,2926.0,1253.0,1319.0,0.0,590.0,13.1472,7.0,65482.0,66364.0,65662.0,66364.0,5.0,7.0,2926.0,2760.0,13.1472,100.0,783.0,810.0,5.0,2760.0,497.0,499.0,0.07200000000000001,0.8182,3.8133,0.4998,0.0325,0.0031,0.0,3.8133,0.4998,0.0325,0.0031,0.0,13.1472,7.0
2021-04-01,12:00,HSKTBSC02,37769.0,37769_Mohalla Eidgah (Gold) Sialkot (3G-CI-4173),118.0,7769_Mohalla Eidgah (Gold) Sialkot (3G-CI-4173),SIALKOT_CLUSTER_02_Urban,100%,0.0,190.0,1.0,420.0,0.0,1502.0,474.0,485.0,0.0,229.0,10.0347,1.0,61824.0,61946.0,61850.0,61946.0,0.0,0.0,1502.0,1497.0,10.0347,100.0,337.0,337.0,0.0,1497.0,190.0,190.0,0.6192,1.7449,5.0347,0.2878,0.061,0.0335,0.0,5.0347,0.2878,0.061,0.0335,0.0,10.0347,1.0
2021-04-01,12:00,HSKTBSC02,27769.0,27769_Mohalla Eidgah (Gold) Sialkot (3G-CI-4173),117.0,7769_Mohalla Eidgah (Gold) Sialkot (3G-CI-4173),SIALKOT_CLUSTER_02_Urban,100%,0.0,224.0,0.0,466.0,0.0,1100.0,489.0,492.0,0.0,242.0,10.5056,0.0,65066.0,65210.0,65066.0,65210.0,1.0,1.0,1100.0,1093.0,10.5056,100.0,404.0,406.0,1.0,1093.0,224.0,224.0,0.0818,0.5994,15.8222,1.0624,0.0879,0.0139,0.0,15.8222,1.0624,0.0879,0.0139,0.0,10.5056,0.0
2021-04-01,12:00,HSKTBSC02,17769.0,17769_Mohalla Eidgah (Gold) Sialkot (3G-CI-4173),116.0,7769_Mohalla Eidgah (Gold) Sialkot (3G-CI-4173),SIALKOT_CLUSTER_02_Urban,100%,0.0,228.0,1.0,541.0,0.0,1274.0,586.0,596.0,1.0,314.0,9.3931,1.0,55282.0,55584.0,55430.0,55584.0,2.0,2.0,1274.0,1259.0,9.3931,100.0,364.0,365.0,2.0,1259.0,228.0,228.0,0.245,1.1544,6.8744,0.5372,0.0682,0.0131,0.0052,6.8744,0.5372,0.0682,0.0131,0.0052,9.3931,1.0
2021-04-01,12:00,HSKTBSC02,23416.0,23416_Koti Loharan Sialkot (3G-CI-1039),108.0,3416_Koti Loharan Sialkot (3G-CI-1039),SIALKOT_CLUSTER_02_Urban,100%,0.0,90.0,0.0,263.0,0.0,463.0,285.0,308.0,0.0,173.0,1.6694,0.0,7542.0,7758.0,7758.0,7758.0,0.0,0.0,463.0,459.0,1.6694,100.0,134.0,134.0,0.0,459.0,90.0,90.0,0.7291,3.5944,3.5895,0.1961,0.1125,0.0286,0.0,3.5895,0.1961,0.1125,0.0286,0.0,1.6694,0.0
2021-04-01,12:00,HSKTBSC02,33410.0,33410_Polo Ground Cantt Sialkot (3G-CI-1036),100.0,3410_Polo Ground Cantt Sialkot (3G-CI-1036),SIALKOT_CLUSTER_02_Urban,100%,0.0,31.0,0.0,139.0,0.0,299.0,188.0,203.0,0.0,110.0,3.4778,0.0,21714.0,21858.0,21260.0,21858.0,0.0,0.0,299.0,296.0,3.4778,100.0,53.0,53.0,0.0,296.0,31.0,31.0,0.0333,0.3994,7.6908,0.3044,0.0294,0.0027,0.0,7.6908,0.3044,0.0294,0.0027,0.0,3.4778,0.0
2021-04-01,12:00,HSKTBSC02,17757.0,17757_Dal Dargah (Gold) Sialkot (3G-CI-1059),1.0,7757_Dal Dargah (Gold) Sialkot (3G-CI-1059),SIALKOT_CLUSTER_02_Urban,100%,0.0,204.0,2.0,427.0,0.0,569.0,434.0,444.0,0.0,225.0,5.8014,2.0,31196.0,31294.0,31212.0,31294.0,1.0,2.0,569.0,555.0,5.8014,100.0,283.0,288.0,1.0,555.0,203.0,204.0,0.0203,1.0399,11.2431,1.7413,0.1338,0.0027,0.0,11.2431,1.7413,0.1338,0.0027,0.0,5.8014,2.0
2021-04-01,12:00,HSKTBSC02,31749.0,CI-1749-3_Cantonment (Gold) Sialkot (3G-CI-2029),214.0,CI-1749_Cantonment (Gold) Sialkot (3G-CI-2029),SIALKOT_CLUSTER_02_Urban,100%,0.0,226.0,5.0,783.0,0.0,2632.0,996.0,1049.0,0.0,568.0,12.3514,5.0,70076.0,71426.0,69140.0,71426.0,0.0,2.0,2632.0,2477.0,12.3514,100.0,518.0,541.0,0.0,2477.0,224.0,226.0,0.5902,1.5941,1.7824,5.6435,0.0758,0.0285,0.016,1.7824,5.6435,0.0758,0.0285,0.016,12.3514,5.0
2021-04-01,12:00,HSKTBSC02,21749.0,CI-1749-2_Cantonment (Gold) Sialkot (3G-CI-2029),213.0,CI-1749_Cantonment (Gold) Sialkot (3G-CI-2029),SIALKOT_CLUSTER_02_Urban,100%,0.0,627.0,3.0,993.0,4.0,3610.0,737.0,790.0,0.0,371.0,15.6847,3.0,85346.0,86446.0,84802.0,86446.0,1.0,4.0,3606.0,3433.0,15.6847,100.0,1305.0,1324.0,1.0,3433.0,624.0,627.0,0.0,0.0,17.7518,0.0803,0.0,0.0,0.0,17.7518,0.0803,0.0,0.0,0.0,15.6847,3.0
2021-04-01,12:00,HSKTBSC02,11749.0,CI-1749-1_Cantonment (Gold) Sialkot (3G-CI-2029),212.0,CI-1749_Cantonment (Gold) Sialkot (3G-CI-2029),SIALKOT_CLUSTER_02_Urban,100%,0.0,746.0,1.0,1318.0,0.0,2432.0,1146.0,1162.0,0.0,575.0,17.1542,1.0,95026.0,95326.0,94968.0,95326.0,0.0,1.0,2432.0,2392.0,17.1542,100.0,1450.0,1464.0,0.0,2392.0,745.0,746.0,0.0,0.0158,16.745,0.1821,0.0027,0.0,0.0,16.745,0.1821,0.0027,0.0,0.0,17.1542,1.0
