Date,Time,GBSC,Cell CI,Cell Name,CellIndex,Site Name,Location,Integrity,_CallSetup TCH GOS(%)_N,_CallSetup TCH GOS(%)_D,_DCR_N,_DCR_D,_GOS-SDCCH(%)_N,_GOS-SDCCH(%)_D,_HSR%_N,_HSR%_D,_Mobility TCH GOS(%)_N,_Mobility TCH GOS(%)_D,_MTBD (Mean Time between Drop)_N,_MTBD (Mean Time between Drop)_D,_RxQual Index DL_1,_RxQual Index DL_2,_RxQual Index UL_1,_RxQual Index UL_2,CSSR_Non Blocking_1_N,CSSR_Non Blocking_2_N,CSSR_Non Blocking_1_D,CSSR_Non Blocking_2_D,GlobelTraffic,TCH Availability Rate,_cssr_Call Setup Indications (Circuit Service)_N_1,_Cssr_Channel Requests (Circuit Service)_D_1,_CSSR_Call Drops on SDCCH_N_2,_CSSR_Successful SDCCH Seizures_D_2,_CSSR_Successful TCH Seizures (Traffic Channel)_N_3,_CSSR_TCH Seizure Requests (Traffic Channel)_D_3,Interference Band Proportion (4~5)(%),Interference Band 345,Mean Number of TCH in Interference Band 1,Mean Number of TCH in Interference Band 2,Mean Number of TCH in Interference Band 3,Mean Number of TCH in Interference Band 4,Mean Number of TCH in Interference Band 5,Mean Number of TCH in Interference Band 1.1,Mean Number of TCH in Interference Band 2.1,Mean Number of TCH in Interference Band 3.1,Mean Number of TCH in Interference Band 4.1,Mean Number of TCH in Interference Band 5.1,K3014:Traffic Volume on TCH(Erl),CM33:Call Drops on Traffic Channel
2021-04-01,21:00,HLHRBSC15,21652.0,CI-1652-2_Behind Shalimar Garden Lahore-Z1 (3G-CI-1896),99.0,CI-1652_Behind Shalimar Garden Lahore-Z1 (3G-CI-1896),LAHORE_CLUSTER_02_Urban,100%,0.0,69.0,1.0,94.0,0.0,249.0,50.0,52.0,0.0,25.0,2.2069,1.0,12622.0,12636.0,12612.0,12636.0,0.0,0.0,249.0,248.0,2.2069,100.0,110.0,110.0,0.0,248.0,69.0,69.0,0.0212,0.0212,12.5254,0.0401,0.0,0.0027,0.0,12.5254,0.0401,0.0,0.0027,0.0,2.2069,1.0
2021-04-01,21:00,HLHRBSC15,11652.0,CI-1652-1_Behind Shalimar Garden Lahore-Z1 (3G-CI-1896),98.0,CI-1652_Behind Shalimar Garden Lahore-Z1 (3G-CI-1896),LAHORE_CLUSTER_02_Urban,100%,0.0,41.0,0.0,110.0,0.0,213.0,139.0,141.0,0.0,70.0,2.2861,0.0,14902.0,14902.0,14864.0,14902.0,0.0,0.0,213.0,211.0,2.2861,100.0,82.0,82.0,0.0,211.0,41.0,41.0,0.0,0.1796,8.9281,1.4785,0.0187,0.0,0.0,8.9281,1.4785,0.0187,0.0,0.0,2.2861,0.0
2021-04-01,21:00,HLHRBSC15,33960.0,33960_Tauheed Park Mughalpura Lahore-Z1 (3G-CI-4283),85.0,3960_Tauheed Park Mughalpura Lahore-Z1 (3G-CI-4283),LAHORE_CLUSTER_02_Urban,100%,0.0,69.0,0.0,116.0,0.0,325.0,86.0,89.0,0.0,47.0,2.5083,0.0,14934.0,15680.0,15618.0,15680.0,0.0,0.0,325.0,309.0,2.5083,100.0,157.0,158.0,0.0,309.0,69.0,69.0,1.1453,5.0507,2.2933,11.192,0.5547,0.08800000000000001,0.0747,2.2933,11.192,0.5547,0.08800000000000001,0.0747,2.5083,0.0
2021-04-01,21:00,HLHRBSC15,23960.0,23960_Tauheed Park Mughalpura Lahore-Z1 (3G-CI-4283),84.0,3960_Tauheed Park Mughalpura Lahore-Z1 (3G-CI-4283),LAHORE_CLUSTER_02_Urban,100%,0.0,90.0,0.0,154.0,0.0,334.0,141.0,146.0,0.0,67.0,3.6875,0.0,23390.0,23464.0,23464.0,23464.0,0.0,1.0,334.0,331.0,3.6875,100.0,192.0,192.0,0.0,331.0,89.0,90.0,0.0,0.1107,11.714,0.3174,0.0133,0.0,0.0,11.714,0.3174,0.0133,0.0,0.0,3.6875,0.0
2021-04-01,21:00,HLHRBSC15,13960.0,13960_Tauheed Park Mughalpura Lahore-Z1 (3G-CI-4283),83.0,3960_Tauheed Park Mughalpura Lahore-Z1 (3G-CI-4283),LAHORE_CLUSTER_02_Urban,100%,0.0,83.0,0.0,96.0,0.0,222.0,32.0,33.0,0.0,13.0,3.4944,0.0,22688.0,22868.0,22846.0,22868.0,0.0,0.0,222.0,221.0,3.4944,100.0,122.0,123.0,0.0,221.0,83.0,83.0,0.1972,0.7397,15.3584,0.7859999999999999,0.0882,0.0187,0.0134,15.3584,0.7859999999999999,0.0882,0.0187,0.0134,3.4944,0.0
2021-04-01,21:00,HLHRBSC15,31135.0,CI-1135-3_Tajpura New Lahore-Z2 (3G-CI-1787),77.0,CI-1135_Tajpura New Lahore-Z2 (3G-CI-1787),LAHORE_CLUSTER_02_Urban,100%,0.0,21.0,0.0,43.0,0.0,79.0,47.0,47.0,0.0,22.0,0.8583,0.0,5316.0,5322.0,5322.0,5322.0,0.0,0.0,79.0,79.0,0.8583,100.0,39.0,39.0,0.0,79.0,21.0,21.0,0.0854,0.2564,6.144,0.08,0.0107,0.0053,0.0,6.144,0.08,0.0107,0.0053,0.0,0.8583,0.0
2021-04-01,21:00,HLHRBSC15,21135.0,CI-1135-2_Tajpura New Lahore-Z2 (3G-CI-1787),76.0,CI-1135_Tajpura New Lahore-Z2 (3G-CI-1787),LAHORE_CLUSTER_02_Urban,100%,0.0,24.0,0.0,41.0,0.0,125.0,35.0,35.0,0.0,17.0,1.1306,0.0,7220.0,7388.0,7388.0,7388.0,0.0,0.0,125.0,125.0,1.1306,100.0,46.0,46.0,0.0,125.0,24.0,24.0,3.2710000000000004,5.5566,11.3476,0.6952,0.2914,0.2112,0.2059,11.3476,0.6952,0.2914,0.2112,0.2059,1.1306,0.0
2021-04-01,21:00,HLHRBSC15,11135.0,CI-1135-1_Tajpura New Lahore-Z2 (3G-CI-1787),75.0,CI-1135_Tajpura New Lahore-Z2 (3G-CI-1787),LAHORE_CLUSTER_02_Urban,100%,0.0,10.0,0.0,29.0,0.0,112.0,38.0,39.0,0.0,19.0,0.3875,0.0,2206.0,2206.0,2206.0,2206.0,0.0,0.0,112.0,112.0,0.3875,100.0,23.0,23.0,0.0,112.0,10.0,10.0,0.0213,0.0213,12.4869,0.0454,0.0,0.0027,0.0,12.4869,0.0454,0.0,0.0027,0.0,0.3875,0.0
2021-04-01,21:00,HLHRBSC15,31122.0,CI-1122-3_Harbans Pura Mor Lahore-Z1 (3G-CI-1783),73.0,CI-1122_Harbans Pura Mor Lahore-Z1 (3G-CI-1783),LAHORE_CLUSTER_02_Urban,100%,0.0,59.0,0.0,85.0,0.0,125.0,65.0,65.0,0.0,26.0,1.7944,0.0,10974.0,11000.0,11000.0,11000.0,0.0,0.0,125.0,124.0,1.7944,100.0,72.0,73.0,0.0,124.0,59.0,59.0,0.0,0.0449,11.84,0.0533,0.0053,0.0,0.0,11.84,0.0533,0.0053,0.0,0.0,1.7944,0.0
2021-04-01,21:00,HLHRBSC15,11122.0,CI-1122-1_Harbans Pura Mor Lahore-Z1 (3G-CI-1783),71.0,CI-1122_Harbans Pura Mor Lahore-Z1 (3G-CI-1783),LAHORE_CLUSTER_02_Urban,100%,0.0,94.0,0.0,164.0,0.0,448.0,136.0,136.0,0.0,68.0,2.8139,0.0,16298.0,16382.0,16348.0,16382.0,1.0,2.0,448.0,446.0,2.8139,100.0,135.0,135.0,1.0,446.0,93.0,94.0,0.043,0.37200000000000005,9.591000000000001,8.9399,0.0612,0.0027,0.0053,9.591000000000001,8.9399,0.0612,0.0027,0.0053,2.8139,0.0
2021-04-01,21:00,HLHRBSC15,31133.0,CI-1133-3_Wara Star Lahore-Z1 (3G-CI-1785),70.0,CI-1133_Wara Star Lahore-Z1 (3G-CI-1785),LAHORE_CLUSTER_02_Urban,100%,0.0,35.0,0.0,51.0,0.0,199.0,36.0,36.0,0.0,16.0,1.9125,0.0,12648.0,12652.0,12636.0,12652.0,0.0,0.0,199.0,199.0,1.9125,100.0,53.0,53.0,0.0,199.0,35.0,35.0,0.0937,0.5153,11.1383,0.1569,0.0479,0.0106,0.0,11.1383,0.1569,0.0479,0.0106,0.0,1.9125,0.0
2021-04-01,21:00,HLHRBSC15,31134.0,CI-1134-3_Ali Town Lahore-Z1 (3G-CI-1786),67.0,CI-1134_Ali Town Lahore-Z1 (3G-CI-1786),LAHORE_CLUSTER_02_Urban,100%,0.0,10.0,0.0,20.0,0.0,39.0,23.0,23.0,0.0,10.0,0.1153,0.0,456.0,460.0,460.0,460.0,0.0,0.0,39.0,37.0,0.1153,100.0,20.0,20.0,0.0,37.0,10.0,10.0,0.0,8.1044,5.2139,0.1524,0.4733,0.0,0.0,5.2139,0.1524,0.4733,0.0,0.0,0.1153,0.0
2021-04-01,21:00,HLHRBSC15,21134.0,CI-1134-2_Ali Town Lahore-Z1 (3G-CI-1786),66.0,CI-1134_Ali Town Lahore-Z1 (3G-CI-1786),LAHORE_CLUSTER_02_Urban,100%,0.0,7.0,0.0,15.0,0.0,45.0,15.0,15.0,0.0,8.0,0.1583,0.0,782.0,786.0,786.0,786.0,0.0,0.0,45.0,45.0,0.1583,100.0,17.0,17.0,0.0,45.0,7.0,7.0,0.046,0.1379,5.7547,0.0373,0.0053,0.0027,0.0,5.7547,0.0373,0.0053,0.0027,0.0,0.1583,0.0
2021-04-01,21:00,HLHRBSC15,31011.0,CI-1011-3_Ismail Town Altaf Colony Lahore-Z2 (3G-CI-4480),64.0,CI-1011_Ismail Town Altaf Colony Lahore-Z2 (3G-CI-4480),LAHORE_CLUSTER_02_Urban,100%,0.0,77.0,0.0,143.0,0.0,175.0,140.0,140.0,0.0,68.0,2.2958,0.0,12866.0,12936.0,12756.0,12936.0,1.0,3.0,175.0,172.0,2.2958,100.0,110.0,112.0,1.0,172.0,75.0,77.0,0.0,0.0807,13.1685,0.0802,0.0107,0.0,0.0,13.1685,0.0802,0.0107,0.0,0.0,2.2958,0.0
2021-04-01,21:00,HLHRBSC15,11011.0,CI-1011-1_Ismail Town Altaf Colony Lahore-Z2 (3G-CI-4480),62.0,CI-1011_Ismail Town Altaf Colony Lahore-Z2 (3G-CI-4480),LAHORE_CLUSTER_02_Urban,100%,0.0,90.0,1.0,154.0,0.0,274.0,131.0,131.0,0.0,64.0,6.4597,1.0,42906.0,43634.0,43182.0,43634.0,0.0,0.0,274.0,271.0,6.4597,100.0,132.0,132.0,0.0,271.0,90.0,90.0,0.0147,0.0293,18.1741,0.0401,0.0027,0.0,0.0027,18.1741,0.0401,0.0027,0.0,0.0027,6.4597,1.0
2021-04-01,21:00,HLHRBSC15,37263.0,37263_Kacha Salamat Pura Lahore-Z1 (3G-CI-4431),61.0,7263_Kacha Salamat Pura Lahore-Z1 (3G-CI-4431),LAHORE_CLUSTER_02_Urban,100%,0.0,57.0,0.0,91.0,0.0,210.0,62.0,64.0,0.0,36.0,1.2056,0.0,6004.0,6058.0,6058.0,6058.0,0.0,1.0,210.0,205.0,1.2056,100.0,86.0,89.0,0.0,205.0,56.0,57.0,0.3485,1.0088,2.1627,12.2293,0.096,0.0427,0.008,2.1627,12.2293,0.096,0.0427,0.008,1.2056,0.0
2021-04-01,21:00,HLHRBSC15,27263.0,27263_Kacha Salamat Pura Lahore-Z1 (3G-CI-4431),60.0,7263_Kacha Salamat Pura Lahore-Z1 (3G-CI-4431),LAHORE_CLUSTER_02_Urban,100%,0.0,75.0,0.0,116.0,0.0,173.0,83.0,85.0,0.0,42.0,2.3097,0.0,14374.0,14378.0,14362.0,14378.0,0.0,0.0,173.0,165.0,2.3097,100.0,95.0,103.0,0.0,165.0,75.0,75.0,0.4924,78.1009,0.0,2.4907,8.8267,0.0533,0.0027,0.0,2.4907,8.8267,0.0533,0.0027,2.3097,0.0
2021-04-01,21:00,HLHRBSC15,13231.0,13231_Ghaziabad (Micro) Lahore-Z0 (3G-CI-1588),6.0,3231_Ghaziabad (Micro) Lahore-Z0 (3G-CI-1588),LAHORE_CLUSTER_02_Urban,100%,0.0,22.0,0.0,29.0,0.0,58.0,16.0,16.0,0.0,7.0,0.7861,0.0,4942.0,4942.0,4942.0,4942.0,0.0,0.0,58.0,58.0,0.7861,100.0,36.0,36.0,0.0,58.0,22.0,22.0,0.0,0.0,5.122999999999999,0.0,0.0,0.0,0.0,5.122999999999999,0.0,0.0,0.0,0.0,0.7861,0.0
2021-04-01,21:00,HLHRBSC15,17263.0,17263_Kacha Salamat Pura Lahore-Z1 (3G-CI-4431),59.0,7263_Kacha Salamat Pura Lahore-Z1 (3G-CI-4431),LAHORE_CLUSTER_02_Urban,100%,0.0,43.0,1.0,109.0,0.0,360.0,128.0,130.0,0.0,66.0,1.6861,1.0,9818.0,9886.0,9792.0,9886.0,1.0,1.0,360.0,335.0,1.6861,100.0,206.0,214.0,1.0,335.0,43.0,43.0,0.0223,0.201,11.4091,0.5428,0.0214,0.0027,0.0,11.4091,0.5428,0.0214,0.0027,0.0,1.6861,1.0
2021-04-01,21:00,HLHRBSC15,37633.0,37633_Salamat Pura Lahore-Z1 (3G-CI-4455),52.0,7633_Salamat Pura Lahore-Z1 (3G-CI-4455),LAHORE_CLUSTER_02_Urban,100%,0.0,28.0,0.0,49.0,0.0,273.0,47.0,48.0,0.0,21.0,0.8722,0.0,4866.0,4868.0,4780.0,4868.0,0.0,0.0,273.0,268.0,0.8722,100.0,62.0,64.0,0.0,268.0,28.0,28.0,15.5388,96.3302,0.0,0.1707,3.7573,0.5253,0.1973,0.0,0.1707,3.7573,0.5253,0.1973,0.8722,0.0
2021-04-01,21:00,HLHRBSC15,27633.0,27633_Salamat Pura Lahore-Z1 (3G-CI-4455),51.0,7633_Salamat Pura Lahore-Z1 (3G-CI-4455),LAHORE_CLUSTER_02_Urban,100%,0.0,47.0,0.0,69.0,0.0,169.0,39.0,40.0,0.0,22.0,2.2194,0.0,14212.0,14222.0,14184.0,14222.0,0.0,0.0,169.0,168.0,2.2194,100.0,69.0,70.0,0.0,168.0,47.0,47.0,0.0,0.2777,9.3333,0.24,0.0267,0.0,0.0,9.3333,0.24,0.0267,0.0,0.0,2.2194,0.0
2021-04-01,21:00,HLHRBSC15,17633.0,17633_Salamat Pura Lahore-Z1 (3G-CI-4455),50.0,7633_Salamat Pura Lahore-Z1 (3G-CI-4455),LAHORE_CLUSTER_02_Urban,100%,0.0,53.0,2.0,68.0,0.0,197.0,33.0,33.0,0.0,17.0,1.625,2.0,9796.0,9802.0,9718.0,9802.0,0.0,2.0,197.0,177.0,1.625,100.0,80.0,86.0,0.0,177.0,51.0,53.0,19.9381,100.0,0.0,0.0,8.9627,2.2293,0.0027,0.0,0.0,8.9627,2.2293,0.0027,1.625,2.0
2021-04-01,21:00,HLHRBSC15,13230.0,13230_Ghaziabad (Micro) Lahore-Z0 (3G-CI-1587),5.0,3230_Ghaziabad (Micro) Lahore-Z0 (3G-CI-1587),LAHORE_CLUSTER_02_Urban,100%,0.0,5.0,0.0,5.0,0.0,21.0,0.0,0.0,0.0,0.0,0.3764,0.0,2682.0,2682.0,2682.0,2682.0,0.0,0.0,21.0,21.0,0.3764,100.0,6.0,6.0,0.0,21.0,5.0,5.0,0.0,0.0,5.608,0.0,0.0,0.0,0.0,5.608,0.0,0.0,0.0,0.0,0.3764,0.0
2021-04-01,21:00,HLHRBSC15,33291.0,33291_Ahmed Town Lahore-Z1 (3G-CI-4268),49.0,3291_Ahmed Town Lahore-Z1 (3G-CI-4268),LAHORE_CLUSTER_02_Urban,100%,0.0,38.0,0.0,62.0,0.0,104.0,48.0,49.0,0.0,24.0,1.6361,0.0,10870.0,10870.0,10862.0,10870.0,0.0,0.0,104.0,104.0,1.6361,100.0,54.0,54.0,0.0,104.0,38.0,38.0,2.9662,11.5313,4.2647,2.115,0.6177,0.1631,0.0508,4.2647,2.115,0.6177,0.1631,0.0508,1.6361,0.0
2021-04-01,21:00,HLHRBSC15,13291.0,13291_Ahmed Town Lahore-Z1 (3G-CI-4268),47.0,3291_Ahmed Town Lahore-Z1 (3G-CI-4268),LAHORE_CLUSTER_02_Urban,100%,0.0,22.0,0.0,52.0,0.0,54.0,61.0,63.0,0.0,30.0,1.6,0.0,10854.0,10878.0,10840.0,10878.0,0.0,0.0,54.0,51.0,1.6,100.0,34.0,36.0,0.0,51.0,22.0,22.0,0.0367,0.6592,0.0,7.2347,0.0453,0.0027,0.0,0.0,7.2347,0.0453,0.0027,0.0,1.6,0.0
2021-04-01,21:00,HLHRBSC15,37251.0,37251_Daroghaywala Lahore-Z1 (3G-CI-4424),46.0,7251_Daroghaywala Lahore-Z1 (3G-CI-4424),LAHORE_CLUSTER_02_Urban,100%,0.0,34.0,0.0,55.0,0.0,495.0,33.0,33.0,0.0,22.0,0.8069,0.0,4096.0,4164.0,4060.0,4164.0,0.0,1.0,495.0,283.0,0.8069,100.0,72.0,77.0,0.0,283.0,33.0,34.0,68.4997,100.0,0.0,0.0,3.8904,8.4519,0.008,0.0,0.0,3.8904,8.4519,0.008,0.8069,0.0
2021-04-01,21:00,HLHRBSC15,27251.0,27251_Daroghaywala Lahore-Z1 (3G-CI-4424),45.0,7251_Daroghaywala Lahore-Z1 (3G-CI-4424),LAHORE_CLUSTER_02_Urban,100%,0.0,62.0,0.0,80.0,0.0,277.0,36.0,36.0,0.0,19.0,1.5236,0.0,8982.0,8998.0,8958.0,8998.0,0.0,1.0,277.0,259.0,1.5236,100.0,159.0,164.0,0.0,259.0,61.0,62.0,16.2278,100.0,0.0,0.0,9.4412,1.8289,0.0,0.0,0.0,9.4412,1.8289,0.0,1.5236,0.0
2021-04-01,21:00,HLHRBSC15,17251.0,17251_Daroghaywala Lahore-Z1 (3G-CI-4424),44.0,7251_Daroghaywala Lahore-Z1 (3G-CI-4424),LAHORE_CLUSTER_02_Urban,100%,0.0,19.0,0.0,29.0,0.0,113.0,24.0,24.0,0.0,10.0,0.6625,0.0,3920.0,3920.0,3920.0,3920.0,0.0,0.0,113.0,95.0,0.6625,100.0,43.0,49.0,0.0,95.0,19.0,19.0,0.0751,0.33799999999999997,9.3307,4.8636,0.0374,0.0107,0.0,9.3307,4.8636,0.0374,0.0107,0.0,0.6625,0.0
2021-04-01,21:00,HLHRBSC15,37322.0,37322_Askari X Lahore-Z2 (3G-CI-1547),436.0,7322_Askari X Lahore-Z2 (3G-CI-1547),LAHORE_CLUSTER_02_Urban,100%,0.0,69.0,0.0,232.0,0.0,612.0,295.0,296.0,0.0,158.0,6.5236,0.0,39560.0,40420.0,39702.0,40420.0,0.0,0.0,612.0,596.0,6.5236,100.0,124.0,125.0,0.0,596.0,69.0,69.0,0.0153,0.3354,7.007999999999999,10.4014,0.0559,0.0027,0.0,7.007999999999999,10.4014,0.0559,0.0027,0.0,6.5236,0.0
2021-04-01,21:00,HLHRBSC15,27322.0,27322_Askari X Lahore-Z2 (3G-CI-1547),435.0,7322_Askari X Lahore-Z2 (3G-CI-1547),LAHORE_CLUSTER_02_Urban,100%,0.0,24.0,0.0,143.0,0.0,238.0,195.0,210.0,0.0,120.0,2.3236,0.0,14342.0,14426.0,14368.0,14426.0,2.0,2.0,238.0,222.0,2.3236,100.0,37.0,38.0,2.0,222.0,24.0,24.0,0.2367,1.9641,4.368,6.68,0.1947,0.0267,0.0,4.368,6.68,0.1947,0.0267,0.0,2.3236,0.0
2021-04-01,21:00,HLHRBSC15,17322.0,17322_Askari X Lahore-Z2 (3G-CI-1547),434.0,7322_Askari X Lahore-Z2 (3G-CI-1547),LAHORE_CLUSTER_02_Urban,100%,0.0,53.0,1.0,146.0,0.0,263.0,189.0,197.0,0.0,97.0,2.2417,1.0,13316.0,13388.0,13386.0,13388.0,0.0,1.0,263.0,259.0,2.2417,100.0,143.0,147.0,0.0,259.0,52.0,53.0,0.1036,0.259,10.0133,0.2533,0.016,0.0053,0.0053,10.0133,0.2533,0.016,0.0053,0.0053,2.2417,1.0
2021-04-01,21:00,HLHRBSC15,37225.0,37225_Pakistan Mint Lahore-Z1 (3G-CI-4408),43.0,7225_Pakistan Mint Lahore-Z1 (3G-CI-4408),LAHORE_CLUSTER_02_Urban,100%,0.0,48.0,0.0,98.0,0.0,175.0,88.0,88.0,0.0,50.0,2.5625,0.0,16910.0,16924.0,16912.0,16924.0,0.0,0.0,175.0,174.0,2.5625,100.0,95.0,95.0,0.0,174.0,48.0,48.0,0.2831,1.0516,12.607000000000001,0.4759,0.1016,0.0348,0.0027,12.607000000000001,0.4759,0.1016,0.0348,0.0027,2.5625,0.0
2021-04-01,21:00,HLHRBSC15,37095.0,37095_Zarra Shaheed Askari IX Lahore-Z2 (3G-CI-1643),424.0,7095_Zarra Shaheed Askari IX Lahore-Z2 (3G-CI-1643),LAHORE_CLUSTER_02_Urban,100%,0.0,33.0,0.0,45.0,0.0,122.0,30.0,30.0,0.0,13.0,0.5792,0.0,3182.0,3216.0,3172.0,3216.0,0.0,1.0,122.0,118.0,0.5792,100.0,60.0,67.0,0.0,118.0,32.0,33.0,0.073,0.8766,0.0,7.2373,0.0587,0.0,0.0053,0.0,7.2373,0.0587,0.0,0.0053,0.5792,0.0
2021-04-01,21:00,HLHRBSC15,27095.0,27095_Zarra Shaheed Askari IX Lahore-Z2 (3G-CI-1643),423.0,7095_Zarra Shaheed Askari IX Lahore-Z2 (3G-CI-1643),LAHORE_CLUSTER_02_Urban,100%,0.0,12.0,0.0,67.0,0.0,340.0,96.0,99.0,0.0,55.0,2.0375,0.0,13810.0,13822.0,13822.0,13822.0,0.0,0.0,340.0,332.0,2.0375,100.0,161.0,162.0,0.0,332.0,12.0,12.0,0.0454,0.2493,11.5486,0.1895,0.024,0.0027,0.0027,11.5486,0.1895,0.024,0.0027,0.0027,2.0375,0.0
2021-04-01,21:00,HLHRBSC15,17095.0,17095_Zarra Shaheed Askari IX Lahore-Z2 (3G-CI-1643),422.0,7095_Zarra Shaheed Askari IX Lahore-Z2 (3G-CI-1643),LAHORE_CLUSTER_02_Urban,100%,0.0,15.0,0.0,34.0,0.0,251.0,35.0,35.0,0.0,19.0,1.3403,0.0,6054.0,6054.0,6042.0,6054.0,0.0,0.0,251.0,241.0,1.3403,100.0,28.0,29.0,0.0,241.0,15.0,15.0,0.0197,0.2565,2.8507,10.66,0.0321,0.0027,0.0,2.8507,10.66,0.0321,0.0027,0.0,1.3403,0.0
2021-04-01,21:00,HLHRBSC15,27225.0,27225_Pakistan Mint Lahore-Z1 (3G-CI-4408),42.0,7225_Pakistan Mint Lahore-Z1 (3G-CI-4408),LAHORE_CLUSTER_02_Urban,100%,0.0,101.0,3.0,156.0,0.0,247.0,108.0,111.0,0.0,57.0,3.0903,3.0,18674.0,18706.0,18702.0,18706.0,0.0,1.0,247.0,246.0,3.0903,100.0,154.0,155.0,0.0,246.0,100.0,101.0,0.2141,0.6636,11.9182,0.4892,0.0561,0.0267,0.0,11.9182,0.4892,0.0561,0.0267,0.0,3.0903,3.0
2021-04-01,21:00,HLHRBSC15,17225.0,17225_Pakistan Mint Lahore-Z1 (3G-CI-4408),41.0,7225_Pakistan Mint Lahore-Z1 (3G-CI-4408),LAHORE_CLUSTER_02_Urban,100%,0.0,31.0,0.0,82.0,0.0,110.0,98.0,99.0,0.0,51.0,1.5014,0.0,9486.0,9486.0,9486.0,9486.0,0.0,0.0,110.0,110.0,1.5014,100.0,70.0,70.0,0.0,110.0,31.0,31.0,0.0,0.0,13.4053,0.8747,0.0,0.0,0.0,13.4053,0.8747,0.0,0.0,0.0,1.5014,0.0
2021-04-01,21:00,HLHRBSC15,37648.0,37648_Muslimabad Lahore-Z2 (3G-CI-4459),40.0,7648_Muslimabad Lahore-Z2 (3G-CI-4459),LAHORE_CLUSTER_02_Urban,100%,0.0,41.0,0.0,58.0,0.0,87.0,29.0,30.0,0.0,17.0,1.0625,0.0,6284.0,6286.0,6268.0,6286.0,0.0,0.0,87.0,87.0,1.0625,100.0,52.0,52.0,0.0,87.0,41.0,41.0,0.0678,0.1807,11.7173,0.064,0.0133,0.008,0.0,11.7173,0.064,0.0133,0.008,0.0,1.0625,0.0
2021-04-01,21:00,HLHRBSC15,37057.0,37057_Medical College Lahore-Z1 (3G-CI-1640),4.0,7057_Medical College Lahore-Z1 (3G-CI-1640),LAHORE_CLUSTER_02_Urban,100%,0.0,51.0,1.0,91.0,0.0,380.0,93.0,93.0,0.0,40.0,1.8389,1.0,11308.0,11352.0,11330.0,11352.0,0.0,0.0,380.0,364.0,1.8389,100.0,152.0,158.0,0.0,364.0,51.0,51.0,0.165,5.2216,2.8907,9.3295,0.652,0.0213,0.0,2.8907,9.3295,0.652,0.0213,0.0,1.8389,1.0
2021-04-01,21:00,HLHRBSC15,27648.0,27648_Muslimabad Lahore-Z2 (3G-CI-4459),39.0,7648_Muslimabad Lahore-Z2 (3G-CI-4459),LAHORE_CLUSTER_02_Urban,100%,0.0,67.0,2.0,157.0,0.0,312.0,159.0,160.0,0.0,91.0,3.4458,2.0,21790.0,21884.0,21832.0,21884.0,0.0,1.0,312.0,307.0,3.4458,100.0,175.0,176.0,0.0,307.0,66.0,67.0,0.0811,1.2989,7.9866,5.016,0.1604,0.008,0.0027,7.9866,5.016,0.1604,0.008,0.0027,3.4458,2.0
2021-04-01,21:00,HLHRBSC15,37603.0,37603_Asif Colony Bazar Lahore-Z1 (3G-CI-4453),383.0,7603_Asif Colony Bazar Lahore-Z1 (3G-CI-4453),LAHORE_CLUSTER_02_Urban,100%,0.0,38.0,0.0,100.0,0.0,398.0,133.0,133.0,0.0,62.0,0.7306,0.0,3008.0,3008.0,3008.0,3008.0,0.0,0.0,398.0,360.0,0.7306,100.0,88.0,89.0,0.0,360.0,38.0,38.0,0.0,0.0,10.9493,0.0133,0.0,0.0,0.0,10.9493,0.0133,0.0,0.0,0.0,0.7306,0.0
2021-04-01,21:00,HLHRBSC15,27603.0,27603_Asif Colony Bazar Lahore-Z1 (3G-CI-4453),382.0,7603_Asif Colony Bazar Lahore-Z1 (3G-CI-4453),LAHORE_CLUSTER_02_Urban,100%,0.0,73.0,0.0,98.0,0.0,242.0,50.0,50.0,0.0,25.0,2.5875,0.0,16112.0,16114.0,16114.0,16114.0,0.0,0.0,242.0,240.0,2.5875,100.0,103.0,105.0,0.0,240.0,73.0,73.0,0.0405,0.7083,12.9093,0.1733,0.08800000000000001,0.0053,0.0,12.9093,0.1733,0.08800000000000001,0.0053,0.0,2.5875,0.0
2021-04-01,21:00,HLHRBSC15,17603.0,17603_Asif Colony Bazar Lahore-Z1 (3G-CI-4453),381.0,7603_Asif Colony Bazar Lahore-Z1 (3G-CI-4453),LAHORE_CLUSTER_02_Urban,100%,0.0,80.0,0.0,109.0,0.0,591.0,46.0,47.0,0.0,30.0,3.0292,0.0,14920.0,15042.0,15028.0,15042.0,0.0,1.0,591.0,562.0,3.0292,100.0,232.0,233.0,0.0,562.0,79.0,80.0,0.1301,0.8455,15.5054,0.7995,0.1177,0.0187,0.0027,15.5054,0.7995,0.1177,0.0187,0.0027,3.0292,0.0
2021-04-01,21:00,HLHRBSC15,17648.0,17648_Muslimabad Lahore-Z2 (3G-CI-4459),38.0,7648_Muslimabad Lahore-Z2 (3G-CI-4459),LAHORE_CLUSTER_02_Urban,100%,0.0,64.0,0.0,100.0,0.0,255.0,70.0,71.0,0.0,37.0,1.7111,0.0,9260.0,9260.0,9146.0,9260.0,0.0,1.0,255.0,232.0,1.7111,100.0,163.0,165.0,0.0,232.0,63.0,64.0,0.0,2.1528,0.0,12.635,0.278,0.0,0.0,0.0,12.635,0.278,0.0,0.0,1.7111,0.0
2021-04-01,21:00,HLHRBSC15,37634.0,37634_Shah Goharabad Lahore-Z1 (3G-CI-4456),37.0,7634_Shah Goharabad Lahore-Z1 (3G-CI-4456),LAHORE_CLUSTER_02_Urban,100%,0.0,24.0,0.0,91.0,0.0,157.0,128.0,128.0,0.0,67.0,1.5417,0.0,9924.0,9924.0,9924.0,9924.0,0.0,0.0,157.0,157.0,1.5417,100.0,43.0,43.0,0.0,157.0,24.0,24.0,0.0438,0.6342,11.623,0.5267,0.0722,0.0054,0.0,11.623,0.5267,0.0722,0.0054,0.0,1.5417,0.0
2021-04-01,21:00,HLHRBSC15,37138.0,37138_Faisal Park Shalimar Town Lahore-Z1 (3G-CI-4358),368.0,7138_Faisal Park Shalimar Town Lahore-Z1 (3G-CI-4358),LAHORE_CLUSTER_02_Urban,100%,0.0,50.0,0.0,69.0,0.0,114.0,44.0,45.0,0.0,19.0,0.8736,0.0,4902.0,4906.0,4896.0,4906.0,0.0,0.0,114.0,113.0,0.8736,100.0,87.0,88.0,0.0,113.0,50.0,50.0,0.0,0.4794,5.122999999999999,0.4278,0.0267,0.0,0.0,5.122999999999999,0.4278,0.0267,0.0,0.0,0.8736,0.0
2021-04-01,21:00,HLHRBSC15,27138.0,27138_Faisal Park Shalimar Town Lahore-Z1 (3G-CI-4358),367.0,7138_Faisal Park Shalimar Town Lahore-Z1 (3G-CI-4358),LAHORE_CLUSTER_02_Urban,100%,0.0,72.0,1.0,83.0,0.0,256.0,45.0,45.0,0.0,12.0,1.6722,1.0,9398.0,10218.0,10218.0,10218.0,0.0,1.0,256.0,254.0,1.6722,100.0,159.0,161.0,0.0,254.0,71.0,72.0,0.1611,0.7340000000000001,14.64,0.1467,0.0853,0.024,0.0,14.64,0.1467,0.0853,0.024,0.0,1.6722,1.0
2021-04-01,21:00,HLHRBSC15,17138.0,17138_Faisal Park Shalimar Town Lahore-Z1 (3G-CI-4358),366.0,7138_Faisal Park Shalimar Town Lahore-Z1 (3G-CI-4358),LAHORE_CLUSTER_02_Urban,100%,0.0,44.0,2.0,66.0,0.0,187.0,38.0,39.0,0.0,23.0,1.9611,2.0,12470.0,12478.0,12472.0,12478.0,0.0,0.0,187.0,183.0,1.9611,100.0,102.0,104.0,0.0,183.0,44.0,44.0,0.4663,3.0493,10.328,4.0853,0.384,0.0533,0.016,10.328,4.0853,0.384,0.0533,0.016,1.9611,2.0
2021-04-01,21:00,HLHRBSC15,27634.0,27634_Shah Goharabad Lahore-Z1 (3G-CI-4456),36.0,7634_Shah Goharabad Lahore-Z1 (3G-CI-4456),LAHORE_CLUSTER_02_Urban,100%,0.0,43.0,0.0,88.0,0.0,129.0,85.0,85.0,0.0,45.0,2.8778,0.0,17960.0,17960.0,17852.0,17960.0,0.0,0.0,129.0,118.0,2.8778,100.0,62.0,70.0,0.0,118.0,43.0,43.0,0.0707,25.0393,0.0,8.5027,2.8322,0.008,0.0,0.0,8.5027,2.8322,0.008,0.0,2.8778,0.0
2021-04-01,21:00,HLHRBSC15,13179.0,13179_Bismillah Park Lahore-Z1 (3G-CI-4255),358.0,3179_Bismillah Park Lahore-Z1 (3G-CI-4255),LAHORE_CLUSTER_02_Urban,100%,0.0,170.0,3.0,222.0,0.0,743.0,105.0,107.0,0.0,53.0,8.6292,3.0,55610.0,56824.0,56060.0,56824.0,0.0,1.0,743.0,693.0,8.6292,100.0,275.0,287.0,0.0,693.0,169.0,170.0,0.8628,3.6731,0.0,7.8873,0.2301,0.0544,0.0163,0.0,7.8873,0.2301,0.0544,0.0163,8.6292,3.0
2021-04-01,21:00,HLHRBSC15,23179.0,23179_Bismillah Park Lahore-Z1 (3G-CI-4255),357.0,3179_Bismillah Park Lahore-Z1 (3G-CI-4255),LAHORE_CLUSTER_02_Urban,100%,0.0,53.0,0.0,90.0,0.0,835.0,76.0,78.0,0.0,37.0,2.3625,0.0,14696.0,14714.0,14634.0,14714.0,1.0,1.0,835.0,831.0,2.3625,100.0,698.0,700.0,1.0,831.0,53.0,53.0,0.9753,6.207999999999999,8.7055,4.6331,0.7442,0.1174,0.0214,8.7055,4.6331,0.7442,0.1174,0.0214,2.3625,0.0
2021-04-01,21:00,HLHRBSC15,33179.0,33179_Bismillah Park Lahore-Z1 (3G-CI-4255),356.0,3179_Bismillah Park Lahore-Z1 (3G-CI-4255),LAHORE_CLUSTER_02_Urban,100%,0.0,66.0,0.0,131.0,0.0,357.0,133.0,133.0,0.0,65.0,3.3667,0.0,21782.0,21884.0,21724.0,21884.0,0.0,0.0,357.0,309.0,3.3667,100.0,197.0,214.0,0.0,309.0,66.0,66.0,0.0511,0.23,4.0831,6.3727,0.0188,0.0,0.0054,4.0831,6.3727,0.0188,0.0,0.0054,3.3667,0.0
2021-04-01,21:00,HLHRBSC15,13175.0,13175_Noor Colony Shadipura Lahore-Z1 (3G-CI-4253),343.0,3175_Noor Colony Shadipura Lahore-Z1 (3G-CI-4253),LAHORE_CLUSTER_02_Urban,100%,0.0,40.0,0.0,94.0,0.0,176.0,112.0,112.0,0.0,54.0,0.9583,0.0,4830.0,4842.0,4842.0,4842.0,0.0,0.0,176.0,154.0,0.9583,100.0,61.0,69.0,0.0,154.0,40.0,40.0,0.0,0.1764,0.21600000000000003,4.312,0.008,0.0,0.0,0.21600000000000003,4.312,0.008,0.0,0.0,0.9583,0.0
2021-04-01,21:00,HLHRBSC15,23175.0,23175_Noor Colony Shadipura Lahore-Z1 (3G-CI-4253),342.0,3175_Noor Colony Shadipura Lahore-Z1 (3G-CI-4253),LAHORE_CLUSTER_02_Urban,100%,0.0,21.0,1.0,77.0,0.0,186.0,105.0,106.0,0.0,56.0,1.3653,1.0,7736.0,7742.0,7606.0,7742.0,1.0,1.0,186.0,182.0,1.3653,100.0,151.0,153.0,1.0,182.0,21.0,21.0,0.0,0.0748,10.1016,4.1818,0.0107,0.0,0.0,10.1016,4.1818,0.0107,0.0,0.0,1.3653,1.0
2021-04-01,21:00,HLHRBSC15,33175.0,33175_Noor Colony Shadipura Lahore-Z1 (3G-CI-4253),341.0,3175_Noor Colony Shadipura Lahore-Z1 (3G-CI-4253),LAHORE_CLUSTER_02_Urban,100%,0.0,46.0,0.0,65.0,0.0,139.0,34.0,34.0,0.0,19.0,1.8431,0.0,12460.0,12460.0,12458.0,12460.0,0.0,0.0,139.0,134.0,1.8431,100.0,78.0,79.0,0.0,134.0,46.0,46.0,0.1239,0.5784,11.5826,1.2759,0.0588,0.016,0.0,11.5826,1.2759,0.0588,0.016,0.0,1.8431,0.0
2021-04-01,21:00,HLHRBSC15,33379.0,33379_Fateh Garh Lahore-Z1 (3G-CI-4272),34.0,3379_Fateh Garh Lahore-Z1 (3G-CI-4272),LAHORE_CLUSTER_02_Urban,100%,0.0,70.0,1.0,125.0,0.0,230.0,112.0,115.0,0.0,55.0,3.0014,1.0,17604.0,17670.0,17540.0,17670.0,1.0,1.0,230.0,201.0,3.0014,100.0,120.0,134.0,1.0,201.0,70.0,70.0,0.7443,2.4819,0.8347,8.6042,0.1682,0.0614,0.0107,0.8347,8.6042,0.1682,0.0614,0.0107,3.0014,1.0
2021-04-01,21:00,HLHRBSC15,23379.0,23379_Fateh Garh Lahore-Z1 (3G-CI-4272),33.0,3379_Fateh Garh Lahore-Z1 (3G-CI-4272),LAHORE_CLUSTER_02_Urban,100%,0.0,33.0,0.0,133.0,0.0,149.0,200.0,202.0,0.0,100.0,2.4958,0.0,15950.0,15954.0,15954.0,15954.0,0.0,0.0,149.0,144.0,2.4958,100.0,83.0,87.0,0.0,144.0,33.0,33.0,0.0204,0.0407,13.0561,0.0535,0.0027,0.0027,0.0,13.0561,0.0535,0.0027,0.0027,0.0,2.4958,0.0
2021-04-01,21:00,HLHRBSC15,13379.0,13379_Fateh Garh Lahore-Z1 (3G-CI-4272),32.0,3379_Fateh Garh Lahore-Z1 (3G-CI-4272),LAHORE_CLUSTER_02_Urban,100%,0.0,119.0,0.0,149.0,0.0,242.0,76.0,78.0,0.0,30.0,2.9806,0.0,18142.0,18310.0,18296.0,18310.0,0.0,0.0,242.0,240.0,2.9806,100.0,175.0,175.0,0.0,240.0,119.0,119.0,1.9672,6.3819,8.2742,2.6682,0.516,0.0989,0.131,8.2742,2.6682,0.516,0.0989,0.131,2.9806,0.0
2021-04-01,21:00,HLHRBSC15,33100.0,33100_Shalamar Lahore-Z1 (3G-CI-4226),319.0,3100_Shalamar Lahore-Z1 (3G-CI-4226),LAHORE_CLUSTER_02_Urban,100%,0.0,48.0,1.0,56.0,0.0,140.0,19.0,19.0,0.0,8.0,1.7528,1.0,10826.0,10880.0,10850.0,10880.0,0.0,0.0,140.0,134.0,1.7528,100.0,69.0,72.0,0.0,134.0,48.0,48.0,0.0167,0.5174,12.5401,3.3957,0.0802,0.0027,0.0,12.5401,3.3957,0.0802,0.0027,0.0,1.7528,1.0
2021-04-01,21:00,HLHRBSC15,23100.0,23100_Shalamar Lahore-Z1 (3G-CI-4226),318.0,3100_Shalamar Lahore-Z1 (3G-CI-4226),LAHORE_CLUSTER_02_Urban,100%,0.0,226.0,2.0,232.0,0.0,530.0,40.0,44.0,0.0,9.0,7.8444,2.0,50404.0,51154.0,50362.0,51154.0,0.0,3.0,530.0,497.0,7.8444,100.0,288.0,299.0,0.0,497.0,223.0,226.0,100.0,100.0,0.0,0.0,0.0,6.7474,1.0139,0.0,0.0,0.0,6.7474,1.0139,7.8444,2.0
2021-04-01,21:00,HLHRBSC15,13100.0,13100_Shalamar Lahore-Z1 (3G-CI-4226),317.0,3100_Shalamar Lahore-Z1 (3G-CI-4226),LAHORE_CLUSTER_02_Urban,100%,0.0,72.0,0.0,106.0,0.0,355.0,60.0,61.0,0.0,34.0,2.4792,0.0,15790.0,15798.0,15788.0,15798.0,0.0,0.0,355.0,332.0,2.4792,100.0,157.0,166.0,0.0,332.0,72.0,72.0,0.0375,0.3,13.8476,0.3716,0.0374,0.0054,0.0,13.8476,0.3716,0.0374,0.0054,0.0,2.4792,0.0
2021-04-01,21:00,HLHRBSC15,33180.0,33180_New Shalimar Housing Society Lahore-Z1 (3G-CI-4256),30.0,3180_New Shalimar Housing Society Lahore-Z1 (3G-CI-4256),LAHORE_CLUSTER_02_Urban,100%,0.0,77.0,0.0,125.0,0.0,1591.0,105.0,106.0,0.0,48.0,2.4167,0.0,14436.0,14928.0,14924.0,14928.0,0.0,0.0,1591.0,1577.0,2.4167,100.0,127.0,128.0,0.0,1577.0,77.0,77.0,0.0,0.0819,9.5442,0.2109,0.008,0.0,0.0,9.5442,0.2109,0.008,0.0,0.0,2.4167,0.0
2021-04-01,21:00,HLHRBSC15,23180.0,23180_New Shalimar Housing Society Lahore-Z1 (3G-CI-4256),29.0,3180_New Shalimar Housing Society Lahore-Z1 (3G-CI-4256),LAHORE_CLUSTER_02_Urban,100%,0.0,31.0,0.0,53.0,0.0,169.0,40.0,40.0,0.0,22.0,1.2847,0.0,7826.0,7826.0,7826.0,7826.0,0.0,0.0,169.0,154.0,1.2847,100.0,57.0,68.0,0.0,154.0,31.0,31.0,0.0,0.1279,9.144,3.3547,0.016,0.0,0.0,9.144,3.3547,0.016,0.0,0.0,1.2847,0.0
2021-04-01,21:00,HLHRBSC15,33194.0,33194_Haji Pura Lahore-Z2 (3G-CI-4265),288.0,3194_Haji Pura Lahore-Z2 (3G-CI-4265),LAHORE_CLUSTER_02_Urban,100%,0.0,56.0,0.0,67.0,0.0,171.0,33.0,33.0,0.0,11.0,1.8069,0.0,11126.0,11150.0,11150.0,11150.0,2.0,2.0,171.0,162.0,1.8069,100.0,87.0,90.0,2.0,162.0,56.0,56.0,0.0223,0.0668,11.904000000000002,0.0747,0.0053,0.0027,0.0,11.904000000000002,0.0747,0.0053,0.0027,0.0,1.8069,0.0
2021-04-01,21:00,HLHRBSC15,13194.0,13194_Haji Pura Lahore-Z2 (3G-CI-4265),286.0,3194_Haji Pura Lahore-Z2 (3G-CI-4265),LAHORE_CLUSTER_02_Urban,100%,0.0,48.0,1.0,64.0,0.0,181.0,40.0,40.0,0.0,16.0,2.5417,1.0,15784.0,16488.0,16330.0,16488.0,0.0,0.0,181.0,176.0,2.5417,100.0,91.0,95.0,0.0,176.0,48.0,48.0,0.461,1.3184,11.6833,0.2742,0.1039,0.0372,0.0186,11.6833,0.2742,0.1039,0.0372,0.0186,2.5417,1.0
2021-04-01,21:00,HLHRBSC15,37993.0,37993_Ittehad Town Lahore-Z2 (3G-CI-4475),285.0,7993_Ittehad Town Lahore-Z2 (3G-CI-4475),LAHORE_CLUSTER_02_Urban,100%,0.0,66.0,0.0,99.0,0.0,255.0,69.0,70.0,0.0,33.0,3.2306,0.0,21848.0,21848.0,21844.0,21848.0,0.0,0.0,255.0,253.0,3.2306,100.0,132.0,134.0,0.0,253.0,66.0,66.0,0.0,0.0,11.3396,0.0321,0.0,0.0,0.0,11.3396,0.0321,0.0,0.0,0.0,3.2306,0.0
2021-04-01,21:00,HLHRBSC15,37179.0,37179_Mominpura Lahore-Z1 (3G-CI-4380),28.0,7179_Mominpura Lahore-Z1 (3G-CI-4380),LAHORE_CLUSTER_02_Urban,100%,0.0,9.0,0.0,15.0,0.0,45.0,10.0,10.0,0.0,6.0,1.1764,0.0,8330.0,8330.0,8330.0,8330.0,0.0,0.0,45.0,45.0,1.1764,100.0,23.0,23.0,0.0,45.0,9.0,9.0,0.0,0.055999999999999994,4.2353,0.5294,0.0027,0.0,0.0,4.2353,0.5294,0.0027,0.0,0.0,1.1764,0.0
2021-04-01,21:00,HLHRBSC15,47221.0,47221_Ghaziabad Lahore-Z2 (3G-CI-4407),273.0,7221_Ghaziabad Lahore-Z2 (3G-CI-4407),LAHORE_CLUSTER_02_Urban,100%,0.0,11.0,0.0,31.0,0.0,119.0,35.0,36.0,0.0,22.0,1.7667,0.0,12674.0,12674.0,12674.0,12674.0,0.0,1.0,119.0,93.0,1.7667,100.0,23.0,43.0,0.0,93.0,10.0,11.0,0.1323,1.0582,5.8,0.184,0.055999999999999994,0.0053,0.0027,5.8,0.184,0.055999999999999994,0.0053,0.0027,1.7667,0.0
2021-04-01,21:00,HLHRBSC15,27179.0,27179_Mominpura Lahore-Z1 (3G-CI-4380),27.0,7179_Mominpura Lahore-Z1 (3G-CI-4380),LAHORE_CLUSTER_02_Urban,100%,0.0,12.0,0.0,34.0,0.0,52.0,42.0,44.0,0.0,23.0,0.3847,0.0,2172.0,2172.0,2172.0,2172.0,0.0,0.0,52.0,46.0,0.3847,100.0,20.0,25.0,0.0,46.0,12.0,12.0,0.0,0.53,0.92,4.5867,0.0293,0.0,0.0,0.92,4.5867,0.0293,0.0,0.0,0.3847,0.0
2021-04-01,21:00,HLHRBSC15,37012.0,37012_Murghi Khana Lahore-Z2 (3G-CI-4293),263.0,7012_Murghi Khana Lahore-Z2 (3G-CI-4293),LAHORE_CLUSTER_02_Urban,100%,0.0,40.0,0.0,67.0,0.0,245.0,56.0,56.0,0.0,27.0,2.2889,0.0,15196.0,15246.0,15246.0,15246.0,0.0,0.0,245.0,234.0,2.2889,100.0,72.0,73.0,0.0,234.0,40.0,40.0,0.5098,34.8971,7.2739,0.2181,3.9573,0.0587,0.0,7.2739,0.2181,3.9573,0.0587,0.0,2.2889,0.0
2021-04-01,21:00,HLHRBSC15,27012.0,27012_Murghi Khana Lahore-Z2 (3G-CI-4293),262.0,7012_Murghi Khana Lahore-Z2 (3G-CI-4293),LAHORE_CLUSTER_02_Urban,100%,0.0,49.0,0.0,93.0,0.0,311.0,87.0,88.0,0.0,44.0,2.2833,0.0,14758.0,14876.0,14868.0,14876.0,0.0,0.0,311.0,297.0,2.2833,100.0,152.0,153.0,0.0,297.0,49.0,49.0,1.0665,8.5919,0.0,12.3086,1.0133,0.0904,0.0532,0.0,12.3086,1.0133,0.0904,0.0532,2.2833,0.0
2021-04-01,21:00,HLHRBSC15,17012.0,17012_Murghi Khana Lahore-Z2 (3G-CI-4293),261.0,7012_Murghi Khana Lahore-Z2 (3G-CI-4293),LAHORE_CLUSTER_02_Urban,100%,0.0,60.0,0.0,86.0,0.0,320.0,52.0,52.0,0.0,25.0,3.1611,0.0,20550.0,20690.0,20178.0,20690.0,0.0,0.0,320.0,296.0,3.1611,100.0,103.0,106.0,0.0,296.0,60.0,60.0,0.0,5.6792,12.6773,0.4415,0.7899,0.0,0.0,12.6773,0.4415,0.7899,0.0,0.0,3.1611,0.0
2021-04-01,21:00,HLHRBSC15,33068.0,33068_Taj Bagh (Gold) Lahore-Z2 (3G-CI-4214),260.0,3068_Taj Bagh (Gold) Lahore-Z2 (3G-CI-4214),LAHORE_CLUSTER_02_Urban,100%,0.0,79.0,0.0,156.0,0.0,764.0,119.0,122.0,0.0,78.0,6.5153,0.0,42944.0,43012.0,42782.0,43012.0,1.0,1.0,764.0,720.0,6.5153,100.0,241.0,245.0,1.0,720.0,79.0,79.0,1.5151,5.7985,11.2077,7.0287,0.8292,0.2107,0.0827,11.2077,7.0287,0.8292,0.2107,0.0827,6.5153,0.0
2021-04-01,21:00,HLHRBSC15,17179.0,17179_Mominpura Lahore-Z1 (3G-CI-4380),26.0,7179_Mominpura Lahore-Z1 (3G-CI-4380),LAHORE_CLUSTER_02_Urban,100%,0.0,9.0,0.0,25.0,0.0,97.0,31.0,31.0,0.0,16.0,0.2597,0.0,1518.0,1524.0,1524.0,1524.0,1.0,1.0,97.0,92.0,0.2597,100.0,25.0,30.0,1.0,92.0,9.0,9.0,0.5697,2.9427,0.0,5.4533,0.1333,0.0293,0.0027,0.0,5.4533,0.1333,0.0293,0.0027,0.2597,0.0
2021-04-01,21:00,HLHRBSC15,13068.0,13068_Taj Bagh (Gold) Lahore-Z2 (3G-CI-4214),258.0,3068_Taj Bagh (Gold) Lahore-Z2 (3G-CI-4214),LAHORE_CLUSTER_02_Urban,100%,0.0,125.0,0.0,226.0,0.0,496.0,203.0,213.0,0.0,100.0,4.7958,0.0,28220.0,28680.0,28546.0,28680.0,0.0,0.0,496.0,479.0,4.7958,100.0,199.0,207.0,0.0,479.0,125.0,125.0,0.588,1.9533,17.3587,7.577999999999999,0.3473,0.1148,0.0347,17.3587,7.577999999999999,0.3473,0.1148,0.0347,4.7958,0.0
2021-04-01,21:00,HLHRBSC15,37079.0,37079_Zarra Shaheed Road Lahore-Z2 (3G-CI-4326),254.0,7079_Zarra Shaheed Road Lahore-Z2 (3G-CI-4326),LAHORE_CLUSTER_02_Urban,100%,0.0,29.0,2.0,57.0,0.0,93.0,58.0,61.0,0.0,29.0,1.4375,2.0,8742.0,8824.0,8816.0,8824.0,0.0,1.0,93.0,91.0,1.4375,100.0,43.0,44.0,0.0,91.0,28.0,29.0,0.2142,3.7474,3.9599,0.8476,0.1765,0.0107,0.0,3.9599,0.8476,0.1765,0.0107,0.0,1.4375,2.0
2021-04-01,21:00,HLHRBSC15,27079.0,27079_Zarra Shaheed Road Lahore-Z2 (3G-CI-4326),253.0,7079_Zarra Shaheed Road Lahore-Z2 (3G-CI-4326),LAHORE_CLUSTER_02_Urban,100%,0.0,51.0,1.0,96.0,0.0,324.0,72.0,74.0,0.0,45.0,1.9833,1.0,11884.0,12286.0,12284.0,12286.0,2.0,2.0,324.0,310.0,1.9833,100.0,89.0,96.0,2.0,310.0,51.0,51.0,0.7749,2.555,0.0,12.4412,0.2273,0.0267,0.0722,0.0,12.4412,0.2273,0.0267,0.0722,1.9833,1.0
2021-04-01,21:00,HLHRBSC15,17079.0,17079_Zarra Shaheed Road Lahore-Z2 (3G-CI-4326),252.0,7079_Zarra Shaheed Road Lahore-Z2 (3G-CI-4326),LAHORE_CLUSTER_02_Urban,100%,0.0,49.0,0.0,70.0,0.0,197.0,48.0,49.0,0.0,21.0,1.8542,0.0,12280.0,12332.0,12332.0,12332.0,0.0,0.0,197.0,194.0,1.8542,100.0,90.0,92.0,0.0,194.0,49.0,49.0,0.157,0.4937,10.9947,0.8293,0.04,0.0187,0.0,10.9947,0.8293,0.04,0.0187,0.0,1.8542,0.0
2021-04-01,21:00,HLHRBSC15,37088.0,37088_PTCL Exchange Gulgasht Town Lahore-Z2 (3G-CI-4333),251.0,7088_PTCL Exchange Gulgasht Town Lahore-Z2 (3G-CI-4333),LAHORE_CLUSTER_02_Urban,100%,0.0,52.0,0.0,103.0,0.0,122.0,90.0,92.0,0.0,51.0,3.2972,0.0,21454.0,21578.0,21578.0,21578.0,0.0,0.0,122.0,116.0,3.2972,100.0,80.0,81.0,0.0,116.0,52.0,52.0,0.1937,1.4837,9.1925,3.0491,0.1603,0.0134,0.0107,9.1925,3.0491,0.1603,0.0134,0.0107,3.2972,0.0
2021-04-01,21:00,HLHRBSC15,17088.0,17088_PTCL Exchange Gulgasht Town Lahore-Z2 (3G-CI-4333),249.0,7088_PTCL Exchange Gulgasht Town Lahore-Z2 (3G-CI-4333),LAHORE_CLUSTER_02_Urban,100%,0.0,133.0,0.0,189.0,0.0,431.0,129.0,132.0,0.0,57.0,3.3917,0.0,19772.0,19884.0,19808.0,19884.0,0.0,0.0,431.0,409.0,3.3917,100.0,358.0,379.0,0.0,409.0,133.0,133.0,0.0,0.0566,13.943,0.2192,0.008,0.0,0.0,13.943,0.2192,0.008,0.0,0.0,3.3917,0.0
2021-04-01,21:00,HLHRBSC15,37207.0,37207_Sali Town Lahore-Z2 (3G-CI-4397),248.0,7207_Sali Town Lahore-Z2 (3G-CI-4397),LAHORE_CLUSTER_02_Urban,100%,0.0,31.0,0.0,92.0,0.0,140.0,120.0,120.0,0.0,61.0,2.4611,0.0,15888.0,16002.0,15976.0,16002.0,1.0,1.0,140.0,124.0,2.4611,100.0,39.0,46.0,1.0,124.0,31.0,31.0,0.1738,28.7918,8.7387,0.0,3.512,0.016,0.0053,8.7387,0.0,3.512,0.016,0.0053,2.4611,0.0
2021-04-01,21:00,HLHRBSC15,27207.0,27207_Sali Town Lahore-Z2 (3G-CI-4397),247.0,7207_Sali Town Lahore-Z2 (3G-CI-4397),LAHORE_CLUSTER_02_Urban,100%,0.0,45.0,0.0,72.0,0.0,191.0,47.0,47.0,0.0,27.0,3.0181,0.0,20096.0,20096.0,20094.0,20096.0,0.0,0.0,191.0,190.0,3.0181,100.0,132.0,133.0,0.0,190.0,45.0,45.0,0.0421,0.3575,11.9347,0.6927,0.04,0.0053,0.0,11.9347,0.6927,0.04,0.0053,0.0,3.0181,0.0
2021-04-01,21:00,HLHRBSC15,17207.0,17207_Sali Town Lahore-Z2 (3G-CI-4397),246.0,7207_Sali Town Lahore-Z2 (3G-CI-4397),LAHORE_CLUSTER_02_Urban,100%,0.0,70.0,0.0,128.0,0.0,472.0,118.0,119.0,0.0,59.0,4.2264,0.0,26478.0,26548.0,26548.0,26548.0,0.0,1.0,472.0,463.0,4.2264,100.0,240.0,243.0,0.0,463.0,69.0,70.0,0.9432,2.515,9.4144,0.5348,0.1604,0.0615,0.0348,9.4144,0.5348,0.1604,0.0615,0.0348,4.2264,0.0
2021-04-01,21:00,HLHRBSC15,37033.0,37033_Shalimar Hospital (Gold) Lahore-Z1 (3G-CI-4302),245.0,7033_Shalimar Hospital (Gold) Lahore-Z1 (3G-CI-4302),LAHORE_CLUSTER_02_Urban,100%,0.0,109.0,0.0,159.0,0.0,383.0,95.0,96.0,0.0,50.0,4.025,0.0,24320.0,24438.0,24124.0,24438.0,0.0,0.0,383.0,371.0,4.025,100.0,207.0,212.0,0.0,371.0,109.0,109.0,0.3225,1.9192,13.3177,2.9314,0.2645,0.0508,0.0027,13.3177,2.9314,0.2645,0.0508,0.0027,4.025,0.0
2021-04-01,21:00,HLHRBSC15,27033.0,27033_Shalimar Hospital (Gold) Lahore-Z1 (3G-CI-4302),244.0,7033_Shalimar Hospital (Gold) Lahore-Z1 (3G-CI-4302),LAHORE_CLUSTER_02_Urban,100%,0.0,138.0,1.0,195.0,0.0,684.0,147.0,149.0,0.0,58.0,2.3125,1.0,10318.0,10356.0,10058.0,10356.0,1.0,2.0,684.0,639.0,2.3125,100.0,346.0,378.0,1.0,639.0,137.0,138.0,0.0,0.2699,11.484000000000002,4.2894,0.0427,0.0,0.0,11.484000000000002,4.2894,0.0427,0.0,0.0,2.3125,1.0
2021-04-01,21:00,HLHRBSC15,17033.0,17033_Shalimar Hospital (Gold) Lahore-Z1 (3G-CI-4302),243.0,7033_Shalimar Hospital (Gold) Lahore-Z1 (3G-CI-4302),LAHORE_CLUSTER_02_Urban,100%,0.0,202.0,0.0,286.0,0.0,788.0,157.0,158.0,0.0,84.0,9.6944,0.0,60030.0,60928.0,60400.0,60928.0,0.0,1.0,788.0,758.0,9.6944,100.0,371.0,383.0,0.0,758.0,201.0,202.0,0.7186,3.2211,14.9688,5.195,0.5214,0.131,0.0187,14.9688,5.195,0.5214,0.131,0.0187,9.6944,0.0
2021-04-01,21:00,HLHRBSC15,33062.0,33062_Tajpura Lahore-Z2 (3G-CI-4209),239.0,3062_Tajpura Lahore-Z2 (3G-CI-4209),LAHORE_CLUSTER_02_Urban,100%,0.0,70.0,0.0,127.0,0.0,358.0,105.0,105.0,0.0,57.0,3.7444,0.0,24216.0,24288.0,24278.0,24288.0,0.0,0.0,358.0,355.0,3.7444,100.0,180.0,180.0,0.0,355.0,70.0,70.0,0.9925,3.2969,13.5829,1.7888,0.3663,0.1497,0.008,13.5829,1.7888,0.3663,0.1497,0.008,3.7444,0.0
2021-04-01,21:00,HLHRBSC15,23062.0,23062_Tajpura Lahore-Z2 (3G-CI-4209),238.0,3062_Tajpura Lahore-Z2 (3G-CI-4209),LAHORE_CLUSTER_02_Urban,100%,0.0,52.0,2.0,64.0,0.0,129.0,37.0,38.0,0.0,13.0,0.9806,2.0,4854.0,4916.0,4910.0,4916.0,1.0,2.0,129.0,123.0,0.9806,100.0,79.0,83.0,1.0,123.0,51.0,52.0,0.7776,2.0303,5.622999999999999,0.4412,0.0775,0.0481,0.0,5.622999999999999,0.4412,0.0775,0.0481,0.0,0.9806,2.0
2021-04-01,21:00,HLHRBSC15,13062.0,13062_Tajpura Lahore-Z2 (3G-CI-4209),237.0,3062_Tajpura Lahore-Z2 (3G-CI-4209),LAHORE_CLUSTER_02_Urban,100%,0.0,71.0,0.0,89.0,0.0,151.0,50.0,50.0,0.0,19.0,4.7361,0.0,31852.0,31866.0,31826.0,31866.0,0.0,1.0,151.0,150.0,4.7361,100.0,103.0,104.0,0.0,150.0,70.0,71.0,0.0,0.1886,9.728,0.152,0.0187,0.0,0.0,9.728,0.152,0.0187,0.0,0.0,4.7361,0.0
2021-04-01,21:00,HLHRBSC15,33101.0,33101_Taj Bagh Lahore-Z1 (3G-CI-4227),232.0,3101_Taj Bagh Lahore-Z1 (3G-CI-4227),LAHORE_CLUSTER_02_Urban,100%,0.0,81.0,0.0,161.0,0.0,318.0,150.0,154.0,0.0,82.0,3.45,0.0,21214.0,21372.0,21268.0,21372.0,0.0,0.0,318.0,299.0,3.45,100.0,139.0,148.0,0.0,299.0,81.0,81.0,0.5386,60.1123,6.144,0.7673,10.3222,0.0747,0.0187,6.144,0.7673,10.3222,0.0747,0.0187,3.45,0.0
2021-04-01,21:00,HLHRBSC15,13180.0,13180_New Shalimar Housing Society Lahore-Z1 (3G-CI-4256),22.0,3180_New Shalimar Housing Society Lahore-Z1 (3G-CI-4256),LAHORE_CLUSTER_02_Urban,100%,0.0,64.0,0.0,74.0,0.0,203.0,18.0,19.0,0.0,11.0,1.1597,0.0,6470.0,6470.0,6468.0,6470.0,0.0,0.0,203.0,188.0,1.1597,100.0,110.0,116.0,0.0,188.0,64.0,64.0,0.0211,81.6265,0.0,2.3237,10.3207,0.0,0.0027,0.0,2.3237,10.3207,0.0,0.0027,1.1597,0.0
2021-04-01,21:00,HLHRBSC15,37221.0,37221_Ghaziabad Lahore-Z2 (3G-CI-4407),216.0,7221_Ghaziabad Lahore-Z2 (3G-CI-4407),LAHORE_CLUSTER_02_Urban,100%,0.0,16.0,0.0,23.0,0.0,168.0,13.0,13.0,0.0,7.0,0.2972,0.0,1416.0,1432.0,1424.0,1432.0,0.0,0.0,168.0,165.0,0.2972,100.0,116.0,118.0,0.0,165.0,16.0,16.0,0.0195,0.0586,12.3959,1.2102,0.0053,0.0027,0.0,12.3959,1.2102,0.0053,0.0027,0.0,0.2972,0.0
2021-04-01,21:00,HLHRBSC15,17221.0,17221_Ghaziabad Lahore-Z2 (3G-CI-4407),215.0,7221_Ghaziabad Lahore-Z2 (3G-CI-4407),LAHORE_CLUSTER_02_Urban,100%,0.0,71.0,0.0,92.0,0.0,496.0,39.0,39.0,0.0,21.0,2.1486,0.0,12710.0,12724.0,12724.0,12724.0,0.0,0.0,496.0,495.0,2.1486,100.0,251.0,251.0,0.0,495.0,71.0,71.0,0.0342,0.3081,15.1573,0.376,0.0427,0.0053,0.0,15.1573,0.376,0.0427,0.0053,0.0,2.1486,0.0
2021-04-01,21:00,HLHRBSC15,27221.0,27221_Ghaziabad Lahore-Z2 (3G-CI-4407),214.0,7221_Ghaziabad Lahore-Z2 (3G-CI-4407),LAHORE_CLUSTER_02_Urban,100%,0.0,91.0,1.0,142.0,0.0,867.0,106.0,106.0,0.0,52.0,4.3361,1.0,27714.0,27808.0,27720.0,27808.0,0.0,1.0,867.0,801.0,4.3361,100.0,387.0,396.0,0.0,801.0,90.0,91.0,0.7568,4.301,17.5306,3.7121,0.7867,0.1467,0.0213,17.5306,3.7121,0.7867,0.1467,0.0213,4.3361,1.0
2021-04-01,21:00,HLHRBSC15,33173.0,33173_Tanveerabad Lahore-Z2 (3G-CI-4252),21.0,3173_Tanveerabad Lahore-Z2 (3G-CI-4252),LAHORE_CLUSTER_02_Urban,100%,0.0,61.0,0.0,111.0,0.0,476.0,99.0,100.0,0.0,50.0,2.0,0.0,11856.0,11866.0,11836.0,11866.0,0.0,0.0,476.0,473.0,2.0,100.0,347.0,351.0,0.0,473.0,61.0,61.0,0.0,0.0112,23.738000000000003,0.0829,0.0027,0.0,0.0,23.738000000000003,0.0829,0.0027,0.0,0.0,2.0,0.0
2021-04-01,21:00,HLHRBSC15,37056.0,37056_Lal Pul Mughalpura Lahore-Z2 (3G-CI-4312),201.0,7056_Lal Pul Mughalpura Lahore-Z2 (3G-CI-4312),LAHORE_CLUSTER_02_Urban,100%,0.0,76.0,0.0,143.0,0.0,276.0,127.0,131.0,0.0,68.0,4.6042,0.0,28972.0,29372.0,29156.0,29372.0,0.0,1.0,276.0,238.0,4.6042,100.0,117.0,128.0,0.0,238.0,75.0,76.0,0.6719,2.3028,0.0,10.9424,0.1827,0.0645,0.0108,0.0,10.9424,0.1827,0.0645,0.0108,4.6042,0.0
2021-04-01,21:00,HLHRBSC15,27056.0,27056_Lal Pul Mughalpura Lahore-Z2 (3G-CI-4312),200.0,7056_Lal Pul Mughalpura Lahore-Z2 (3G-CI-4312),LAHORE_CLUSTER_02_Urban,100%,0.0,80.0,0.0,103.0,0.0,291.0,42.0,44.0,0.0,23.0,3.0181,0.0,18990.0,19124.0,19048.0,19124.0,0.0,0.0,291.0,283.0,3.0181,100.0,134.0,140.0,0.0,283.0,80.0,80.0,0.0,0.5772,10.99,0.5237,0.0668,0.0,0.0,10.99,0.5237,0.0668,0.0,0.0,3.0181,0.0
2021-04-01,21:00,HLHRBSC15,23173.0,23173_Tanveerabad Lahore-Z2 (3G-CI-4252),20.0,3173_Tanveerabad Lahore-Z2 (3G-CI-4252),LAHORE_CLUSTER_02_Urban,100%,0.0,102.0,0.0,145.0,0.0,307.0,89.0,89.0,0.0,43.0,3.9292,0.0,24956.0,25320.0,25282.0,25320.0,1.0,1.0,307.0,307.0,3.9292,100.0,158.0,158.0,1.0,307.0,102.0,102.0,0.2008,0.7742,18.1284,0.377,0.107,0.0267,0.0107,18.1284,0.377,0.107,0.0267,0.0107,3.9292,0.0
2021-04-01,21:00,HLHRBSC15,17056.0,17056_Lal Pul Mughalpura Lahore-Z2 (3G-CI-4312),199.0,7056_Lal Pul Mughalpura Lahore-Z2 (3G-CI-4312),LAHORE_CLUSTER_02_Urban,100%,0.0,101.0,0.0,180.0,0.0,211.0,149.0,150.0,0.0,80.0,3.4597,0.0,18450.0,18642.0,18482.0,18642.0,0.0,0.0,211.0,201.0,3.4597,100.0,139.0,139.0,0.0,201.0,101.0,101.0,0.0637,0.4668,9.1253,3.384,0.0507,0.0027,0.0053,9.1253,3.384,0.0507,0.0027,0.0053,3.4597,0.0
2021-04-01,21:00,HLHRBSC15,13173.0,13173_Tanveerabad Lahore-Z2 (3G-CI-4252),19.0,3173_Tanveerabad Lahore-Z2 (3G-CI-4252),LAHORE_CLUSTER_02_Urban,100%,0.0,59.0,2.0,87.0,0.0,193.0,48.0,52.0,0.0,28.0,1.9917,2.0,12082.0,12286.0,12194.0,12286.0,0.0,0.0,193.0,176.0,1.9917,100.0,89.0,99.0,0.0,176.0,59.0,59.0,1.6513,90.1547,0.0,1.2594,11.3209,0.1444,0.0669,0.0,1.2594,11.3209,0.1444,0.0669,1.9917,2.0
2021-04-01,21:00,HLHRBSC15,37084.0,37084_Murad Pura Lahore-Z1 (3G-CI-4329),182.0,7084_Murad Pura Lahore-Z1 (3G-CI-4329),LAHORE_CLUSTER_02_Urban,100%,0.0,58.0,0.0,122.0,0.0,203.0,127.0,131.0,0.0,65.0,1.9944,0.0,10858.0,10864.0,10314.0,10864.0,0.0,1.0,203.0,188.0,1.9944,100.0,89.0,96.0,0.0,188.0,57.0,58.0,0.5035,100.0,0.0,0.0,11.6057,0.0454,0.0133,0.0,0.0,11.6057,0.0454,0.0133,1.9944,0.0
2021-04-01,21:00,HLHRBSC15,27084.0,27084_Murad Pura Lahore-Z1 (3G-CI-4329),181.0,7084_Murad Pura Lahore-Z1 (3G-CI-4329),LAHORE_CLUSTER_02_Urban,100%,0.0,82.0,0.0,109.0,0.0,209.0,52.0,53.0,0.0,28.0,1.5319,0.0,8148.0,8186.0,8158.0,8186.0,1.0,1.0,209.0,201.0,1.5319,100.0,113.0,119.0,1.0,201.0,82.0,82.0,0.1018,0.8948,8.2046,4.7845,0.1039,0.0133,0.0,8.2046,4.7845,0.1039,0.0133,0.0,1.5319,0.0
2021-04-01,21:00,HLHRBSC15,17084.0,17084_Murad Pura Lahore-Z1 (3G-CI-4329),180.0,7084_Murad Pura Lahore-Z1 (3G-CI-4329),LAHORE_CLUSTER_02_Urban,100%,0.0,43.0,0.0,111.0,0.0,182.0,134.0,134.0,0.0,68.0,1.5014,0.0,8524.0,8574.0,8540.0,8574.0,0.0,0.0,182.0,181.0,1.5014,100.0,117.0,118.0,0.0,181.0,43.0,43.0,0.0,0.0628,12.6284,0.1283,0.008,0.0,0.0,12.6284,0.1283,0.008,0.0,0.0,1.5014,0.0
2021-04-01,21:00,HLHRBSC15,17993.0,17993_Ittehad Town Lahore-Z2 (3G-CI-4475),18.0,7993_Ittehad Town Lahore-Z2 (3G-CI-4475),LAHORE_CLUSTER_02_Urban,100%,0.0,19.0,0.0,49.0,0.0,130.0,54.0,56.0,0.0,30.0,0.7111,0.0,4314.0,4330.0,4330.0,4330.0,0.0,0.0,130.0,130.0,0.7111,100.0,38.0,38.0,0.0,130.0,19.0,19.0,0.1965,1.1137,7.8743,0.1979,0.0749,0.016,0.0,7.8743,0.1979,0.0749,0.016,0.0,0.7111,0.0
2021-04-01,21:00,HLHRBSC15,37085.0,37085_Salamat Pura Lahore-Z1 (3G-CI-4330),179.0,7085_Salamat Pura Lahore-Z1 (3G-CI-4330),LAHORE_CLUSTER_02_Urban,100%,0.0,22.0,0.0,32.0,0.0,78.0,24.0,24.0,0.0,11.0,0.3792,0.0,1906.0,1906.0,1906.0,1906.0,1.0,2.0,78.0,75.0,0.3792,100.0,29.0,32.0,1.0,75.0,21.0,22.0,0.0696,0.5331,10.2611,1.1996,0.0534,0.0027,0.0054,10.2611,1.1996,0.0534,0.0027,0.0054,0.3792,0.0
2021-04-01,21:00,HLHRBSC15,27085.0,27085_Salamat Pura Lahore-Z1 (3G-CI-4330),178.0,7085_Salamat Pura Lahore-Z1 (3G-CI-4330),LAHORE_CLUSTER_02_Urban,100%,0.0,55.0,0.0,87.0,0.0,143.0,65.0,65.0,0.0,33.0,3.4833,0.0,23346.0,23348.0,23340.0,23348.0,0.0,1.0,143.0,142.0,3.4833,100.0,67.0,68.0,0.0,142.0,54.0,55.0,0.1725,1.6963,5.7005,3.4412,0.1417,0.016,0.0,5.7005,3.4412,0.1417,0.016,0.0,3.4833,0.0
2021-04-01,21:00,HLHRBSC15,17085.0,17085_Salamat Pura Lahore-Z1 (3G-CI-4330),177.0,7085_Salamat Pura Lahore-Z1 (3G-CI-4330),LAHORE_CLUSTER_02_Urban,100%,0.0,11.0,0.0,10.0,0.0,117.0,0.0,0.0,0.0,0.0,0.6458,0.0,4380.0,4380.0,4380.0,4380.0,1.0,2.0,117.0,115.0,0.6458,100.0,89.0,91.0,1.0,115.0,10.0,11.0,0.0942,0.4004,2.0373,9.24,0.0347,0.0107,0.0,2.0373,9.24,0.0347,0.0107,0.0,0.6458,0.0
2021-04-01,21:00,HLHRBSC15,37269.0,37269_Alvi Colony Lahore-Z1 (3G-CI-4435),176.0,7269_Alvi Colony Lahore-Z1 (3G-CI-4435),LAHORE_CLUSTER_02_Urban,100%,0.0,68.0,0.0,103.0,0.0,379.0,77.0,77.0,0.0,35.0,3.1319,0.0,19854.0,19878.0,19846.0,19878.0,0.0,0.0,379.0,368.0,3.1319,100.0,178.0,180.0,0.0,368.0,68.0,68.0,1.004,6.1701,10.9733,2.7333,0.7547,0.1413,0.0053,10.9733,2.7333,0.7547,0.1413,0.0053,3.1319,0.0
2021-04-01,21:00,HLHRBSC15,27269.0,27269_Alvi Colony Lahore-Z1 (3G-CI-4435),175.0,7269_Alvi Colony Lahore-Z1 (3G-CI-4435),LAHORE_CLUSTER_02_Urban,100%,0.0,59.0,0.0,73.0,0.0,167.0,36.0,36.0,0.0,15.0,0.8222,0.0,3430.0,3430.0,3418.0,3430.0,0.0,1.0,167.0,166.0,0.8222,100.0,91.0,91.0,0.0,166.0,58.0,59.0,0.0,0.0,11.2674,1.6818,0.0,0.0,0.0,11.2674,1.6818,0.0,0.0,0.0,0.8222,0.0
2021-04-01,21:00,HLHRBSC15,17269.0,17269_Alvi Colony Lahore-Z1 (3G-CI-4435),174.0,7269_Alvi Colony Lahore-Z1 (3G-CI-4435),LAHORE_CLUSTER_02_Urban,100%,0.0,74.0,0.0,89.0,0.0,238.0,23.0,23.0,0.0,16.0,1.7361,0.0,9286.0,9296.0,9296.0,9296.0,0.0,1.0,238.0,238.0,1.7361,100.0,120.0,120.0,0.0,238.0,73.0,74.0,0.0381,0.1143,13.7276,0.2858,0.0107,0.0054,0.0,13.7276,0.2858,0.0107,0.0054,0.0,1.7361,0.0
2021-04-01,21:00,HLHRBSC15,37266.0,37266_Sharif Pura Lahore-Z1 (3G-CI-4432),173.0,7266_Sharif Pura Lahore-Z1 (3G-CI-4432),LAHORE_CLUSTER_02_Urban,100%,0.0,10.0,0.0,36.0,0.0,39.0,50.0,50.0,0.0,26.0,0.7694,0.0,5108.0,5108.0,5096.0,5108.0,0.0,0.0,39.0,37.0,0.7694,100.0,15.0,16.0,0.0,37.0,10.0,10.0,0.0,0.4177,3.2834,1.8155,0.0214,0.0,0.0,3.2834,1.8155,0.0214,0.0,0.0,0.7694,0.0
2021-04-01,21:00,HLHRBSC15,37256.0,37256_Sultan Mehmood Road Lahore-Z1 (3G-CI-4427),170.0,7256_Sultan Mehmood Road Lahore-Z1 (3G-CI-4427),LAHORE_CLUSTER_02_Urban,100%,0.0,66.0,0.0,95.0,0.0,222.0,63.0,63.0,0.0,29.0,1.8139,0.0,10764.0,10764.0,10764.0,10764.0,1.0,1.0,222.0,212.0,1.8139,100.0,112.0,117.0,1.0,212.0,66.0,66.0,0.0,0.1569,11.7009,0.1977,0.0187,0.0,0.0,11.7009,0.1977,0.0187,0.0,0.0,1.8139,0.0
2021-04-01,21:00,HLHRBSC15,37214.0,37214_Mithon Ka Dera (Gold) Lahore-Z2 (3G-CI-4402),17.0,7214_Mithon Ka Dera (Gold) Lahore-Z2 (3G-CI-4402),LAHORE_CLUSTER_02_Urban,100%,0.0,84.0,0.0,115.0,0.0,157.0,50.0,50.0,0.0,31.0,5.15,0.0,34630.0,34774.0,34702.0,34774.0,0.0,0.0,157.0,157.0,5.15,100.0,116.0,116.0,0.0,157.0,84.0,84.0,1.3228,6.4542,11.0134,1.4652,0.6845,0.1471,0.0294,11.0134,1.4652,0.6845,0.1471,0.0294,5.15,0.0
2021-04-01,21:00,HLHRBSC15,27256.0,27256_Sultan Mehmood Road Lahore-Z1 (3G-CI-4427),169.0,7256_Sultan Mehmood Road Lahore-Z1 (3G-CI-4427),LAHORE_CLUSTER_02_Urban,100%,0.0,30.0,1.0,71.0,0.0,69.0,87.0,87.0,0.0,41.0,1.1444,1.0,6988.0,6988.0,6976.0,6988.0,0.0,0.0,69.0,64.0,1.1444,100.0,42.0,45.0,0.0,64.0,30.0,30.0,0.0,0.0913,9.132,2.5107,0.0106,0.0,0.0,9.132,2.5107,0.0106,0.0,0.0,1.1444,1.0
2021-04-01,21:00,HLHRBSC15,37133.0,37133_Rasheed Pura Shalimar Town Lahore-Z1 (3G-CI-4354),16.0,7133_Rasheed Pura Shalimar Town Lahore-Z1 (3G-CI-4354),LAHORE_CLUSTER_02_Urban,100%,0.0,79.0,0.0,106.0,0.0,328.0,56.0,66.0,0.0,27.0,2.2778,0.0,13586.0,13626.0,13626.0,13626.0,3.0,3.0,328.0,319.0,2.2778,100.0,252.0,256.0,3.0,319.0,79.0,79.0,0.1498,0.6202,11.9661,0.3937,0.0585,0.0186,0.0,11.9661,0.3937,0.0585,0.0186,0.0,2.2778,0.0
2021-04-01,21:00,HLHRBSC15,27133.0,27133_Rasheed Pura Shalimar Town Lahore-Z1 (3G-CI-4354),15.0,7133_Rasheed Pura Shalimar Town Lahore-Z1 (3G-CI-4354),LAHORE_CLUSTER_02_Urban,100%,0.0,50.0,2.0,88.0,0.0,174.0,72.0,81.0,0.0,46.0,2.6847,2.0,16526.0,17252.0,17250.0,17252.0,0.0,0.0,174.0,169.0,2.6847,100.0,93.0,93.0,0.0,169.0,50.0,50.0,0.5004,2.3498,11.0747,0.8933,0.2267,0.0613,0.0,11.0747,0.8933,0.2267,0.0613,0.0,2.6847,2.0
2021-04-01,21:00,HLHRBSC15,17133.0,17133_Rasheed Pura Shalimar Town Lahore-Z1 (3G-CI-4354),14.0,7133_Rasheed Pura Shalimar Town Lahore-Z1 (3G-CI-4354),LAHORE_CLUSTER_02_Urban,100%,0.0,177.0,2.0,235.0,0.0,548.0,80.0,88.0,0.0,58.0,10.1958,2.0,67670.0,69610.0,69520.0,69610.0,0.0,0.0,548.0,515.0,10.1958,100.0,244.0,247.0,0.0,515.0,177.0,177.0,0.0,0.0823,8.0224,1.6853,0.008,0.0,0.0,8.0224,1.6853,0.008,0.0,0.0,10.1958,2.0
2021-04-01,21:00,HLHRBSC15,31704.0,CI-1704-3_Ghaziabad Lahore-Z2 (3G-CI-1350),130.0,CI-1704_Ghaziabad Lahore-Z2 (3G-CI-1350),LAHORE_CLUSTER_02_Urban,100%,0.0,103.0,0.0,147.0,0.0,410.0,95.0,96.0,0.0,45.0,5.4944,0.0,35468.0,35468.0,35386.0,35468.0,0.0,1.0,410.0,391.0,5.4944,100.0,160.0,171.0,0.0,391.0,102.0,103.0,0.0,0.11,8.4385,3.6979,0.0134,0.0,0.0,8.4385,3.6979,0.0134,0.0,0.0,5.4944,0.0
2021-04-01,21:00,HLHRBSC15,37060.0,37060_Bund Road Lahore-Z1 (3G-CI-4315),13.0,7060_Bund Road Lahore-Z1 (3G-CI-4315),LAHORE_CLUSTER_02_Urban,100%,0.0,26.0,0.0,36.0,0.0,75.0,20.0,20.0,0.0,10.0,1.0236,0.0,6604.0,6604.0,6604.0,6604.0,0.0,0.0,75.0,75.0,1.0236,100.0,32.0,32.0,0.0,75.0,26.0,26.0,0.2453,1.1288,9.328,1.416,0.096,0.0267,0.0,9.328,1.416,0.096,0.0267,0.0,1.0236,0.0
2021-04-01,21:00,HLHRBSC15,21704.0,CI-1704-2_Ghaziabad Lahore-Z2 (3G-CI-1350),129.0,CI-1704_Ghaziabad Lahore-Z2 (3G-CI-1350),LAHORE_CLUSTER_02_Urban,100%,0.0,161.0,0.0,209.0,0.0,1163.0,107.0,108.0,0.0,51.0,8.5333,0.0,54842.0,54996.0,54414.0,54996.0,0.0,3.0,1163.0,1140.0,8.5333,100.0,368.0,372.0,0.0,1140.0,158.0,161.0,0.026000000000000002,0.28600000000000003,19.0305,1.4672,0.0535,0.0054,0.0,19.0305,1.4672,0.0535,0.0054,0.0,8.5333,0.0
2021-04-01,21:00,HLHRBSC15,11704.0,CI-1704-1_Ghaziabad Lahore-Z2 (3G-CI-1350),125.0,CI-1704_Ghaziabad Lahore-Z2 (3G-CI-1350),LAHORE_CLUSTER_02_Urban,100%,0.0,42.0,0.0,50.0,0.0,141.0,16.0,16.0,0.0,8.0,0.9694,0.0,5700.0,5700.0,5676.0,5700.0,0.0,0.0,141.0,141.0,0.9694,100.0,101.0,101.0,0.0,141.0,42.0,42.0,0.0677,0.6094,7.6738,0.1765,0.0428,0.0054,0.0,7.6738,0.1765,0.0428,0.0054,0.0,0.9694,0.0
2021-04-01,21:00,HLHRBSC15,27060.0,27060_Bund Road Lahore-Z1 (3G-CI-4315),12.0,7060_Bund Road Lahore-Z1 (3G-CI-4315),LAHORE_CLUSTER_02_Urban,100%,0.0,13.0,0.0,25.0,0.0,140.0,24.0,24.0,0.0,12.0,0.7097,0.0,4578.0,4578.0,4578.0,4578.0,0.0,0.0,140.0,133.0,0.7097,100.0,106.0,113.0,0.0,133.0,13.0,13.0,0.1726,0.6901,0.0027,6.1551,0.0321,0.0107,0.0,0.0027,6.1551,0.0321,0.0107,0.0,0.7097,0.0
2021-04-01,21:00,HLHRBSC15,33083.0,33083_Awami Flour Mills Herbanspura Lahore-Z1 (3G-CI-4219),116.0,3083_Awami Flour Mills Herbanspura Lahore-Z1 (3G-CI-4219),LAHORE_CLUSTER_02_Urban,100%,0.0,100.0,0.0,193.0,0.0,410.0,164.0,165.0,0.0,92.0,7.2708,0.0,47618.0,47792.0,47548.0,47792.0,0.0,0.0,410.0,380.0,7.2708,100.0,165.0,171.0,0.0,380.0,100.0,100.0,0.5578,3.5807,0.0,7.4549,0.2337,0.0404,0.0027,0.0,7.4549,0.2337,0.0404,0.0027,7.2708,0.0
2021-04-01,21:00,HLHRBSC15,31613.0,CI-1613-3_Pak Rangers HQ Lahore-Z2 (3G-CI-1857),112.0,CI-1613_Pak Rangers HQ Lahore-Z2 (3G-CI-1857),LAHORE_CLUSTER_02_Urban,100%,0.0,172.0,0.0,246.0,0.0,1047.0,153.0,156.0,0.0,76.0,7.6333,0.0,46790.0,47086.0,46756.0,47086.0,1.0,3.0,1047.0,985.0,7.6333,100.0,345.0,355.0,1.0,985.0,170.0,172.0,0.0,0.0121,19.8166,2.1628,0.0027,0.0,0.0,19.8166,2.1628,0.0027,0.0,0.0,7.6333,0.0
2021-04-01,21:00,HLHRBSC15,21613.0,CI-1613-2_Pak Rangers HQ Lahore-Z2 (3G-CI-1857),111.0,CI-1613_Pak Rangers HQ Lahore-Z2 (3G-CI-1857),LAHORE_CLUSTER_02_Urban,100%,0.0,84.0,0.0,129.0,0.0,384.0,106.0,106.0,0.0,45.0,4.4514,0.0,29216.0,29230.0,29230.0,29230.0,0.0,0.0,384.0,381.0,4.4514,100.0,141.0,142.0,0.0,381.0,84.0,84.0,0.0,0.2836,8.7491,0.6272,0.0267,0.0,0.0,8.7491,0.6272,0.0267,0.0,0.0,4.4514,0.0
2021-04-01,21:00,HLHRBSC15,33040.0,33040_Shalimar Lahore-Z1 (3G-CI-4198),110.0,3040_Shalimar Lahore-Z1 (3G-CI-4198),LAHORE_CLUSTER_02_Urban,100%,0.0,84.0,0.0,102.0,0.0,266.0,40.0,40.0,0.0,18.0,3.4917,0.0,22468.0,22480.0,22478.0,22480.0,0.0,0.0,266.0,262.0,3.4917,100.0,172.0,176.0,0.0,262.0,84.0,84.0,0.0,0.161,13.0495,0.1951,0.0214,0.0,0.0,13.0495,0.1951,0.0214,0.0,0.0,3.4917,0.0
2021-04-01,21:00,HLHRBSC15,23040.0,23040_Shalimar Lahore-Z1 (3G-CI-4198),109.0,3040_Shalimar Lahore-Z1 (3G-CI-4198),LAHORE_CLUSTER_02_Urban,100%,0.0,70.0,0.0,96.0,0.0,173.0,49.0,49.0,0.0,26.0,3.9264,0.0,26134.0,26166.0,26028.0,26166.0,3.0,3.0,173.0,164.0,3.9264,100.0,101.0,106.0,3.0,164.0,70.0,70.0,0.5547,2.9225,3.0933,9.0427,0.29600000000000004,0.0507,0.0187,3.0933,9.0427,0.29600000000000004,0.0507,0.0187,3.9264,0.0
2021-04-01,21:00,HLHRBSC15,13040.0,13040_Shalimar Lahore-Z1 (3G-CI-4198),108.0,3040_Shalimar Lahore-Z1 (3G-CI-4198),LAHORE_CLUSTER_02_Urban,100%,0.0,22.0,0.0,39.0,0.0,165.0,35.0,35.0,0.0,17.0,0.8819,0.0,5482.0,5486.0,5418.0,5486.0,0.0,0.0,165.0,164.0,0.8819,100.0,43.0,44.0,0.0,164.0,22.0,22.0,0.266,0.5762,5.8717,0.1283,0.0187,0.0107,0.0054,5.8717,0.1283,0.0187,0.0107,0.0054,0.8819,0.0
2021-04-01,21:00,HLHRBSC15,11613.0,CI-1613-1_Pak Rangers HQ Lahore-Z2 (3G-CI-1857),107.0,CI-1613_Pak Rangers HQ Lahore-Z2 (3G-CI-1857),LAHORE_CLUSTER_02_Urban,100%,0.0,94.0,0.0,137.0,0.0,503.0,86.0,88.0,0.0,43.0,3.4556,0.0,21048.0,21118.0,21066.0,21118.0,0.0,0.0,503.0,471.0,3.4556,100.0,249.0,258.0,0.0,471.0,94.0,94.0,0.0,0.264,4.1658,9.9786,0.0374,0.0,0.0,4.1658,9.9786,0.0374,0.0,0.0,3.4556,0.0
2021-04-01,21:00,HLHRBSC15,31652.0,CI-1652-3_Behind Shalimar Garden Lahore-Z1 (3G-CI-1896),100.0,CI-1652_Behind Shalimar Garden Lahore-Z1 (3G-CI-1896),LAHORE_CLUSTER_02_Urban,100%,0.0,72.0,1.0,85.0,0.0,271.0,39.0,39.0,0.0,15.0,2.2403,1.0,13092.0,13120.0,13100.0,13120.0,0.0,2.0,271.0,271.0,2.2403,100.0,116.0,116.0,0.0,271.0,70.0,72.0,0.0,0.0,14.1178,0.008,0.0,0.0,0.0,14.1178,0.008,0.0,0.0,0.0,2.2403,1.0
2021-04-01,21:00,HLHRBSC15,37059.0,37059_Momin Pura Lahore-Z1 (3G-CI-4314),10.0,7059_Momin Pura Lahore-Z1 (3G-CI-4314),LAHORE_CLUSTER_02_Urban,100%,0.0,7.0,0.0,29.0,0.0,38.0,45.0,45.0,0.0,22.0,0.4694,0.0,3118.0,3136.0,3136.0,3136.0,0.0,0.0,38.0,24.0,0.4694,100.0,15.0,24.0,0.0,24.0,7.0,7.0,0.1191,91.369,0.0,0.3856,4.0771,0.0053,0.0,0.0,0.3856,4.0771,0.0053,0.0,0.4694,0.0
2021-04-01,21:00,HLHRBSC12,13954.0,13954_71 Grove Block Paragon City Barki Road Lahore_(Pico)_NC,279.0,3954_71 Grove Paragon City Barki Rd Lahore_(Pico)_Not Comm,LAHORE_CLUSTER_02_Urban,100%,0.0,0.0,0.0,0.0,0.0,0.0,0.0,0.0,0.0,0.0,0.0,0.0,0.0,0.0,0.0,0.0,0.0,0.0,0.0,0.0,0.0,0.0,0.0,0.0,0.0,0.0,0.0,0.0,,,,,,,,,,,,,0.0,0.0
2021-04-01,21:00,HLHRBSC08,37991.0,37991_Baghban Pura Lahore-Z1 (3G-CI-4473),61.0,7991_Baghban Pura Lahore-Z1 (3G-CI-4473),LAHORE_CLUSTER_02_Urban,100%,0.0,29.0,0.0,77.0,0.0,161.0,89.0,89.0,0.0,48.0,1.1472,0.0,6554.0,6658.0,6546.0,6658.0,0.0,0.0,161.0,158.0,1.1472,100.0,90.0,90.0,0.0,158.0,29.0,29.0,0.14800000000000002,1.1415,3.4388,9.0,0.125,0.0133,0.0053,3.4388,9.0,0.125,0.0133,0.0053,1.1472,0.0
2021-04-01,21:00,HLHRBSC08,27991.0,27991_Baghban Pura Lahore-Z1 (3G-CI-4473),60.0,7991_Baghban Pura Lahore-Z1 (3G-CI-4473),LAHORE_CLUSTER_02_Urban,100%,0.0,42.0,1.0,87.0,0.0,380.0,79.0,98.0,0.0,64.0,1.1778,1.0,6112.0,6112.0,6112.0,6112.0,0.0,0.0,380.0,380.0,1.1778,100.0,92.0,92.0,0.0,380.0,42.0,42.0,0.1481,0.4864,12.0653,0.4497,0.0426,0.008,0.0106,12.0653,0.4497,0.0426,0.008,0.0106,1.1778,1.0
2021-04-01,21:00,HLHRBSC08,17991.0,17991_Baghban Pura Lahore-Z1 (3G-CI-4473),59.0,7991_Baghban Pura Lahore-Z1 (3G-CI-4473),LAHORE_CLUSTER_02_Urban,100%,0.0,46.0,0.0,83.0,0.0,209.0,62.0,62.0,0.0,37.0,1.0597,0.0,5542.0,5542.0,5542.0,5542.0,0.0,0.0,209.0,208.0,1.0597,100.0,102.0,102.0,0.0,208.0,46.0,46.0,0.0,0.0909,14.4386,0.2104,0.0133,0.0,0.0,14.4386,0.2104,0.0133,0.0,0.0,1.0597,0.0
2021-04-01,21:00,HLHRBSC08,37094.0,37094_Bagban Pura Lahore-Z1 (3G-CI-4337),46.0,7094_Bagban Pura Lahore-Z1 (3G-CI-4337),LAHORE_CLUSTER_02_Urban,100%,0.0,84.0,0.0,95.0,0.0,145.0,32.0,34.0,0.0,13.0,1.0167,0.0,5540.0,5558.0,5552.0,5558.0,0.0,1.0,145.0,145.0,1.0167,100.0,112.0,112.0,0.0,145.0,83.0,84.0,0.0,0.1993,0.3235,6.3717,0.0134,0.0,0.0,0.3235,6.3717,0.0134,0.0,0.0,1.0167,0.0
2021-04-01,21:00,HLHRBSC08,27094.0,27094_Bagban Pura Lahore-Z1 (3G-CI-4337),45.0,7094_Bagban Pura Lahore-Z1 (3G-CI-4337),LAHORE_CLUSTER_02_Urban,100%,0.0,48.0,0.0,99.0,0.0,512.0,91.0,92.0,0.0,52.0,2.2458,0.0,14492.0,14510.0,14510.0,14510.0,0.0,1.0,512.0,456.0,2.2458,100.0,119.0,119.0,0.0,456.0,47.0,48.0,0.2323,0.6504,11.1953,0.2405,0.0481,0.0267,0.0,11.1953,0.2405,0.0481,0.0267,0.0,2.2458,0.0
2021-04-01,21:00,HLHRBSC08,37252.0,37252_Baghbanpura Lahore-Z1 (3G-CI-1663),215.0,7252_Baghbanpura Lahore-Z1 (3G-CI-1663),LAHORE_CLUSTER_02_Urban,100%,0.0,22.0,0.0,36.0,0.0,253.0,33.0,52.0,0.0,14.0,2.4028,0.0,15684.0,15712.0,15666.0,15712.0,0.0,0.0,253.0,253.0,2.4028,100.0,34.0,34.0,0.0,253.0,22.0,22.0,3.8695,11.4644,7.7912,2.0583,0.8449,0.3289,0.1016,7.7912,2.0583,0.8449,0.3289,0.1016,2.4028,0.0
2021-04-01,21:00,HLHRBSC08,27252.0,27252_Baghbanpura Lahore-Z1 (3G-CI-1663),214.0,7252_Baghbanpura Lahore-Z1 (3G-CI-1663),LAHORE_CLUSTER_02_Urban,100%,0.0,23.0,0.0,91.0,0.0,252.0,126.0,128.0,0.0,68.0,1.2764,0.0,7312.0,7332.0,7330.0,7332.0,0.0,0.0,252.0,250.0,1.2764,100.0,28.0,30.0,0.0,250.0,23.0,23.0,5.1744,12.1751,8.232000000000001,1.7707,0.7973,0.4693,0.12,8.232000000000001,1.7707,0.7973,0.4693,0.12,1.2764,0.0
