Date,Time,GBSC,Cell CI,Cell Name,CellIndex,Site Name,Location,Integrity,_CallSetup TCH GOS(%)_N,_CallSetup TCH GOS(%)_D,_DCR_N,_DCR_D,_GOS-SDCCH(%)_N,_GOS-SDCCH(%)_D,_HSR%_N,_HSR%_D,_Mobility TCH GOS(%)_N,_Mobility TCH GOS(%)_D,_MTBD (Mean Time between Drop)_N,_MTBD (Mean Time between Drop)_D,_RxQual Index DL_1,_RxQual Index DL_2,_RxQual Index UL_1,_RxQual Index UL_2,CSSR_Non Blocking_1_N,CSSR_Non Blocking_2_N,CSSR_Non Blocking_1_D,CSSR_Non Blocking_2_D,GlobelTraffic,TCH Availability Rate,_cssr_Call Setup Indications (Circuit Service)_N_1,_Cssr_Channel Requests (Circuit Service)_D_1,_CSSR_Call Drops on SDCCH_N_2,_CSSR_Successful SDCCH Seizures_D_2,_CSSR_Successful TCH Seizures (Traffic Channel)_N_3,_CSSR_TCH Seizure Requests (Traffic Channel)_D_3,Interference Band Proportion (4~5)(%),Interference Band 345,Mean Number of TCH in Interference Band 1,Mean Number of TCH in Interference Band 2,Mean Number of TCH in Interference Band 3,Mean Number of TCH in Interference Band 4,Mean Number of TCH in Interference Band 5,Mean Number of TCH in Interference Band 1.1,Mean Number of TCH in Interference Band 2.1,Mean Number of TCH in Interference Band 3.1,Mean Number of TCH in Interference Band 4.1,Mean Number of TCH in Interference Band 5.1,K3014:Traffic Volume on TCH(Erl),CM33:Call Drops on Traffic Channel
2021-04-01,20:00,HKNWBSC02,32709.0,CII-2709-3_Main Bazar Talamba (Micro) Khanewal,158.0,CII-2709_Main Bazar Talamba (Micro) Khanewal,SAHIWAL_CLUSTER_04_Rural,100%,0.0,92.0,1.0,150.0,0.0,333.0,105.0,107.0,0.0,58.0,3.3486,1.0,20169.0,20941.0,20646.0,20941.0,0.0,0.0,333.0,319.0,3.3486,100.0,173.0,174.0,0.0,319.0,92.0,92.0,1.5439,5.2732,9.1573,1.4773,0.4187,0.10400000000000001,0.0693,1.4773,0.4187,9.1573,0.10400000000000001,0.0693,3.3486,1.0
2021-04-01,20:00,HKNWBSC02,22709.0,CII-2709-2_Main Bazar Talamba (Micro) Khanewal,157.0,CII-2709_Main Bazar Talamba (Micro) Khanewal,SAHIWAL_CLUSTER_04_Rural,100%,0.0,68.0,0.0,121.0,0.0,221.0,107.0,111.0,0.0,53.0,3.4319,0.0,22598.0,23083.0,22990.0,23083.0,1.0,1.0,221.0,216.0,3.4319,100.0,124.0,124.0,1.0,216.0,68.0,68.0,0.0,0.0801,13.0451,0.2342,0.0106,0.0,0.0,0.2342,0.0106,13.0451,0.0,0.0,3.4319,0.0
2021-04-01,20:00,HKNWBSC02,12709.0,CII-2709-1_Main Bazar Talamba (Micro) Khanewal,156.0,CII-2709_Main Bazar Talamba (Micro) Khanewal,SAHIWAL_CLUSTER_04_Rural,100%,0.0,76.0,1.0,129.0,0.0,538.0,104.0,104.0,0.0,54.0,5.1014,1.0,34348.0,34976.0,34634.0,34976.0,4.0,5.0,538.0,503.0,5.1014,100.0,196.0,197.0,4.0,503.0,75.0,76.0,0.0,0.0,11.4169,0.165,0.0,0.0,0.0,0.165,0.0,11.4169,0.0,0.0,5.1014,1.0
2021-04-01,20:00,HKNWBSC02,32560.0,CII-2560-3_Din Pur Khanewal (3G-CII-4423),253.0,CII-2560_Din Pur Khanewal (3G-CII-4423),SAHIWAL_CLUSTER_04_Rural,100%,46.0,1817.0,16.0,1920.0,0.0,5043.0,430.0,481.0,20.0,188.0,48.6056,16.0,302612.0,309531.0,304196.0,309531.0,0.0,18.0,5043.0,4951.0,48.6056,100.0,2861.0,2891.0,0.0,4951.0,1753.0,1817.0,0.0,1.2568,4.7853,0.125,0.0625,0.0,0.0,0.125,0.0625,4.7853,0.0,0.0,48.6056,16.0
2021-04-01,20:00,HKNWBSC02,22560.0,CII-2560-2_Din Pur Khanewal (3G-CII-4423),249.0,CII-2560_Din Pur Khanewal (3G-CII-4423),SAHIWAL_CLUSTER_04_Rural,100%,0.0,569.0,7.0,783.0,0.0,1352.0,418.0,426.0,0.0,212.0,26.7278,7.0,175103.0,176652.0,176170.0,176652.0,0.0,0.0,1352.0,1341.0,26.7278,100.0,895.0,902.0,0.0,1341.0,569.0,569.0,0.0887,0.4134,33.2125,2.376,0.11599999999999999,0.0106,0.0211,2.376,0.11599999999999999,33.2125,0.0106,0.0211,26.7278,7.0
2021-04-01,20:00,HKNWBSC02,12560.0,CII-2560-1_Din Pur Khanewal (3G-CII-4423),229.0,CII-2560_Din Pur Khanewal (3G-CII-4423),SAHIWAL_CLUSTER_04_Rural,100%,0.0,537.0,2.0,707.0,0.0,1132.0,333.0,351.0,0.0,173.0,18.3306,2.0,119678.0,121192.0,120676.0,121192.0,0.0,3.0,1132.0,1128.0,18.3306,100.0,874.0,874.0,0.0,1128.0,534.0,537.0,0.0,0.5069,13.8998,0.8406,0.0751,0.0,0.0,0.8406,0.0751,13.8998,0.0,0.0,18.3306,2.0
2021-04-01,20:00,HKNWBSC02,35504.0,35504_Haveli Koranga Khanewal,155.0,5504_Haveli Koranga Khanewal,SAHIWAL_CLUSTER_04_Rural,100%,0.0,62.0,1.0,86.0,0.0,713.0,53.0,58.0,0.0,27.0,2.4028,1.0,15199.0,15637.0,15390.0,15637.0,0.0,1.0,713.0,698.0,2.4028,100.0,271.0,272.0,0.0,698.0,61.0,62.0,0.0,0.0,8.1851,0.0238,0.0,0.0,0.0,0.0238,0.0,8.1851,0.0,0.0,2.4028,1.0
2021-04-01,20:00,HKNWBSC02,25504.0,25504_Haveli Koranga Khanewal,154.0,5504_Haveli Koranga Khanewal,SAHIWAL_CLUSTER_04_Rural,100%,0.0,353.0,2.0,415.0,0.0,973.0,140.0,166.0,0.0,65.0,11.75,2.0,74135.0,75871.0,75076.0,75871.0,0.0,1.0,973.0,944.0,11.75,100.0,592.0,596.0,0.0,944.0,352.0,353.0,0.0,0.0735,3.8718,0.0581,0.0029,0.0,0.0,0.0581,0.0029,3.8718,0.0,0.0,11.75,2.0
2021-04-01,20:00,HKNWBSC02,15504.0,15504_Haveli Koranga Khanewal,153.0,5504_Haveli Koranga Khanewal,SAHIWAL_CLUSTER_04_Rural,100%,0.0,124.0,6.0,361.0,0.0,1795.0,480.0,515.0,0.0,250.0,4.5833,6.0,26879.0,27172.0,26897.0,27172.0,0.0,11.0,1795.0,1757.0,4.5833,100.0,261.0,269.0,0.0,1757.0,113.0,124.0,0.0,0.0,9.8794,0.0,0.0,0.0,0.0,0.0,0.0,9.8794,0.0,0.0,4.5833,6.0
2021-04-01,20:00,HKNWBSC02,22286.0,CII-2286-2_Faisal Town Shamali Khanewal (3G-CII-3753),151.0,CII-2286_Faisal Town Shamali Khanewal (3G-CII-3753),SAHIWAL_CLUSTER_04_Rural,100%,0.0,67.0,0.0,120.0,0.0,313.0,113.0,116.0,0.0,54.0,2.325,0.0,14318.0,14345.0,14177.0,14345.0,0.0,1.0,313.0,312.0,2.325,100.0,168.0,168.0,0.0,312.0,66.0,67.0,0.0,54.8012,6.0924,0.2665,7.7098,0.0,0.0,0.2665,7.7098,6.0924,0.0,0.0,2.325,0.0
2021-04-01,20:00,HKNWBSC02,12286.0,CII-2286-1_Faisal Town Shamali Khanewal (3G-CII-3753),150.0,CII-2286_Faisal Town Shamali Khanewal (3G-CII-3753),SAHIWAL_CLUSTER_04_Rural,100%,0.0,40.0,0.0,73.0,0.0,168.0,61.0,62.0,0.0,33.0,1.4486,0.0,9352.0,9422.0,9391.0,9422.0,0.0,0.0,168.0,168.0,1.4486,100.0,105.0,105.0,0.0,168.0,40.0,40.0,0.1959,0.3591,15.9263,0.1342,0.0263,0.0237,0.0079,0.1342,0.0263,15.9263,0.0237,0.0079,1.4486,0.0
2021-04-01,20:00,HKNWBSC02,32311.0,CII-2311-3_Dabrran Wala Mohalla Khanewal (3G-CII-4730),149.0,CII-2311_Dabrran Wala Mohalla Khanewal (3G-CII-4730),SAHIWAL_CLUSTER_04_Rural,100%,0.0,19.0,0.0,68.0,0.0,130.0,100.0,102.0,0.0,51.0,0.9764,0.0,6567.0,6634.0,6608.0,6634.0,0.0,1.0,130.0,124.0,0.9764,100.0,59.0,64.0,0.0,124.0,18.0,19.0,0.0339,0.1693,6.8697,0.9707,0.0106,0.0027,0.0,0.9707,0.0106,6.8697,0.0027,0.0,0.9764,0.0
2021-04-01,20:00,HKNWBSC02,22311.0,CII-2311-2_Dabrran Wala Mohalla Khanewal (3G-CII-4730),148.0,CII-2311_Dabrran Wala Mohalla Khanewal (3G-CII-4730),SAHIWAL_CLUSTER_04_Rural,100%,0.0,13.0,0.0,44.0,0.0,63.0,53.0,57.0,0.0,31.0,1.8597,0.0,10480.0,12725.0,12167.0,12725.0,0.0,0.0,63.0,63.0,1.8597,100.0,35.0,35.0,0.0,63.0,13.0,13.0,0.0,0.5202,7.4347,0.7022,0.0426,0.0,0.0,0.7022,0.0426,7.4347,0.0,0.0,1.8597,0.0
2021-04-01,20:00,HKNWBSC02,12311.0,CII-2311-1_Dabrran Wala Mohalla Khanewal (3G-CII-4730),147.0,CII-2311_Dabrran Wala Mohalla Khanewal (3G-CII-4730),SAHIWAL_CLUSTER_04_Rural,100%,0.0,8.0,0.0,21.0,0.0,48.0,25.0,25.0,0.0,13.0,0.3681,0.0,2414.0,2416.0,2415.0,2416.0,0.0,0.0,48.0,47.0,0.3681,100.0,25.0,25.0,0.0,47.0,8.0,8.0,0.8356,14.0258,1.5194,7.5169,1.3864,0.0772,0.0106,7.5169,1.3864,1.5194,0.0772,0.0106,0.3681,0.0
2021-04-01,20:00,HKNWBSC02,34256.0,34256_Pull Bagar Khanewal (3G-CII-4394),146.0,4256_Pull Bagar Khanewal (3G-CII-4394),SAHIWAL_CLUSTER_04_Rural,100%,0.0,895.0,23.0,1105.0,0.0,2719.0,502.0,570.0,2.0,282.0,23.8639,23.0,141470.0,143421.0,142627.0,143421.0,1.0,50.0,2719.0,2635.0,23.8639,100.0,1311.0,1334.0,1.0,2635.0,846.0,895.0,0.0,0.0,20.5333,0.0229,0.0,0.0,0.0,0.0229,0.0,20.5333,0.0,0.0,23.8639,23.0
2021-04-01,20:00,HKNWBSC02,24256.0,24256_Pull Bagar Khanewal (3G-CII-4394),145.0,4256_Pull Bagar Khanewal (3G-CII-4394),SAHIWAL_CLUSTER_04_Rural,100%,0.0,1283.0,16.0,1471.0,0.0,2672.0,481.0,520.0,0.0,263.0,29.9222,16.0,173592.0,174236.0,172918.0,174236.0,0.0,59.0,2672.0,2661.0,29.9222,100.0,1848.0,1857.0,0.0,2661.0,1224.0,1283.0,0.0093,86.0177,3.593,0.382,24.4509,0.0027,0.0,0.382,24.4509,3.593,0.0027,0.0,29.9222,16.0
2021-04-01,20:00,HKNWBSC02,14256.0,14256_Pull Bagar Khanewal (3G-CII-4394),144.0,4256_Pull Bagar Khanewal (3G-CII-4394),SAHIWAL_CLUSTER_04_Rural,100%,0.0,581.0,7.0,888.0,0.0,1308.0,562.0,612.0,2.0,320.0,20.1333,7.0,124908.0,126317.0,125762.0,126317.0,0.0,7.0,1308.0,1293.0,20.1333,100.0,1035.0,1039.0,0.0,1293.0,574.0,581.0,0.0,0.0,10.17,0.0027,0.0,0.0,0.0,0.0027,0.0,10.17,0.0,0.0,20.1333,7.0
2021-04-01,20:00,HKNWBSC02,35602.0,35602_Old Sabzi Mandi Rail Khanewal (3G-CII-3796),143.0,5602_Old Sabzi Mandi Rail Khanewal (3G-CII-3796),SAHIWAL_CLUSTER_04_Rural,100%,0.0,254.0,0.0,553.0,0.0,772.0,591.0,593.0,0.0,299.0,9.9375,0.0,63315.0,63428.0,63244.0,63428.0,0.0,0.0,772.0,771.0,9.9375,100.0,462.0,462.0,0.0,771.0,254.0,254.0,0.2485,1.0804,26.1459,1.4854,0.2324,0.0427,0.0267,1.4854,0.2324,26.1459,0.0427,0.0267,9.9375,0.0
2021-04-01,20:00,HKNWBSC02,25602.0,25602_Old Sabzi Mandi Rail Khanewal (3G-CII-3796),142.0,5602_Old Sabzi Mandi Rail Khanewal (3G-CII-3796),SAHIWAL_CLUSTER_04_Rural,100%,0.0,152.0,3.0,252.0,0.0,609.0,180.0,187.0,0.0,93.0,5.025,3.0,29113.0,30538.0,30280.0,30538.0,0.0,0.0,609.0,593.0,5.025,100.0,393.0,404.0,0.0,593.0,152.0,152.0,11.1779,23.6465,4.7851,2.9024,1.2554,0.58,0.5454,2.9024,1.2554,4.7851,0.58,0.5454,5.025,3.0
2021-04-01,20:00,HKNWBSC02,15602.0,15602_Old Sabzi Mandi Rail Khanewal (3G-CII-3796),141.0,5602_Old Sabzi Mandi Rail Khanewal (3G-CII-3796),SAHIWAL_CLUSTER_04_Rural,100%,0.0,381.0,6.0,744.0,0.0,1937.0,647.0,681.0,0.0,353.0,17.3514,6.0,105304.0,108544.0,107570.0,108546.0,0.0,9.0,1937.0,1803.0,17.3514,100.0,746.0,854.0,0.0,1803.0,372.0,381.0,1.4587,7.5574,6.0358,1.1737,0.4756,0.0686,0.0451,1.1737,0.4756,6.0358,0.0686,0.0451,17.3514,6.0
2021-04-01,20:00,HKNWBSC02,35603.0,35603_Chak Sharaja Khanewal (3G-CII-4459),140.0,5603_Chak Sharaja Khanewal (3G-CII-4459),SAHIWAL_CLUSTER_04_Rural,100%,0.0,359.0,9.0,714.0,0.0,1442.0,514.0,549.0,0.0,342.0,14.6819,9.0,85178.0,87154.0,86514.0,87154.0,0.0,0.0,1442.0,1384.0,14.6819,100.0,654.0,665.0,0.0,1384.0,359.0,359.0,0.5274,2.5463,22.3408,3.3328,0.5319,0.1336,0.0054,3.3328,0.5319,22.3408,0.1336,0.0054,14.6819,9.0
2021-04-01,20:00,HKNWBSC02,25603.0,25603_Chak Sharaja Khanewal (3G-CII-4459),139.0,5603_Chak Sharaja Khanewal (3G-CII-4459),SAHIWAL_CLUSTER_04_Rural,100%,0.0,358.0,1.0,646.0,0.0,1154.0,581.0,587.0,0.0,295.0,12.6139,1.0,75990.0,76480.0,76216.0,76480.0,0.0,5.0,1154.0,1149.0,12.6139,100.0,739.0,740.0,0.0,1149.0,353.0,358.0,0.9731,2.427,23.248,1.1239,0.3632,0.1309,0.1122,1.1239,0.3632,23.248,0.1309,0.1122,12.6139,1.0
2021-04-01,20:00,HKNWBSC02,15603.0,15603_Chak Sharaja Khanewal (3G-CII-4459),138.0,5603_Chak Sharaja Khanewal (3G-CII-4459),SAHIWAL_CLUSTER_04_Rural,100%,0.0,507.0,3.0,910.0,0.0,2644.0,828.0,864.0,0.0,405.0,15.5792,3.0,89838.0,92248.0,91810.0,92248.0,1.0,4.0,2644.0,2577.0,15.5792,100.0,1618.0,1650.0,1.0,2577.0,504.0,507.0,0.1863,0.5523,22.1664,1.0102,0.0853,0.0434,0.0,1.0102,0.0853,22.1664,0.0434,0.0,15.5792,3.0
2021-04-01,20:00,HKNWBSC02,35501.0,35501_Kot Islam Khanewal (3G-CII-4359),123.0,5501_Kot Islam Khanewal (3G-CII-4359),SAHIWAL_CLUSTER_04_Rural,100%,0.0,1006.0,1.0,1192.0,0.0,1975.0,332.0,346.0,0.0,189.0,27.0514,1.0,167193.0,168952.0,168027.0,168952.0,0.0,4.0,1975.0,1950.0,27.0514,100.0,1640.0,1645.0,0.0,1950.0,1002.0,1006.0,0.0389,0.2822,26.0641,1.2022,0.0665,0.0027,0.008,1.2022,0.0665,26.0641,0.0027,0.008,27.0514,1.0
2021-04-01,20:00,HKNWBSC02,35121.0,35121_Chak No 129 L Khanewal (3G-CII-4491),122.0,5121_Chak No 129 L Khanewal (3G-CII-4491),SAHIWAL_CLUSTER_04_Rural,100%,0.0,35.0,0.0,85.0,0.0,471.0,103.0,109.0,0.0,51.0,3.3417,0.0,22275.0,23543.0,23071.0,23543.0,0.0,1.0,471.0,465.0,3.3417,100.0,280.0,282.0,0.0,465.0,34.0,35.0,0.0,0.0,12.115,0.04,0.0,0.0,0.0,0.04,0.0,12.115,0.0,0.0,3.3417,0.0
2021-04-01,20:00,HKNWBSC02,25121.0,25121_Chak No 129 L Khanewal (3G-CII-4491),121.0,5121_Chak No 129 L Khanewal (3G-CII-4491),SAHIWAL_CLUSTER_04_Rural,100%,0.0,69.0,0.0,129.0,0.0,406.0,114.0,116.0,0.0,60.0,2.0125,0.0,12904.0,12924.0,12849.0,12924.0,0.0,0.0,406.0,291.0,2.0125,100.0,152.0,152.0,0.0,291.0,69.0,69.0,0.12,0.4286,15.2183,0.2289,0.0479,0.0133,0.0053,0.2289,0.0479,15.2183,0.0133,0.0053,2.0125,0.0
2021-04-01,20:00,HKNWBSC02,34426.0,34426_Chak No 7 R Karmali Khanewal,120.0,4426_Chak No 7 R Karmali Khanewal,SAHIWAL_CLUSTER_04_Rural,100%,0.0,49.0,0.0,76.0,0.0,374.0,39.0,49.0,0.0,28.0,1.9611,0.0,11211.0,12023.0,11932.0,12023.0,0.0,1.0,374.0,362.0,1.9611,100.0,78.0,80.0,0.0,362.0,48.0,49.0,0.0,0.1517,5.8066,1.2186,0.0107,0.0,0.0,1.2186,0.0107,5.8066,0.0,0.0,1.9611,0.0
2021-04-01,20:00,HKNWBSC02,24426.0,24426_Chak No 7 R Karmali Khanewal,119.0,4426_Chak No 7 R Karmali Khanewal,SAHIWAL_CLUSTER_04_Rural,100%,0.0,62.0,2.0,68.0,0.0,107.0,21.0,21.0,0.0,6.0,1.4153,2.0,6508.0,8133.0,7225.0,8133.0,0.0,0.0,107.0,105.0,1.4153,100.0,82.0,83.0,0.0,105.0,62.0,62.0,0.0,0.1036,7.6117,0.0798,0.008,0.0,0.0,0.0798,0.008,7.6117,0.0,0.0,1.4153,2.0
2021-04-01,20:00,HKNWBSC02,25501.0,25501_Kot Islam Khanewal (3G-CII-4359),118.0,5501_Kot Islam Khanewal (3G-CII-4359),SAHIWAL_CLUSTER_04_Rural,100%,0.0,601.0,7.0,803.0,0.0,2086.0,399.0,418.0,0.0,207.0,22.7583,7.0,138698.0,140316.0,139720.0,140316.0,0.0,4.0,2086.0,2047.0,22.7583,100.0,1591.0,1609.0,0.0,2047.0,597.0,601.0,1.3429,3.7641,24.1599,1.0001,0.633,0.2979,0.0532,1.0001,0.633,24.1599,0.2979,0.0532,22.7583,7.0
2021-04-01,20:00,HKNWBSC02,15501.0,15501_Kot Islam Khanewal (3G-CII-4359),117.0,5501_Kot Islam Khanewal (3G-CII-4359),SAHIWAL_CLUSTER_04_Rural,100%,0.0,1069.0,4.0,1195.0,0.0,2598.0,234.0,262.0,0.0,124.0,29.0167,4.0,177534.0,179453.0,178993.0,179453.0,0.0,2.0,2598.0,2536.0,29.0167,100.0,1732.0,1750.0,0.0,2536.0,1067.0,1069.0,0.8877,5.1291,7.0613,1.0899,0.3644,0.0537,0.0226,1.0899,0.3644,7.0613,0.0537,0.0226,29.0167,4.0
2021-04-01,20:00,HKNWBSC02,35120.0,35120_Chak No 16 BR Khanewal,116.0,5120_Chak No 16 BR Khanewal,SAHIWAL_CLUSTER_04_Rural,100%,0.0,93.0,2.0,126.0,0.0,665.0,66.0,68.0,0.0,35.0,4.875,2.0,32631.0,33109.0,32753.0,33109.0,0.0,3.0,665.0,659.0,4.875,100.0,553.0,556.0,0.0,659.0,90.0,93.0,0.0,0.0829,9.4898,0.1097,0.008,0.0,0.0,0.1097,0.008,9.4898,0.0,0.0,4.875,2.0
2021-04-01,20:00,HKNWBSC02,25120.0,25120_Chak No 16 BR Khanewal,115.0,5120_Chak No 16 BR Khanewal,SAHIWAL_CLUSTER_04_Rural,100%,0.0,293.0,6.0,415.0,0.0,926.0,263.0,284.0,0.0,129.0,7.1236,6.0,40310.0,42270.0,41370.0,42270.0,0.0,4.0,926.0,902.0,7.1236,100.0,606.0,629.0,0.0,902.0,289.0,293.0,0.2355,1.038,14.9501,0.1168,0.1222,0.0279,0.008,0.1168,0.1222,14.9501,0.0279,0.008,7.1236,6.0
2021-04-01,20:00,HKNWBSC02,15120.0,15120_Chak No 16 BR Khanewal,114.0,5120_Chak No 16 BR Khanewal,SAHIWAL_CLUSTER_04_Rural,100%,0.0,27.0,0.0,33.0,0.0,90.0,11.0,12.0,0.0,7.0,1.8958,0.0,12460.0,12888.0,12727.0,12888.0,0.0,1.0,90.0,85.0,1.8958,100.0,47.0,48.0,0.0,85.0,26.0,27.0,0.3857,0.5143,14.2934,0.0743,0.0186,0.0106,0.0451,0.0743,0.0186,14.2934,0.0106,0.0451,1.8958,0.0
2021-04-01,20:00,HKNWBSC02,15121.0,15121_Chak No 129 L Khanewal (3G-CII-4491),113.0,5121_Chak No 129 L Khanewal (3G-CII-4491),SAHIWAL_CLUSTER_04_Rural,100%,0.0,490.0,8.0,628.0,0.0,1287.0,278.0,309.0,0.0,145.0,18.8264,8.0,119751.0,121295.0,119705.0,121295.0,0.0,5.0,1287.0,1283.0,18.8264,100.0,836.0,838.0,0.0,1283.0,485.0,490.0,0.0127,0.0127,20.9003,0.0027,0.0,0.0027,0.0,0.0027,0.0,20.9003,0.0027,0.0,18.8264,8.0
2021-04-01,20:00,HKNWBSC02,14426.0,14426_Chak No 7 R Karmali Khanewal,112.0,4426_Chak No 7 R Karmali Khanewal,SAHIWAL_CLUSTER_04_Rural,100%,0.0,107.0,8.0,167.0,0.0,702.0,118.0,128.0,0.0,71.0,4.8236,8.0,28056.0,30618.0,29331.0,30618.0,0.0,10.0,702.0,671.0,4.8236,100.0,341.0,346.0,0.0,671.0,97.0,107.0,0.0,0.7474,2.6319999999999997,0.2283,0.0215,0.0,0.0,0.2283,0.0215,2.6319999999999997,0.0,0.0,4.8236,8.0
2021-04-01,20:00,HKNWBSC02,24427.0,24427_Husnain Abad Khanewal (3G-CII-4477),110.0,4427_Husnain Abad Khanewal (3G-CII-4477),SAHIWAL_CLUSTER_04_Rural,100%,0.0,83.0,0.0,182.0,0.0,440.0,206.0,207.0,0.0,99.0,3.7014,0.0,24673.0,24767.0,24673.0,24767.0,0.0,0.0,440.0,415.0,3.7014,100.0,163.0,167.0,0.0,415.0,83.0,83.0,0.1281,0.8199,9.8963,0.3989,0.0718,0.0133,0.0,0.3989,0.0718,9.8963,0.0133,0.0,3.7014,0.0
2021-04-01,20:00,HKNWBSC02,34430.0,34430_Sindhlianwali Toba Tek Singh,109.0,4430_Sindhlianwali Toba Tek Singh,SAHIWAL_CLUSTER_04_Rural,100%,0.0,115.0,1.0,150.0,0.0,477.0,61.0,65.0,0.0,37.0,6.3625,1.0,41994.0,42631.0,42306.0,42631.0,0.0,1.0,477.0,461.0,6.3625,100.0,204.0,210.0,0.0,461.0,114.0,115.0,0.0163,0.2121,16.2327,0.0373,0.0319,0.0,0.0027,0.0373,0.0319,16.2327,0.0,0.0027,6.3625,1.0
2021-04-01,20:00,HKNWBSC02,24430.0,24430_Sindhlianwali Toba Tek Singh,108.0,4430_Sindhlianwali Toba Tek Singh,SAHIWAL_CLUSTER_04_Rural,100%,0.0,66.0,0.0,80.0,0.0,272.0,32.0,34.0,0.0,15.0,3.9306,0.0,26835.0,27026.0,27024.0,27026.0,0.0,1.0,272.0,243.0,3.9306,100.0,133.0,144.0,0.0,243.0,65.0,66.0,7.0084,16.6013,7.3171,1.4659,1.0103,0.509,0.2291,1.4659,1.0103,7.3171,0.509,0.2291,3.9306,0.0
2021-04-01,20:00,HKNWBSC02,14430.0,14430_Sindhlianwali Toba Tek Singh,107.0,4430_Sindhlianwali Toba Tek Singh,SAHIWAL_CLUSTER_04_Rural,100%,0.0,27.0,0.0,58.0,0.0,253.0,63.0,64.0,0.0,31.0,0.9014,0.0,4906.0,4974.0,4957.0,4974.0,0.0,0.0,253.0,251.0,0.9014,100.0,67.0,67.0,0.0,251.0,27.0,27.0,0.0391,0.0783,6.7615,0.0319,0.0027,0.0,0.0027,0.0319,0.0027,6.7615,0.0,0.0027,0.9014,0.0
2021-04-01,20:00,HKNWBSC02,34435.0,34435_PTCL Exchange Talamba Khanewal,102.0,4435_PTCL Exchange Talamba Khanewal,SAHIWAL_CLUSTER_04_Rural,100%,0.0,113.0,5.0,172.0,0.0,351.0,121.0,129.0,0.0,60.0,4.3444,5.0,24214.0,26176.0,25297.0,26176.0,1.0,4.0,351.0,339.0,4.3444,100.0,218.0,230.0,1.0,339.0,110.0,113.0,0.2044,1.0224,2.4054,0.4419,0.0235,0.0059,0.0,0.4419,0.0235,2.4054,0.0059,0.0,4.3444,5.0
2021-04-01,20:00,HKNWBSC02,24435.0,24435_PTCL Exchange Talamba Khanewal,101.0,4435_PTCL Exchange Talamba Khanewal,SAHIWAL_CLUSTER_04_Rural,100%,0.0,54.0,1.0,71.0,0.0,196.0,35.0,37.0,0.0,17.0,2.6042,1.0,16209.0,16923.0,16821.0,16923.0,0.0,0.0,196.0,194.0,2.6042,100.0,87.0,87.0,0.0,194.0,54.0,54.0,0.0,0.2255,5.619,0.2886,0.0134,0.0,0.0,0.2886,0.0134,5.619,0.0,0.0,2.6042,1.0
2021-04-01,20:00,HKNWBSC02,14435.0,14435_PTCL Exchange Talamba Khanewal,99.0,4435_PTCL Exchange Talamba Khanewal,SAHIWAL_CLUSTER_04_Rural,100%,0.0,25.0,0.0,67.0,0.0,72.0,90.0,92.0,0.0,42.0,0.9694,0.0,6457.0,6665.0,6617.0,6665.0,0.0,0.0,72.0,72.0,0.9694,100.0,36.0,36.0,0.0,72.0,25.0,25.0,0.2375,0.8971,9.3238,0.7192,0.0668,0.0134,0.0107,0.7192,0.0668,9.3238,0.0134,0.0107,0.9694,0.0
2021-04-01,20:00,HKNWBSC02,14427.0,14427_Husnain Abad Khanewal (3G-CII-4477),97.0,4427_Husnain Abad Khanewal (3G-CII-4477),SAHIWAL_CLUSTER_04_Rural,100%,0.0,135.0,7.0,300.0,0.0,638.0,320.0,339.0,0.0,174.0,6.2278,7.0,37879.0,38584.0,37821.0,38584.0,0.0,0.0,638.0,633.0,6.2278,100.0,308.0,311.0,0.0,633.0,135.0,135.0,0.0,0.0631,24.9861,0.1163,0.0158,0.0,0.0,0.1163,0.0158,24.9861,0.0,0.0,6.2278,7.0
2021-04-01,20:00,HKNWBSC02,34425.0,34425_Mohsinwal Khanewal,93.0,4425_Mohsinwal Khanewal,SAHIWAL_CLUSTER_04_Rural,100%,0.0,101.0,1.0,200.0,0.0,1016.0,193.0,200.0,0.0,100.0,5.9958,1.0,39435.0,40412.0,40135.0,40412.0,0.0,1.0,1016.0,958.0,5.9958,100.0,177.0,178.0,0.0,958.0,100.0,101.0,0.084,0.1681,12.6114,0.0844,0.0107,0.0053,0.0053,0.0844,0.0107,12.6114,0.0053,0.0053,5.9958,1.0
2021-04-01,20:00,HKNWBSC02,24425.0,24425_Mohsinwal Khanewal,92.0,4425_Mohsinwal Khanewal,SAHIWAL_CLUSTER_04_Rural,100%,0.0,9.0,0.0,12.0,0.0,297.0,6.0,7.0,0.0,3.0,0.2486,0.0,1486.0,1497.0,1475.0,1497.0,0.0,0.0,297.0,273.0,0.2486,100.0,18.0,21.0,0.0,273.0,9.0,9.0,6.0162,11.1544,6.5989,0.7059,0.4225,0.4465,0.0481,0.7059,0.4225,6.5989,0.4465,0.0481,0.2486,0.0
2021-04-01,20:00,HKNWBSC02,14425.0,14425_Mohsinwal Khanewal,91.0,4425_Mohsinwal Khanewal,SAHIWAL_CLUSTER_04_Rural,100%,0.0,83.0,1.0,130.0,0.0,220.0,91.0,91.0,0.0,47.0,2.6917,1.0,16483.0,16692.0,16390.0,16692.0,0.0,0.0,220.0,218.0,2.6917,100.0,132.0,133.0,0.0,218.0,83.0,83.0,0.3033,9.3351,7.9973,3.1653,1.112,0.032,0.0053,3.1653,1.112,7.9973,0.032,0.0053,2.6917,1.0
2021-04-01,20:00,HKNWBSC02,34272.0,34272_Pul Bagar Shorkot Road Khanewal (3G-CII-4458),89.0,4272_Pul Bagar Shorkot Road Khanewal (3G-CII-4458),SAHIWAL_CLUSTER_04_Rural,100%,0.0,647.0,1.0,773.0,0.0,1900.0,244.0,250.0,0.0,130.0,15.7444,1.0,96696.0,97421.0,97104.0,97421.0,0.0,3.0,1900.0,1855.0,15.7444,100.0,1134.0,1141.0,0.0,1855.0,644.0,647.0,0.0,0.6061,14.7942,0.5508,0.0936,0.0,0.0,0.5508,0.0936,14.7942,0.0,0.0,15.7444,1.0
2021-04-01,20:00,HKNWBSC02,24272.0,24272_Pul Bagar Shorkot Road Khanewal (3G-CII-4458),88.0,4272_Pul Bagar Shorkot Road Khanewal (3G-CII-4458),SAHIWAL_CLUSTER_04_Rural,100%,0.0,621.0,5.0,893.0,0.0,1558.0,509.0,538.0,0.0,281.0,15.9597,5.0,91151.0,91940.0,91620.0,91940.0,0.0,2.0,1558.0,1509.0,15.9597,100.0,1032.0,1041.0,0.0,1509.0,619.0,621.0,0.1936,1.2908,13.9379,0.9096,0.165,0.0291,0.0,0.9096,0.165,13.9379,0.0291,0.0,15.9597,5.0
2021-04-01,20:00,HKNWBSC02,14272.0,14272_Pul Bagar Shorkot Road Khanewal (3G-CII-4458),87.0,4272_Pul Bagar Shorkot Road Khanewal (3G-CII-4458),SAHIWAL_CLUSTER_04_Rural,100%,0.0,569.0,3.0,919.0,0.0,1334.0,730.0,747.0,0.0,344.0,16.6292,3.0,99099.0,100715.0,100265.0,100715.0,0.0,5.0,1334.0,1293.0,16.6292,100.0,899.0,912.0,0.0,1293.0,564.0,569.0,0.0,0.0219,35.443000000000005,1.1632,0.008,0.0,0.0,1.1632,0.008,35.443000000000005,0.0,0.0,16.6292,3.0
2021-04-01,20:00,HKNWBSC02,34428.0,34428_Ada Arotti Toba Tek Singh,81.0,4428_Ada Arotti Toba Tek Singh,SAHIWAL_CLUSTER_04_Rural,100%,0.0,61.0,0.0,60.0,0.0,270.0,2.0,3.0,0.0,0.0,2.0181,0.0,12216.0,12593.0,12540.0,12593.0,0.0,1.0,270.0,267.0,2.0181,100.0,101.0,103.0,0.0,267.0,60.0,61.0,0.1939,0.1939,5.5644,0.0,0.0,0.0027,0.0081,0.0,0.0,5.5644,0.0027,0.0081,2.0181,0.0
2021-04-01,20:00,HKNWBSC02,24428.0,24428_Ada Arotti Toba Tek Singh,80.0,4428_Ada Arotti Toba Tek Singh,SAHIWAL_CLUSTER_04_Rural,100%,0.0,5.0,0.0,14.0,0.0,136.0,10.0,11.0,0.0,8.0,0.1292,0.0,603.0,710.0,710.0,710.0,0.0,0.0,136.0,92.0,0.1292,100.0,12.0,12.0,0.0,92.0,5.0,5.0,0.0,0.0,7.6933,0.0267,0.0,0.0,0.0,0.0267,0.0,7.6933,0.0,0.0,0.1292,0.0
2021-04-01,20:00,HKNWBSC02,14428.0,14428_Ada Arotti Toba Tek Singh,79.0,4428_Ada Arotti Toba Tek Singh,SAHIWAL_CLUSTER_04_Rural,100%,0.0,0.0,0.0,0.0,0.0,34.0,0.0,0.0,0.0,0.0,0.0,0.0,0.0,0.0,0.0,0.0,0.0,0.0,34.0,27.0,0.0,100.0,0.0,0.0,0.0,27.0,0.0,0.0,0.0,0.0,11.6347,0.0133,0.0,0.0,0.0,0.0133,0.0,11.6347,0.0,0.0,0.0,0.0
2021-04-01,20:00,HKNWBSC02,34234.0,34234_Gulabad Khaliqabad Khanewal (3G-CII-4161),78.0,4234_Gulabad Khaliqabad Khanewal (3G-CII-4161),SAHIWAL_CLUSTER_04_Rural,100%,0.0,410.0,0.0,533.0,0.0,2099.0,242.0,265.0,0.0,127.0,14.7403,0.0,90360.0,91430.0,91168.0,91430.0,0.0,3.0,2099.0,2026.0,14.7403,100.0,771.0,796.0,0.0,2026.0,407.0,410.0,0.0,0.0202,26.5707,1.1773,0.0056,0.0,0.0,1.1773,0.0056,26.5707,0.0,0.0,14.7403,0.0
2021-04-01,20:00,HKNWBSC02,24234.0,24234_Gulabad Khaliqabad Khanewal (3G-CII-4161),77.0,4234_Gulabad Khaliqabad Khanewal (3G-CII-4161),SAHIWAL_CLUSTER_04_Rural,100%,0.0,132.0,1.0,203.0,0.0,1182.0,131.0,139.0,0.0,73.0,4.2444,1.0,24640.0,25800.0,25774.0,25800.0,0.0,1.0,1182.0,1140.0,4.2444,100.0,224.0,227.0,0.0,1140.0,131.0,132.0,0.0,0.0,11.8499,0.2656,0.0,0.0,0.0,0.2656,0.0,11.8499,0.0,0.0,4.2444,1.0
2021-04-01,20:00,HKNWBSC02,14234.0,14234_Gulabad Khaliqabad Khanewal (3G-CII-4161),76.0,4234_Gulabad Khaliqabad Khanewal (3G-CII-4161),SAHIWAL_CLUSTER_04_Rural,100%,0.0,336.0,21.0,406.0,0.0,1054.0,100.0,119.0,0.0,63.0,13.0889,21.0,77078.0,83786.0,81674.0,83787.0,0.0,6.0,1054.0,1017.0,13.0889,100.0,543.0,564.0,0.0,1017.0,330.0,336.0,0.0093,0.18600000000000003,28.631999999999998,0.0728,0.0508,0.0027,0.0,0.0728,0.0508,28.631999999999998,0.0027,0.0,13.0889,21.0
2021-04-01,20:00,HKNWBSC02,34275.0,34275_WLL Abdul Hakim Khanewal (3G-CII-3783),71.0,4275_WLL Abdul Hakim Khanewal (3G-CII-3783),SAHIWAL_CLUSTER_04_Rural,100%,0.0,297.0,5.0,646.0,0.0,1432.0,682.0,700.0,0.0,351.0,13.3819,5.0,82794.0,86013.0,85864.0,86013.0,0.0,2.0,1432.0,1400.0,13.3819,100.0,834.0,846.0,0.0,1400.0,295.0,297.0,3.1926,9.711,9.5516,2.2801,0.8542,0.2883,0.1301,2.2801,0.8542,9.5516,0.2883,0.1301,13.3819,5.0
2021-04-01,20:00,HKNWBSC02,24275.0,24275_WLL Abdul Hakim Khanewal (3G-CII-3783),70.0,4275_WLL Abdul Hakim Khanewal (3G-CII-3783),SAHIWAL_CLUSTER_04_Rural,100%,0.0,229.0,3.0,316.0,0.0,848.0,180.0,202.0,0.0,85.0,9.4167,3.0,59139.0,61461.0,60703.0,61461.0,0.0,1.0,848.0,807.0,9.4167,100.0,372.0,399.0,0.0,807.0,228.0,229.0,0.3159,2.1222,1.8216,0.49,0.0427,0.0037,0.0037,0.49,0.0427,1.8216,0.0037,0.0037,9.4167,3.0
2021-04-01,20:00,HKNWBSC02,14275.0,14275_WLL Abdul Hakim Khanewal (3G-CII-3783),69.0,4275_WLL Abdul Hakim Khanewal (3G-CII-3783),SAHIWAL_CLUSTER_04_Rural,100%,0.0,475.0,5.0,662.0,0.0,1933.0,345.0,355.0,0.0,191.0,19.9486,5.0,125099.0,129156.0,127777.0,129156.0,0.0,4.0,1933.0,1856.0,19.9486,100.0,915.0,937.0,0.0,1856.0,471.0,475.0,0.9903,3.5952,28.6179,1.9234,0.8252,0.212,0.1018,1.9234,0.8252,28.6179,0.212,0.1018,19.9486,5.0
2021-04-01,20:00,HKNWBSC02,34420.0,34420_PTCL Exchange Channu (Gold) Khanewal (3G-CII-3751),62.0,4420_PTCL Exchange Channu (Gold) Khanewal (3G-CII-3751),SAHIWAL_CLUSTER_04_Rural,100%,0.0,272.0,2.0,380.0,0.0,1486.0,231.0,233.0,0.0,109.0,14.6986,2.0,97666.0,97791.0,97402.0,97791.0,0.0,1.0,1486.0,1479.0,14.6986,100.0,531.0,532.0,0.0,1479.0,271.0,272.0,0.0,1.3428,37.7944,2.4784,0.5481,0.0,0.0,2.4784,0.5481,37.7944,0.0,0.0,14.6986,2.0
2021-04-01,20:00,HKNWBSC02,14420.0,14420_PTCL Exchange Channu (Gold) Khanewal (3G-CII-3751),60.0,4420_PTCL Exchange Channu (Gold) Khanewal (3G-CII-3751),SAHIWAL_CLUSTER_04_Rural,100%,1.0,153.0,1.0,245.0,0.0,677.0,171.0,176.0,0.0,95.0,8.7431,1.0,56470.0,57544.0,57130.0,57544.0,0.0,1.0,677.0,675.0,8.7431,100.0,290.0,290.0,0.0,675.0,151.0,153.0,0.0281,0.1123,18.7996,0.1357,0.016,0.0053,0.0,0.1357,0.016,18.7996,0.0053,0.0,8.7431,1.0
2021-04-01,20:00,HKNWBSC02,34274.0,34274_Cantt Abdul Hakim Khanewal (3G-CII-3792),59.0,4274_Cantt Abdul Hakim Khanewal (3G-CII-3792),SAHIWAL_CLUSTER_04_Rural,100%,0.0,364.0,3.0,797.0,0.0,1295.0,854.0,866.0,0.0,434.0,13.2694,3.0,79103.0,79435.0,79218.0,79435.0,0.0,1.0,1295.0,1282.0,13.2694,100.0,765.0,773.0,0.0,1282.0,363.0,364.0,1.083,5.5997,7.7979,2.2749,0.48200000000000004,0.0752,0.0403,2.2749,0.48200000000000004,7.7979,0.0752,0.0403,13.2694,3.0
2021-04-01,20:00,HKNWBSC02,24274.0,24274_Cantt Abdul Hakim Khanewal (3G-CII-3792),58.0,4274_Cantt Abdul Hakim Khanewal (3G-CII-3792),SAHIWAL_CLUSTER_04_Rural,100%,0.0,534.0,10.0,1140.0,0.0,2370.0,1218.0,1236.0,0.0,612.0,24.4736,10.0,153601.0,154432.0,152945.0,154432.0,0.0,4.0,2370.0,2279.0,24.4736,100.0,1031.0,1051.0,0.0,2279.0,530.0,534.0,0.1964,1.6644,15.1381,1.5495,0.2491,0.0333,0.0,1.5495,0.2491,15.1381,0.0333,0.0,24.4736,10.0
2021-04-01,20:00,HKNWBSC02,14274.0,14274_Cantt Abdul Hakim Khanewal (3G-CII-3792),57.0,4274_Cantt Abdul Hakim Khanewal (3G-CII-3792),SAHIWAL_CLUSTER_04_Rural,100%,0.0,654.0,4.0,1253.0,0.0,2728.0,1208.0,1234.0,0.0,617.0,22.8611,4.0,142910.0,145171.0,143654.0,145171.0,0.0,6.0,2728.0,2677.0,22.8611,100.0,1497.0,1525.0,0.0,2677.0,648.0,654.0,1.0,3.5601,15.5848,1.3695,0.4501,0.1172,0.0586,1.3695,0.4501,15.5848,0.1172,0.0586,22.8611,4.0
2021-04-01,20:00,HKNWBSC02,34670.0,34670_Adda 32 Motanwala Sahiwal,47.0,4670_Adda 32 Motanwala Sahiwal,SAHIWAL_CLUSTER_04_Rural,100%,0.0,43.0,2.0,52.0,0.0,229.0,14.0,16.0,0.0,9.0,2.0208,2.0,13199.0,13839.0,13651.0,13839.0,0.0,2.0,229.0,213.0,2.0208,100.0,90.0,90.0,0.0,213.0,41.0,43.0,0.0,0.0,3.0144,0.0692,0.0,0.0,0.0,0.0692,0.0,3.0144,0.0,0.0,2.0208,2.0
2021-04-01,20:00,HKNWBSC02,24670.0,24670_Adda 32 Motanwala Sahiwal,46.0,4670_Adda 32 Motanwala Sahiwal,SAHIWAL_CLUSTER_04_Rural,100%,0.0,50.0,0.0,93.0,0.0,479.0,62.0,81.0,0.0,46.0,2.3583,0.0,15483.0,15699.0,15677.0,15699.0,0.0,1.0,479.0,469.0,2.3583,100.0,145.0,145.0,0.0,469.0,49.0,50.0,0.0328,0.0328,8.0899,0.0186,0.0,0.0027,0.0,0.0186,0.0,8.0899,0.0027,0.0,2.3583,0.0
2021-04-01,20:00,HKNWBSC02,14670.0,14670_Adda 32 Motanwala Sahiwal,45.0,4670_Adda 32 Motanwala Sahiwal,SAHIWAL_CLUSTER_04_Rural,100%,0.0,38.0,0.0,40.0,0.0,115.0,8.0,8.0,0.0,3.0,1.2861,0.0,7787.0,7837.0,7831.0,7837.0,0.0,1.0,115.0,114.0,1.2861,100.0,55.0,55.0,0.0,114.0,37.0,38.0,0.4023,2.2132,5.1947,1.2853,0.12,0.0213,0.0053,1.2853,0.12,5.1947,0.0213,0.0053,1.2861,0.0
2021-04-01,20:00,HKNWBSC02,34423.0,34423_Fakhr Town Khanewal (3G-CII-3755),44.0,4423_Fakhr Town Khanewal (3G-CII-3755),SAHIWAL_CLUSTER_04_Rural,100%,0.0,115.0,1.0,186.0,0.0,803.0,128.0,128.0,0.0,71.0,4.7944,1.0,31000.0,31124.0,30495.0,31124.0,0.0,0.0,803.0,800.0,4.7944,100.0,230.0,231.0,0.0,800.0,115.0,115.0,0.9588,4.0943,6.9628,2.8803,0.3218,0.0745,0.0239,2.8803,0.3218,6.9628,0.0745,0.0239,4.7944,1.0
2021-04-01,20:00,HKNWBSC02,24423.0,24423_Fakhr Town Khanewal (3G-CII-3755),43.0,4423_Fakhr Town Khanewal (3G-CII-3755),SAHIWAL_CLUSTER_04_Rural,100%,0.0,162.0,0.0,196.0,0.0,970.0,66.0,66.0,0.0,34.0,6.2306,0.0,41351.0,41616.0,40806.0,41616.0,0.0,0.0,970.0,959.0,6.2306,100.0,250.0,256.0,0.0,959.0,162.0,162.0,0.0519,0.1039,5.4586,0.2145,0.003,0.0,0.003,0.2145,0.003,5.4586,0.0,0.003,6.2306,0.0
2021-04-01,20:00,HKNWBSC02,34422.0,34422_Nisar Colony Khanewal,41.0,4422_Nisar Colony Khanewal,SAHIWAL_CLUSTER_04_Rural,100%,0.0,29.0,0.0,65.0,0.0,322.0,74.0,75.0,0.0,36.0,0.8444,0.0,5149.0,5149.0,5146.0,5149.0,1.0,1.0,322.0,319.0,0.8444,100.0,94.0,94.0,1.0,319.0,29.0,29.0,0.0356,0.3748,13.6815,1.2201,0.0507,0.0053,0.0,1.2201,0.0507,13.6815,0.0053,0.0,0.8444,0.0
2021-04-01,20:00,HKNWBSC02,24422.0,24422_Nisar Colony Khanewal,40.0,4422_Nisar Colony Khanewal,SAHIWAL_CLUSTER_04_Rural,100%,0.0,24.0,0.0,36.0,0.0,157.0,26.0,26.0,0.0,12.0,2.5847,0.0,18231.0,18234.0,18234.0,18234.0,0.0,0.0,157.0,152.0,2.5847,100.0,62.0,62.0,0.0,152.0,24.0,24.0,0.0,0.2083,3.7781,0.0642,0.008,0.0,0.0,0.0642,0.008,3.7781,0.0,0.0,2.5847,0.0
2021-04-01,20:00,HKNWBSC02,14422.0,14422_Nisar Colony Khanewal,39.0,4422_Nisar Colony Khanewal,SAHIWAL_CLUSTER_04_Rural,100%,0.0,109.0,1.0,232.0,0.0,666.0,226.0,239.0,0.0,126.0,6.7514,1.0,42921.0,46289.0,44750.0,46289.0,0.0,3.0,666.0,657.0,6.7514,100.0,256.0,260.0,0.0,657.0,106.0,109.0,0.1427,0.9012,4.9447,0.7777,0.0438,0.0055,0.0028,0.7777,0.0438,4.9447,0.0055,0.0028,6.7514,1.0
2021-04-01,20:00,HKNWBSC02,35500.0,35500_Shaike e Madina Kabeerwala Khanewal (3G-CII-4502),35.0,5500_Shaike e Madina Kabeerwala Khanewal (3G-CII-4502),SAHIWAL_CLUSTER_04_Rural,100%,2.0,573.0,6.0,824.0,0.0,1289.0,424.0,461.0,4.0,254.0,17.7736,6.0,103819.0,106027.0,105406.0,106027.0,0.0,7.0,1289.0,1270.0,17.7736,100.0,941.0,958.0,0.0,1270.0,564.0,573.0,1.7098,15.0613,8.2702,2.1668,1.6406,0.1946,0.0155,2.1668,1.6406,8.2702,0.1946,0.0155,17.7736,6.0
2021-04-01,20:00,HKNWBSC02,25500.0,25500_Shaike e Madina Kabeerwala Khanewal (3G-CII-4502),34.0,5500_Shaike e Madina Kabeerwala Khanewal (3G-CII-4502),SAHIWAL_CLUSTER_04_Rural,100%,0.0,342.0,4.0,475.0,0.0,1284.0,240.0,269.0,0.0,130.0,7.3,4.0,37461.0,39087.0,38716.0,39087.0,0.0,4.0,1284.0,1224.0,7.3,100.0,662.0,680.0,0.0,1224.0,338.0,342.0,0.8061,11.8306,3.4257,3.6259,0.8817,0.0564,0.0081,3.6259,0.8817,3.4257,0.0564,0.0081,7.3,4.0
2021-04-01,20:00,HKNWBSC02,15500.0,15500_Shaike e Madina Kabeerwala Khanewal (3G-CII-4502),33.0,5500_Shaike e Madina Kabeerwala Khanewal (3G-CII-4502),SAHIWAL_CLUSTER_04_Rural,100%,0.0,250.0,0.0,360.0,0.0,593.0,235.0,241.0,0.0,110.0,7.8528,0.0,49178.0,49897.0,49819.0,49897.0,0.0,2.0,593.0,581.0,7.8528,100.0,392.0,395.0,0.0,581.0,248.0,250.0,2.0786,4.9362,5.9005,0.9647,0.2064,0.1099,0.0402,0.9647,0.2064,5.9005,0.1099,0.0402,7.8528,0.0
2021-04-01,20:00,HKNWBSC02,34437.0,34437_Pakka Haji Majeed Khanewal,24.0,4437_Pakka Haji Majeed Khanewal,SAHIWAL_CLUSTER_04_Rural,100%,0.0,56.0,1.0,92.0,0.0,218.0,71.0,72.0,0.0,37.0,1.75,1.0,10575.0,10733.0,10498.0,10733.0,0.0,1.0,218.0,208.0,1.75,100.0,94.0,98.0,0.0,208.0,55.0,56.0,0.3454,4.0298,3.1444,1.3128,0.1711,0.016,0.0,1.3128,0.1711,3.1444,0.016,0.0,1.75,1.0
2021-04-01,20:00,HKNWBSC02,24437.0,24437_Pakka Haji Majeed Khanewal,23.0,4437_Pakka Haji Majeed Khanewal,SAHIWAL_CLUSTER_04_Rural,100%,0.0,51.0,3.0,65.0,0.0,251.0,41.0,48.0,0.0,26.0,1.7333,3.0,10176.0,10949.0,10925.0,10949.0,0.0,13.0,251.0,249.0,1.7333,100.0,216.0,218.0,0.0,249.0,38.0,51.0,0.0924,0.4622,2.7532,0.2963,0.0113,0.0028,0.0,0.2963,0.0113,2.7532,0.0028,0.0,1.7333,3.0
2021-04-01,20:00,HKNWBSC02,34549.0,34549_Chak No 2 Rajianwala Khanewal,22.0,4549_Chak No 2 Rajianwala Khanewal,SAHIWAL_CLUSTER_04_Rural,100%,0.0,35.0,1.0,53.0,0.0,160.0,36.0,37.0,0.0,18.0,0.7042,1.0,4355.0,4437.0,4401.0,4437.0,0.0,0.0,160.0,135.0,0.7042,100.0,78.0,101.0,0.0,135.0,35.0,35.0,0.0679,0.0679,7.7013,0.1413,0.0,0.0,0.0053,0.1413,0.0,7.7013,0.0,0.0053,0.7042,1.0
2021-04-01,20:00,HKNWBSC02,24549.0,24549_Chak No 2 Rajianwala Khanewal,21.0,4549_Chak No 2 Rajianwala Khanewal,SAHIWAL_CLUSTER_04_Rural,100%,0.0,121.0,0.0,158.0,0.0,362.0,68.0,76.0,0.0,40.0,6.2458,0.0,40431.0,41500.0,41018.0,41500.0,0.0,1.0,362.0,359.0,6.2458,100.0,231.0,233.0,0.0,359.0,120.0,121.0,0.1114,0.1299,14.312999999999999,0.0213,0.0027,0.0,0.016,0.0213,0.0027,14.312999999999999,0.0,0.016,6.2458,0.0
2021-04-01,20:00,HKNWBSC02,14549.0,14549_Chak No 2 Rajianwala Khanewal,20.0,4549_Chak No 2 Rajianwala Khanewal,SAHIWAL_CLUSTER_04_Rural,100%,0.0,103.0,2.0,118.0,0.0,418.0,30.0,36.0,0.0,16.0,4.7194,2.0,30049.0,31169.0,30874.0,31169.0,0.0,1.0,418.0,385.0,4.7194,100.0,152.0,157.0,0.0,385.0,102.0,103.0,0.0384,0.1916,6.9651,0.1129,0.0109,0.0,0.0027,0.1129,0.0109,6.9651,0.0,0.0027,4.7194,2.0
2021-04-01,20:00,HKNWBSC02,34424.0,34424_Small Industrial Estate Khanewal,19.0,4424_Small Industrial Estate Khanewal,SAHIWAL_CLUSTER_04_Rural,100%,0.0,93.0,0.0,126.0,0.0,259.0,58.0,61.0,0.0,34.0,2.5347,0.0,15355.0,15405.0,15397.0,15405.0,0.0,0.0,259.0,250.0,2.5347,100.0,157.0,160.0,0.0,250.0,93.0,93.0,0.0,0.7348,5.1275,0.6949,0.0431,0.0,0.0,0.6949,0.0431,5.1275,0.0,0.0,2.5347,0.0
2021-04-01,20:00,HKNWBSC02,24424.0,24424_Small Industrial Estate Khanewal,18.0,4424_Small Industrial Estate Khanewal,SAHIWAL_CLUSTER_04_Rural,100%,0.0,75.0,0.0,106.0,0.0,349.0,60.0,60.0,0.0,31.0,3.4194,0.0,21140.0,21757.0,21393.0,21757.0,0.0,0.0,349.0,325.0,3.4194,100.0,131.0,136.0,0.0,325.0,75.0,75.0,0.4334,3.9068,3.4723,3.6896,0.2589,0.0267,0.0056,3.6896,0.2589,3.4723,0.0267,0.0056,3.4194,0.0
2021-04-01,20:00,HKNWBSC02,14437.0,14437_Pakka Haji Majeed Khanewal,17.0,4437_Pakka Haji Majeed Khanewal,SAHIWAL_CLUSTER_04_Rural,100%,0.0,86.0,3.0,108.0,0.0,313.0,45.0,46.0,0.0,21.0,4.7056,3.0,29558.0,31059.0,30940.0,31059.0,1.0,1.0,313.0,286.0,4.7056,100.0,148.0,152.0,1.0,286.0,86.0,86.0,0.0,0.0527,5.0652,0.0702,0.0027,0.0,0.0,0.0702,0.0027,5.0652,0.0,0.0,4.7056,3.0
2021-04-01,20:00,HKNWBSC02,14424.0,14424_Small Industrial Estate Khanewal,16.0,4424_Small Industrial Estate Khanewal,SAHIWAL_CLUSTER_04_Rural,100%,0.0,63.0,1.0,103.0,0.0,516.0,73.0,75.0,0.0,43.0,2.675,1.0,17041.0,17243.0,16925.0,17243.0,0.0,1.0,516.0,500.0,2.675,100.0,168.0,170.0,0.0,500.0,62.0,63.0,0.0795,0.3205,6.0231,0.6861,0.0162,0.0054,0.0,0.6861,0.0162,6.0231,0.0054,0.0,2.675,1.0
2021-04-01,20:00,HKNWBSC02,35068.0,35068_Jandiala Bangla Khanewal,6.0,5068_Jandiala Bangla Khanewal,SAHIWAL_CLUSTER_04_Rural,100%,0.0,30.0,0.0,41.0,0.0,356.0,23.0,23.0,0.0,11.0,2.6694,0.0,16848.0,17595.0,16711.0,17595.0,0.0,0.0,356.0,343.0,2.6694,100.0,61.0,61.0,0.0,343.0,30.0,30.0,0.0,0.0515,5.1123,0.0669,0.0027,0.0,0.0,0.0669,0.0027,5.1123,0.0,0.0,2.6694,0.0
2021-04-01,20:00,HKNWBSC02,25068.0,25068_Jandiala Bangla Khanewal,5.0,5068_Jandiala Bangla Khanewal,SAHIWAL_CLUSTER_04_Rural,100%,0.0,29.0,4.0,51.0,0.0,789.0,44.0,44.0,0.0,23.0,0.8722,4.0,4661.0,4752.0,4575.0,4752.0,0.0,1.0,789.0,733.0,0.8722,100.0,68.0,71.0,0.0,733.0,28.0,29.0,0.0,0.22899999999999998,6.7648,0.2245,0.016,0.0,0.0,0.2245,0.016,6.7648,0.0,0.0,0.8722,4.0
2021-04-01,20:00,HKNWBSC02,15068.0,15068_Jandiala Bangla Khanewal,4.0,5068_Jandiala Bangla Khanewal,SAHIWAL_CLUSTER_04_Rural,100%,0.0,52.0,0.0,76.0,0.0,462.0,42.0,46.0,0.0,24.0,3.2708,0.0,20123.0,21396.0,21121.0,21396.0,1.0,1.0,462.0,433.0,3.2708,100.0,85.0,89.0,1.0,433.0,52.0,52.0,0.0,3.2306,4.6845,0.6818,0.1792,0.0,0.0,0.6818,0.1792,4.6845,0.0,0.0,3.2708,0.0
2021-04-01,20:00,HKNWBSC02,35056.0,35056_Sirai Sidhu Khanewal (3G-CII-4633),3.0,5056_Sirai Sidhu Khanewal (3G-CII-4633),SAHIWAL_CLUSTER_04_Rural,100%,0.0,176.0,2.0,228.0,0.0,1123.0,120.0,120.0,0.0,52.0,5.525,2.0,36065.0,36351.0,36266.0,36351.0,0.0,0.0,1123.0,1115.0,5.525,100.0,964.0,964.0,0.0,1115.0,176.0,176.0,0.6256,1.7132,3.2359,0.3354,0.0395,0.017,0.0057,0.3354,0.0395,3.2359,0.017,0.0057,5.525,2.0
2021-04-01,20:00,HKNWBSC02,25056.0,25056_Sirai Sidhu Khanewal (3G-CII-4633),2.0,5056_Sirai Sidhu Khanewal (3G-CII-4633),SAHIWAL_CLUSTER_04_Rural,100%,0.0,129.0,0.0,135.0,0.0,758.0,15.0,15.0,0.0,6.0,3.6611,0.0,21250.0,21661.0,21635.0,21661.0,0.0,0.0,758.0,728.0,3.6611,100.0,231.0,231.0,0.0,728.0,129.0,129.0,0.0,0.1515,10.7231,0.2656,0.0167,0.0,0.0,0.2656,0.0167,10.7231,0.0,0.0,3.6611,0.0
2021-04-01,20:00,HKNWBSC02,15056.0,15056_Sirai Sidhu Khanewal (3G-CII-4633),1.0,5056_Sirai Sidhu Khanewal (3G-CII-4633),SAHIWAL_CLUSTER_04_Rural,100%,0.0,88.0,0.0,154.0,0.0,437.0,102.0,102.0,0.0,66.0,6.9069,0.0,46783.0,46870.0,46854.0,46870.0,0.0,0.0,437.0,428.0,6.9069,100.0,213.0,213.0,0.0,428.0,88.0,88.0,0.0,0.0813,9.8182,0.0428,0.008,0.0,0.0,0.0428,0.008,9.8182,0.0,0.0,6.9069,0.0
2021-04-01,20:00,HKNWBSC01,32293.0,CII-2293-3_Kiker Wala Mahallah Multan (3G-CII-4091),139.0,CII-2293_Kiker Wala Mahallah Multan (3G-CII-4091),SAHIWAL_CLUSTER_04_Rural,100%,0.0,11.0,0.0,31.0,0.0,955.0,37.0,45.0,0.0,26.0,0.7597,0.0,5181.0,5249.0,5227.0,5249.0,0.0,0.0,955.0,945.0,0.7597,100.0,856.0,856.0,0.0,945.0,11.0,11.0,0.3275,2.2652,9.2427,0.3067,0.1893,0.032,0.0,0.3067,0.1893,9.2427,0.032,0.0,0.7597,0.0
2021-04-01,20:00,HKNWBSC01,22293.0,CII-2293-2_Kiker Wala Mahallah Multan (3G-CII-4091),138.0,CII-2293_Kiker Wala Mahallah Multan (3G-CII-4091),SAHIWAL_CLUSTER_04_Rural,100%,0.0,7.0,0.0,20.0,0.0,44.0,15.0,22.0,0.0,12.0,0.2153,0.0,622.0,1236.0,1186.0,1236.0,0.0,0.0,44.0,43.0,0.2153,100.0,12.0,12.0,0.0,43.0,7.0,7.0,0.0,0.7043,8.9695,0.4299,0.0667,0.0,0.0,0.4299,0.0667,8.9695,0.0,0.0,0.2153,0.0
2021-04-01,20:00,HKNWBSC01,34459.0,34459_Qadirpur Raan Multan (3G-CII-3939),87.0,4459_Qadirpur Raan Multan (3G-CII-3939),SAHIWAL_CLUSTER_04_Rural,100%,0.0,77.0,4.0,209.0,0.0,1104.0,249.0,271.0,0.0,140.0,4.5653,4.0,27564.0,29203.0,28593.0,29203.0,0.0,1.0,1104.0,1062.0,4.5653,100.0,242.0,253.0,0.0,1062.0,76.0,77.0,1.2166,2.5231,5.5925,0.1925,0.0775,0.0187,0.0535,0.1925,0.0775,5.5925,0.0187,0.0535,4.5653,4.0
2021-04-01,20:00,HKNWBSC01,24459.0,24459_Qadirpur Raan Multan (3G-CII-3939),74.0,4459_Qadirpur Raan Multan (3G-CII-3939),SAHIWAL_CLUSTER_04_Rural,100%,0.0,12.0,0.0,25.0,0.0,148.0,22.0,24.0,0.0,13.0,0.1639,0.0,670.0,759.0,739.0,759.0,0.0,0.0,148.0,146.0,0.1639,100.0,23.0,23.0,0.0,146.0,12.0,12.0,0.0291,0.1164,7.4626,1.7139,0.008,0.0027,0.0,1.7139,0.008,7.4626,0.0027,0.0,0.1639,0.0
2021-04-01,20:00,HKNWBSC01,22276.0,CII-2276-2_Bari Wala Kabristan Khanewal (3G-CII-3632),153.0,CII-2276_Bari Wala Kabristan Khanewal (3G-CII-3632),SAHIWAL_CLUSTER_04_Rural,100%,0.0,115.0,0.0,176.0,0.0,455.0,122.0,122.0,0.0,61.0,4.7056,0.0,31106.0,31314.0,30813.0,31314.0,0.0,0.0,455.0,421.0,4.7056,100.0,260.0,289.0,0.0,421.0,115.0,115.0,0.1069,0.8018,17.633,2.109,0.1383,0.0213,0.0,2.109,0.1383,17.633,0.0213,0.0,4.7056,0.0
2021-04-01,20:00,HKNWBSC01,22274.0,CII-2274-2_Kabeer Wala City Khanewal (3G-CII-4729),150.0,CII-2274_Kabeer Wala City Khanewal (3G-CII-4729),SAHIWAL_CLUSTER_04_Rural,100%,0.0,10.0,0.0,102.0,0.0,244.0,159.0,168.0,0.0,95.0,1.4736,0.0,9238.0,10002.0,9777.0,10002.0,0.0,0.0,244.0,234.0,1.4736,100.0,69.0,72.0,0.0,234.0,10.0,10.0,0.5536,4.2743,6.0931,2.1862,0.3218,0.0319,0.016,2.1862,0.3218,6.0931,0.0319,0.016,1.4736,0.0
2021-04-01,20:00,HKNWBSC01,12274.0,CII-2274-1_Kabeer Wala City Khanewal (3G-CII-4729),149.0,CII-2274_Kabeer Wala City Khanewal (3G-CII-4729),SAHIWAL_CLUSTER_04_Rural,100%,0.0,45.0,0.0,70.0,0.0,301.0,53.0,59.0,0.0,27.0,1.5625,0.0,8974.0,9893.0,9754.0,9893.0,0.0,2.0,301.0,287.0,1.5625,100.0,102.0,105.0,0.0,287.0,43.0,45.0,0.0,0.044000000000000004,24.0551,0.133,0.0106,0.0,0.0,0.133,0.0106,24.0551,0.0,0.0,1.5625,0.0
2021-04-01,20:00,HKNWBSC01,32112.0,CII-2112-3_Chak No 39 R Khanewal,148.0,CII-2112_Chak No 39 R Khanewal,SAHIWAL_CLUSTER_04_Rural,100%,0.0,109.0,5.0,141.0,0.0,571.0,65.0,67.0,0.0,33.0,5.8458,5.0,37262.0,38502.0,37110.0,38502.0,0.0,1.0,571.0,558.0,5.8458,100.0,295.0,299.0,0.0,558.0,108.0,109.0,0.0,0.0,12.6204,0.024,0.0,0.0,0.0,0.024,0.0,12.6204,0.0,0.0,5.8458,5.0
2021-04-01,20:00,HKNWBSC01,22112.0,CII-2112-2_Chak No 39 R Khanewal,147.0,CII-2112_Chak No 39 R Khanewal,SAHIWAL_CLUSTER_04_Rural,100%,0.0,72.0,2.0,108.0,0.0,522.0,64.0,68.0,0.0,37.0,3.2917,2.0,20868.0,21781.0,21451.0,21781.0,0.0,1.0,522.0,509.0,3.2917,100.0,246.0,251.0,0.0,509.0,71.0,72.0,0.0,0.3772,2.3964,0.0333,0.0092,0.0,0.0,0.0333,0.0092,2.3964,0.0,0.0,3.2917,2.0
2021-04-01,20:00,HKNWBSC01,12112.0,CII-2112-1_Chak No 39 R Khanewal,146.0,CII-2112_Chak No 39 R Khanewal,SAHIWAL_CLUSTER_04_Rural,100%,0.0,131.0,4.0,199.0,0.0,624.0,126.0,126.0,0.0,65.0,5.0319,4.0,29496.0,30901.0,28872.0,30901.0,0.0,1.0,624.0,607.0,5.0319,100.0,251.0,255.0,0.0,607.0,130.0,131.0,0.0,0.5391,9.1142,0.7225,0.0533,0.0,0.0,0.7225,0.0533,9.1142,0.0,0.0,5.0319,4.0
2021-04-01,20:00,HKNWBSC01,12293.0,CII-2293-1_Kiker Wala Mahallah Multan (3G-CII-4091),137.0,CII-2293_Kiker Wala Mahallah Multan (3G-CII-4091),SAHIWAL_CLUSTER_04_Rural,100%,0.0,11.0,1.0,36.0,0.0,1002.0,46.0,52.0,0.0,25.0,1.2083,1.0,7523.0,7988.0,7731.0,7988.0,0.0,1.0,1002.0,967.0,1.2083,100.0,701.0,703.0,0.0,967.0,10.0,11.0,11.4885,29.5598,3.8369,0.6551,1.1524,0.73,0.0027,0.6551,1.1524,3.8369,0.73,0.0027,1.2083,1.0
2021-04-01,20:00,HKNWBSC01,34431.0,34431_Mohallah Bhutianwala Khanewal (3G-CII-4239),133.0,4431_Mohallah Bhutianwala Khanewal (3G-CII-4239),SAHIWAL_CLUSTER_04_Rural,100%,0.0,115.0,1.0,275.0,0.0,733.0,376.0,378.0,0.0,189.0,3.5153,1.0,21573.0,21867.0,21334.0,21867.0,3.0,32.0,733.0,650.0,3.5153,100.0,254.0,285.0,3.0,650.0,86.0,115.0,0.0,0.1444,20.2794,0.0561,0.0294,0.0,0.0,0.0561,0.0294,20.2794,0.0,0.0,3.5153,1.0
2021-04-01,20:00,HKNWBSC01,24431.0,24431_Mohallah Bhutianwala Khanewal (3G-CII-4239),132.0,4431_Mohallah Bhutianwala Khanewal (3G-CII-4239),SAHIWAL_CLUSTER_04_Rural,100%,0.0,101.0,5.0,196.0,0.0,568.0,176.0,192.0,0.0,92.0,2.4347,5.0,12725.0,14335.0,14211.0,14335.0,2.0,2.0,568.0,521.0,2.4347,100.0,194.0,217.0,2.0,521.0,101.0,101.0,0.5708,3.8207,4.7547,1.0853,0.1973,0.0293,0.0053,1.0853,0.1973,4.7547,0.0293,0.0053,2.4347,5.0
2021-04-01,20:00,HKNWBSC01,14431.0,14431_Mohallah Bhutianwala Khanewal (3G-CII-4239),131.0,4431_Mohallah Bhutianwala Khanewal (3G-CII-4239),SAHIWAL_CLUSTER_04_Rural,100%,0.0,139.0,2.0,195.0,0.0,715.0,125.0,125.0,0.0,58.0,3.4097,2.0,20249.0,21318.0,20775.0,21318.0,0.0,3.0,715.0,673.0,3.4097,100.0,279.0,282.0,0.0,673.0,136.0,139.0,0.0,0.138,20.5345,0.6907,0.0293,0.0,0.0,0.6907,0.0293,20.5345,0.0,0.0,3.4097,2.0
2021-04-01,20:00,HKNWBSC01,25863.0,25863_Civil Line Road Khanewal (3G-CII-3634),129.0,5863_Civil Line Road Khanewal (3G-CII-3634),SAHIWAL_CLUSTER_04_Rural,100%,0.0,38.0,1.0,72.0,0.0,141.0,58.0,59.0,0.0,33.0,1.9458,1.0,12786.0,12937.0,12816.0,12937.0,0.0,0.0,141.0,140.0,1.9458,100.0,86.0,87.0,0.0,140.0,38.0,38.0,0.0183,0.0366,14.492,0.0749,0.0027,0.0027,0.0,0.0749,0.0027,14.492,0.0027,0.0,1.9458,1.0
2021-04-01,20:00,HKNWBSC01,15863.0,15863_Civil Line Road Khanewal (3G-CII-3634),128.0,5863_Civil Line Road Khanewal (3G-CII-3634),SAHIWAL_CLUSTER_04_Rural,100%,0.0,63.0,3.0,97.0,0.0,294.0,70.0,75.0,0.0,36.0,3.4236,3.0,23283.0,23418.0,23366.0,23417.0,1.0,3.0,294.0,276.0,3.4236,100.0,125.0,127.0,1.0,276.0,61.0,63.0,0.0,0.1872,19.4787,0.4733,0.0374,0.0,0.0,0.4733,0.0374,19.4787,0.0,0.0,3.4236,3.0
2021-04-01,20:00,HKNWBSC01,35048.0,35048_Chak No 7 R Rehman Gar Khanewal,127.0,5048_Chak No 7 R Rehman Gar Khanewal,SAHIWAL_CLUSTER_04_Rural,100%,0.0,93.0,3.0,173.0,0.0,564.0,155.0,160.0,0.0,77.0,3.7167,3.0,22399.0,23723.0,23549.0,23724.0,0.0,0.0,564.0,519.0,3.7167,100.0,167.0,186.0,0.0,519.0,93.0,93.0,0.087,0.2899,9.0987,0.0747,0.0187,0.008,0.0,0.0747,0.0187,9.0987,0.008,0.0,3.7167,3.0
2021-04-01,20:00,HKNWBSC01,25048.0,25048_Chak No 7 R Rehman Gar Khanewal,126.0,5048_Chak No 7 R Rehman Gar Khanewal,SAHIWAL_CLUSTER_04_Rural,100%,0.0,58.0,1.0,166.0,0.0,645.0,209.0,220.0,0.0,109.0,2.6889,1.0,17326.0,17468.0,17105.0,17468.0,0.0,0.0,645.0,622.0,2.6889,100.0,102.0,104.0,0.0,622.0,58.0,58.0,0.0,0.5278,7.6432,0.4758,0.0431,0.0,0.0,0.4758,0.0431,7.6432,0.0,0.0,2.6889,1.0
2021-04-01,20:00,HKNWBSC01,25836.0,25836_Awan Chowk Khanewal (3G-CII-3633),119.0,5836_Awan Chowk Khanewal (3G-CII-3633),SAHIWAL_CLUSTER_04_Rural,100%,0.0,69.0,0.0,119.0,0.0,249.0,96.0,98.0,0.0,51.0,2.7625,0.0,17805.0,17958.0,17761.0,17958.0,0.0,1.0,249.0,248.0,2.7625,100.0,173.0,174.0,0.0,248.0,68.0,69.0,0.0122,0.0243,21.8021,0.1604,0.0027,0.0027,0.0,0.1604,0.0027,21.8021,0.0027,0.0,2.7625,0.0
2021-04-01,20:00,HKNWBSC01,34443.0,34443_Nawan Shahar Khanewal (3G-CII-4582),118.0,4443_Nawan Shahar Khanewal (3G-CII-4582),SAHIWAL_CLUSTER_04_Rural,100%,0.0,32.0,1.0,157.0,0.0,132.0,248.0,250.0,0.0,125.0,2.2028,1.0,14647.0,14976.0,14870.0,14976.0,0.0,0.0,132.0,131.0,2.2028,100.0,85.0,86.0,0.0,131.0,32.0,32.0,0.0,0.3903,7.472,1.376,0.0347,0.0,0.0,1.376,0.0347,7.472,0.0,0.0,2.2028,1.0
2021-04-01,20:00,HKNWBSC01,35067.0,35067_Kassi Kabirwala Khanewal (3G-CII-4636),117.0,5067_Kassi Kabirwala Khanewal (3G-CII-4636),SAHIWAL_CLUSTER_04_Rural,100%,0.0,38.0,0.0,66.0,0.0,123.0,54.0,56.0,0.0,29.0,1.0431,0.0,4982.0,4997.0,4968.0,4997.0,0.0,0.0,123.0,122.0,1.0431,100.0,68.0,68.0,0.0,122.0,38.0,38.0,0.0,0.0,7.744,0.0,0.0,0.0,0.0,0.0,0.0,7.744,0.0,0.0,1.0431,0.0
2021-04-01,20:00,HKNWBSC01,25067.0,25067_Kassi Kabirwala Khanewal (3G-CII-4636),116.0,5067_Kassi Kabirwala Khanewal (3G-CII-4636),SAHIWAL_CLUSTER_04_Rural,100%,0.0,169.0,2.0,286.0,0.0,997.0,236.0,240.0,0.0,120.0,8.5472,2.0,54924.0,56326.0,55792.0,56326.0,1.0,3.0,997.0,966.0,8.5472,100.0,527.0,542.0,1.0,966.0,167.0,169.0,0.3506,0.8883,11.1871,0.12,0.0613,0.0187,0.0213,0.12,0.0613,11.1871,0.0187,0.0213,8.5472,2.0
2021-04-01,20:00,HKNWBSC01,35055.0,35055_Choper Hata Khanewal (3G-CII-4632),115.0,5055_Choper Hata Khanewal (3G-CII-4632),SAHIWAL_CLUSTER_04_Rural,100%,0.0,38.0,0.0,40.0,0.0,295.0,5.0,8.0,0.0,3.0,1.8542,0.0,12006.0,12588.0,12585.0,12588.0,0.0,1.0,295.0,270.0,1.8542,100.0,110.0,118.0,0.0,270.0,37.0,38.0,0.1665,3.2447,6.1283,0.0909,0.1979,0.0107,0.0,0.0909,0.1979,6.1283,0.0107,0.0,1.8542,0.0
2021-04-01,20:00,HKNWBSC01,25055.0,25055_Choper Hata Khanewal (3G-CII-4632),114.0,5055_Choper Hata Khanewal (3G-CII-4632),SAHIWAL_CLUSTER_04_Rural,100%,0.0,28.0,0.0,29.0,0.0,79.0,4.0,4.0,0.0,1.0,0.55,0.0,2866.0,2889.0,2880.0,2889.0,0.0,0.0,79.0,75.0,0.55,100.0,55.0,59.0,0.0,75.0,28.0,28.0,0.3132,2.0780000000000003,8.7867,0.3867,0.1653,0.0293,0.0,0.3867,0.1653,8.7867,0.0293,0.0,0.55,0.0
2021-04-01,20:00,HKNWBSC01,15055.0,15055_Choper Hata Khanewal (3G-CII-4632),113.0,5055_Choper Hata Khanewal (3G-CII-4632),SAHIWAL_CLUSTER_04_Rural,100%,0.0,149.0,2.0,279.0,0.0,2156.0,219.0,248.0,0.0,135.0,7.9069,2.0,49305.0,52253.0,51481.0,52253.0,1.0,4.0,2156.0,2024.0,7.9069,100.0,260.0,270.0,1.0,2024.0,146.0,149.0,0.036000000000000004,0.1439,15.4366,0.0741,0.0168,0.0056,0.0,0.0741,0.0168,15.4366,0.0056,0.0,7.9069,2.0
2021-04-01,20:00,HKNWBSC01,35057.0,35057_Ada 12 Meal Khanewal,109.0,5057_Ada 12 Meal Khanewal,SAHIWAL_CLUSTER_04_Rural,100%,0.0,68.0,6.0,105.0,0.0,434.0,63.0,72.0,0.0,39.0,3.625,6.0,23058.0,23796.0,23224.0,23796.0,0.0,4.0,434.0,416.0,3.625,100.0,172.0,183.0,0.0,416.0,64.0,68.0,0.0,0.42200000000000004,8.0991,0.0612,0.0346,0.0,0.0,0.0612,0.0346,8.0991,0.0,0.0,3.625,6.0
2021-04-01,20:00,HKNWBSC01,25057.0,25057_Ada 12 Meal Khanewal,108.0,5057_Ada 12 Meal Khanewal,SAHIWAL_CLUSTER_04_Rural,100%,0.0,143.0,4.0,165.0,0.0,1299.0,48.0,56.0,0.0,26.0,3.6667,4.0,21693.0,22625.0,22221.0,22625.0,0.0,4.0,1299.0,1252.0,3.6667,100.0,287.0,309.0,0.0,1252.0,139.0,143.0,0.0,0.026000000000000002,10.4279,0.0435,0.0027,0.0,0.0,0.0435,0.0027,10.4279,0.0,0.0,3.6667,4.0
2021-04-01,20:00,HKNWBSC01,15067.0,15067_Kassi Kabirwala Khanewal (3G-CII-4636),106.0,5067_Kassi Kabirwala Khanewal (3G-CII-4636),SAHIWAL_CLUSTER_04_Rural,100%,0.0,75.0,1.0,95.0,0.0,404.0,33.0,34.0,0.0,19.0,3.8764,1.0,25042.0,25204.0,24542.0,25204.0,0.0,0.0,404.0,395.0,3.8764,100.0,152.0,159.0,0.0,395.0,75.0,75.0,0.2483,1.4339,8.7848,0.7673,0.1149,0.0241,0.0,0.7673,0.1149,8.7848,0.0241,0.0,3.8764,1.0
2021-04-01,20:00,HKNWBSC01,15057.0,15057_Ada 12 Meal Khanewal,105.0,5057_Ada 12 Meal Khanewal,SAHIWAL_CLUSTER_04_Rural,100%,0.0,51.0,0.0,64.0,0.0,306.0,26.0,27.0,0.0,13.0,3.5569,0.0,25006.0,25123.0,25083.0,25123.0,0.0,0.0,306.0,298.0,3.5569,100.0,92.0,97.0,0.0,298.0,51.0,51.0,0.0,0.0,5.2453,0.0,0.0,0.0,0.0,0.0,0.0,5.2453,0.0,0.0,3.5569,0.0
2021-04-01,20:00,HKNWBSC01,35073.0,35073_Chak No 102 L Khanewal,103.0,5073_Chak No 102 L Khanewal,SAHIWAL_CLUSTER_04_Rural,100%,0.0,17.0,0.0,49.0,0.0,246.0,62.0,62.0,0.0,32.0,2.1944,0.0,15782.0,15818.0,15799.0,15818.0,0.0,0.0,246.0,243.0,2.1944,100.0,121.0,121.0,0.0,243.0,17.0,17.0,0.0,0.0,13.3006,0.0027,0.0,0.0,0.0,0.0027,0.0,13.3006,0.0,0.0,2.1944,0.0
2021-04-01,20:00,HKNWBSC01,25073.0,25073_Chak No 102 L Khanewal,102.0,5073_Chak No 102 L Khanewal,SAHIWAL_CLUSTER_04_Rural,100%,0.0,18.0,0.0,49.0,0.0,309.0,63.0,66.0,0.0,32.0,1.1611,0.0,7961.0,8043.0,7850.0,8043.0,0.0,0.0,309.0,289.0,1.1611,100.0,82.0,84.0,0.0,289.0,18.0,18.0,0.0,0.0,12.2069,0.0027,0.0,0.0,0.0,0.0027,0.0,12.2069,0.0,0.0,1.1611,0.0
2021-04-01,20:00,HKNWBSC01,35074.0,35074_Chak No 109 L Khanewal,101.0,5074_Chak No 109 L Khanewal,SAHIWAL_CLUSTER_04_Rural,100%,0.0,35.0,0.0,55.0,0.0,217.0,43.0,46.0,0.0,25.0,0.4597,0.0,2135.0,2190.0,2178.0,2190.0,0.0,5.0,217.0,192.0,0.4597,100.0,90.0,95.0,0.0,192.0,30.0,35.0,0.0,0.0988,7.9902,0.0718,0.008,0.0,0.0,0.0718,0.008,7.9902,0.0,0.0,0.4597,0.0
2021-04-01,20:00,HKNWBSC01,25074.0,25074_Chak No 109 L Khanewal,99.0,5074_Chak No 109 L Khanewal,SAHIWAL_CLUSTER_04_Rural,100%,6.0,27.0,0.0,32.0,0.0,289.0,26.0,27.0,12.0,23.0,0.7639,0.0,5458.0,5479.0,5460.0,5479.0,0.0,0.0,289.0,265.0,0.7639,16.6667,69.0,71.0,0.0,265.0,21.0,27.0,0.2553,0.7658,5.1197,0.0505,0.0266,0.0106,0.0027,0.0505,0.0266,5.1197,0.0106,0.0027,0.7639,0.0
2021-04-01,20:00,HKNWBSC01,34458.0,34458_Qadirpur Raan Multan (3G-CII-3938),95.0,4458_Qadirpur Raan Multan (3G-CII-3938),SAHIWAL_CLUSTER_04_Rural,100%,0.0,34.0,2.0,103.0,0.0,697.0,135.0,153.0,0.0,83.0,1.1667,2.0,5900.0,6288.0,5840.0,6288.0,0.0,2.0,697.0,638.0,1.1667,100.0,93.0,97.0,0.0,638.0,32.0,34.0,0.0,0.256,7.16,0.1147,0.0187,0.0,0.0,0.1147,0.0187,7.16,0.0,0.0,1.1667,2.0
2021-04-01,20:00,HKNWBSC01,24458.0,24458_Qadirpur Raan Multan (3G-CII-3938),94.0,4458_Qadirpur Raan Multan (3G-CII-3938),SAHIWAL_CLUSTER_04_Rural,100%,0.0,16.0,0.0,36.0,0.0,743.0,46.0,48.0,0.0,21.0,0.4347,0.0,2091.0,2500.0,2406.0,2500.0,0.0,1.0,743.0,710.0,0.4347,100.0,136.0,136.0,0.0,710.0,15.0,16.0,2.4832,33.9377,1.3173,3.1519999999999997,2.128,0.1547,0.0133,3.1519999999999997,2.128,1.3173,0.1547,0.0133,0.4347,0.0
2021-04-01,20:00,HKNWBSC01,14458.0,14458_Qadirpur Raan Multan (3G-CII-3938),93.0,4458_Qadirpur Raan Multan (3G-CII-3938),SAHIWAL_CLUSTER_04_Rural,100%,0.0,131.0,0.0,166.0,0.0,485.0,66.0,68.0,0.0,35.0,2.2889,0.0,12512.0,13516.0,13467.0,13516.0,0.0,0.0,485.0,471.0,2.2889,100.0,253.0,258.0,0.0,471.0,131.0,131.0,0.3939,2.0674,5.0461,0.3293,0.0919,0.0216,0.0,0.3293,0.0919,5.0461,0.0216,0.0,2.2889,0.0
2021-04-01,20:00,HKNWBSC01,34440.0,34440_Katchery Road Kabirwala Khanewal,92.0,4440_Katchery Road Kabirwala Khanewal,SAHIWAL_CLUSTER_04_Rural,100%,0.0,9.0,0.0,29.0,0.0,119.0,41.0,41.0,0.0,20.0,0.1583,0.0,1007.0,1007.0,1001.0,1007.0,0.0,0.0,119.0,119.0,0.1583,100.0,51.0,51.0,0.0,119.0,9.0,9.0,0.025,0.1497,10.2458,0.424,0.0133,0.0027,0.0,0.424,0.0133,10.2458,0.0027,0.0,0.1583,0.0
2021-04-01,20:00,HKNWBSC01,24440.0,24440_Katchery Road Kabirwala Khanewal,91.0,4440_Katchery Road Kabirwala Khanewal,SAHIWAL_CLUSTER_04_Rural,100%,0.0,141.0,5.0,420.0,0.0,865.0,551.0,560.0,0.0,280.0,5.1847,5.0,30612.0,31589.0,30949.0,31589.0,4.0,4.0,865.0,843.0,5.1847,100.0,277.0,284.0,4.0,843.0,141.0,141.0,0.1826,1.3615,7.8263,1.0342,0.1059,0.0135,0.0029,1.0342,0.1059,7.8263,0.0135,0.0029,5.1847,5.0
2021-04-01,20:00,HKNWBSC01,14440.0,14440_Katchery Road Kabirwala Khanewal,90.0,4440_Katchery Road Kabirwala Khanewal,SAHIWAL_CLUSTER_04_Rural,100%,0.0,27.0,0.0,75.0,0.0,123.0,89.0,93.0,0.0,50.0,2.5278,0.0,17762.0,17895.0,17798.0,17895.0,0.0,0.0,123.0,123.0,2.5278,100.0,51.0,52.0,0.0,123.0,27.0,27.0,1.5743,8.4791,5.194,1.3017,0.4901,0.0825,0.0293,1.3017,0.4901,5.194,0.0825,0.0293,2.5278,0.0
2021-04-01,20:00,HKNWBSC01,15073.0,15073_Chak No 102 L Khanewal,89.0,5073_Chak No 102 L Khanewal,SAHIWAL_CLUSTER_04_Rural,100%,0.0,33.0,2.0,43.0,0.0,234.0,22.0,23.0,0.0,10.0,0.9625,2.0,5932.0,6062.0,5901.0,6062.0,0.0,0.0,234.0,228.0,0.9625,100.0,96.0,96.0,0.0,228.0,33.0,33.0,0.0176,1.8704,13.6502,1.1008,0.2785,0.0027,0.0,1.1008,0.2785,13.6502,0.0027,0.0,0.9625,2.0
2021-04-01,20:00,HKNWBSC01,15074.0,15074_Chak No 109 L Khanewal,88.0,5074_Chak No 109 L Khanewal,SAHIWAL_CLUSTER_04_Rural,100%,0.0,52.0,0.0,80.0,0.0,495.0,59.0,62.0,0.0,30.0,1.2667,0.0,6630.0,7015.0,6748.0,7015.0,0.0,2.0,495.0,436.0,1.2667,100.0,104.0,104.0,0.0,436.0,50.0,52.0,0.0382,0.1147,6.8271,0.1197,0.0053,0.0027,0.0,0.1197,0.0053,6.8271,0.0027,0.0,1.2667,0.0
2021-04-01,20:00,HKNWBSC01,34268.0,34268_Ghalla Mandi Kacha Khu Khanewal (3G-CII-4562),86.0,4268_Ghalla Mandi Kacha Khu Khanewal (3G-CII-4562),SAHIWAL_CLUSTER_04_Rural,100%,0.0,230.0,5.0,331.0,0.0,890.0,194.0,197.0,0.0,103.0,10.0153,5.0,59977.0,64269.0,63297.0,64270.0,0.0,1.0,890.0,859.0,10.0153,100.0,542.0,557.0,0.0,859.0,229.0,230.0,0.4353,3.0479,7.3931,0.4957,0.2126,0.0239,0.0116,0.4957,0.2126,7.3931,0.0239,0.0116,10.0153,5.0
2021-04-01,20:00,HKNWBSC01,24268.0,24268_Ghalla Mandi Kacha Khu Khanewal (3G-CII-4562),85.0,4268_Ghalla Mandi Kacha Khu Khanewal (3G-CII-4562),SAHIWAL_CLUSTER_04_Rural,100%,0.0,17.0,0.0,29.0,0.0,70.0,21.0,21.0,0.0,12.0,0.9083,0.0,5334.0,6027.0,5899.0,6027.0,0.0,0.0,70.0,67.0,0.9083,100.0,33.0,34.0,0.0,67.0,17.0,17.0,0.0,1.7466,6.9973,1.2533,0.1467,0.0,0.0,1.2533,0.1467,6.9973,0.0,0.0,0.9083,0.0
2021-04-01,20:00,HKNWBSC01,14268.0,14268_Ghalla Mandi Kacha Khu Khanewal (3G-CII-4562),84.0,4268_Ghalla Mandi Kacha Khu Khanewal (3G-CII-4562),SAHIWAL_CLUSTER_04_Rural,100%,0.0,142.0,1.0,244.0,0.0,734.0,214.0,217.0,0.0,103.0,4.625,1.0,29284.0,29530.0,29416.0,29530.0,0.0,0.0,734.0,713.0,4.625,100.0,304.0,304.0,0.0,713.0,142.0,142.0,0.0,0.1262,8.0027,0.4626,0.0107,0.0,0.0,0.4626,0.0107,8.0027,0.0,0.0,4.625,1.0
2021-04-01,20:00,HKNWBSC01,24441.0,24441_Mohalla Kabeerwala Khanewal,82.0,4441_Mohalla Kabeerwala Khanewal,SAHIWAL_CLUSTER_04_Rural,100%,0.0,17.0,0.0,56.0,0.0,83.0,78.0,80.0,0.0,40.0,0.5153,0.0,2820.0,3003.0,2971.0,3003.0,0.0,0.0,83.0,75.0,0.5153,100.0,29.0,37.0,0.0,75.0,17.0,17.0,0.5839,3.8081,7.0134,3.1177,0.3396,0.0508,0.0107,3.1177,0.3396,7.0134,0.0508,0.0107,0.5153,0.0
2021-04-01,20:00,HKNWBSC01,14441.0,14441_Mohalla Kabeerwala Khanewal,81.0,4441_Mohalla Kabeerwala Khanewal,SAHIWAL_CLUSTER_04_Rural,100%,0.0,81.0,2.0,126.0,0.0,399.0,89.0,101.0,0.0,43.0,1.9444,2.0,8730.0,10067.0,9927.0,10067.0,1.0,4.0,399.0,362.0,1.9444,100.0,163.0,171.0,1.0,362.0,78.0,81.0,0.9066,3.7309,5.6364,1.746,0.2166,0.0562,0.0134,1.746,0.2166,5.6364,0.0562,0.0134,1.9444,2.0
2021-04-01,20:00,HKNWBSC01,24463.0,24463_Civil Lines Khanewal (3G-CII-3941),80.0,4463_Civil Lines Khanewal (3G-CII-3941),SAHIWAL_CLUSTER_04_Rural,100%,0.0,29.0,0.0,44.0,0.0,75.0,37.0,37.0,0.0,15.0,1.2681,0.0,8387.0,8396.0,8394.0,8396.0,0.0,0.0,75.0,75.0,1.2681,100.0,55.0,55.0,0.0,75.0,29.0,29.0,0.0899,0.6599,7.6791,1.1738,0.0508,0.0053,0.0027,1.1738,0.0508,7.6791,0.0053,0.0027,1.2681,0.0
2021-04-01,20:00,HKNWBSC01,35246.0,35246_Kot Abbas Saheed Khanewal (3G-CII-4007),77.0,5246_Kot Abbas Saheed Khanewal (3G-CII-4007),SAHIWAL_CLUSTER_04_Rural,100%,0.0,20.0,2.0,80.0,0.0,398.0,111.0,130.0,0.0,69.0,0.5208,2.0,2442.0,2611.0,2480.0,2611.0,0.0,0.0,398.0,379.0,0.5208,100.0,38.0,38.0,0.0,379.0,20.0,20.0,0.0338,0.2363,7.728,0.1547,0.016,0.0027,0.0,0.1547,0.016,7.728,0.0027,0.0,0.5208,2.0
2021-04-01,20:00,HKNWBSC01,25246.0,25246_Kot Abbas Saheed Khanewal (3G-CII-4007),76.0,5246_Kot Abbas Saheed Khanewal (3G-CII-4007),SAHIWAL_CLUSTER_04_Rural,100%,0.0,47.0,0.0,127.0,0.0,692.0,146.0,157.0,0.0,78.0,2.5667,0.0,15766.0,16837.0,16797.0,16837.0,0.0,0.0,692.0,644.0,2.5667,100.0,244.0,254.0,0.0,644.0,47.0,47.0,0.9855,2.7717,3.592,0.6631,0.0782,0.0243,0.0189,0.6631,0.0782,3.592,0.0243,0.0189,2.5667,0.0
2021-04-01,20:00,HKNWBSC01,15246.0,15246_Kot Abbas Saheed Khanewal (3G-CII-4007),75.0,5246_Kot Abbas Saheed Khanewal (3G-CII-4007),SAHIWAL_CLUSTER_04_Rural,100%,0.0,17.0,0.0,25.0,0.0,222.0,17.0,17.0,0.0,8.0,0.6264,0.0,3673.0,3723.0,3698.0,3723.0,0.0,0.0,222.0,210.0,0.6264,100.0,72.0,72.0,0.0,210.0,17.0,17.0,0.0354,5.4156,6.0112,1.0957,0.4043,0.0027,0.0,1.0957,0.4043,6.0112,0.0027,0.0,0.6264,0.0
2021-04-01,20:00,HKNWBSC01,14459.0,14459_Qadirpur Raan Multan (3G-CII-3939),73.0,4459_Qadirpur Raan Multan (3G-CII-3939),SAHIWAL_CLUSTER_04_Rural,100%,0.0,20.0,0.0,58.0,0.0,429.0,69.0,77.0,0.0,39.0,0.5792,0.0,3193.0,3392.0,3327.0,3392.0,0.0,0.0,429.0,387.0,0.5792,100.0,61.0,72.0,0.0,387.0,20.0,20.0,0.0,0.0,13.1608,0.1256,0.0,0.0,0.0,0.1256,0.0,13.1608,0.0,0.0,0.5792,0.0
2021-04-01,20:00,HKNWBSC01,24467.0,24467_People Colony Khanewal (3G-CII-3635),71.0,4467_People Colony Khanewal (3G-CII-3635),SAHIWAL_CLUSTER_04_Rural,100%,0.0,43.0,0.0,113.0,0.0,146.0,142.0,143.0,0.0,70.0,1.2333,0.0,7371.0,7406.0,7254.0,7406.0,0.0,0.0,146.0,143.0,1.2333,100.0,84.0,87.0,0.0,143.0,43.0,43.0,0.1025,0.2961,23.2506,0.155,0.0455,0.0187,0.0054,0.155,0.0455,23.2506,0.0187,0.0054,1.2333,0.0
2021-04-01,20:00,HKNWBSC01,14467.0,14467_People Colony Khanewal (3G-CII-3635),70.0,4467_People Colony Khanewal (3G-CII-3635),SAHIWAL_CLUSTER_04_Rural,100%,0.0,86.0,3.0,211.0,0.0,466.0,244.0,254.0,0.0,125.0,4.5875,3.0,29086.0,30288.0,29835.0,30288.0,8.0,9.0,466.0,410.0,4.5875,100.0,165.0,194.0,8.0,410.0,85.0,86.0,0.0,0.1657,16.7381,0.3476,0.0284,0.0,0.0,0.3476,0.0284,16.7381,0.0,0.0,4.5875,3.0
2021-04-01,20:00,HKNWBSC01,36997.0,36997_Mani Sial Khanewal (3G-CII-4075),60.0,6997_Mani Sial Khanewal (3G-CII-4075),SAHIWAL_CLUSTER_04_Rural,100%,0.0,73.0,1.0,120.0,0.0,1033.0,85.0,94.0,0.0,46.0,2.9056,1.0,17206.0,18448.0,18106.0,18448.0,0.0,1.0,1033.0,953.0,2.9056,100.0,324.0,333.0,0.0,953.0,72.0,73.0,0.0,0.2375,6.6535,0.0667,0.016,0.0,0.0,0.0667,0.016,6.6535,0.0,0.0,2.9056,1.0
2021-04-01,20:00,HKNWBSC01,26997.0,26997_Mani Sial Khanewal (3G-CII-4075),59.0,6997_Mani Sial Khanewal (3G-CII-4075),SAHIWAL_CLUSTER_04_Rural,100%,0.0,85.0,0.0,203.0,0.0,835.0,231.0,242.0,0.0,119.0,6.1833,0.0,42031.0,42775.0,42477.0,42775.0,0.0,1.0,835.0,813.0,6.1833,100.0,332.0,334.0,0.0,813.0,84.0,85.0,0.0,0.1212,4.4935,0.0974,0.0056,0.0,0.0,0.0974,0.0056,4.4935,0.0,0.0,6.1833,0.0
2021-04-01,20:00,HKNWBSC01,16997.0,16997_Mani Sial Khanewal (3G-CII-4075),58.0,6997_Mani Sial Khanewal (3G-CII-4075),SAHIWAL_CLUSTER_04_Rural,100%,0.0,40.0,0.0,113.0,0.0,492.0,121.0,132.0,0.0,69.0,1.7861,0.0,9967.0,10978.0,10591.0,10978.0,0.0,0.0,492.0,438.0,1.7861,100.0,147.0,148.0,0.0,438.0,40.0,40.0,0.0386,0.2702,6.3109,0.5796,0.016,0.0027,0.0,0.5796,0.016,6.3109,0.0027,0.0,1.7861,0.0
2021-04-01,20:00,HKNWBSC01,35069.0,35069_Shanti Nagar Khanewal,57.0,5069_Shanti Nagar Khanewal,SAHIWAL_CLUSTER_04_Rural,100%,0.0,57.0,1.0,75.0,0.0,414.0,46.0,47.0,0.0,19.0,1.1931,1.0,5204.0,6411.0,6084.0,6411.0,0.0,1.0,414.0,377.0,1.1931,100.0,98.0,114.0,0.0,377.0,56.0,57.0,0.0,0.0336,7.8059,0.09,0.0027,0.0,0.0,0.09,0.0027,7.8059,0.0,0.0,1.1931,1.0
2021-04-01,20:00,HKNWBSC01,25069.0,25069_Shanti Nagar Khanewal,53.0,5069_Shanti Nagar Khanewal,SAHIWAL_CLUSTER_04_Rural,100%,0.0,36.0,1.0,46.0,0.0,410.0,19.0,21.0,0.0,10.0,2.7125,1.0,16879.0,18269.0,17242.0,18269.0,0.0,0.0,410.0,388.0,2.7125,100.0,75.0,77.0,0.0,388.0,36.0,36.0,0.0741,0.9639,3.4233,0.1194,0.0318,0.0027,0.0,0.1194,0.0318,3.4233,0.0027,0.0,2.7125,1.0
2021-04-01,20:00,HKNWBSC01,15069.0,15069_Shanti Nagar Khanewal,52.0,5069_Shanti Nagar Khanewal,SAHIWAL_CLUSTER_04_Rural,100%,0.0,28.0,1.0,52.0,0.0,282.0,36.0,40.0,0.0,24.0,2.0917,1.0,13464.0,13930.0,13835.0,13930.0,0.0,0.0,282.0,259.0,2.0917,100.0,52.0,66.0,0.0,259.0,28.0,28.0,0.0,0.2805,6.9974,0.5238,0.0212,0.0,0.0,0.5238,0.0212,6.9974,0.0,0.0,2.0917,1.0
2021-04-01,20:00,HKNWBSC01,36996.0,36996_Kohiwala Khanewal,51.0,6996_Kohiwala Khanewal (3G-CII-4074),SAHIWAL_CLUSTER_04_Rural,100%,0.0,106.0,2.0,144.0,0.0,551.0,92.0,94.0,0.0,40.0,3.6333,2.0,23365.0,23516.0,23209.0,23516.0,0.0,2.0,551.0,538.0,3.6333,100.0,210.0,210.0,0.0,538.0,104.0,106.0,0.7032,1.5,5.5366,0.0667,0.0453,0.0293,0.0107,0.0667,0.0453,5.5366,0.0293,0.0107,3.6333,2.0
2021-04-01,20:00,HKNWBSC01,26996.0,26996_Kohiwala Khanewal,50.0,6996_Kohiwala Khanewal (3G-CII-4074),SAHIWAL_CLUSTER_04_Rural,100%,0.0,20.0,1.0,97.0,0.0,319.0,143.0,147.0,0.0,76.0,1.6417,1.0,10466.0,10946.0,10876.0,10946.0,0.0,0.0,319.0,280.0,1.6417,100.0,75.0,82.0,0.0,280.0,20.0,20.0,0.3843,1.7941,5.5719,2.5962,0.1173,0.0266,0.0053,2.5962,0.1173,5.5719,0.0266,0.0053,1.6417,1.0
2021-04-01,20:00,HKNWBSC01,16996.0,16996_Kohiwala Khanewal,49.0,6996_Kohiwala Khanewal (3G-CII-4074),SAHIWAL_CLUSTER_04_Rural,100%,0.0,31.0,1.0,40.0,0.0,219.0,20.0,21.0,0.0,10.0,3.0278,1.0,20196.0,21569.0,21435.0,21569.0,0.0,1.0,219.0,196.0,3.0278,100.0,74.0,79.0,0.0,196.0,30.0,31.0,2.4969,6.376,4.4127,1.1866,0.23199999999999998,0.11199999999999999,0.0373,1.1866,0.23199999999999998,4.4127,0.11199999999999999,0.0373,3.0278,1.0
2021-04-01,20:00,HKNWBSC01,35058.0,35058_Fareed Kot Khanewal (3G-CII-3990),48.0,5058_Fareed Kot Khanewal (3G-CII-3990),SAHIWAL_CLUSTER_04_Rural,100%,0.0,12.0,0.0,31.0,0.0,84.0,39.0,41.0,0.0,21.0,0.2028,0.0,963.0,1053.0,1050.0,1053.0,0.0,1.0,84.0,80.0,0.2028,100.0,30.0,33.0,0.0,80.0,11.0,12.0,0.0,0.1452,9.1022,0.064,0.0133,0.0,0.0,0.064,0.0133,9.1022,0.0,0.0,0.2028,0.0
2021-04-01,20:00,HKNWBSC01,25058.0,25058_Fareed Kot Khanewal (3G-CII-3990),47.0,5058_Fareed Kot Khanewal (3G-CII-3990),SAHIWAL_CLUSTER_04_Rural,100%,0.0,22.0,0.0,45.0,0.0,149.0,34.0,35.0,0.0,18.0,0.7056,0.0,3961.0,4270.0,4247.0,4270.0,0.0,0.0,149.0,133.0,0.7056,100.0,43.0,44.0,0.0,133.0,22.0,22.0,0.4815,1.7713,8.3361,0.4286,0.1151,0.0295,0.0134,0.4286,0.1151,8.3361,0.0295,0.0134,0.7056,0.0
2021-04-01,20:00,HKNWBSC01,15058.0,15058_Fareed Kot Khanewal (3G-CII-3990),46.0,5058_Fareed Kot Khanewal (3G-CII-3990),SAHIWAL_CLUSTER_04_Rural,100%,0.0,31.0,2.0,86.0,0.0,202.0,96.0,101.0,0.0,54.0,2.3542,2.0,14795.0,15622.0,15568.0,15622.0,0.0,0.0,202.0,198.0,2.3542,100.0,64.0,64.0,0.0,198.0,31.0,31.0,0.0375,0.9015,6.5718,0.5012,0.0617,0.0027,0.0,0.5012,0.0617,6.5718,0.0027,0.0,2.3542,2.0
2021-04-01,20:00,HKNWBSC01,24443.0,24443_Nawan Shahar Khanewal (3G-CII-4582),45.0,4443_Nawan Shahar Khanewal (3G-CII-4582),SAHIWAL_CLUSTER_04_Rural,100%,0.0,37.0,1.0,146.0,0.0,140.0,208.0,211.0,0.0,109.0,3.3181,1.0,23038.0,23265.0,23214.0,23265.0,0.0,0.0,140.0,140.0,3.3181,100.0,121.0,121.0,0.0,140.0,37.0,37.0,3.1084,10.9763,3.0747,1.8133,0.43200000000000005,0.168,0.0027,1.8133,0.43200000000000005,3.0747,0.168,0.0027,3.3181,1.0
2021-04-01,20:00,HKNWBSC01,14443.0,14443_Nawan Shahar Khanewal (3G-CII-4582),44.0,4443_Nawan Shahar Khanewal (3G-CII-4582),SAHIWAL_CLUSTER_04_Rural,100%,0.0,47.0,0.0,66.0,0.0,174.0,33.0,33.0,0.0,19.0,2.1458,0.0,14877.0,14978.0,14968.0,14978.0,1.0,1.0,174.0,172.0,2.1458,100.0,128.0,128.0,1.0,172.0,47.0,47.0,0.0691,0.5187,7.343999999999999,0.32799999999999996,0.0347,0.0053,0.0,0.32799999999999996,0.0347,7.343999999999999,0.0053,0.0,2.1458,0.0
2021-04-01,20:00,HKNWBSC01,24465.0,24465_Peoples Colony Khanewal (3G-CII-3943),42.0,4465_Peoples Colony Khanewal (3G-CII-3943),SAHIWAL_CLUSTER_04_Rural,100%,0.0,199.0,3.0,340.0,0.0,920.0,268.0,279.0,0.0,144.0,9.8069,3.0,63334.0,64231.0,63555.0,64231.0,0.0,1.0,920.0,905.0,9.8069,100.0,423.0,431.0,0.0,905.0,198.0,199.0,0.0355,0.4261,12.9666,2.0697,0.059000000000000004,0.0054,0.0,2.0697,0.059000000000000004,12.9666,0.0054,0.0,9.8069,3.0
2021-04-01,20:00,HKNWBSC01,34466.0,34466_Chak No 100 Khanewal (3G-CII-3944),41.0,4466_Chak No 100 Khanewal (3G-CII-3944),SAHIWAL_CLUSTER_04_Rural,100%,0.0,33.0,1.0,56.0,0.0,213.0,36.0,40.0,0.0,25.0,0.8389,1.0,4623.0,4801.0,4692.0,4801.0,0.0,1.0,213.0,200.0,0.8389,100.0,127.0,129.0,0.0,200.0,32.0,33.0,0.0,0.0337,15.8075,0.0562,0.0054,0.0,0.0,0.0562,0.0054,15.8075,0.0,0.0,0.8389,1.0
2021-04-01,20:00,HKNWBSC01,24466.0,24466_Chak No 100 Khanewal (3G-CII-3944),40.0,4466_Chak No 100 Khanewal (3G-CII-3944),SAHIWAL_CLUSTER_04_Rural,100%,0.0,27.0,0.0,33.0,0.0,154.0,13.0,14.0,0.0,6.0,0.9236,0.0,5513.0,5877.0,5746.0,5877.0,0.0,0.0,154.0,150.0,0.9236,100.0,84.0,86.0,0.0,150.0,27.0,27.0,0.0854,0.5407,9.0293,0.2907,0.0427,0.008,0.0,0.2907,0.0427,9.0293,0.008,0.0,0.9236,0.0
2021-04-01,20:00,HKNWBSC01,15048.0,15048_Chak No 7 R Rehman Gar Khanewal,39.0,5048_Chak No 7 R Rehman Gar Khanewal,SAHIWAL_CLUSTER_04_Rural,100%,0.0,166.0,5.0,220.0,0.0,2949.0,102.0,106.0,0.0,59.0,8.4042,5.0,51968.0,54624.0,52864.0,54624.0,0.0,4.0,2949.0,2732.0,8.4042,100.0,350.0,371.0,0.0,2732.0,162.0,166.0,0.0,0.0917,11.5909,0.0722,0.0107,0.0,0.0,0.0722,0.0107,11.5909,0.0,0.0,8.4042,5.0
2021-04-01,20:00,HKNWBSC01,34671.0,34671_Vanjari Khanewal,38.0,4671_Vanjari Khanewal,SAHIWAL_CLUSTER_04_Rural,100%,0.0,48.0,9.0,54.0,0.0,540.0,39.0,44.0,0.0,20.0,1.3111,9.0,7000.0,7861.0,7472.0,7861.0,0.0,14.0,540.0,516.0,1.3111,100.0,137.0,143.0,0.0,516.0,34.0,48.0,0.1526,0.5087,4.9387,0.2773,0.0187,0.0027,0.0053,0.2773,0.0187,4.9387,0.0027,0.0053,1.3111,9.0
2021-04-01,20:00,HKNWBSC01,24671.0,24671_Vanjari Khanewal,37.0,4671_Vanjari Khanewal,SAHIWAL_CLUSTER_04_Rural,100%,0.0,35.0,0.0,47.0,0.0,249.0,16.0,19.0,0.0,12.0,0.8208,0.0,4716.0,4741.0,4730.0,4741.0,0.0,0.0,249.0,237.0,0.8208,100.0,133.0,140.0,0.0,237.0,35.0,35.0,0.0707,3.4996,5.7834,1.516,0.2594,0.0054,0.0,1.516,0.2594,5.7834,0.0054,0.0,0.8208,0.0
2021-04-01,20:00,HKNWBSC01,14671.0,14671_Vanjari Khanewal,36.0,4671_Vanjari Khanewal,SAHIWAL_CLUSTER_04_Rural,100%,0.0,69.0,2.0,94.0,0.0,508.0,51.0,52.0,0.0,25.0,1.7861,2.0,9728.0,11165.0,10749.0,11165.0,0.0,0.0,508.0,502.0,1.7861,100.0,126.0,126.0,0.0,502.0,69.0,69.0,0.0694,0.1388,3.3989,0.4282,0.0027,0.0,0.0027,0.4282,0.0027,3.3989,0.0,0.0027,1.7861,2.0
2021-04-01,20:00,HKNWBSC01,14465.0,14465_Peoples Colony Khanewal (3G-CII-3943),34.0,4465_Peoples Colony Khanewal (3G-CII-3943),SAHIWAL_CLUSTER_04_Rural,100%,0.0,92.0,5.0,217.0,0.0,456.0,229.0,246.0,0.0,129.0,5.9181,5.0,36664.0,38873.0,37888.0,38873.0,2.0,5.0,456.0,429.0,5.9181,100.0,217.0,227.0,2.0,429.0,89.0,92.0,0.3218,1.401,1.7151,0.5827,0.0252,0.0038,0.0038,0.5827,0.0252,1.7151,0.0038,0.0038,5.9181,5.0
2021-04-01,20:00,HKNWBSC01,35313.0,35313_Kukur Hatta Khanewal,33.0,5313_Kukur Hatta Khanewal,SAHIWAL_CLUSTER_04_Rural,100%,0.0,28.0,4.0,23.0,0.0,611.0,1.0,1.0,0.0,0.0,2.3222,4.0,14983.0,15479.0,14606.0,15479.0,0.0,5.0,611.0,487.0,2.3222,100.0,95.0,112.0,0.0,487.0,23.0,28.0,0.0435,0.6085,5.8862,0.16399999999999998,0.0344,0.0027,0.0,0.16399999999999998,0.0344,5.8862,0.0027,0.0,2.3222,4.0
2021-04-01,20:00,HKNWBSC01,35066.0,35066_Peerowaal GT Road Khanewal (3G-CII-4635),29.0,5066_Peerowaal GT Road Khanewal (3G-CII-4635),SAHIWAL_CLUSTER_04_Rural,100%,0.0,129.0,1.0,193.0,0.0,912.0,136.0,144.0,0.0,61.0,3.0389,1.0,16298.0,16931.0,15858.0,16931.0,0.0,0.0,912.0,878.0,3.0389,100.0,342.0,346.0,0.0,878.0,129.0,129.0,0.0,0.2003,6.3952,0.2453,0.0133,0.0,0.0,0.2453,0.0133,6.3952,0.0,0.0,3.0389,1.0
2021-04-01,20:00,HKNWBSC01,25066.0,25066_Peerowaal GT Road Khanewal (3G-CII-4635),28.0,5066_Peerowaal GT Road Khanewal (3G-CII-4635),SAHIWAL_CLUSTER_04_Rural,100%,0.0,68.0,1.0,113.0,0.0,579.0,93.0,96.0,0.0,45.0,3.4931,1.0,23312.0,23675.0,23439.0,23675.0,0.0,0.0,579.0,569.0,3.4931,100.0,335.0,335.0,0.0,569.0,68.0,68.0,0.0,0.0254,10.4852,0.0347,0.0027,0.0,0.0,0.0347,0.0027,10.4852,0.0,0.0,3.4931,1.0
2021-04-01,20:00,HKNWBSC01,15066.0,15066_Peerowaal GT Road Khanewal (3G-CII-4635),27.0,5066_Peerowaal GT Road Khanewal (3G-CII-4635),SAHIWAL_CLUSTER_04_Rural,100%,0.0,101.0,0.0,151.0,0.0,428.0,105.0,107.0,0.0,51.0,4.4347,0.0,27838.0,28812.0,28564.0,28812.0,0.0,1.0,428.0,425.0,4.4347,100.0,270.0,272.0,0.0,425.0,100.0,101.0,0.0656,4.7854,7.1658,0.6016,0.385,0.0054,0.0,0.6016,0.385,7.1658,0.0054,0.0,4.4347,0.0
2021-04-01,20:00,HKNWBSC01,25065.0,25065_Chak No 30 R Khanewal,26.0,5065_Chak No 30 R Khanewal,SAHIWAL_CLUSTER_04_Rural,100%,0.0,29.0,2.0,56.0,0.0,579.0,46.0,55.0,0.0,28.0,3.0347,2.0,15670.0,19485.0,18074.0,19485.0,0.0,1.0,579.0,543.0,3.0347,100.0,220.0,223.0,0.0,543.0,28.0,29.0,0.0,0.2416,2.2734,0.0222,0.0056,0.0,0.0,0.0222,0.0056,2.2734,0.0,0.0,3.0347,2.0
2021-04-01,20:00,HKNWBSC01,15065.0,15065_Chak No 30 R Khanewal,25.0,5065_Chak No 30 R Khanewal,SAHIWAL_CLUSTER_04_Rural,100%,0.0,44.0,0.0,47.0,0.0,278.0,12.0,13.0,0.0,6.0,1.4375,0.0,9470.0,9702.0,9648.0,9702.0,0.0,3.0,278.0,270.0,1.4375,100.0,151.0,152.0,0.0,270.0,41.0,44.0,0.0,0.2344,5.5056,0.2064,0.0134,0.0,0.0,0.2064,0.0134,5.5056,0.0,0.0,1.4375,0.0
2021-04-01,20:00,HKNWBSC01,35065.0,35065_Chak No 30 R Khanewal,24.0,5065_Chak No 30 R Khanewal,SAHIWAL_CLUSTER_04_Rural,100%,0.0,118.0,2.0,125.0,0.0,453.0,16.0,18.0,0.0,7.0,6.7944,2.0,43837.0,45170.0,44027.0,45170.0,0.0,0.0,453.0,444.0,6.7944,100.0,336.0,341.0,0.0,444.0,118.0,118.0,3.1944,13.9839,2.7947,0.9555,0.4704,0.1393,0.0,0.9555,0.4704,2.7947,0.1393,0.0,6.7944,2.0
2021-04-01,20:00,HKNWBSC01,35060.0,35060_Makhdum Pur Khanewal (3G-CII-4634),23.0,5060_Makhdum Pur Khanewal (3G-CII-4634),SAHIWAL_CLUSTER_04_Rural,100%,0.0,122.0,0.0,144.0,0.0,324.0,40.0,41.0,0.0,23.0,3.7014,0.0,23851.0,23920.0,23885.0,23920.0,0.0,1.0,324.0,307.0,3.7014,99.9675,203.0,203.0,0.0,307.0,121.0,122.0,0.0,0.0821,13.0019,0.0134,0.0107,0.0,0.0,0.0134,0.0107,13.0019,0.0,0.0,3.7014,0.0
2021-04-01,20:00,HKNWBSC01,25060.0,25060_Makhdum Pur Khanewal (3G-CII-4634),22.0,5060_Makhdum Pur Khanewal (3G-CII-4634),SAHIWAL_CLUSTER_04_Rural,100%,0.0,122.0,3.0,152.0,0.0,370.0,58.0,60.0,0.0,31.0,7.6944,3.0,51734.0,53463.0,53144.0,53463.0,0.0,0.0,370.0,359.0,7.6944,100.0,213.0,217.0,0.0,359.0,122.0,122.0,0.7568,7.5176,6.2594,3.5428,0.7166,0.0642,0.016,3.5428,0.7166,6.2594,0.0642,0.016,7.6944,3.0
2021-04-01,20:00,HKNWBSC01,15060.0,15060_Makhdum Pur Khanewal (3G-CII-4634),21.0,5060_Makhdum Pur Khanewal (3G-CII-4634),SAHIWAL_CLUSTER_04_Rural,100%,0.0,126.0,4.0,248.0,0.0,1476.0,238.0,261.0,0.0,132.0,5.3639,4.0,31822.0,33816.0,33590.0,33816.0,0.0,2.0,1476.0,1376.0,5.3639,100.0,275.0,281.0,0.0,1376.0,124.0,126.0,0.3197,1.5984,8.7613,1.2135,0.1296,0.0324,0.0,1.2135,0.1296,8.7613,0.0324,0.0,5.3639,4.0
2021-04-01,20:00,HKNWBSC01,34464.0,34464_K Mart Khanewal (3G-CII-3942),20.0,4464_K Mart Khanewal (3G-CII-3942),SAHIWAL_CLUSTER_04_Rural,100%,0.0,32.0,1.0,109.0,0.0,353.0,140.0,141.0,0.0,76.0,2.8111,1.0,19004.0,19259.0,19019.0,19259.0,0.0,0.0,353.0,348.0,2.8111,100.0,90.0,95.0,0.0,348.0,32.0,32.0,0.0,0.0,7.0427,0.0053,0.0,0.0,0.0,0.0053,0.0,7.0427,0.0,0.0,2.8111,1.0
2021-04-01,20:00,HKNWBSC01,14462.0,14462_Chah Murad Wala Khanewal (3G-CII-3630),17.0,4462_Chah Murad Wala Khanewal (3G-CII-3630),SAHIWAL_CLUSTER_04_Rural,100%,0.0,67.0,2.0,127.0,0.0,482.0,110.0,114.0,0.0,60.0,4.0556,2.0,27691.0,27948.0,27891.0,27948.0,0.0,0.0,482.0,480.0,4.0556,100.0,270.0,272.0,0.0,480.0,67.0,67.0,0.16,1.1423,10.7549,0.7585,0.1144,0.0186,0.0,0.7585,0.1144,10.7549,0.0186,0.0,4.0556,2.0
2021-04-01,20:00,HKNWBSC01,34462.0,34462_Chah Murad Wala Khanewal (3G-CII-3630),16.0,4462_Chah Murad Wala Khanewal (3G-CII-3630),SAHIWAL_CLUSTER_04_Rural,100%,0.0,116.0,2.0,223.0,0.0,872.0,244.0,251.0,0.0,105.0,3.6917,2.0,21789.0,23003.0,22622.0,23003.0,5.0,6.0,872.0,746.0,3.6917,100.0,303.0,322.0,5.0,746.0,115.0,116.0,0.0,0.0544,4.8053,0.0998,0.0027,0.0,0.0,0.0998,0.0027,4.8053,0.0,0.0,3.6917,2.0
2021-04-01,20:00,HKNWBSC01,24462.0,24462_Chah Murad Wala Khanewal (3G-CII-3630),15.0,4462_Chah Murad Wala Khanewal (3G-CII-3630),SAHIWAL_CLUSTER_04_Rural,100%,0.0,97.0,0.0,154.0,0.0,178.0,124.0,131.0,0.0,64.0,2.7403,0.0,17159.0,17246.0,17157.0,17246.0,0.0,3.0,178.0,174.0,2.7403,100.0,150.0,154.0,0.0,174.0,94.0,97.0,0.0125,0.5229,18.9819,2.2767,0.1091,0.0027,0.0,2.2767,0.1091,18.9819,0.0027,0.0,2.7403,0.0
2021-04-01,20:00,HKNWBSC01,34442.0,34442_New Larry Adda Khanewal,14.0,4442_New Larry Adda Khanewal,SAHIWAL_CLUSTER_04_Rural,100%,0.0,127.0,0.0,356.0,0.0,711.0,475.0,480.0,0.0,232.0,6.2819,0.0,41647.0,41844.0,41234.0,41844.0,6.0,8.0,711.0,698.0,6.2819,100.0,301.0,302.0,6.0,698.0,125.0,127.0,0.0,0.0909,8.3262,0.49200000000000005,0.008,0.0,0.0,0.49200000000000005,0.008,8.3262,0.0,0.0,6.2819,0.0
2021-04-01,20:00,HKNWBSC01,24442.0,24442_New Larry Adda Khanewal,13.0,4442_New Larry Adda Khanewal,SAHIWAL_CLUSTER_04_Rural,100%,0.0,61.0,0.0,137.0,0.0,294.0,149.0,152.0,0.0,77.0,2.6222,0.0,17245.0,17554.0,17180.0,17554.0,0.0,0.0,294.0,278.0,2.6222,100.0,94.0,105.0,0.0,278.0,61.0,61.0,0.3767,1.4588,5.2254,0.3603,0.0613,0.0187,0.0027,0.3603,0.0613,5.2254,0.0187,0.0027,2.6222,0.0
2021-04-01,20:00,HKNWBSC01,14442.0,14442_New Larry Adda Khanewal,12.0,4442_New Larry Adda Khanewal,SAHIWAL_CLUSTER_04_Rural,100%,0.0,23.0,1.0,77.0,0.0,130.0,96.0,97.0,0.0,54.0,1.9611,1.0,13615.0,13672.0,13661.0,13672.0,0.0,0.0,130.0,125.0,1.9611,100.0,42.0,42.0,0.0,125.0,23.0,23.0,0.1775,1.3130000000000002,6.771,0.6629999999999999,0.0855,0.0107,0.0027,0.6629999999999999,0.0855,6.771,0.0107,0.0027,1.9611,1.0
2021-04-01,20:00,HKNWBSC01,34269.0,34269_Chak No 23 Kacha Khu Khanewal,11.0,4269_Chak No 23 Kacha Khu Khanewal,SAHIWAL_CLUSTER_04_Rural,100%,0.0,73.0,1.0,110.0,0.0,167.0,66.0,67.0,0.0,37.0,3.5958,1.0,22536.0,24111.0,23646.0,24111.0,0.0,0.0,167.0,165.0,3.5958,100.0,125.0,127.0,0.0,165.0,73.0,73.0,0.0429,0.257,5.5035,0.7098,0.0133,0.0027,0.0,0.7098,0.0133,5.5035,0.0027,0.0,3.5958,1.0
2021-04-01,20:00,HKNWBSC01,24269.0,24269_Chak No 23 Kacha Khu Khanewal,10.0,4269_Chak No 23 Kacha Khu Khanewal,SAHIWAL_CLUSTER_04_Rural,100%,0.0,55.0,0.0,97.0,0.0,412.0,75.0,79.0,0.0,42.0,3.7694,0.0,24261.0,25259.0,25102.0,25259.0,0.0,0.0,412.0,408.0,3.7694,100.0,278.0,279.0,0.0,408.0,55.0,55.0,0.0525,0.1049,4.95,0.1527,0.0027,0.0,0.0027,0.1527,0.0027,4.95,0.0,0.0027,3.7694,0.0
2021-04-01,20:00,HKNWBSC01,14269.0,14269_Chak No 23 Kacha Khu Khanewal,9.0,4269_Chak No 23 Kacha Khu Khanewal,SAHIWAL_CLUSTER_04_Rural,100%,0.0,16.0,0.0,58.0,0.0,215.0,70.0,77.0,0.0,42.0,0.7917,0.0,4811.0,5109.0,5100.0,5109.0,0.0,0.0,215.0,209.0,0.7917,100.0,43.0,43.0,0.0,209.0,16.0,16.0,0.0,0.1298,8.029,0.1977,0.0107,0.0,0.0,0.1977,0.0107,8.029,0.0,0.0,0.7917,0.0
2021-04-01,20:00,HKNWBSC01,35312.0,35312_Nestle Plant Khanewal (3G-CII-4009),8.0,5312_Nestle Plant Khanewal (3G-CII-4009),SAHIWAL_CLUSTER_04_Rural,100%,0.0,40.0,1.0,84.0,0.0,298.0,83.0,87.0,0.0,44.0,2.3042,1.0,14682.0,15009.0,14655.0,15009.0,0.0,1.0,298.0,294.0,2.3042,100.0,89.0,89.0,0.0,294.0,39.0,40.0,0.0699,0.1398,7.3778,0.2373,0.0053,0.0053,0.0,0.2373,0.0053,7.3778,0.0053,0.0,2.3042,1.0
2021-04-01,20:00,HKNWBSC01,25313.0,25313_Kukur Hatta Khanewal,4.0,5313_Kukur Hatta Khanewal,SAHIWAL_CLUSTER_04_Rural,100%,0.0,11.0,0.0,11.0,0.0,143.0,2.0,2.0,0.0,0.0,0.3611,0.0,2244.0,2265.0,2205.0,2265.0,0.0,0.0,143.0,141.0,0.3611,100.0,40.0,41.0,0.0,141.0,11.0,11.0,0.3112,1.8949,7.6376,1.5397,0.1482,0.0291,0.0,1.5397,0.1482,7.6376,0.0291,0.0,0.3611,0.0
2021-04-01,20:00,HKNWBSC01,25312.0,25312_Nestle Plant Khanewal (3G-CII-4009),3.0,5312_Nestle Plant Khanewal (3G-CII-4009),SAHIWAL_CLUSTER_04_Rural,100%,0.0,66.0,5.0,109.0,0.0,437.0,92.0,99.0,0.0,46.0,2.9944,5.0,18355.0,18791.0,18124.0,18791.0,0.0,1.0,437.0,404.0,2.9944,100.0,205.0,220.0,0.0,404.0,65.0,66.0,0.4338,2.3867,3.16,0.5074,0.0734,0.0054,0.0109,0.5074,0.0734,3.16,0.0054,0.0109,2.9944,5.0
2021-04-01,20:00,HKNWBSC01,15312.0,15312_Nestle Plant Khanewal (3G-CII-4009),2.0,5312_Nestle Plant Khanewal (3G-CII-4009),SAHIWAL_CLUSTER_04_Rural,100%,0.0,65.0,1.0,107.0,0.0,483.0,87.0,90.0,0.0,42.0,2.0389,1.0,11260.0,11819.0,11634.0,11819.0,0.0,0.0,483.0,472.0,2.0389,100.0,326.0,333.0,0.0,472.0,65.0,65.0,0.1041,1.1103,6.0053,1.5947,0.0773,0.008,0.0,1.5947,0.0773,6.0053,0.008,0.0,2.0389,1.0
2021-04-01,20:00,HKNWBSC01,15313.0,15313_Kukur Hatta Khanewal,1.0,5313_Kukur Hatta Khanewal,SAHIWAL_CLUSTER_04_Rural,100%,0.0,20.0,2.0,24.0,0.0,243.0,6.0,7.0,0.0,4.0,0.4847,2.0,2339.0,2484.0,2409.0,2484.0,0.0,0.0,243.0,215.0,0.4847,100.0,106.0,113.0,0.0,215.0,20.0,20.0,0.0344,0.5491,7.1085,0.5582,0.0397,0.0027,0.0,0.5582,0.0397,7.1085,0.0027,0.0,0.4847,2.0
2021-04-01,20:00,HKNWBSC01,16849.0,16849_Colony Sugar Mills (Micro) Khanewal,0.0,6849_Colony Sugar Mills (Micro) Khanewal,SAHIWAL_CLUSTER_04_Rural,100%,0.0,31.0,0.0,32.0,0.0,97.0,2.0,2.0,0.0,1.0,2.2653,0.0,15745.0,15752.0,15397.0,15752.0,0.0,0.0,97.0,97.0,2.2653,100.0,44.0,44.0,0.0,97.0,31.0,31.0,0.0,0.0,6.5957,0.0,0.0,0.0,0.0,0.0,0.0,6.5957,0.0,0.0,2.2653,0.0
2021-04-01,20:00,HBRWBSC02,35064.0,35064_Vijanwala Khanewal,33.0,5064_Vijanwala Khanewal,SAHIWAL_CLUSTER_04_Rural,100%,0.0,58.0,1.0,68.0,0.0,480.0,19.0,27.0,0.0,12.0,2.0972,1.0,12888.0,13318.0,13259.0,13318.0,0.0,1.0,480.0,456.0,2.0972,100.0,90.0,91.0,0.0,456.0,57.0,58.0,0.0,0.0,1.2027,0.032,0.0,0.0,0.0,0.032,0.0,1.2027,0.0,0.0,2.0972,1.0
2021-04-01,20:00,HBRWBSC02,25064.0,25064_Vijanwala Khanewal,29.0,5064_Vijanwala Khanewal,SAHIWAL_CLUSTER_04_Rural,100%,0.0,73.0,0.0,84.0,0.0,410.0,22.0,22.0,0.0,12.0,2.275,0.0,14590.0,14885.0,14769.0,14885.0,0.0,1.0,410.0,398.0,2.275,100.0,173.0,182.0,0.0,398.0,72.0,73.0,0.0,0.0,5.3352,0.032,0.0,0.0,0.0,0.032,0.0,5.3352,0.0,0.0,2.275,0.0
2021-04-01,20:00,HBRWBSC02,15064.0,15064_Vijanwala Khanewal,28.0,5064_Vijanwala Khanewal,SAHIWAL_CLUSTER_04_Rural,100%,0.0,28.0,1.0,34.0,0.0,343.0,11.0,13.0,0.0,6.0,1.5222,1.0,9905.0,10247.0,10202.0,10247.0,0.0,0.0,343.0,327.0,1.5222,100.0,53.0,53.0,0.0,327.0,28.0,28.0,0.0,0.0,3.5535,0.0,0.0,0.0,0.0,0.0,0.0,3.5535,0.0,0.0,1.5222,1.0
