Date,Time,GBSC,Cell CI,Cell Name,CellIndex,Site Name,Location,Integrity,_CallSetup TCH GOS(%)_N,_CallSetup TCH GOS(%)_D,_DCR_N,_DCR_D,_GOS-SDCCH(%)_N,_GOS-SDCCH(%)_D,_HSR%_N,_HSR%_D,_Mobility TCH GOS(%)_N,_Mobility TCH GOS(%)_D,_MTBD (Mean Time between Drop)_N,_MTBD (Mean Time between Drop)_D,_RxQual Index DL_1,_RxQual Index DL_2,_RxQual Index UL_1,_RxQual Index UL_2,CSSR_Non Blocking_1_N,CSSR_Non Blocking_2_N,CSSR_Non Blocking_1_D,CSSR_Non Blocking_2_D,GlobelTraffic,TCH Availability Rate,_cssr_Call Setup Indications (Circuit Service)_N_1,_Cssr_Channel Requests (Circuit Service)_D_1,_CSSR_Call Drops on SDCCH_N_2,_CSSR_Successful SDCCH Seizures_D_2,_CSSR_Successful TCH Seizures (Traffic Channel)_N_3,_CSSR_TCH Seizure Requests (Traffic Channel)_D_3,Interference Band Proportion (4~5)(%),Interference Band 345,Mean Number of TCH in Interference Band 1,Mean Number of TCH in Interference Band 2,Mean Number of TCH in Interference Band 3,Mean Number of TCH in Interference Band 4,Mean Number of TCH in Interference Band 5,Mean Number of TCH in Interference Band 1.1,Mean Number of TCH in Interference Band 2.1,Mean Number of TCH in Interference Band 3.1,Mean Number of TCH in Interference Band 4.1,Mean Number of TCH in Interference Band 5.1,K3014:Traffic Volume on TCH(Erl),CM33:Call Drops on Traffic Channel
2021-04-01,20:00,HBWPBSC02,24874.0,24874_Khairpur Road Alipur Muzaffargarh (3G-CII-4135),136.0,4874_Khairpur Road Alipur Muzaffargarh (3G-CII-4135),ALIPUR_CLUSTER_01_Rural,100%,0.0,26.0,1.0,201.0,0.0,236.0,336.0,337.0,0.0,176.0,2.8819,1.0,17696.0,17701.0,17592.0,17701.0,0.0,1.0,236.0,236.0,2.8819,100.0,74.0,74.0,0.0,236.0,25.0,26.0,0.0799,0.34,52.4355,0.3635,0.1378,0.0212,0.0212,0.3635,0.1378,52.4355,0.0212,0.0212,2.8819,1.0
2021-04-01,20:00,HBWPBSC02,32645.0,CII-2645-3_Basti Kohar Faqiran Muzaffargarh,120.0,CII-2645_Basti Kohar Faqiran Muzaffargarh,ALIPUR_CLUSTER_01_Rural,100%,0.0,620.0,14.0,661.0,0.0,8927.0,200.0,270.0,0.0,116.0,12.6611,14.0,47575.0,61988.0,59841.0,61988.0,1.0,90.0,8927.0,7321.0,12.6611,100.0,921.0,1059.0,1.0,7321.0,531.0,620.0,0.0,0.0196,27.4288,0.41200000000000003,0.0055,0.0,0.0,0.41200000000000003,0.0055,27.4288,0.0,0.0,12.6611,14.0
2021-04-01,20:00,HBWPBSC02,36965.0,36965_Adda Nalka Bahawalpur,119.0,6965_Adda Nalka Bahawalpur,ALIPUR_CLUSTER_01_Rural,100%,0.0,46.0,0.0,95.0,0.0,185.0,93.0,97.0,0.0,51.0,2.5125,0.0,15404.0,17006.0,16844.0,17006.0,0.0,0.0,185.0,174.0,2.5125,100.0,93.0,94.0,0.0,174.0,46.0,46.0,0.1318,0.3201,13.969000000000001,0.1763,0.0267,0.016,0.0027,0.1763,0.0267,13.969000000000001,0.016,0.0027,2.5125,0.0
2021-04-01,20:00,HBWPBSC02,26965.0,26965_Adda Nalka Bahawalpur,118.0,6965_Adda Nalka Bahawalpur,ALIPUR_CLUSTER_01_Rural,100%,0.0,54.0,0.0,95.0,0.0,252.0,81.0,82.0,0.0,41.0,2.1056,0.0,13046.0,13362.0,13266.0,13362.0,3.0,3.0,252.0,248.0,2.1056,100.0,96.0,96.0,3.0,248.0,54.0,54.0,0.0663,0.0663,8.025,0.0241,0.0,0.0027,0.0027,0.0241,0.0,8.025,0.0027,0.0027,2.1056,0.0
2021-04-01,20:00,HBWPBSC02,16965.0,16965_Adda Nalka Bahawalpur,117.0,6965_Adda Nalka Bahawalpur,ALIPUR_CLUSTER_01_Rural,100%,0.0,49.0,0.0,105.0,0.0,717.0,112.0,124.0,0.0,57.0,1.5306,0.0,8654.0,8942.0,8892.0,8942.0,1.0,2.0,717.0,702.0,1.5306,100.0,73.0,75.0,1.0,702.0,48.0,49.0,0.037000000000000005,0.037000000000000005,7.1845,0.0374,0.0,0.0027,0.0,0.0374,0.0,7.1845,0.0027,0.0,1.5306,0.0
2021-04-01,20:00,HBWPBSC02,24471.0,24471_College Chowk Muzaffargarh,115.0,4471_College Chowk Muzaffargarh,ALIPUR_CLUSTER_01_Rural,100%,0.0,55.0,1.0,190.0,0.0,290.0,272.0,272.0,0.0,135.0,3.3139,1.0,21420.0,21486.0,21438.0,21486.0,2.0,2.0,290.0,287.0,3.3139,100.0,109.0,111.0,2.0,287.0,55.0,55.0,0.5149,3.2302,13.2093,3.3716,0.4653,0.0668,0.0214,3.3716,0.4653,13.2093,0.0668,0.0214,3.3139,1.0
2021-04-01,20:00,HBWPBSC02,14471.0,14471_College Chowk Muzaffargarh,114.0,4471_College Chowk Muzaffargarh,ALIPUR_CLUSTER_01_Rural,100%,0.0,154.0,1.0,285.0,0.0,554.0,269.0,277.0,0.0,133.0,6.4778,1.0,40218.0,40494.0,39848.0,40494.0,0.0,1.0,554.0,551.0,6.4778,100.0,288.0,289.0,0.0,551.0,153.0,154.0,0.1816,0.8402,11.4103,0.2337,0.0773,0.016,0.0053,0.2337,0.0773,11.4103,0.016,0.0053,6.4778,1.0
2021-04-01,20:00,HBWPBSC02,22645.0,CII-2645-2_Basti Kohar Faqiran Muzaffargarh,113.0,CII-2645_Basti Kohar Faqiran Muzaffargarh,ALIPUR_CLUSTER_01_Rural,100%,0.0,101.0,1.0,201.0,0.0,384.0,187.0,201.0,0.0,103.0,6.8778,1.0,44438.0,46891.0,46644.0,46891.0,1.0,3.0,384.0,367.0,6.8778,100.0,259.0,265.0,1.0,367.0,99.0,101.0,0.0,0.0,6.8425,0.0112,0.0,0.0,0.0,0.0112,0.0,6.8425,0.0,0.0,6.8778,1.0
2021-04-01,20:00,HBWPBSC02,12645.0,CII-2645-1_Basti Kohar Faqiran Muzaffargarh,112.0,CII-2645_Basti Kohar Faqiran Muzaffargarh,ALIPUR_CLUSTER_01_Rural,100%,0.0,336.0,9.0,354.0,0.0,3445.0,69.0,108.0,0.0,58.0,7.3875,9.0,32821.0,39653.0,37946.0,39654.0,0.0,42.0,3445.0,2953.0,7.3875,100.0,511.0,571.0,0.0,2953.0,294.0,336.0,0.0,0.0,13.9973,0.5081,0.0,0.0,0.0,0.5081,0.0,13.9973,0.0,0.0,7.3875,9.0
2021-04-01,20:00,HBWPBSC02,36988.0,36988_Shabay Wala Muzaffargarh,111.0,6988_Shabay Wala Muzaffargarh,ALIPUR_CLUSTER_01_Rural,100%,0.0,24.0,0.0,55.0,0.0,114.0,57.0,59.0,0.0,31.0,0.3944,0.0,2074.0,2214.0,2152.0,2214.0,0.0,0.0,114.0,113.0,0.3944,100.0,54.0,55.0,0.0,113.0,24.0,24.0,0.0,0.0,8.9895,0.0079,0.0,0.0,0.0,0.0079,0.0,8.9895,0.0,0.0,0.3944,0.0
2021-04-01,20:00,HBWPBSC02,22231.0,CII-2231-2_Galwan Shar Muzaffargarh,105.0,CII-2231_Galwan Shar Muzaffargarh,ALIPUR_CLUSTER_01_Rural,100%,0.0,99.0,0.0,211.0,0.0,408.0,228.0,228.0,0.0,112.0,2.9236,0.0,17322.0,17406.0,17400.0,17406.0,0.0,0.0,408.0,406.0,2.9236,100.0,216.0,217.0,0.0,406.0,99.0,99.0,0.0,0.0,20.1827,0.0118,0.0,0.0,0.0,0.0118,0.0,20.1827,0.0,0.0,2.9236,0.0
2021-04-01,20:00,HBWPBSC02,12231.0,CII-2231-1_Galwan Shar Muzaffargarh,104.0,CII-2231_Galwan Shar Muzaffargarh,ALIPUR_CLUSTER_01_Rural,100%,0.0,87.0,1.0,251.0,0.0,368.0,327.0,331.0,0.0,165.0,3.3458,1.0,19311.0,19579.0,19124.0,19579.0,0.0,1.0,368.0,362.0,3.3458,100.0,188.0,190.0,0.0,362.0,86.0,87.0,0.0,0.0519,10.1593,0.061,0.0053,0.0,0.0,0.061,0.0053,10.1593,0.0,0.0,3.3458,1.0
2021-04-01,20:00,HBWPBSC02,32154.0,CII-2154-3_Binday Ishaq Muzaffargarh,103.0,CII-2154_Binday Ishaq Muzaffargarh,ALIPUR_CLUSTER_01_Rural,100%,0.0,27.0,0.0,52.0,0.0,143.0,52.0,52.0,0.0,25.0,0.6847,0.0,4180.0,4182.0,4178.0,4182.0,1.0,1.0,143.0,140.0,0.6847,100.0,60.0,61.0,1.0,140.0,27.0,27.0,0.0,0.0627,8.4133,0.0827,0.0053,0.0,0.0,0.0827,0.0053,8.4133,0.0,0.0,0.6847,0.0
2021-04-01,20:00,HBWPBSC02,22154.0,CII-2154-2_Binday Ishaq Muzaffargarh,102.0,CII-2154_Binday Ishaq Muzaffargarh,ALIPUR_CLUSTER_01_Rural,100%,0.0,15.0,1.0,56.0,0.0,480.0,65.0,77.0,0.0,41.0,0.6056,1.0,3345.0,3462.0,3405.0,3462.0,0.0,0.0,480.0,427.0,0.6056,100.0,37.0,42.0,0.0,427.0,15.0,15.0,0.0,0.0,7.272,0.0,0.0,0.0,0.0,0.0,0.0,7.272,0.0,0.0,0.6056,1.0
2021-04-01,20:00,HBWPBSC02,12154.0,CII-2154-1_Binday Ishaq Muzaffargarh,101.0,CII-2154_Binday Ishaq Muzaffargarh,ALIPUR_CLUSTER_01_Rural,100%,0.0,33.0,0.0,51.0,0.0,395.0,25.0,32.0,0.0,18.0,2.1472,0.0,14603.0,14773.0,14469.0,14773.0,1.0,1.0,395.0,385.0,2.1472,100.0,64.0,64.0,1.0,385.0,33.0,33.0,0.0,0.0,7.4886,0.0,0.0,0.0,0.0,0.0,0.0,7.4886,0.0,0.0,2.1472,0.0
2021-04-01,20:00,HBWPBSC02,15682.0,15682_Rajput Colony Muzaffargarh (3G-CII-4131),98.0,5682_Rajput Colony Muzaffargarh (3G-CII-4131),ALIPUR_CLUSTER_01_Rural,100%,0.0,232.0,2.0,394.0,0.0,907.0,329.0,334.0,0.0,163.0,8.2319,2.0,51049.0,51463.0,51321.0,51463.0,0.0,1.0,907.0,891.0,8.2319,100.0,558.0,563.0,0.0,891.0,231.0,232.0,0.3927,0.7858,24.0838,1.7417,0.1023,0.0381,0.0642,1.7417,0.1023,24.0838,0.0381,0.0642,8.2319,2.0
2021-04-01,20:00,HBWPBSC02,14190.0,14190_Ada Joti Muzaffargarh (3G-CII-4153),95.0,4190_Ada Joti Muzaffargarh (3G-CII-4153),ALIPUR_CLUSTER_01_Rural,100%,0.0,131.0,0.0,201.0,0.0,434.0,139.0,140.0,0.0,72.0,7.6597,0.0,51370.0,52256.0,51742.0,52256.0,0.0,1.0,434.0,422.0,7.6597,100.0,289.0,292.0,0.0,422.0,130.0,131.0,0.0,0.0,7.5743,0.0394,0.0,0.0,0.0,0.0394,0.0,7.5743,0.0,0.0,7.6597,0.0
2021-04-01,20:00,HBWPBSC02,34873.0,34873_Butta Chowk Teacher Colony Muzaffargarh (3G-CII-4313),94.0,4873_Butta Chowk Teacher Colony Muzaffargarh (3G-CII-4313),ALIPUR_CLUSTER_01_Rural,100%,0.0,158.0,0.0,431.0,0.0,756.0,568.0,571.0,0.0,276.0,7.5264,0.0,45468.0,46216.0,45742.0,46216.0,0.0,2.0,756.0,718.0,7.5264,100.0,378.0,387.0,0.0,718.0,156.0,158.0,0.1127,0.1127,14.1253,0.308,0.0,0.0027,0.0136,0.308,0.0,14.1253,0.0027,0.0136,7.5264,0.0
2021-04-01,20:00,HBWPBSC02,35640.0,35640_Moza Gabbar Araian Muzaffargarh,89.0,5640_Moza Gabbar Araian Muzaffargarh,ALIPUR_CLUSTER_01_Rural,100%,1.0,439.0,14.0,481.0,0.0,4515.0,133.0,180.0,0.0,79.0,10.7944,14.0,49234.0,63228.0,62218.0,63228.0,0.0,26.0,4515.0,4020.0,10.7944,100.0,655.0,740.0,0.0,4020.0,412.0,439.0,0.0,0.1269,11.9819,0.5324,0.0159,0.0,0.0,0.5324,0.0159,11.9819,0.0,0.0,10.7944,14.0
2021-04-01,20:00,HBWPBSC02,25640.0,25640_Moza Gabbar Araian Muzaffargarh,88.0,5640_Moza Gabbar Araian Muzaffargarh,ALIPUR_CLUSTER_01_Rural,100%,0.0,40.0,0.0,114.0,0.0,102.0,138.0,145.0,0.0,75.0,2.1042,0.0,13756.0,14010.0,13658.0,14010.0,0.0,0.0,102.0,94.0,2.1042,100.0,71.0,76.0,0.0,94.0,40.0,40.0,0.0,0.0,17.3554,0.0292,0.0,0.0,0.0,0.0292,0.0,17.3554,0.0,0.0,2.1042,0.0
2021-04-01,20:00,HBWPBSC02,15640.0,15640_Moza Gabbar Araian Muzaffargarh,87.0,5640_Moza Gabbar Araian Muzaffargarh,ALIPUR_CLUSTER_01_Rural,100%,0.0,223.0,6.0,250.0,0.0,1534.0,87.0,118.0,0.0,46.0,4.4111,6.0,20208.0,23456.0,22572.0,23456.0,0.0,16.0,1534.0,1406.0,4.4111,100.0,493.0,520.0,0.0,1406.0,207.0,223.0,0.0,0.1911,11.8968,0.5397,0.0238,0.0,0.0,0.5397,0.0238,11.8968,0.0,0.0,4.4111,6.0
2021-04-01,20:00,HBWPBSC02,36969.0,36969_Basti Allah Baksh Muzaffargarh,86.0,6969_Basti Allah Baksh Muzaffargarh,ALIPUR_CLUSTER_01_Rural,100%,0.0,139.0,2.0,178.0,0.0,427.0,68.0,74.0,0.0,40.0,6.3806,2.0,41750.0,43453.0,43113.0,43453.0,0.0,0.0,427.0,418.0,6.3806,100.0,202.0,202.0,0.0,418.0,139.0,139.0,0.0163,0.0327,16.1634,0.0556,0.0027,0.0027,0.0,0.0556,0.0027,16.1634,0.0027,0.0,6.3806,2.0
2021-04-01,20:00,HBWPBSC02,26969.0,26969_Basti Allah Baksh Muzaffargarh,85.0,6969_Basti Allah Baksh Muzaffargarh,ALIPUR_CLUSTER_01_Rural,100%,0.0,48.0,1.0,63.0,0.0,159.0,30.0,31.0,0.0,15.0,3.0764,1.0,20109.0,20634.0,20389.0,20634.0,0.0,0.0,159.0,158.0,3.0764,100.0,93.0,94.0,0.0,158.0,48.0,48.0,0.0,0.4328,11.4507,1.3377,0.0556,0.0,0.0,1.3377,0.0556,11.4507,0.0,0.0,3.0764,1.0
2021-04-01,20:00,HBWPBSC02,16969.0,16969_Basti Allah Baksh Muzaffargarh,84.0,6969_Basti Allah Baksh Muzaffargarh,ALIPUR_CLUSTER_01_Rural,100%,0.0,81.0,0.0,180.0,0.0,236.0,192.0,193.0,0.0,100.0,4.4875,0.0,29518.0,29855.0,29742.0,29855.0,0.0,0.0,236.0,231.0,4.4875,100.0,140.0,140.0,0.0,231.0,81.0,81.0,0.0,0.0283,18.6869,0.0743,0.0053,0.0,0.0,0.0743,0.0053,18.6869,0.0,0.0,4.4875,0.0
2021-04-01,20:00,HBWPBSC02,36994.0,36994_Jahan Pur Muzaffargarh,83.0,6994_Jahan Pur Muzaffargarh,ALIPUR_CLUSTER_01_Rural,100%,0.0,87.0,1.0,137.0,0.0,554.0,86.0,93.0,0.0,53.0,5.7319,1.0,38428.0,39568.0,39382.0,39568.0,0.0,1.0,554.0,523.0,5.7319,100.0,175.0,188.0,0.0,523.0,86.0,87.0,0.0,0.0592,35.7263,0.1701,0.0213,0.0,0.0,0.1701,0.0213,35.7263,0.0,0.0,5.7319,1.0
2021-04-01,20:00,HBWPBSC02,26994.0,26994_Jahan Pur Muzaffargarh,82.0,6994_Jahan Pur Muzaffargarh,ALIPUR_CLUSTER_01_Rural,100%,0.0,35.0,1.0,75.0,0.0,393.0,64.0,65.0,0.0,40.0,4.0333,1.0,27654.0,28772.0,28686.0,28772.0,0.0,0.0,393.0,390.0,4.0333,100.0,196.0,199.0,0.0,390.0,35.0,35.0,0.0,0.0,13.9992,0.0187,0.0,0.0,0.0,0.0187,0.0,13.9992,0.0,0.0,4.0333,1.0
2021-04-01,20:00,HBWPBSC02,16994.0,16994_Jahan Pur Muzaffargarh,81.0,6994_Jahan Pur Muzaffargarh,ALIPUR_CLUSTER_01_Rural,100%,0.0,292.0,0.0,338.0,0.0,706.0,83.0,83.0,0.0,49.0,15.4389,0.0,104568.0,105228.0,105090.0,105228.0,0.0,3.0,706.0,698.0,15.4389,100.0,476.0,481.0,0.0,698.0,289.0,292.0,0.0,0.0,38.3526,0.0053,0.0,0.0,0.0,0.0053,0.0,38.3526,0.0,0.0,15.4389,0.0
2021-04-01,20:00,HBWPBSC02,36968.0,36968_Damer Wala Muzaffargarh,80.0,6968_Damer Wala Muzaffargarh,ALIPUR_CLUSTER_01_Rural,100%,0.0,21.0,0.0,52.0,0.0,185.0,58.0,59.0,0.0,31.0,0.6639,0.0,3828.0,4018.0,3948.0,4018.0,1.0,1.0,185.0,169.0,0.6639,100.0,62.0,62.0,1.0,169.0,21.0,21.0,0.0,0.0627,8.2926,0.1835,0.0053,0.0,0.0,0.1835,0.0053,8.2926,0.0,0.0,0.6639,0.0
2021-04-01,20:00,HBWPBSC02,26968.0,26968_Damer Wala Muzaffargarh,79.0,6968_Damer Wala Muzaffargarh,ALIPUR_CLUSTER_01_Rural,100%,0.0,47.0,0.0,101.0,0.0,148.0,104.0,107.0,0.0,54.0,2.2042,0.0,14010.0,14590.0,14516.0,14590.0,0.0,0.0,148.0,142.0,2.2042,100.0,67.0,70.0,0.0,142.0,47.0,47.0,0.0,0.0,7.2287,0.0904,0.0,0.0,0.0,0.0904,0.0,7.2287,0.0,0.0,2.2042,0.0
2021-04-01,20:00,HBWPBSC02,16968.0,16968_Damer Wala Muzaffargarh,78.0,6968_Damer Wala Muzaffargarh,ALIPUR_CLUSTER_01_Rural,100%,0.0,173.0,0.0,250.0,0.0,759.0,147.0,158.0,0.0,80.0,6.9569,0.0,46394.0,46746.0,46732.0,46746.0,4.0,5.0,759.0,731.0,6.9569,100.0,277.0,280.0,4.0,731.0,172.0,173.0,0.0,0.0,17.5274,0.0478,0.0,0.0,0.0,0.0478,0.0,17.5274,0.0,0.0,6.9569,0.0
2021-04-01,20:00,HBWPBSC02,34193.0,34193_Khair Pur Muzaffargarh,77.0,4193_Khair Pur Muzaffargarh,ALIPUR_CLUSTER_01_Rural,100%,0.0,21.0,2.0,89.0,0.0,177.0,103.0,123.0,0.0,71.0,1.3639,2.0,7198.0,8944.0,8350.0,8944.0,4.0,4.0,177.0,153.0,1.3639,100.0,41.0,41.0,4.0,153.0,21.0,21.0,0.0337,0.0674,7.9147,0.0027,0.0027,0.0,0.0027,0.0027,0.0027,7.9147,0.0,0.0027,1.3639,2.0
2021-04-01,20:00,HBWPBSC02,24193.0,24193_Khair Pur Muzaffargarh,76.0,4193_Khair Pur Muzaffargarh,ALIPUR_CLUSTER_01_Rural,100%,0.0,164.0,9.0,307.0,0.0,881.0,232.0,279.0,0.0,146.0,8.1556,9.0,50174.0,53880.0,52904.0,53880.0,0.0,1.0,881.0,754.0,8.1556,100.0,315.0,323.0,0.0,754.0,163.0,164.0,0.3575,4.9262,11.3155,1.4594,0.6139,0.0427,0.0053,1.4594,0.6139,11.3155,0.0427,0.0053,8.1556,9.0
2021-04-01,20:00,HBWPBSC02,36967.0,36967_Basti Sithari Muzaffargarh,74.0,6967_Basti Sithari Muzaffargarh,ALIPUR_CLUSTER_01_Rural,100%,0.0,160.0,3.0,256.0,0.0,471.0,165.0,193.0,0.0,97.0,4.6264,3.0,26852.0,28833.0,28793.0,28833.0,0.0,1.0,471.0,448.0,4.6264,100.0,225.0,234.0,0.0,448.0,159.0,160.0,0.0,0.0988,10.6554,0.0371,0.0106,0.0,0.0,0.0371,0.0106,10.6554,0.0,0.0,4.6264,3.0
2021-04-01,20:00,HBWPBSC02,14193.0,14193_Khair Pur Muzaffargarh,70.0,4193_Khair Pur Muzaffargarh,ALIPUR_CLUSTER_01_Rural,100%,0.0,35.0,0.0,57.0,0.0,228.0,31.0,36.0,0.0,23.0,2.3611,0.0,16100.0,16492.0,15730.0,16492.0,2.0,2.0,228.0,217.0,2.3611,100.0,78.0,84.0,2.0,217.0,35.0,35.0,0.0425,0.1276,12.4101,0.1336,0.0107,0.0027,0.0027,0.1336,0.0107,12.4101,0.0027,0.0027,2.3611,0.0
2021-04-01,20:00,HBWPBSC02,34880.0,34880_Latti Marian Muzaffargarh,69.0,4880_Latti Marian Muzaffargarh,ALIPUR_CLUSTER_01_Rural,100%,0.0,119.0,7.0,180.0,0.0,574.0,127.0,147.0,0.0,67.0,5.6431,7.0,35768.0,38008.0,37982.0,38008.0,5.0,10.0,574.0,541.0,5.6431,100.0,227.0,232.0,5.0,541.0,114.0,119.0,0.0,0.0453,17.4538,0.2192,0.008,0.0,0.0,0.2192,0.008,17.4538,0.0,0.0,5.6431,7.0
2021-04-01,20:00,HBWPBSC02,24880.0,24880_Latti Marian Muzaffargarh,68.0,4880_Latti Marian Muzaffargarh,ALIPUR_CLUSTER_01_Rural,100%,0.0,44.0,2.0,91.0,0.0,274.0,74.0,83.0,0.0,47.0,3.7361,2.0,24980.0,25966.0,25924.0,25966.0,1.0,1.0,274.0,249.0,3.7361,100.0,100.0,107.0,1.0,249.0,44.0,44.0,0.0,0.0425,18.6507,0.1787,0.008,0.0,0.0,0.1787,0.008,18.6507,0.0,0.0,3.7361,2.0
2021-04-01,20:00,HBWPBSC02,14880.0,14880_Latti Marian Muzaffargarh,67.0,4880_Latti Marian Muzaffargarh,ALIPUR_CLUSTER_01_Rural,100%,0.0,44.0,1.0,60.0,0.0,272.0,36.0,36.0,0.0,16.0,1.8736,1.0,11708.0,12742.0,12648.0,12742.0,0.0,0.0,272.0,265.0,1.8736,100.0,140.0,142.0,0.0,265.0,44.0,44.0,0.0,0.5712,21.8463,0.4947,0.1283,0.0,0.0,0.4947,0.1283,21.8463,0.0,0.0,1.8736,1.0
2021-04-01,20:00,HBWPBSC02,34645.0,34645_Khan Bela Multan,66.0,4645_Khan Bela Multan,ALIPUR_CLUSTER_01_Rural,100%,0.0,34.0,2.0,73.0,0.0,126.0,71.0,83.0,0.0,43.0,1.6861,2.0,10602.0,10976.0,10904.0,10976.0,0.0,0.0,126.0,121.0,1.6861,100.0,56.0,57.0,0.0,121.0,34.0,34.0,0.0,0.3618,7.3048,0.0588,0.0267,0.0,0.0,0.0588,0.0267,7.3048,0.0,0.0,1.6861,2.0
2021-04-01,20:00,HBWPBSC02,24645.0,24645_Khan Bela Multan,65.0,4645_Khan Bela Multan,ALIPUR_CLUSTER_01_Rural,100%,0.0,10.0,0.0,53.0,0.0,478.0,78.0,83.0,0.0,43.0,0.2875,0.0,1392.0,1424.0,1420.0,1424.0,2.0,2.0,478.0,465.0,0.2875,100.0,27.0,27.0,2.0,465.0,10.0,10.0,0.0,0.3679,7.9787,0.688,0.032,0.0,0.0,0.688,0.032,7.9787,0.0,0.0,0.2875,0.0
2021-04-01,20:00,HBWPBSC02,14645.0,14645_Khan Bela Multan,64.0,4645_Khan Bela Multan,ALIPUR_CLUSTER_01_Rural,100%,0.0,14.0,0.0,16.0,0.0,180.0,4.0,4.0,0.0,2.0,0.2458,0.0,1438.0,1442.0,1436.0,1442.0,0.0,0.0,180.0,174.0,0.2458,100.0,35.0,36.0,0.0,174.0,14.0,14.0,0.0567,0.0567,4.7093,0.0,0.0,0.0,0.0027,0.0,0.0,4.7093,0.0,0.0027,0.2458,0.0
2021-04-01,20:00,HBWPBSC02,26988.0,26988_Shabay Wala Muzaffargarh,63.0,6988_Shabay Wala Muzaffargarh,ALIPUR_CLUSTER_01_Rural,100%,0.0,7.0,0.0,16.0,0.0,48.0,19.0,19.0,0.0,9.0,0.5958,0.0,4086.0,4086.0,4086.0,4086.0,0.0,0.0,48.0,48.0,0.5958,100.0,21.0,21.0,0.0,48.0,7.0,7.0,0.0,0.0,22.4955,0.0375,0.0,0.0,0.0,0.0375,0.0,22.4955,0.0,0.0,0.5958,0.0
2021-04-01,20:00,HBWPBSC02,16988.0,16988_Shabay Wala Muzaffargarh,62.0,6988_Shabay Wala Muzaffargarh,ALIPUR_CLUSTER_01_Rural,100%,0.0,43.0,2.0,112.0,0.0,360.0,127.0,133.0,0.0,70.0,2.2722,2.0,14734.0,15122.0,14974.0,15122.0,0.0,0.0,360.0,347.0,2.2722,100.0,108.0,110.0,0.0,347.0,43.0,43.0,0.0,0.0,5.6177,0.008,0.0,0.0,0.0,0.008,0.0,5.6177,0.0,0.0,2.2722,2.0
2021-04-01,20:00,HBWPBSC02,34191.0,34191_Chowk Permat Muzaffargarh,61.0,4191_Chowk Permat Muzaffargarh,ALIPUR_CLUSTER_01_Rural,100%,0.0,150.0,4.0,162.0,0.0,562.0,69.0,69.0,0.0,14.0,3.8514,4.0,21124.0,24314.0,23972.0,24314.0,0.0,2.0,562.0,548.0,3.8514,100.0,414.0,423.0,0.0,548.0,148.0,150.0,0.0,0.0,16.3717,0.0775,0.0,0.0,0.0,0.0775,0.0,16.3717,0.0,0.0,3.8514,4.0
2021-04-01,20:00,HBWPBSC02,24191.0,24191_Chowk Permat Muzaffargarh,60.0,4191_Chowk Permat Muzaffargarh,ALIPUR_CLUSTER_01_Rural,100%,0.0,52.0,0.0,119.0,0.0,207.0,113.0,115.0,0.0,69.0,1.5292,0.0,9158.0,9218.0,9218.0,9218.0,0.0,1.0,207.0,203.0,1.5292,100.0,87.0,87.0,0.0,203.0,51.0,52.0,0.0,0.1034,14.9287,0.5615,0.016,0.0,0.0,0.5615,0.016,14.9287,0.0,0.0,1.5292,0.0
2021-04-01,20:00,HBWPBSC02,14191.0,14191_Chowk Permat Muzaffargarh,59.0,4191_Chowk Permat Muzaffargarh,ALIPUR_CLUSTER_01_Rural,100%,0.0,45.0,0.0,72.0,0.0,147.0,61.0,62.0,0.0,27.0,1.5278,0.0,9958.0,10038.0,9894.0,10038.0,0.0,0.0,147.0,143.0,1.5278,100.0,77.0,81.0,0.0,143.0,45.0,45.0,0.0,0.0,13.5107,0.3636,0.0,0.0,0.0,0.3636,0.0,13.5107,0.0,0.0,1.5278,0.0
2021-04-01,20:00,HBWPBSC02,32649.0,CII-2649-3_Mud Wala Muzaffargarh,58.0,CII-2649_Mud Wala Muzaffargarh,ALIPUR_CLUSTER_01_Rural,100%,0.0,68.0,2.0,115.0,0.0,781.0,104.0,111.0,0.0,61.0,2.7806,2.0,14317.0,15946.0,13524.0,15946.0,0.0,14.0,781.0,736.0,2.7806,100.0,183.0,190.0,0.0,736.0,54.0,68.0,0.0,0.0,21.1011,0.0771,0.0,0.0,0.0,0.0771,0.0,21.1011,0.0,0.0,2.7806,2.0
2021-04-01,20:00,HBWPBSC02,22649.0,CII-2649-2_Mud Wala Muzaffargarh,54.0,CII-2649_Mud Wala Muzaffargarh,ALIPUR_CLUSTER_01_Rural,100%,0.0,62.0,1.0,120.0,0.0,313.0,112.0,116.0,0.0,59.0,5.3986,1.0,37657.0,38221.0,38220.0,38221.0,0.0,0.0,313.0,302.0,5.3986,100.0,122.0,124.0,0.0,302.0,62.0,62.0,0.0,0.0595,8.9335,0.0,0.0053,0.0,0.0,0.0,0.0053,8.9335,0.0,0.0,5.3986,1.0
2021-04-01,20:00,HBWPBSC02,12649.0,CII-2649-1_Mud Wala Muzaffargarh,53.0,CII-2649_Mud Wala Muzaffargarh,ALIPUR_CLUSTER_01_Rural,100%,0.0,34.0,2.0,61.0,0.0,110.0,46.0,47.0,0.0,27.0,1.5625,2.0,9920.0,10079.0,9760.0,10079.0,0.0,0.0,110.0,108.0,1.5625,100.0,56.0,57.0,0.0,108.0,34.0,34.0,0.0,0.0,15.7367,0.0027,0.0,0.0,0.0,0.0027,0.0,15.7367,0.0,0.0,1.5625,2.0
2021-04-01,20:00,HBWPBSC02,32639.0,CII-2639-3_Head Bakaini Muzaffargarh,52.0,CII-2639_Head Bakaini Muzaffargarh,ALIPUR_CLUSTER_01_Rural,100%,0.0,168.0,4.0,198.0,0.0,2962.0,110.0,143.0,0.0,71.0,5.6153,4.0,33306.0,35166.0,34804.0,35166.0,0.0,37.0,2962.0,2758.0,5.6153,100.0,386.0,410.0,0.0,2758.0,131.0,168.0,0.0,0.0,10.8777,0.0187,0.0,0.0,0.0,0.0187,0.0,10.8777,0.0,0.0,5.6153,4.0
2021-04-01,20:00,HBWPBSC02,26967.0,26967_Basti Sithari Muzaffargarh,46.0,6967_Basti Sithari Muzaffargarh,ALIPUR_CLUSTER_01_Rural,100%,0.0,307.0,2.0,425.0,0.0,796.0,240.0,242.0,0.0,121.0,12.5389,2.0,83601.0,83863.0,83214.0,83863.0,0.0,3.0,796.0,775.0,12.5389,100.0,565.0,573.0,0.0,775.0,304.0,307.0,0.0,0.0,21.2679,0.1088,0.0,0.0,0.0,0.1088,0.0,21.2679,0.0,0.0,12.5389,2.0
2021-04-01,20:00,HBWPBSC02,24190.0,24190_Ada Joti Muzaffargarh (3G-CII-4153),42.0,4190_Ada Joti Muzaffargarh (3G-CII-4153),ALIPUR_CLUSTER_01_Rural,100%,0.0,189.0,8.0,279.0,0.0,684.0,199.0,203.0,0.0,92.0,7.4042,8.0,44180.0,46942.0,46460.0,46942.0,0.0,2.0,684.0,652.0,7.4042,100.0,427.0,450.0,0.0,652.0,187.0,189.0,0.0,0.0369,7.8677,0.1209,0.003,0.0,0.0,0.1209,0.003,7.8677,0.0,0.0,7.4042,8.0
2021-04-01,20:00,HBWPBSC02,34190.0,34190_Ada Joti Muzaffargarh (3G-CII-4153),41.0,4190_Ada Joti Muzaffargarh (3G-CII-4153),ALIPUR_CLUSTER_01_Rural,100%,0.0,226.0,3.0,303.0,0.0,1214.0,140.0,172.0,0.0,81.0,7.6111,3.0,46930.0,48946.0,48344.0,48946.0,0.0,4.0,1214.0,1094.0,7.6111,100.0,394.0,406.0,0.0,1094.0,222.0,226.0,0.1042,1.7274,11.7113,1.0824,0.2113,0.0068,0.0068,1.0824,0.2113,11.7113,0.0068,0.0068,7.6111,3.0
2021-04-01,20:00,HBWPBSC02,34470.0,34470_Khairpur Road Alipur Muzaffargarh (3G-CII-4225),40.0,4470_Khairpur Road Alipur Muzaffargarh (3G-CII-4225),ALIPUR_CLUSTER_01_Rural,100%,0.0,109.0,5.0,549.0,0.0,628.0,791.0,827.0,0.0,445.0,14.3986,5.0,95690.0,97189.0,96139.0,97189.0,0.0,0.0,628.0,612.0,14.3986,100.0,220.0,225.0,0.0,612.0,109.0,109.0,0.3378,3.0564,24.9872,5.7595,0.8622,0.0858,0.0213,5.7595,0.8622,24.9872,0.0858,0.0213,14.3986,5.0
2021-04-01,20:00,HBWPBSC02,34173.0,34173_Shehr Sultan Muzaffargarh,37.0,4173_Shehr Sultan Muzaffargarh,ALIPUR_CLUSTER_01_Rural,100%,0.0,95.0,0.0,144.0,0.0,348.0,93.0,93.0,0.0,49.0,2.7556,0.0,15539.0,15768.0,15370.0,15768.0,1.0,1.0,348.0,342.0,2.7556,100.0,212.0,213.0,1.0,342.0,95.0,95.0,0.1224,1.2483,0.1413,10.6187,0.1227,0.0133,0.0,10.6187,0.1227,0.1413,0.0133,0.0,2.7556,0.0
2021-04-01,20:00,HBWPBSC02,24173.0,24173_Shehr Sultan Muzaffargarh,36.0,4173_Shehr Sultan Muzaffargarh,ALIPUR_CLUSTER_01_Rural,100%,0.0,135.0,0.0,183.0,0.0,410.0,94.0,98.0,0.0,49.0,3.0681,0.0,18287.0,18349.0,18347.0,18349.0,1.0,2.0,410.0,404.0,3.0681,100.0,305.0,305.0,1.0,404.0,134.0,135.0,0.0,0.0,5.2202,0.0206,0.0,0.0,0.0,0.0206,0.0,5.2202,0.0,0.0,3.0681,0.0
2021-04-01,20:00,HBWPBSC02,14173.0,14173_Shehr Sultan Muzaffargarh,35.0,4173_Shehr Sultan Muzaffargarh,ALIPUR_CLUSTER_01_Rural,100%,0.0,86.0,0.0,97.0,0.0,258.0,32.0,32.0,0.0,13.0,3.0847,0.0,20346.0,20588.0,20457.0,20588.0,0.0,2.0,258.0,254.0,3.0847,100.0,174.0,177.0,0.0,254.0,84.0,86.0,0.1097,0.1097,4.8533,0.0,0.0,0.0053,0.0,0.0,0.0,4.8533,0.0053,0.0,3.0847,0.0
2021-04-01,20:00,HBWPBSC02,14472.0,14472_Rai Colony Alipur Muzaffargarh,32.0,4472_Rai Colony Alipur Muzaffargarh,ALIPUR_CLUSTER_01_Rural,100%,0.0,255.0,1.0,458.0,0.0,894.0,414.0,414.0,0.0,204.0,9.6472,1.0,59789.0,60473.0,60179.0,60473.0,0.0,1.0,894.0,882.0,9.6472,100.0,450.0,453.0,0.0,882.0,254.0,255.0,0.1549,0.7853,23.524,0.555,0.153,0.0268,0.0108,0.555,0.153,23.524,0.0268,0.0108,9.6472,1.0
2021-04-01,20:00,HBWPBSC02,34174.0,34174_Pul Kalarwali Muzaffargarh,31.0,4174_Pul Kalarwali Muzaffargarh,ALIPUR_CLUSTER_01_Rural,100%,0.0,80.0,3.0,116.0,0.0,614.0,71.0,80.0,0.0,40.0,7.3778,3.0,50746.0,51344.0,50824.0,51344.0,2.0,2.0,614.0,586.0,7.3778,100.0,169.0,170.0,2.0,586.0,80.0,80.0,0.0,0.0,7.4802,0.3259,0.0,0.0,0.0,0.3259,0.0,7.4802,0.0,0.0,7.3778,3.0
2021-04-01,20:00,HBWPBSC02,24174.0,24174_Pul Kalarwali Muzaffargarh,30.0,4174_Pul Kalarwali Muzaffargarh,ALIPUR_CLUSTER_01_Rural,100%,0.0,26.0,0.0,67.0,0.0,241.0,74.0,74.0,0.0,41.0,1.9903,0.0,13714.0,13824.0,13806.0,13824.0,0.0,0.0,241.0,235.0,1.9903,100.0,123.0,126.0,0.0,235.0,26.0,26.0,0.3224,0.3413,13.6818,0.3717,0.0027,0.0187,0.0267,0.3717,0.0027,13.6818,0.0187,0.0267,1.9903,0.0
2021-04-01,20:00,HBWPBSC02,14174.0,14174_Pul Kalarwali Muzaffargarh,29.0,4174_Pul Kalarwali Muzaffargarh,ALIPUR_CLUSTER_01_Rural,100%,0.0,45.0,0.0,101.0,0.0,927.0,116.0,118.0,0.0,57.0,2.2472,0.0,15128.0,15208.0,14884.0,15208.0,2.0,2.0,927.0,878.0,2.2472,100.0,121.0,126.0,2.0,878.0,45.0,45.0,0.0,0.0,5.9628,0.0354,0.0,0.0,0.0,0.0354,0.0,5.9628,0.0,0.0,2.2472,0.0
2021-04-01,20:00,HBWPBSC02,34194.0,34194_Bet Mir Hazar Khan Muzaffargarh,27.0,4194_Bet Mir Hazar Khan Muzaffargarh,ALIPUR_CLUSTER_01_Rural,100%,0.0,132.0,1.0,166.0,0.0,885.0,63.0,67.0,0.0,38.0,4.9556,1.0,31068.0,32734.0,32728.0,32734.0,0.0,3.0,885.0,792.0,4.9556,100.0,237.0,247.0,0.0,792.0,129.0,132.0,0.0,0.0548,9.6445,0.1043,0.0054,0.0,0.0,0.1043,0.0054,9.6445,0.0,0.0,4.9556,1.0
2021-04-01,20:00,HBWPBSC02,24194.0,24194_Bet Mir Hazar Khan Muzaffargarh,26.0,4194_Bet Mir Hazar Khan Muzaffargarh,ALIPUR_CLUSTER_01_Rural,100%,0.0,107.0,0.0,160.0,0.0,206.0,114.0,116.0,0.0,53.0,2.8806,0.0,17934.0,18122.0,18062.0,18122.0,0.0,0.0,206.0,205.0,2.8806,100.0,159.0,160.0,0.0,205.0,107.0,107.0,0.0,0.0341,7.7867,0.048,0.0027,0.0,0.0,0.048,0.0027,7.7867,0.0,0.0,2.8806,0.0
2021-04-01,20:00,HBWPBSC02,14194.0,14194_Bet Mir Hazar Khan Muzaffargarh,25.0,4194_Bet Mir Hazar Khan Muzaffargarh,ALIPUR_CLUSTER_01_Rural,100%,0.0,32.0,0.0,107.0,0.0,113.0,155.0,155.0,0.0,75.0,2.2667,0.0,15422.0,15454.0,15446.0,15454.0,1.0,1.0,113.0,110.0,2.2667,100.0,59.0,59.0,1.0,110.0,32.0,32.0,0.5375,1.5492,7.8213,0.4827,0.0853,0.0427,0.0027,0.4827,0.0853,7.8213,0.0427,0.0027,2.2667,0.0
2021-04-01,20:00,HBWPBSC02,34192.0,34192_Jhogi Wala Muzaffargarh,21.0,4192_Jhogi Wala Muzaffargarh,ALIPUR_CLUSTER_01_Rural,100%,0.0,109.0,1.0,239.0,0.0,417.0,196.0,235.0,0.0,136.0,6.1931,1.0,41120.0,41734.0,41222.0,41734.0,8.0,9.0,417.0,397.0,6.1931,100.0,190.0,192.0,8.0,397.0,108.0,109.0,0.0,0.1571,11.4072,0.3733,0.0185,0.0,0.0,0.3733,0.0185,11.4072,0.0,0.0,6.1931,1.0
2021-04-01,20:00,HBWPBSC02,24192.0,24192_Jhogi Wala Muzaffargarh,20.0,4192_Jhogi Wala Muzaffargarh,ALIPUR_CLUSTER_01_Rural,100%,0.0,187.0,2.0,301.0,0.0,576.0,259.0,265.0,0.0,117.0,6.1958,2.0,38484.0,39548.0,39474.0,39548.0,0.0,3.0,576.0,524.0,6.1958,100.0,426.0,465.0,0.0,524.0,184.0,187.0,0.0,0.0575,18.3175,0.0741,0.0106,0.0,0.0,0.0741,0.0106,18.3175,0.0,0.0,6.1958,2.0
2021-04-01,20:00,HBWPBSC02,14192.0,14192_Jhogi Wala Muzaffargarh,19.0,4192_Jhogi Wala Muzaffargarh,ALIPUR_CLUSTER_01_Rural,100%,0.0,94.0,0.0,169.0,0.0,407.0,152.0,160.0,0.0,80.0,7.0431,0.0,49122.0,49960.0,49942.0,49960.0,0.0,1.0,407.0,397.0,7.0431,100.0,263.0,264.0,0.0,397.0,93.0,94.0,0.0,0.0136,19.3864,0.0476,0.0027,0.0,0.0,0.0476,0.0027,19.3864,0.0,0.0,7.0431,0.0
2021-04-01,20:00,HBWPBSC02,16967.0,16967_Basti Sithari Muzaffargarh,15.0,6967_Basti Sithari Muzaffargarh,ALIPUR_CLUSTER_01_Rural,100%,0.0,337.0,9.0,448.0,0.0,1922.0,214.0,222.0,0.0,112.0,11.2319,9.0,69614.0,71980.0,71431.0,71980.0,0.0,1.0,1922.0,1745.0,11.2319,100.0,535.0,554.0,0.0,1745.0,336.0,337.0,0.0,0.3072,15.937999999999999,0.5342,0.0508,0.0,0.0,0.5342,0.0508,15.937999999999999,0.0,0.0,11.2319,9.0
2021-04-01,20:00,HBWPBSC02,35574.0,35574_Ghazi Pur Multan,14.0,5574_Ghazi Pur Multan,ALIPUR_CLUSTER_01_Rural,100%,0.0,19.0,1.0,25.0,0.0,351.0,14.0,15.0,0.0,7.0,0.2292,1.0,548.0,625.0,591.0,625.0,0.0,1.0,351.0,348.0,0.2292,100.0,150.0,150.0,0.0,348.0,18.0,19.0,0.0,0.0355,7.4405,0.0239,0.0027,0.0,0.0,0.0239,0.0027,7.4405,0.0,0.0,0.2292,1.0
2021-04-01,20:00,HBWPBSC02,25574.0,25574_Ghazi Pur Multan,13.0,5574_Ghazi Pur Multan,ALIPUR_CLUSTER_01_Rural,100%,0.0,22.0,0.0,37.0,0.0,509.0,35.0,35.0,0.0,15.0,0.4389,0.0,2667.0,2703.0,2696.0,2703.0,1.0,1.0,509.0,497.0,0.4389,100.0,127.0,132.0,1.0,497.0,22.0,22.0,0.0,10.4922,0.8082,0.9164,0.2022,0.0,0.0,0.9164,0.2022,0.8082,0.0,0.0,0.4389,0.0
2021-04-01,20:00,HBWPBSC02,15574.0,15574_Ghazi Pur Multan,12.0,5574_Ghazi Pur Multan,ALIPUR_CLUSTER_01_Rural,100%,0.0,0.0,0.0,19.0,0.0,0.0,35.0,35.0,0.0,19.0,0.2903,0.0,1991.0,1998.0,1983.0,1998.0,0.0,0.0,0.0,0.0,0.2903,100.0,0.0,0.0,0.0,0.0,0.0,0.0,0.0,0.484,16.4122,1.0878,0.0851,0.0,0.0,1.0878,0.0851,16.4122,0.0,0.0,0.2903,0.0
2021-04-01,20:00,HBWPBSC02,36964.0,36964_Basti Chanjan Muzaffargarh (3G-CII-4290),11.0,6964_Basti Chanjan Muzaffargarh (3G-CII-4290),ALIPUR_CLUSTER_01_Rural,100%,0.0,68.0,4.0,152.0,0.0,291.0,171.0,172.0,0.0,85.0,2.2528,4.0,13576.0,14096.0,14040.0,14096.0,0.0,0.0,291.0,287.0,2.2528,100.0,166.0,169.0,0.0,287.0,68.0,68.0,0.0,0.0,28.4136,0.0743,0.0,0.0,0.0,0.0743,0.0,28.4136,0.0,0.0,2.2528,4.0
2021-04-01,20:00,HBWPBSC02,26964.0,26964_Basti Chanjan Muzaffargarh (3G-CII-4290),10.0,6964_Basti Chanjan Muzaffargarh (3G-CII-4290),ALIPUR_CLUSTER_01_Rural,100%,0.0,51.0,1.0,109.0,0.0,401.0,115.0,122.0,0.0,58.0,1.7722,1.0,10928.0,11512.0,11408.0,11512.0,0.0,0.0,401.0,394.0,1.7722,100.0,104.0,104.0,0.0,394.0,51.0,51.0,0.0,0.0202,13.0822,0.0292,0.0027,0.0,0.0,0.0292,0.0027,13.0822,0.0,0.0,1.7722,1.0
2021-04-01,20:00,HBWPBSC02,16964.0,16964_Basti Chanjan Muzaffargarh (3G-CII-4290),9.0,6964_Basti Chanjan Muzaffargarh (3G-CII-4290),ALIPUR_CLUSTER_01_Rural,100%,0.0,78.0,2.0,126.0,0.0,348.0,91.0,93.0,0.0,49.0,3.5306,2.0,22792.0,23142.0,22154.0,23142.0,1.0,1.0,348.0,323.0,3.5306,100.0,158.0,160.0,1.0,323.0,78.0,78.0,0.0,0.0973,16.1247,0.2228,0.0159,0.0,0.0,0.2228,0.0159,16.1247,0.0,0.0,3.5306,2.0
2021-04-01,20:00,HBWPBSC02,34878.0,34878_Seetpur Road Alipur Muzaffargarh,8.0,4878_Seetpur Road Alipur Muzaffargarh,ALIPUR_CLUSTER_01_Rural,100%,0.0,57.0,1.0,129.0,0.0,229.0,143.0,145.0,0.0,73.0,2.6639,1.0,15900.0,17692.0,17616.0,17692.0,2.0,2.0,229.0,215.0,2.6639,100.0,115.0,119.0,2.0,215.0,57.0,57.0,0.1771,1.1967,10.5166,1.3902,0.1229,0.0187,0.0027,1.3902,0.1229,10.5166,0.0187,0.0027,2.6639,1.0
2021-04-01,20:00,HBWPBSC02,24878.0,24878_Seetpur Road Alipur Muzaffargarh,7.0,4878_Seetpur Road Alipur Muzaffargarh,ALIPUR_CLUSTER_01_Rural,100%,0.0,282.0,2.0,321.0,0.0,918.0,86.0,89.0,0.0,41.0,12.1042,2.0,80572.0,82446.0,81704.0,82446.0,0.0,1.0,918.0,901.0,12.1042,100.0,568.0,576.0,0.0,901.0,281.0,282.0,0.2825,0.9708,5.2171,0.2933,0.0383,0.0105,0.0052,0.2933,0.0383,5.2171,0.0105,0.0052,12.1042,2.0
2021-04-01,20:00,HBWPBSC02,22639.0,CII-2639-2_Head Bakaini Muzaffargarh,2.0,CII-2639_Head Bakaini Muzaffargarh,ALIPUR_CLUSTER_01_Rural,100%,0.0,51.0,1.0,68.0,0.0,145.0,30.0,30.0,0.0,17.0,1.7056,1.0,10436.0,10474.0,10390.0,10474.0,0.0,0.0,145.0,145.0,1.7056,100.0,83.0,83.0,0.0,145.0,51.0,51.0,0.0,0.0,7.0871,0.0,0.0,0.0,0.0,0.0,0.0,7.0871,0.0,0.0,1.7056,1.0
2021-04-01,20:00,HBWPBSC02,12639.0,CII-2639-1_Head Bakaini Muzaffargarh,1.0,CII-2639_Head Bakaini Muzaffargarh,ALIPUR_CLUSTER_01_Rural,100%,0.0,107.0,1.0,241.0,0.0,1206.0,241.0,264.0,0.0,140.0,3.4319,1.0,18930.0,20966.0,20884.0,20966.0,0.0,2.0,1206.0,1112.0,3.4319,100.0,195.0,205.0,0.0,1112.0,105.0,107.0,0.0,0.0,10.793,0.0053,0.0,0.0,0.0,0.0053,0.0,10.793,0.0,0.0,3.4319,1.0
2021-04-01,20:00,HBWPBSC02,46964.0,46964_Basti Chanjan Muzaffargarh (3G-CII-4290),0.0,6964_Basti Chanjan Muzaffargarh (3G-CII-4290),ALIPUR_CLUSTER_01_Rural,100%,0.0,63.0,1.0,126.0,0.0,202.0,133.0,133.0,0.0,65.0,2.6833,1.0,17504.0,17984.0,17808.0,17984.0,0.0,2.0,202.0,198.0,2.6833,100.0,123.0,124.0,0.0,198.0,61.0,63.0,0.0,0.0,7.193,0.1287,0.0,0.0,0.0,0.1287,0.0,7.193,0.0,0.0,2.6833,1.0
2021-04-01,20:00,HBWPBSC03,35577.0,35577_Mohalla Gareeb Shah Multan,149.0,5577_Mohalla Gareeb Shah Multan,ALIPUR_CLUSTER_01_Rural,100%,0.0,28.0,0.0,56.0,0.0,241.0,57.0,57.0,0.0,29.0,1.6236,0.0,11258.0,11258.0,11251.0,11258.0,0.0,1.0,241.0,239.0,1.6236,100.0,146.0,146.0,0.0,239.0,27.0,28.0,0.0,0.0219,12.1813,0.024,0.0027,0.0,0.0,0.024,0.0027,12.1813,0.0,0.0,1.6236,0.0
2021-04-01,20:00,HBWPBSC03,25577.0,25577_Mohalla Gareeb Shah Multan,148.0,5577_Mohalla Gareeb Shah Multan,ALIPUR_CLUSTER_01_Rural,100%,0.0,66.0,0.0,167.0,0.0,294.0,206.0,208.0,0.0,102.0,1.4903,0.0,8191.0,8198.0,8188.0,8198.0,0.0,0.0,294.0,286.0,1.4903,100.0,159.0,162.0,0.0,286.0,66.0,66.0,0.0211,0.0845,12.6143,0.0053,0.008,0.0027,0.0,0.0053,0.008,12.6143,0.0027,0.0,1.4903,0.0
2021-04-01,20:00,HBWPBSC03,15577.0,15577_Mohalla Gareeb Shah Multan,146.0,5577_Mohalla Gareeb Shah Multan,ALIPUR_CLUSTER_01_Rural,100%,0.0,124.0,1.0,230.0,0.0,919.0,205.0,212.0,0.0,108.0,6.0264,1.0,38675.0,38995.0,38640.0,38995.0,0.0,1.0,919.0,884.0,6.0264,100.0,354.0,362.0,0.0,884.0,123.0,124.0,1.8187,5.7729,4.7984,0.9259999999999999,0.2402,0.0939,0.0166,0.9259999999999999,0.2402,4.7984,0.0939,0.0166,6.0264,1.0
2021-04-01,20:00,HBWPBSC03,35572.0,35572_Jalapur Pirwala Multan,80.0,5572_Jalapur Pirwala Multan,ALIPUR_CLUSTER_01_Rural,100%,0.0,15.0,1.0,34.0,0.0,430.0,36.0,43.0,0.0,23.0,0.3778,1.0,988.0,1490.0,1302.0,1490.0,0.0,2.0,430.0,390.0,0.3778,100.0,39.0,43.0,0.0,390.0,13.0,15.0,0.0,4.5656,4.736000000000001,1.6578,0.3059,0.0,0.0,1.6578,0.3059,4.736000000000001,0.0,0.0,0.3778,1.0
2021-04-01,20:00,HBWPBSC03,25572.0,25572_Jalapur Pirwala Multan,79.0,5572_Jalapur Pirwala Multan,ALIPUR_CLUSTER_01_Rural,100%,0.0,58.0,0.0,142.0,0.0,320.0,169.0,171.0,0.0,84.0,1.8611,0.0,10359.0,10669.0,10257.0,10669.0,0.0,0.0,320.0,312.0,1.8611,100.0,157.0,158.0,0.0,312.0,58.0,58.0,0.1393,0.1393,1.9043,0.0027,0.0,0.0,0.0027,0.0027,0.0,1.9043,0.0,0.0027,1.8611,0.0
2021-04-01,20:00,HBWPBSC03,15572.0,15572_Jalapur Pirwala Multan,78.0,5572_Jalapur Pirwala Multan,ALIPUR_CLUSTER_01_Rural,100%,0.0,27.0,0.0,41.0,0.0,343.0,33.0,33.0,0.0,14.0,0.8583,0.0,5367.0,5367.0,5367.0,5367.0,0.0,0.0,343.0,339.0,0.8583,100.0,164.0,164.0,0.0,339.0,27.0,27.0,0.0,0.0612,12.2865,0.7348,0.008,0.0,0.0,0.7348,0.008,12.2865,0.0,0.0,0.8583,0.0
2021-04-01,20:00,HBWPBSC03,34176.0,34176_Moza Sui Wala Samma Satta Lodhran,71.0,4176_Moza Sui Wala Samma Satta Lodhran,ALIPUR_CLUSTER_01_Rural,100%,0.0,18.0,0.0,92.0,0.0,205.0,143.0,146.0,0.0,75.0,0.7208,0.0,3451.0,3857.0,3700.0,3857.0,0.0,1.0,205.0,195.0,0.7208,100.0,71.0,73.0,0.0,195.0,17.0,18.0,0.0,0.0,3.0266,0.0213,0.0,0.0,0.0,0.0213,0.0,3.0266,0.0,0.0,0.7208,0.0
2021-04-01,20:00,HBWPBSC03,24176.0,24176_Moza Sui Wala Samma Satta Lodhran,70.0,4176_Moza Sui Wala Samma Satta Lodhran,ALIPUR_CLUSTER_01_Rural,100%,0.0,42.0,0.0,56.0,0.0,191.0,32.0,32.0,0.0,14.0,1.8861,0.0,12766.0,12783.0,12748.0,12783.0,0.0,0.0,191.0,189.0,1.8861,100.0,71.0,73.0,0.0,189.0,42.0,42.0,0.0,0.0,2.3918,0.0172,0.0,0.0,0.0,0.0172,0.0,2.3918,0.0,0.0,1.8861,0.0
2021-04-01,20:00,HBWPBSC03,14176.0,14176_Moza Sui Wala Samma Satta Lodhran,69.0,4176_Moza Sui Wala Samma Satta Lodhran,ALIPUR_CLUSTER_01_Rural,100%,0.0,41.0,2.0,68.0,0.0,620.0,50.0,52.0,0.0,27.0,2.2403,2.0,13859.0,14350.0,13973.0,14350.0,1.0,1.0,620.0,566.0,2.2403,100.0,100.0,104.0,1.0,566.0,41.0,41.0,30.5422,58.657,0.872,1.8533,1.8533,1.8319999999999999,0.1813,1.8533,1.8533,0.872,1.8319999999999999,0.1813,2.2403,2.0
2021-04-01,20:00,HBWPBSC03,34898.0,34898_Meran Malla Multan,68.0,4898_Meran Malla Multan,ALIPUR_CLUSTER_01_Rural,100%,0.0,33.0,0.0,79.0,0.0,298.0,91.0,102.0,0.0,49.0,2.1917,0.0,14456.0,14551.0,14497.0,14551.0,4.0,4.0,298.0,274.0,2.1917,100.0,58.0,58.0,4.0,274.0,33.0,33.0,0.0,0.0,10.7979,0.1383,0.0,0.0,0.0,0.1383,0.0,10.7979,0.0,0.0,2.1917,0.0
2021-04-01,20:00,HBWPBSC03,24898.0,24898_Meran Malla Multan,67.0,4898_Meran Malla Multan,ALIPUR_CLUSTER_01_Rural,100%,0.0,48.0,0.0,88.0,0.0,872.0,79.0,91.0,0.0,40.0,2.1389,0.0,13238.0,13742.0,13201.0,13742.0,0.0,0.0,872.0,844.0,2.1389,100.0,121.0,124.0,0.0,844.0,48.0,48.0,0.0,0.3401,2.7282,0.1257,0.0097,0.0,0.0,0.1257,0.0097,2.7282,0.0,0.0,2.1389,0.0
2021-04-01,20:00,HBWPBSC03,14898.0,14898_Meran Malla Multan,64.0,4898_Meran Malla Multan,ALIPUR_CLUSTER_01_Rural,100%,0.0,50.0,0.0,70.0,0.0,423.0,34.0,38.0,0.0,21.0,1.1389,0.0,6362.0,6442.0,6354.0,6442.0,0.0,1.0,423.0,410.0,1.1389,100.0,119.0,122.0,0.0,410.0,49.0,50.0,1.7757,3.1251,3.5466,0.0716,0.0504,0.0186,0.0478,0.0716,0.0504,3.5466,0.0186,0.0478,1.1389,0.0
2021-04-01,20:00,HBWPBSC03,35571.0,35571_Bahadur Pur Multan,41.0,5571_Bahadur Pur Multan,ALIPUR_CLUSTER_01_Rural,100%,0.0,64.0,0.0,107.0,0.0,304.0,85.0,85.0,0.0,45.0,1.1792,0.0,5850.0,6062.0,5921.0,6062.0,3.0,5.0,304.0,298.0,1.1792,100.0,120.0,125.0,3.0,298.0,62.0,64.0,0.0288,0.0576,8.0246,1.2391,0.0027,0.0,0.0027,1.2391,0.0027,8.0246,0.0,0.0027,1.1792,0.0
2021-04-01,20:00,HBWPBSC03,25571.0,25571_Bahadur Pur Multan,40.0,5571_Bahadur Pur Multan,ALIPUR_CLUSTER_01_Rural,100%,0.0,33.0,0.0,92.0,0.0,267.0,118.0,119.0,0.0,59.0,0.3236,0.0,1265.0,1362.0,1358.0,1362.0,0.0,0.0,267.0,254.0,0.3236,100.0,78.0,82.0,0.0,254.0,33.0,33.0,0.0487,0.0487,5.4347,0.0427,0.0,0.0,0.0027,0.0427,0.0,5.4347,0.0,0.0027,0.3236,0.0
2021-04-01,20:00,HBWPBSC03,15571.0,15571_Bahadur Pur Multan,38.0,5571_Bahadur Pur Multan,ALIPUR_CLUSTER_01_Rural,100%,0.0,75.0,1.0,155.0,0.0,713.0,161.0,165.0,0.0,80.0,3.7722,1.0,22598.0,24602.0,23607.0,24602.0,0.0,0.0,713.0,666.0,3.7722,100.0,293.0,305.0,0.0,666.0,75.0,75.0,1.2879,4.1731,2.5146,0.7911,0.0995,0.0345,0.0099,0.7911,0.0995,2.5146,0.0345,0.0099,3.7722,1.0
2021-04-01,20:00,HMLTBSC08,16940.0,16940_Ada Gelewal Lodhran,233.0,6940_Ada Gelewal Lodhran,ALIPUR_CLUSTER_01_Rural,100%,0.0,8.0,0.0,16.0,0.0,87.0,14.0,14.0,0.0,8.0,0.9806,0.0,7039.0,7043.0,7043.0,7043.0,0.0,0.0,87.0,77.0,0.9806,100.0,25.0,25.0,0.0,77.0,8.0,8.0,0.0,0.4114,8.6203,0.4412,0.0374,0.0,0.0,0.4412,0.0374,8.6203,0.0,0.0,0.9806,0.0
2021-04-01,20:00,HMLTBSC08,36940.0,36940_Ada Gelewal Lodhran,216.0,6940_Ada Gelewal Lodhran,ALIPUR_CLUSTER_01_Rural,100%,0.0,22.0,1.0,31.0,0.0,167.0,16.0,19.0,0.0,9.0,0.5903,1.0,3177.0,3496.0,3483.0,3496.0,2.0,2.0,167.0,164.0,0.5903,100.0,65.0,65.0,2.0,164.0,22.0,22.0,0.0,0.3504,4.9599,1.123,0.0214,0.0,0.0,1.123,0.0214,4.9599,0.0,0.0,0.5903,1.0
2021-04-01,20:00,HMLTBSC08,26940.0,26940_Ada Gelewal Lodhran,215.0,6940_Ada Gelewal Lodhran,ALIPUR_CLUSTER_01_Rural,100%,0.0,30.0,0.0,47.0,0.0,498.0,38.0,39.0,0.0,17.0,0.9792,0.0,5875.0,6405.0,6391.0,6405.0,2.0,2.0,498.0,486.0,0.9792,100.0,237.0,237.0,2.0,486.0,30.0,30.0,0.0,0.3033,7.4839,0.4053,0.024,0.0,0.0,0.4053,0.024,7.4839,0.0,0.0,0.9792,0.0
2021-04-01,20:00,HMLTBSC08,36991.0,36991_Kotli Najabat Lodhran,295.0,6991_Kotli Najabat Lodhran,ALIPUR_CLUSTER_01_Rural,100%,0.0,59.0,1.0,78.0,0.0,344.0,33.0,37.0,0.0,19.0,4.6167,1.0,31694.0,32172.0,32141.0,32172.0,0.0,0.0,344.0,331.0,4.6167,100.0,103.0,106.0,0.0,331.0,59.0,59.0,0.0,0.0297,8.886000000000001,0.0424,0.0027,0.0,0.0,0.0424,0.0027,8.886000000000001,0.0,0.0,4.6167,1.0
2021-04-01,20:00,HMLTBSC08,26991.0,26991_Kotli Najabat Lodhran,294.0,6991_Kotli Najabat Lodhran,ALIPUR_CLUSTER_01_Rural,100%,0.0,28.0,0.0,48.0,0.0,251.0,40.0,40.0,0.0,20.0,1.6611,0.0,11207.0,11252.0,11197.0,11252.0,1.0,1.0,251.0,229.0,1.6611,100.0,75.0,79.0,1.0,229.0,28.0,28.0,0.0,0.1752,7.3245,0.2553,0.0133,0.0,0.0,0.2553,0.0133,7.3245,0.0,0.0,1.6611,0.0
2021-04-01,20:00,HMLTBSC08,16991.0,16991_Kotli Najabat Lodhran,293.0,6991_Kotli Najabat Lodhran,ALIPUR_CLUSTER_01_Rural,100%,0.0,52.0,1.0,73.0,0.0,466.0,46.0,49.0,0.0,22.0,1.1694,1.0,6758.0,6944.0,6901.0,6944.0,0.0,1.0,466.0,461.0,1.1694,100.0,221.0,222.0,0.0,461.0,51.0,52.0,0.0,0.0469,5.492000000000001,0.1755,0.0027,0.0,0.0,0.1755,0.0027,5.492000000000001,0.0,0.0,1.1694,1.0
2021-04-01,20:00,HMLTBSC08,34172.0,34172_Raja Ram Multan,283.0,4172_Raja Ram Multan,ALIPUR_CLUSTER_01_Rural,100%,0.0,51.0,4.0,140.0,0.0,945.0,161.0,174.0,0.0,93.0,1.4403,4.0,8119.0,8412.0,8402.0,8412.0,1.0,2.0,945.0,915.0,1.4403,99.6554,191.0,201.0,1.0,915.0,50.0,51.0,0.0856,1.9659,2.6508,0.3836,0.0582,0.0027,0.0,0.3836,0.0582,2.6508,0.0027,0.0,1.4403,4.0
2021-04-01,20:00,HMLTBSC08,24172.0,24172_Raja Ram Multan,279.0,4172_Raja Ram Multan,ALIPUR_CLUSTER_01_Rural,100%,0.0,43.0,2.0,51.0,0.0,238.0,14.0,16.0,0.0,9.0,1.2792,2.0,7903.0,8231.0,8185.0,8231.0,0.0,0.0,238.0,233.0,1.2792,99.7223,67.0,67.0,0.0,233.0,43.0,43.0,0.0,1.0468,5.9788,0.5411,0.069,0.0,0.0,0.5411,0.069,5.9788,0.0,0.0,1.2792,2.0
2021-04-01,20:00,HMLTBSC08,14172.0,14172_Raja Ram Multan,278.0,4172_Raja Ram Multan,ALIPUR_CLUSTER_01_Rural,100%,0.0,79.0,1.0,134.0,0.0,1471.0,106.0,109.0,0.0,57.0,1.5167,1.0,8362.0,8524.0,8480.0,8524.0,0.0,1.0,1470.0,1421.0,1.5167,99.6996,194.0,201.0,0.0,1421.0,78.0,79.0,0.0,0.026000000000000002,9.8806,0.3024,0.0027,0.0,0.0,0.3024,0.0027,9.8806,0.0,0.0,1.5167,1.0
2021-04-01,20:00,HMLTBSC06,35659.0,35659_Marra Muzaffargarh,326.0,5659_Marra Muzaffargarh,ALIPUR_CLUSTER_01_Rural,100%,0.0,101.0,4.0,118.0,0.0,977.0,54.0,74.0,0.0,27.0,1.8236,4.0,7226.0,9752.0,8942.0,9752.0,5.0,14.0,977.0,881.0,1.8236,100.0,168.0,177.0,5.0,881.0,92.0,101.0,0.0499,0.0499,5.2979,0.0346,0.0,0.0027,0.0,0.0346,0.0,5.2979,0.0027,0.0,1.8236,4.0
2021-04-01,20:00,HMLTBSC06,25659.0,25659_Marra Muzaffargarh,325.0,5659_Marra Muzaffargarh,ALIPUR_CLUSTER_01_Rural,100%,0.0,39.0,1.0,71.0,0.0,268.0,61.0,64.0,0.0,33.0,2.3236,1.0,15322.0,15422.0,14740.0,15422.0,2.0,3.0,268.0,254.0,2.3236,100.0,53.0,53.0,2.0,254.0,38.0,39.0,0.0,0.0,4.5404,0.0027,0.0,0.0,0.0,0.0027,0.0,4.5404,0.0,0.0,2.3236,1.0
2021-04-01,20:00,HMLTBSC06,15659.0,15659_Marra Muzaffargarh,324.0,5659_Marra Muzaffargarh,ALIPUR_CLUSTER_01_Rural,100%,0.0,52.0,2.0,61.0,0.0,317.0,17.0,18.0,0.0,10.0,0.6292,2.0,2214.0,2708.0,2672.0,2708.0,5.0,6.0,317.0,270.0,0.6292,100.0,74.0,84.0,5.0,270.0,51.0,52.0,0.0594,0.2081,8.7952,0.1356,0.0133,0.0053,0.0,0.1356,0.0133,8.7952,0.0053,0.0,0.6292,2.0
2021-04-01,20:00,HMLTBSC06,35626.0,35626_Chowk Utra Sandheela Muzaffargarh,194.0,5626_Chowk Utra Sandheela Muzaffargarh,ALIPUR_CLUSTER_01_Rural,100%,0.0,48.0,0.0,114.0,0.0,604.0,135.0,145.0,0.0,73.0,1.5028,0.0,8428.0,8800.0,8758.0,8800.0,0.0,5.0,604.0,545.0,1.5028,100.0,78.0,87.0,0.0,545.0,43.0,48.0,0.0,0.0901,2.9233,0.0373,0.0027,0.0,0.0,0.0373,0.0027,2.9233,0.0,0.0,1.5028,0.0
2021-04-01,20:00,HMLTBSC06,25626.0,25626_Chowk Utra Sandheela Muzaffargarh,193.0,5626_Chowk Utra Sandheela Muzaffargarh,ALIPUR_CLUSTER_01_Rural,100%,0.0,58.0,1.0,167.0,0.0,377.0,211.0,217.0,0.0,109.0,3.4486,1.0,22384.0,22864.0,22764.0,22864.0,2.0,2.0,377.0,369.0,3.4486,100.0,88.0,88.0,2.0,369.0,58.0,58.0,0.1274,0.1912,4.3441,0.0195,0.0028,0.0,0.0056,0.0195,0.0028,4.3441,0.0,0.0056,3.4486,1.0
2021-04-01,20:00,HMLTBSC06,15626.0,15626_Chowk Utra Sandheela Muzaffargarh,192.0,5626_Chowk Utra Sandheela Muzaffargarh,ALIPUR_CLUSTER_01_Rural,100%,0.0,62.0,2.0,76.0,0.0,491.0,20.0,27.0,0.0,15.0,2.9292,2.0,17714.0,18854.0,18336.0,18854.0,0.0,0.0,491.0,460.0,2.9292,100.0,110.0,113.0,0.0,460.0,62.0,62.0,0.0989,0.0989,10.7992,0.0241,0.0,0.0,0.0107,0.0241,0.0,10.7992,0.0,0.0107,2.9292,2.0
2021-04-01,20:00,HMLTBSC06,32136.0,CII-2136-3_Adaa Bangala Multan,179.0,CII-2136_Adaa Bangala Multan,ALIPUR_CLUSTER_01_Rural,100%,0.0,16.0,0.0,42.0,0.0,267.0,51.0,51.0,0.0,26.0,0.3472,0.0,1832.0,1964.0,1964.0,1964.0,0.0,0.0,267.0,264.0,0.3472,100.0,108.0,108.0,0.0,264.0,16.0,16.0,0.6518,1.2725,8.3777,0.0825,0.0532,0.0452,0.0106,0.0825,0.0532,8.3777,0.0452,0.0106,0.3472,0.0
2021-04-01,20:00,HMLTBSC06,22136.0,CII-2136-2_Adaa Bangala Multan,178.0,CII-2136_Adaa Bangala Multan,ALIPUR_CLUSTER_01_Rural,100%,0.0,34.0,0.0,74.0,0.0,968.0,85.0,91.0,0.0,41.0,0.6792,0.0,3428.0,3704.0,3642.0,3704.0,0.0,0.0,968.0,945.0,0.6792,100.0,208.0,210.0,0.0,945.0,34.0,34.0,0.0,0.0478,10.9362,0.1782,0.0053,0.0,0.0,0.1782,0.0053,10.9362,0.0,0.0,0.6792,0.0
2021-04-01,20:00,HMLTBSC06,12136.0,CII-2136-1_Adaa Bangala Multan,177.0,CII-2136_Adaa Bangala Multan,ALIPUR_CLUSTER_01_Rural,100%,0.0,21.0,0.0,34.0,0.0,277.0,27.0,27.0,0.0,14.0,0.4111,0.0,2246.0,2396.0,2344.0,2396.0,0.0,1.0,277.0,267.0,0.4111,100.0,59.0,59.0,0.0,267.0,20.0,21.0,0.0,0.0,9.1782,0.0,0.0,0.0,0.0,0.0,0.0,9.1782,0.0,0.0,0.4111,0.0
2021-04-01,20:00,HMLTBSC06,34169.0,34169_Al Quresh Colony Multan,167.0,4169_Al Quresh Colony Multan,ALIPUR_CLUSTER_01_Rural,100%,0.0,22.0,1.0,50.0,0.0,309.0,64.0,64.0,0.0,28.0,0.4597,1.0,2704.0,2706.0,2706.0,2706.0,1.0,1.0,309.0,279.0,0.4597,100.0,57.0,58.0,1.0,279.0,22.0,22.0,0.125,1.0313,8.144,0.3013,0.0773,0.0027,0.008,0.3013,0.0773,8.144,0.0027,0.008,0.4597,1.0
2021-04-01,20:00,HMLTBSC06,24169.0,24169_Al Quresh Colony Multan,166.0,4169_Al Quresh Colony Multan,ALIPUR_CLUSTER_01_Rural,100%,0.0,42.0,1.0,102.0,0.0,625.0,119.0,129.0,0.0,61.0,1.2306,1.0,5956.0,6446.0,5946.0,6446.0,0.0,0.0,625.0,601.0,1.2306,100.0,135.0,138.0,0.0,601.0,42.0,42.0,0.1825,1.0038,13.9175,0.5467,0.12,0.0133,0.0133,0.5467,0.12,13.9175,0.0133,0.0133,1.2306,1.0
2021-04-01,20:00,HMLTBSC06,14169.0,14169_Al Quresh Colony Multan,165.0,4169_Al Quresh Colony Multan,ALIPUR_CLUSTER_01_Rural,100%,0.0,9.0,3.0,29.0,0.0,193.0,39.0,42.0,0.0,21.0,0.8347,3.0,4764.0,5238.0,5182.0,5238.0,0.0,0.0,193.0,178.0,0.8347,100.0,31.0,33.0,0.0,178.0,9.0,9.0,0.0331,0.1985,7.7597,0.2885,0.0133,0.0,0.0027,0.2885,0.0133,7.7597,0.0,0.0027,0.8347,3.0
2021-04-01,20:00,HMLTBSC06,34198.0,34198_Basti Bhado Wala Sharif Muzafargarh Muzaffargarh,164.0,4198_Basti Bhado Wala Sharif Muzafargarh Muzaffargarh,ALIPUR_CLUSTER_01_Rural,100%,0.0,86.0,2.0,92.0,0.0,848.0,31.0,35.0,0.0,14.0,2.425,2.0,13944.0,15038.0,14768.0,15038.0,0.0,8.0,848.0,763.0,2.425,100.0,205.0,217.0,0.0,763.0,78.0,86.0,0.0,0.0,7.8348,0.0606,0.0,0.0,0.0,0.0606,0.0,7.8348,0.0,0.0,2.425,2.0
2021-04-01,20:00,HMLTBSC06,24198.0,24198_Basti Bhado Wala Sharif Muzafargarh Muzaffargarh,163.0,4198_Basti Bhado Wala Sharif Muzafargarh Muzaffargarh,ALIPUR_CLUSTER_01_Rural,100%,0.0,113.0,1.0,130.0,0.0,446.0,39.0,43.0,0.0,20.0,4.5347,1.0,29368.0,30266.0,30224.0,30266.0,1.0,3.0,446.0,432.0,4.5347,100.0,206.0,208.0,1.0,432.0,111.0,113.0,0.0,0.0,5.095,0.0449,0.0,0.0,0.0,0.0449,0.0,5.095,0.0,0.0,4.5347,1.0
2021-04-01,20:00,HMLTBSC06,14198.0,14198_Basti Bhado Wala Sharif Muzafargarh Muzaffargarh,162.0,4198_Basti Bhado Wala Sharif Muzafargarh Muzaffargarh,ALIPUR_CLUSTER_01_Rural,100%,0.0,161.0,8.0,194.0,0.0,850.0,69.0,82.0,0.0,34.0,5.5222,8.0,33550.0,35582.0,35436.0,35582.0,0.0,0.0,850.0,780.0,5.5222,100.0,340.0,368.0,0.0,780.0,161.0,161.0,0.0,0.1641,10.8967,0.3704,0.0185,0.0,0.0,0.3704,0.0185,10.8967,0.0,0.0,5.5222,8.0
2021-04-01,20:00,HMLTBSC06,34197.0,34197_Pacca Ghulwal Muzafargarh Muzaffargarh,161.0,4197_Pacca Ghulwal Muzafargarh Muzaffargarh,ALIPUR_CLUSTER_01_Rural,100%,0.0,109.0,10.0,105.0,0.0,1736.0,4.0,6.0,0.0,2.0,2.6889,10.0,13276.0,15238.0,14256.0,15238.0,0.0,6.0,1736.0,1613.0,2.6889,100.0,384.0,401.0,0.0,1613.0,103.0,109.0,0.0,0.0,6.3494,0.0775,0.0,0.0,0.0,0.0775,0.0,6.3494,0.0,0.0,2.6889,10.0
2021-04-01,20:00,HMLTBSC06,24197.0,24197_Pacca Ghulwal Muzafargarh Muzaffargarh,160.0,4197_Pacca Ghulwal Muzafargarh Muzaffargarh,ALIPUR_CLUSTER_01_Rural,100%,0.0,44.0,0.0,66.0,0.0,277.0,43.0,49.0,0.0,22.0,1.025,0.0,5242.0,6400.0,6222.0,6400.0,0.0,0.0,277.0,272.0,1.025,100.0,78.0,78.0,0.0,272.0,44.0,44.0,0.0,0.1171,8.7963,0.33399999999999996,0.0107,0.0,0.0,0.33399999999999996,0.0107,8.7963,0.0,0.0,1.025,0.0
2021-04-01,20:00,HMLTBSC06,14197.0,14197_Pacca Ghulwal Muzafargarh Muzaffargarh,156.0,4197_Pacca Ghulwal Muzafargarh Muzaffargarh,ALIPUR_CLUSTER_01_Rural,100%,0.0,111.0,4.0,145.0,0.0,395.0,62.0,68.0,0.0,36.0,3.6611,4.0,21248.0,23142.0,22196.0,23142.0,1.0,1.0,395.0,378.0,3.6611,100.0,200.0,204.0,1.0,378.0,111.0,111.0,0.0833,0.2082,6.3107,0.0989,0.008,0.0,0.0054,0.0989,0.008,6.3107,0.0,0.0054,3.6611,4.0
2021-04-01,20:00,HMLTBSC06,36966.0,36966_Haji Wah Alipur Road Muzaffargarh,142.0,6966_Haji Wah Alipur Road Muzaffargarh,ALIPUR_CLUSTER_01_Rural,100%,0.0,45.0,3.0,63.0,0.0,165.0,34.0,41.0,0.0,19.0,0.7069,3.0,3472.0,3728.0,3720.0,3728.0,0.0,0.0,165.0,155.0,0.7069,100.0,79.0,86.0,0.0,155.0,45.0,45.0,0.0,0.0,10.2698,0.0185,0.0,0.0,0.0,0.0185,0.0,10.2698,0.0,0.0,0.7069,3.0
2021-04-01,20:00,HMLTBSC06,26966.0,26966_Haji Wah Alipur Road Muzaffargarh,141.0,6966_Haji Wah Alipur Road Muzaffargarh,ALIPUR_CLUSTER_01_Rural,100%,0.0,158.0,0.0,194.0,0.0,496.0,57.0,66.0,0.0,37.0,4.5972,0.0,27438.0,28270.0,28078.0,28270.0,0.0,1.0,496.0,468.0,4.5972,100.0,262.0,263.0,0.0,468.0,157.0,158.0,0.0,0.0,9.6422,0.0,0.0,0.0,0.0,0.0,0.0,9.6422,0.0,0.0,4.5972,0.0
2021-04-01,20:00,HMLTBSC06,16966.0,16966_Haji Wah Alipur Road Muzaffargarh,140.0,6966_Haji Wah Alipur Road Muzaffargarh,ALIPUR_CLUSTER_01_Rural,100%,0.0,137.0,0.0,176.0,0.0,626.0,74.0,77.0,0.0,42.0,3.5653,0.0,21726.0,21932.0,21882.0,21932.0,1.0,4.0,626.0,615.0,3.5653,100.0,251.0,254.0,1.0,615.0,134.0,137.0,0.0,0.0,2.9019999999999997,0.0571,0.0,0.0,0.0,0.0571,0.0,2.9019999999999997,0.0,0.0,3.5653,0.0
2021-04-01,20:00,HMLTBSC06,14945.0,14945_Roheelanwali Muzaffargarh,136.0,4945_Roheelanwali Muzaffargarh,ALIPUR_CLUSTER_01_Rural,100%,0.0,153.0,1.0,271.0,0.0,560.0,252.0,252.0,0.0,122.0,6.0931,1.0,38269.0,39908.0,39409.0,39908.0,0.0,4.0,560.0,541.0,6.0931,100.0,270.0,278.0,0.0,541.0,149.0,153.0,0.028999999999999998,0.028999999999999998,9.331,0.0566,0.0,0.0027,0.0,0.0566,0.0,9.331,0.0027,0.0,6.0931,1.0
2021-04-01,20:00,HMLTBSC06,34195.0,34195_Shah Jamal Muzaffargarh (3G-CII-4549),129.0,4195_Shah Jamal Muzaffargarh (3G-CII-4549),ALIPUR_CLUSTER_01_Rural,100%,0.0,366.0,13.0,409.0,0.0,3257.0,132.0,138.0,4.0,71.0,10.8319,13.0,49250.0,53652.0,52018.0,53652.0,0.0,26.0,3257.0,2830.0,10.8319,100.0,696.0,751.0,0.0,2830.0,340.0,366.0,0.0,0.0306,25.848000000000003,0.2773,0.008,0.0,0.0,0.2773,0.008,25.848000000000003,0.0,0.0,10.8319,13.0
2021-04-01,20:00,HMLTBSC06,24195.0,24195_Shah Jamal Muzaffargarh (3G-CII-4549),128.0,4195_Shah Jamal Muzaffargarh (3G-CII-4549),ALIPUR_CLUSTER_01_Rural,100%,0.0,168.0,8.0,201.0,0.0,1522.0,62.0,65.0,0.0,35.0,7.4194,8.0,43308.0,48534.0,47834.0,48534.0,0.0,3.0,1522.0,1322.0,7.4194,100.0,316.0,329.0,0.0,1322.0,165.0,168.0,0.14,1.9079,3.7038,2.019,0.1031,0.0082,0.0,2.019,0.1031,3.7038,0.0082,0.0,7.4194,8.0
2021-04-01,20:00,HMLTBSC06,14195.0,14195_Shah Jamal Muzaffargarh (3G-CII-4549),127.0,4195_Shah Jamal Muzaffargarh (3G-CII-4549),ALIPUR_CLUSTER_01_Rural,100%,0.0,109.0,0.0,155.0,0.0,505.0,94.0,96.0,0.0,49.0,5.4111,0.0,36458.0,36906.0,36852.0,36906.0,0.0,2.0,505.0,493.0,5.4111,100.0,310.0,314.0,0.0,493.0,107.0,109.0,0.0,0.0527,5.0673,0.0565,0.0027,0.0,0.0,0.0565,0.0027,5.0673,0.0,0.0,5.4111,0.0
2021-04-01,20:00,HMLTBSC06,34946.0,34946_Wasandewali Muzaffargarh,114.0,4946_Wasandewali Muzaffargarh,ALIPUR_CLUSTER_01_Rural,100%,0.0,52.0,0.0,76.0,0.0,474.0,41.0,43.0,0.0,25.0,2.3944,0.0,16098.0,16390.0,16358.0,16390.0,2.0,2.0,474.0,455.0,2.3944,100.0,275.0,276.0,2.0,455.0,52.0,52.0,0.0341,0.0341,7.8171,0.0027,0.0,0.0027,0.0,0.0027,0.0,7.8171,0.0027,0.0,2.3944,0.0
2021-04-01,20:00,HMLTBSC06,24946.0,24946_Wasandewali Muzaffargarh,113.0,4946_Wasandewali Muzaffargarh,ALIPUR_CLUSTER_01_Rural,100%,0.0,39.0,0.0,41.0,0.0,362.0,5.0,8.0,0.0,3.0,1.875,0.0,12338.0,12750.0,12748.0,12750.0,2.0,3.0,362.0,346.0,1.875,100.0,66.0,68.0,2.0,346.0,38.0,39.0,0.0,0.0637,20.3886,0.6034,0.0134,0.0,0.0,0.6034,0.0134,20.3886,0.0,0.0,1.875,0.0
2021-04-01,20:00,HMLTBSC06,14946.0,14946_Wasandewali Muzaffargarh,112.0,4946_Wasandewali Muzaffargarh,ALIPUR_CLUSTER_01_Rural,100%,0.0,81.0,0.0,100.0,0.0,366.0,34.0,35.0,0.0,20.0,1.3111,0.0,6352.0,7006.0,6996.0,7006.0,2.0,3.0,366.0,351.0,1.3111,100.0,123.0,127.0,2.0,351.0,80.0,81.0,0.0541,1.0283,14.123,0.5455,0.1444,0.008,0.0,0.5455,0.1444,14.123,0.008,0.0,1.3111,0.0
2021-04-01,20:00,HMLTBSC06,34196.0,34196_Shah Garh Shah Jamal Muzaffargarh,111.0,4196_Shah Garh Shah Jamal Muzaffargarh,ALIPUR_CLUSTER_01_Rural,100%,0.0,49.0,0.0,56.0,0.0,804.0,24.0,28.0,0.0,11.0,0.9361,0.0,3840.0,5220.0,5192.0,5220.0,1.0,5.0,804.0,687.0,0.9361,100.0,101.0,118.0,1.0,687.0,45.0,49.0,0.0,0.0,9.8232,0.0158,0.0,0.0,0.0,0.0158,0.0,9.8232,0.0,0.0,0.9361,0.0
2021-04-01,20:00,HMLTBSC06,24196.0,24196_Shah Garh Shah Jamal Muzaffargarh,110.0,4196_Shah Garh Shah Jamal Muzaffargarh,ALIPUR_CLUSTER_01_Rural,100%,0.0,34.0,0.0,49.0,0.0,200.0,20.0,27.0,0.0,15.0,0.5861,0.0,2760.0,3162.0,3148.0,3162.0,2.0,2.0,200.0,186.0,0.5861,100.0,109.0,112.0,2.0,186.0,34.0,34.0,3.3678,7.0725,0.0,9.4894,0.3783,0.3439,0.0,9.4894,0.3783,0.0,0.3439,0.0,0.5861,0.0
2021-04-01,20:00,HMLTBSC06,14196.0,14196_Shah Garh Shah Jamal Muzaffargarh,109.0,4196_Shah Garh Shah Jamal Muzaffargarh,ALIPUR_CLUSTER_01_Rural,100%,0.0,26.0,1.0,56.0,0.0,273.0,65.0,71.0,0.0,30.0,1.4958,1.0,8474.0,9468.0,9290.0,9468.0,1.0,1.0,273.0,258.0,1.4958,100.0,159.0,169.0,1.0,258.0,26.0,26.0,0.0,0.1989,9.0439,0.2325,0.0185,0.0,0.0,0.2325,0.0185,9.0439,0.0,0.0,1.4958,1.0
2021-04-01,20:00,HMLTBSC06,34945.0,34945_Roheelanwali Muzaffargarh,108.0,4945_Roheelanwali Muzaffargarh,ALIPUR_CLUSTER_01_Rural,100%,0.0,97.0,0.0,172.0,0.0,1132.0,151.0,151.0,0.0,75.0,4.1694,0.0,27144.0,27674.0,27368.0,27674.0,3.0,3.0,1132.0,1089.0,4.1694,100.0,162.0,164.0,3.0,1089.0,97.0,97.0,0.0,0.0,10.6275,0.0588,0.0,0.0,0.0,0.0588,0.0,10.6275,0.0,0.0,4.1694,0.0
2021-04-01,20:00,HMLTBSC06,24945.0,24945_Roheelanwali Muzaffargarh,107.0,4945_Roheelanwali Muzaffargarh,ALIPUR_CLUSTER_01_Rural,100%,0.0,53.0,0.0,169.0,0.0,667.0,222.0,223.0,0.0,117.0,4.8875,0.0,32409.0,32804.0,32562.0,32804.0,1.0,1.0,667.0,629.0,4.8875,100.0,175.0,181.0,1.0,629.0,53.0,53.0,0.0,0.1835,7.8113,0.9605,0.0161,0.0,0.0,0.9605,0.0161,7.8113,0.0,0.0,4.8875,0.0
2021-04-01,20:00,HMLTBSC06,32309.0,CII-2309-3_Mahalla Batian Shuja Abad Multan,97.0,CII-2309_Mahalla Batian Shuja Abad Multan,ALIPUR_CLUSTER_01_Rural,100%,0.0,21.0,0.0,53.0,0.0,408.0,63.0,74.0,0.0,44.0,0.4806,0.0,2544.0,2554.0,2530.0,2554.0,0.0,2.0,408.0,388.0,0.4806,100.0,44.0,46.0,0.0,388.0,19.0,21.0,0.0,0.0,9.1667,0.1534,0.0,0.0,0.0,0.1534,0.0,9.1667,0.0,0.0,0.4806,0.0
2021-04-01,20:00,HMLTBSC06,34153.0,34153_PTCL Exchange Khangarh Muzaffargarh,94.0,4153_PTCL Exchange Khangarh Muzaffargarh,ALIPUR_CLUSTER_01_Rural,100%,0.0,77.0,0.0,120.0,0.0,424.0,111.0,112.0,0.0,45.0,1.6778,0.0,9904.0,9914.0,9914.0,9914.0,1.0,3.0,424.0,408.0,1.6778,100.0,218.0,222.0,1.0,408.0,75.0,77.0,0.0,0.05,10.5647,0.0,0.0053,0.0,0.0,0.0,0.0053,10.5647,0.0,0.0,1.6778,0.0
2021-04-01,20:00,HMLTBSC06,24153.0,24153_PTCL Exchange Khangarh Muzaffargarh,93.0,4153_PTCL Exchange Khangarh Muzaffargarh,ALIPUR_CLUSTER_01_Rural,100%,0.0,110.0,4.0,163.0,0.0,1165.0,101.0,104.0,0.0,56.0,3.1278,4.0,16622.0,17402.0,16306.0,17402.0,0.0,4.0,1165.0,1108.0,3.1278,100.0,328.0,340.0,0.0,1108.0,106.0,110.0,0.0,0.988,7.0109,0.5915,0.0759,0.0,0.0,0.5915,0.0759,7.0109,0.0,0.0,3.1278,4.0
2021-04-01,20:00,HMLTBSC06,14153.0,14153_PTCL Exchange Khangarh Muzaffargarh,92.0,4153_PTCL Exchange Khangarh Muzaffargarh,ALIPUR_CLUSTER_01_Rural,100%,0.0,168.0,3.0,222.0,0.0,906.0,111.0,118.0,0.0,55.0,6.1958,3.0,36880.0,38220.0,37246.0,38220.0,0.0,1.0,906.0,889.0,6.1958,100.0,360.0,369.0,0.0,889.0,167.0,168.0,0.0,0.0,16.8985,0.152,0.0,0.0,0.0,0.152,0.0,16.8985,0.0,0.0,6.1958,3.0
2021-04-01,20:00,HMLTBSC06,22309.0,CII-2309-2_Mahalla Batian Shuja Abad Multan,73.0,CII-2309_Mahalla Batian Shuja Abad Multan,ALIPUR_CLUSTER_01_Rural,100%,0.0,55.0,7.0,234.0,0.0,1260.0,331.0,363.0,0.0,179.0,2.0764,7.0,9768.0,10804.0,9690.0,10804.0,0.0,0.0,1260.0,1235.0,2.0764,100.0,331.0,334.0,0.0,1235.0,55.0,55.0,0.0,0.0917,5.7082,0.0769,0.0053,0.0,0.0,0.0769,0.0053,5.7082,0.0,0.0,2.0764,7.0
2021-04-01,20:00,HMLTBSC06,12309.0,CII-2309-1_Mahalla Batian Shuja Abad Multan,72.0,CII-2309_Mahalla Batian Shuja Abad Multan,ALIPUR_CLUSTER_01_Rural,100%,0.0,90.0,4.0,143.0,0.0,742.0,118.0,131.0,0.0,56.0,3.4153,4.0,21510.0,21934.0,21446.0,21934.0,4.0,6.0,742.0,716.0,3.4153,100.0,194.0,200.0,4.0,716.0,88.0,90.0,0.0,0.7064,3.8704,1.3359999999999999,0.037000000000000005,0.0,0.0,1.3359999999999999,0.037000000000000005,3.8704,0.0,0.0,3.4153,4.0
2021-04-01,20:00,HMLTBSC06,34896.0,34896_Bagrian Multan,36.0,4896_Bagrian Multan,ALIPUR_CLUSTER_01_Rural,100%,0.0,103.0,1.0,249.0,0.0,622.0,296.0,299.0,0.0,149.0,4.4375,1.0,29206.0,29230.0,29038.0,29230.0,1.0,1.0,622.0,618.0,4.4375,100.0,167.0,167.0,1.0,618.0,103.0,103.0,0.0,0.0,14.7744,0.0152,0.0,0.0,0.0,0.0152,0.0,14.7744,0.0,0.0,4.4375,1.0
2021-04-01,20:00,HMLTBSC06,24896.0,24896_Bagrian Multan,35.0,4896_Bagrian Multan,ALIPUR_CLUSTER_01_Rural,100%,0.0,121.0,0.0,289.0,0.0,1233.0,358.0,383.0,0.0,172.0,3.6972,0.0,20970.0,22196.0,21832.0,22196.0,0.0,1.0,1233.0,1171.0,3.6972,100.0,220.0,234.0,0.0,1171.0,120.0,121.0,0.0,0.0,6.3237,0.0417,0.0,0.0,0.0,0.0417,0.0,6.3237,0.0,0.0,3.6972,0.0
2021-04-01,20:00,HMLTBSC06,14896.0,14896_Bagrian Multan,34.0,4896_Bagrian Multan,ALIPUR_CLUSTER_01_Rural,100%,0.0,44.0,0.0,240.0,0.0,402.0,365.0,368.0,0.0,199.0,3.9514,0.0,25634.0,25696.0,25228.0,25696.0,2.0,2.0,402.0,383.0,3.9514,100.0,154.0,161.0,2.0,383.0,44.0,44.0,0.0,0.1432,18.0715,0.5477,0.0267,0.0,0.0,0.5477,0.0267,18.0715,0.0,0.0,3.9514,0.0
2021-04-01,20:00,HMLTBSC06,34170.0,34170_Lal Bagh Multan (3G-CII-4307),27.0,4170_Lal Bagh Multan (3G-CII-4307),ALIPUR_CLUSTER_01_Rural,100%,0.0,33.0,0.0,111.0,0.0,370.0,160.0,162.0,0.0,79.0,1.55,0.0,6872.0,6878.0,6850.0,6878.0,3.0,3.0,370.0,343.0,1.55,100.0,75.0,75.0,3.0,343.0,33.0,33.0,0.0,0.4454,13.1173,1.1893,0.064,0.0,0.0,1.1893,0.064,13.1173,0.0,0.0,1.55,0.0
2021-04-01,20:00,HMLTBSC06,24170.0,24170_Lal Bagh Multan (3G-CII-4307),26.0,4170_Lal Bagh Multan (3G-CII-4307),ALIPUR_CLUSTER_01_Rural,100%,0.0,27.0,0.0,58.0,0.0,273.0,60.0,72.0,0.0,32.0,1.9292,0.0,12814.0,12868.0,12772.0,12868.0,2.0,2.0,273.0,259.0,1.9292,100.0,71.0,71.0,2.0,259.0,27.0,27.0,0.0,0.0,7.0147,0.0053,0.0,0.0,0.0,0.0053,0.0,7.0147,0.0,0.0,1.9292,0.0
2021-04-01,20:00,HMLTBSC06,14170.0,14170_Lal Bagh Multan (3G-CII-4307),25.0,4170_Lal Bagh Multan (3G-CII-4307),ALIPUR_CLUSTER_01_Rural,100%,0.0,43.0,0.0,116.0,0.0,267.0,151.0,157.0,0.0,75.0,2.2236,0.0,14720.0,14778.0,14622.0,14778.0,0.0,1.0,267.0,263.0,2.2236,100.0,105.0,106.0,0.0,263.0,42.0,43.0,0.1625,1.3408,5.9037,0.5882,0.0775,0.0027,0.008,0.5882,0.0775,5.9037,0.0027,0.008,2.2236,0.0
2021-04-01,20:00,HMLTBSC06,34895.0,34895_Bagrian Multan (3G-CII-4240),12.0,4895_Bagrian Multan (3G-CII-4240),ALIPUR_CLUSTER_01_Rural,100%,0.0,342.0,0.0,572.0,0.0,1418.0,471.0,471.0,0.0,231.0,11.6639,0.0,70188.0,70188.0,70176.0,70188.0,0.0,1.0,1418.0,1406.0,11.6639,100.0,696.0,696.0,0.0,1406.0,341.0,342.0,0.0306,0.3506,17.2927,0.1592,0.055999999999999994,0.0027,0.0027,0.1592,0.055999999999999994,17.2927,0.0027,0.0027,11.6639,0.0
2021-04-01,20:00,HMLTBSC06,24895.0,24895_Bagrian Multan (3G-CII-4240),11.0,4895_Bagrian Multan (3G-CII-4240),ALIPUR_CLUSTER_01_Rural,100%,0.0,169.0,3.0,470.0,0.0,857.0,568.0,585.0,0.0,302.0,7.9764,3.0,50520.0,51010.0,51004.0,51010.0,0.0,0.0,857.0,827.0,7.9764,100.0,422.0,424.0,0.0,827.0,169.0,169.0,0.08,0.6395,12.6215,0.6373,0.0747,0.0107,0.0,0.6373,0.0747,12.6215,0.0107,0.0,7.9764,3.0
2021-04-01,20:00,HMLTBSC06,14895.0,14895_Bagrian Multan (3G-CII-4240),10.0,4895_Bagrian Multan (3G-CII-4240),ALIPUR_CLUSTER_01_Rural,100%,0.0,190.0,1.0,305.0,0.0,516.0,236.0,237.0,0.0,116.0,5.1764,1.0,31450.0,31460.0,31450.0,31460.0,0.0,0.0,516.0,512.0,5.1764,100.0,343.0,343.0,0.0,512.0,190.0,190.0,0.0,0.0822,9.1097,0.6133,0.008,0.0,0.0,0.6133,0.008,9.1097,0.0,0.0,5.1764,1.0
2021-04-01,20:00,HMLTBSC06,34199.0,34199_Mohallah Muhammad Pura Muzaffargarh (3G-CII-4178),9.0,4199_Mohallah Muhammad Pura Muzaffargarh (3G-CII-4178),ALIPUR_CLUSTER_01_Rural,100%,0.0,135.0,4.0,246.0,0.0,616.0,191.0,205.0,0.0,111.0,6.5347,4.0,40386.0,41227.0,40904.0,41227.0,0.0,0.0,616.0,605.0,6.5347,100.0,289.0,291.0,0.0,605.0,135.0,135.0,0.0,0.0,16.6677,0.0871,0.0,0.0,0.0,0.0871,0.0,16.6677,0.0,0.0,6.5347,4.0
2021-04-01,20:00,HMLTBSC06,24199.0,24199_Mohallah Muhammad Pura Muzaffargarh (3G-CII-4178),8.0,4199_Mohallah Muhammad Pura Muzaffargarh (3G-CII-4178),ALIPUR_CLUSTER_01_Rural,100%,0.0,138.0,0.0,178.0,0.0,660.0,84.0,85.0,0.0,41.0,3.75,0.0,23790.0,23828.0,23828.0,23828.0,3.0,4.0,660.0,636.0,3.75,100.0,316.0,318.0,3.0,636.0,137.0,138.0,0.0165,0.0165,16.192,0.008,0.0,0.0027,0.0,0.008,0.0,16.192,0.0027,0.0,3.75,0.0
2021-04-01,20:00,HMLTBSC06,14199.0,14199_Mohallah Muhammad Pura Muzaffargarh (3G-CII-4178),7.0,4199_Mohallah Muhammad Pura Muzaffargarh (3G-CII-4178),ALIPUR_CLUSTER_01_Rural,100%,0.0,80.0,0.0,147.0,0.0,756.0,123.0,128.0,0.0,68.0,4.9389,0.0,31935.0,32128.0,32025.0,32128.0,0.0,0.0,756.0,737.0,4.9389,100.0,239.0,239.0,0.0,737.0,80.0,80.0,0.0,0.0672,8.133,0.8518,0.006,0.0,0.0,0.8518,0.006,8.133,0.0,0.0,4.9389,0.0
