Date,Time,GBSC,Cell CI,Cell Name,CellIndex,Site Name,Location,Integrity,_CallSetup TCH GOS(%)_N,_CallSetup TCH GOS(%)_D,_DCR_N,_DCR_D,_GOS-SDCCH(%)_N,_GOS-SDCCH(%)_D,_HSR%_N,_HSR%_D,_Mobility TCH GOS(%)_N,_Mobility TCH GOS(%)_D,_MTBD (Mean Time between Drop)_N,_MTBD (Mean Time between Drop)_D,_RxQual Index DL_1,_RxQual Index DL_2,_RxQual Index UL_1,_RxQual Index UL_2,CSSR_Non Blocking_1_N,CSSR_Non Blocking_2_N,CSSR_Non Blocking_1_D,CSSR_Non Blocking_2_D,GlobelTraffic,TCH Availability Rate,_cssr_Call Setup Indications (Circuit Service)_N_1,_Cssr_Channel Requests (Circuit Service)_D_1,_CSSR_Call Drops on SDCCH_N_2,_CSSR_Successful SDCCH Seizures_D_2,_CSSR_Successful TCH Seizures (Traffic Channel)_N_3,_CSSR_TCH Seizure Requests (Traffic Channel)_D_3,Interference Band Proportion (4~5)(%),Interference Band 345,Mean Number of TCH in Interference Band 1,Mean Number of TCH in Interference Band 2,Mean Number of TCH in Interference Band 3,Mean Number of TCH in Interference Band 4,Mean Number of TCH in Interference Band 5,Mean Number of TCH in Interference Band 1.1,Mean Number of TCH in Interference Band 2.1,Mean Number of TCH in Interference Band 3.1,Mean Number of TCH in Interference Band 4.1,Mean Number of TCH in Interference Band 5.1,K3014:Traffic Volume on TCH(Erl),CM33:Call Drops on Traffic Channel
2021-04-01,19:00,HLHRBSC16,37051.0,37051_Raiwind Road Lahore-Z3 (3G-CI-4309),57.0,7051_Raiwind Road Lahore-Z3 (3G-CI-4309),LAHORE_CLUSTER_08_Rural,100%,0.0,171.0,0.0,298.0,0.0,2587.0,288.0,296.0,0.0,134.0,4.9139,0.0,27208.0,27674.0,27606.0,27674.0,0.0,7.0,2587.0,2526.0,4.9139,100.0,1274.0,1276.0,0.0,2526.0,164.0,171.0,0.1977,2.4976,22.5758,2.4754,0.5909,0.0348,0.016,22.5758,2.4754,0.5909,0.0348,0.016,4.9139,0.0
2021-04-01,19:00,HLHRBSC16,33171.0,33171_Mehndi Town Lahore-Z2 (3G-CI-4250),47.0,3171_Mehndi Town Lahore-Z2 (3G-CI-4250),LAHORE_CLUSTER_08_Rural,100%,0.0,121.0,0.0,288.0,0.0,580.0,316.0,323.0,0.0,167.0,5.8597,0.0,35210.0,35978.0,35956.0,35978.0,7.0,8.0,580.0,567.0,5.8597,100.0,277.0,278.0,7.0,567.0,120.0,121.0,0.3137,1.2391,16.2198,0.5765,0.1574,0.032,0.0214,16.2198,0.5765,0.1574,0.032,0.0214,5.8597,0.0
2021-04-01,19:00,HLHRBSC16,37174.0,37174_Jumber Khurd Lahore-Z3 (3G-CI-4376),42.0,7174_Jumber Khurd Lahore-Z3 (3G-CI-4376),LAHORE_CLUSTER_08_Rural,100%,0.0,95.0,0.0,255.0,0.0,467.0,296.0,297.0,0.0,160.0,4.5097,0.0,28296.0,28298.0,28258.0,28298.0,0.0,0.0,467.0,463.0,4.5097,100.0,274.0,274.0,0.0,463.0,95.0,95.0,0.4528,1.9383,16.9673,1.5142,0.28,0.0773,0.008,16.9673,1.5142,0.28,0.0773,0.008,4.5097,0.0
2021-04-01,19:00,HLHRBSC16,37175.0,37175_Niaz Beg Village Lahore-Z2 (3G-CI-4377),20.0,7175_Niaz Beg Village Lahore-Z2 (3G-CI-4377),LAHORE_CLUSTER_08_Rural,100%,0.0,64.0,0.0,159.0,0.0,362.0,188.0,191.0,0.0,98.0,2.2819,0.0,13454.0,13506.0,13492.0,13506.0,1.0,2.0,362.0,331.0,2.2819,100.0,119.0,121.0,1.0,331.0,63.0,64.0,0.0435,0.239,12.0749,0.2005,0.0241,0.0054,0.0,12.0749,0.2005,0.0241,0.0054,0.0,2.2819,0.0
2021-04-01,19:00,HLHRBSC16,17175.0,17175_Niaz Beg Village Lahore-Z2 (3G-CI-4377),19.0,7175_Niaz Beg Village Lahore-Z2 (3G-CI-4377),LAHORE_CLUSTER_08_Rural,100%,0.0,188.0,0.0,400.0,0.0,629.0,423.0,434.0,0.0,214.0,4.9764,0.0,27586.0,27650.0,27452.0,27650.0,4.0,5.0,629.0,598.0,4.9764,100.0,334.0,342.0,4.0,598.0,187.0,188.0,0.4164,3.0892,5.6059,6.2078,0.3258,0.0454,0.0054,5.6059,6.2078,0.3258,0.0454,0.0054,4.9764,0.0
2021-04-01,19:00,HLHRBSC16,33499.0,33499_Ali Town Raiwand Road (Gold) Lahore-Z3 (3G-CI-4792),128.0,3499_Ali Town Raiwand Road (Gold) Lahore-Z3 (3G-CI-4792),LAHORE_CLUSTER_08_Rural,100%,0.0,116.0,0.0,225.0,0.0,766.0,222.0,245.0,0.0,111.0,5.7111,0.0,35510.0,35694.0,35684.0,35694.0,2.0,2.0,766.0,762.0,5.7111,100.0,182.0,183.0,2.0,762.0,116.0,116.0,0.2187,0.5688,23.5457,0.7181,0.0854,0.0294,0.024,23.5457,0.7181,0.0854,0.0294,0.024,5.7111,0.0
2021-04-01,19:00,HLHRBSC16,33060.0,33060_Thokar Niaz Baig Lahore-Z3 (3G-CI-1563),119.0,3060_Thokar Niaz Baig Lahore-Z3 (3G-CI-1563),LAHORE_CLUSTER_08_Rural,100%,0.0,13.0,0.0,95.0,0.0,71.0,146.0,149.0,0.0,83.0,0.9903,0.0,5398.0,5430.0,5430.0,5430.0,0.0,0.0,71.0,70.0,0.9903,100.0,22.0,23.0,0.0,70.0,13.0,13.0,6.1719,10.5214,11.5049,0.7057,0.5936,0.4492,0.3931,11.5049,0.7057,0.5936,0.4492,0.3931,0.9903,0.0
2021-04-01,19:00,HLHRBSC16,37240.0,37240_Margzar Colony (Gold) Lahore-Z2 (3G-CI-4417),11.0,7240_Margzar Colony (Gold) Lahore-Z2 (3G-CI-4417),LAHORE_CLUSTER_08_Rural,100%,0.0,79.0,0.0,195.0,0.0,594.0,221.0,221.0,0.0,116.0,2.0056,0.0,11098.0,11120.0,11116.0,11120.0,3.0,3.0,594.0,557.0,2.0056,100.0,290.0,295.0,3.0,557.0,79.0,79.0,0.0,0.0232,11.4555,0.0562,0.0027,0.0,0.0,11.4555,0.0562,0.0027,0.0,0.0,2.0056,0.0
2021-04-01,19:00,HLHRBSC16,17240.0,17240_Margzar Colony (Gold) Lahore-Z2 (3G-CI-4417),10.0,7240_Margzar Colony (Gold) Lahore-Z2 (3G-CI-4417),LAHORE_CLUSTER_08_Rural,100%,0.0,331.0,1.0,574.0,0.0,3048.0,492.0,505.0,0.0,246.0,12.3875,1.0,76508.0,76920.0,76340.0,76920.0,0.0,0.0,3048.0,2992.0,12.3875,100.0,767.0,772.0,0.0,2992.0,331.0,331.0,0.0189,0.41700000000000004,27.6163,0.4595,0.1122,0.0053,0.0,27.6163,0.4595,0.1122,0.0053,0.0,12.3875,1.0
2021-04-01,19:00,HLHRBSC16,11542.0,CI-1542-1_Al Raziq Group (Micro) Lahore-Z0,1.0,CI-1542_Al Raziq Group (Micro) Lahore-Z0,LAHORE_CLUSTER_08_Rural,100%,0.0,4.0,0.0,4.0,0.0,14.0,0.0,0.0,0.0,0.0,0.0472,0.0,54.0,54.0,54.0,54.0,0.0,0.0,14.0,14.0,0.0472,100.0,4.0,4.0,0.0,14.0,4.0,4.0,0.0,0.0,5.9418,0.0,0.0,0.0,0.0,5.9418,0.0,0.0,0.0,0.0,0.0472,0.0
2021-04-01,19:00,HLHRBSC10,23136.0,23136_H1 Market Valencia Lahore-Z3 (3G-CI-4239),9.0,3136_H1 Market Valencia Lahore-Z3 (3G-CI-4239),LAHORE_CLUSTER_08_Rural,100%,0.0,249.0,0.0,523.0,0.0,1051.0,566.0,572.0,0.0,274.0,10.0542,0.0,58610.0,58842.0,58466.0,58842.0,0.0,0.0,1051.0,1003.0,10.0542,100.0,356.0,364.0,0.0,1003.0,249.0,249.0,1.8111,7.1744,16.5918,0.9925,1.016,0.2606,0.0825,16.5918,0.9925,1.016,0.2606,0.0825,10.0542,0.0
2021-04-01,19:00,HLHRBSC10,31637.0,CI-1637-3_Sadhoke (Gold) Lahore-Z3 (3G-CI-1881),79.0,CI-1637_Sadhoke (Gold) Lahore-Z3 (3G-CI-1881),LAHORE_CLUSTER_08_Rural,100%,2.0,271.0,3.0,344.0,0.0,3420.0,206.0,216.0,0.0,101.0,15.6708,3.0,103314.0,104274.0,103312.0,104274.0,1.0,27.0,3420.0,3346.0,15.6708,100.0,485.0,492.0,1.0,3346.0,243.0,271.0,0.0,0.0,14.917,0.008,0.0,0.0,0.0,14.917,0.008,0.0,0.0,0.0,15.6708,3.0
2021-04-01,19:00,HLHRBSC10,21637.0,CI-1637-2_Sadhoke (Gold) Lahore-Z3 (3G-CI-1881),78.0,CI-1637_Sadhoke (Gold) Lahore-Z3 (3G-CI-1881),LAHORE_CLUSTER_08_Rural,100%,0.0,138.0,2.0,260.0,0.0,1256.0,235.0,242.0,0.0,123.0,5.8792,2.0,37362.0,37740.0,37586.0,37740.0,0.0,1.0,1256.0,1232.0,5.8792,100.0,291.0,292.0,0.0,1232.0,137.0,138.0,0.0223,2.3649,1.0858,10.584000000000001,0.28,0.0,0.0027,1.0858,10.584000000000001,0.28,0.0,0.0027,5.8792,2.0
2021-04-01,19:00,HLHRBSC10,11637.0,CI-1637-1_Sadhoke (Gold) Lahore-Z3 (3G-CI-1881),77.0,CI-1637_Sadhoke (Gold) Lahore-Z3 (3G-CI-1881),LAHORE_CLUSTER_08_Rural,100%,0.0,176.0,1.0,345.0,0.0,1012.0,360.0,373.0,0.0,201.0,8.3653,1.0,54044.0,54368.0,54096.0,54368.0,0.0,23.0,1012.0,986.0,8.3653,100.0,379.0,382.0,0.0,986.0,153.0,176.0,0.545,1.1611,19.1078,3.1399,0.1387,0.096,0.0267,19.1078,3.1399,0.1387,0.096,0.0267,8.3653,1.0
2021-04-01,19:00,HLHRBSC10,31705.0,CI-1705-3_Near Bahria Town (Gold) Lahore-Z3 (3G-CI-1351),76.0,CI-1705_Near Bahria Town (Gold) Lahore-Z3 (3G-CI-1351),LAHORE_CLUSTER_08_Rural,100%,0.0,43.0,0.0,124.0,0.0,158.0,155.0,155.0,0.0,81.0,3.3639,0.0,22782.0,22796.0,22766.0,22796.0,0.0,0.0,158.0,156.0,3.3639,100.0,76.0,77.0,0.0,156.0,43.0,43.0,0.0754,0.8294,24.1901,3.8025,0.2128,0.0213,0.0,24.1901,3.8025,0.2128,0.0213,0.0,3.3639,0.0
2021-04-01,19:00,HLHRBSC10,21705.0,CI-1705-2_Near Bahria Town (Gold) Lahore-Z3 (3G-CI-1351),75.0,CI-1705_Near Bahria Town (Gold) Lahore-Z3 (3G-CI-1351),LAHORE_CLUSTER_08_Rural,100%,0.0,94.0,1.0,286.0,0.0,756.0,378.0,399.0,0.0,193.0,7.1903,1.0,45568.0,45784.0,45118.0,45784.0,0.0,1.0,756.0,702.0,7.1903,100.0,210.0,220.0,0.0,702.0,93.0,94.0,0.4828,55.5821,4.3534,2.0421,7.9335,0.0508,0.0187,4.3534,2.0421,7.9335,0.0508,0.0187,7.1903,1.0
2021-04-01,19:00,HLHRBSC10,11705.0,CI-1705-1_Near Bahria Town (Gold) Lahore-Z3 (3G-CI-1351),74.0,CI-1705_Near Bahria Town (Gold) Lahore-Z3 (3G-CI-1351),LAHORE_CLUSTER_08_Rural,100%,0.0,191.0,2.0,339.0,0.0,1113.0,310.0,318.0,0.0,153.0,7.3875,2.0,44942.0,45930.0,45316.0,45930.0,0.0,3.0,1113.0,1058.0,7.3875,100.0,342.0,354.0,0.0,1058.0,188.0,191.0,0.0732,0.3785,20.7482,0.992,0.0666,0.016,0.0,20.7482,0.992,0.0666,0.016,0.0,7.3875,2.0
2021-04-01,19:00,HLHRBSC10,31306.0,CI-1306-3_Bilal Colony Chung (Gold) Lahore-Z3 (3G-CI-4865),647.0,CI-1306_Bilal Colony Chung (Gold) Lahore-Z3 (3G-CI-4865),LAHORE_CLUSTER_08_Rural,100%,0.0,137.0,1.0,199.0,0.0,473.0,121.0,123.0,0.0,64.0,6.1278,1.0,39728.0,40578.0,40316.0,40578.0,0.0,2.0,473.0,458.0,6.1278,100.0,198.0,198.0,0.0,458.0,135.0,137.0,65.6271,79.1929,1.0687,0.9753,1.3326,0.1729,6.2739,1.0687,0.9753,1.3326,0.1729,6.2739,6.1278,1.0
2021-04-01,19:00,HLHRBSC10,21306.0,CI-1306-2_Bilal Colony Chung (Gold) Lahore-Z3 (3G-CI-4865),646.0,CI-1306_Bilal Colony Chung (Gold) Lahore-Z3 (3G-CI-4865),LAHORE_CLUSTER_08_Rural,100%,0.0,170.0,2.0,350.0,0.0,2194.0,387.0,400.0,0.0,183.0,7.6056,2.0,48870.0,48968.0,48232.0,48968.0,3.0,5.0,2194.0,2075.0,7.6056,100.0,258.0,264.0,3.0,2075.0,168.0,170.0,0.7426,2.9614,22.5773,2.1061,0.5644,0.1596,0.0293,22.5773,2.1061,0.5644,0.1596,0.0293,7.6056,2.0
2021-04-01,19:00,HLHRBSC10,11306.0,CI-1306-1_Bilal Colony Chung (Gold) Lahore-Z3 (3G-CI-4865),645.0,CI-1306_Bilal Colony Chung (Gold) Lahore-Z3 (3G-CI-4865),LAHORE_CLUSTER_08_Rural,100%,0.0,143.0,2.0,360.0,0.0,1479.0,447.0,461.0,0.0,225.0,4.7792,2.0,28144.0,28690.0,28384.0,28690.0,7.0,10.0,1479.0,1423.0,4.7792,100.0,373.0,414.0,7.0,1423.0,140.0,143.0,0.179,0.9125,28.9543,1.9701,0.2289,0.0319,0.0239,28.9543,1.9701,0.2289,0.0319,0.0239,4.7792,2.0
2021-04-01,19:00,HLHRBSC10,33131.0,33131_Ali Town Raiwind Road Lahore-Z3 (3G-CI-4236),626.0,3131_Ali Town Raiwind Road Lahore-Z3 (3G-CI-4236),LAHORE_CLUSTER_08_Rural,100%,0.0,142.0,0.0,281.0,0.0,506.0,274.0,283.0,0.0,139.0,5.0014,0.0,31018.0,31094.0,30970.0,31094.0,0.0,0.0,506.0,481.0,5.0014,100.0,277.0,277.0,0.0,481.0,142.0,142.0,0.0602,0.5616,12.7683,0.4857,0.0668,0.008,0.0,12.7683,0.4857,0.0668,0.008,0.0,5.0014,0.0
2021-04-01,19:00,HLHRBSC10,31004.0,CI-1004-3_Block B EME (Gold) Lahore-Z3 (3G-CI-4860),44.0,CI-1004_Block B EME (Gold) Lahore-Z3 (3G-CI-4860),LAHORE_CLUSTER_08_Rural,100%,0.0,154.0,2.0,270.0,0.0,1580.0,227.0,239.0,0.0,119.0,13.1986,2.0,85344.0,86546.0,85710.0,86546.0,11.0,12.0,1580.0,1520.0,13.1986,100.0,230.0,233.0,11.0,1520.0,153.0,154.0,0.0434,0.2168,9.9414,8.4638,0.032,0.0,0.008,9.9414,8.4638,0.032,0.0,0.008,13.1986,2.0
2021-04-01,19:00,HLHRBSC10,21004.0,CI-1004-2_Block B EME (Gold) Lahore-Z3 (3G-CI-4860),43.0,CI-1004_Block B EME (Gold) Lahore-Z3 (3G-CI-4860),LAHORE_CLUSTER_08_Rural,100%,0.0,121.0,0.0,283.0,0.0,531.0,328.0,337.0,0.0,163.0,4.4167,0.0,26226.0,26372.0,26370.0,26372.0,0.0,0.0,531.0,526.0,4.4167,100.0,176.0,178.0,0.0,526.0,121.0,121.0,0.0623,0.2284,11.950999999999999,0.8582,0.0213,0.008,0.0,11.950999999999999,0.8582,0.0213,0.008,0.0,4.4167,0.0
2021-04-01,19:00,HLHRBSC10,17522.0,17522_Din Group HO (Micro) Lahore-Z0 (3G-CI-4598),41.0,7522_Din Group HO (Micro) Lahore-Z0 (3G-CI-4598),LAHORE_CLUSTER_08_Rural,100%,0.0,0.0,0.0,0.0,0.0,0.0,0.0,0.0,0.0,0.0,0.0,0.0,0.0,0.0,0.0,0.0,0.0,0.0,0.0,0.0,0.0,100.0,0.0,0.0,0.0,0.0,0.0,0.0,0.0,0.0,5.0,0.0,0.0,0.0,0.0,5.0,0.0,0.0,0.0,0.0,0.0,0.0
2021-04-01,19:00,HLHRBSC10,33139.0,33139_PGSHS 1 Multan Road (Gold) Lahore-Z3 (3G-CI-4858),337.0,3139_PGSHS 1 Multan Road (Gold) Lahore-Z3 (3G-CI-4858),LAHORE_CLUSTER_08_Rural,100%,0.0,140.0,2.0,302.0,0.0,789.0,310.0,329.0,0.0,165.0,6.0097,2.0,37134.0,37818.0,37644.0,37818.0,5.0,8.0,789.0,729.0,6.0097,100.0,235.0,255.0,5.0,729.0,137.0,140.0,0.4527,1.9196,12.8556,1.6257,0.2166,0.0374,0.0294,12.8556,1.6257,0.2166,0.0374,0.0294,6.0097,2.0
2021-04-01,19:00,HLHRBSC10,23139.0,23139_PGSHS 1 Multan Road (Gold) Lahore-Z3 (3G-CI-4858),336.0,3139_PGSHS 1 Multan Road (Gold) Lahore-Z3 (3G-CI-4858),LAHORE_CLUSTER_08_Rural,100%,0.0,103.0,0.0,286.0,0.0,808.0,364.0,385.0,0.0,184.0,4.8833,0.0,29668.0,29888.0,29496.0,29888.0,0.0,1.0,808.0,795.0,4.8833,100.0,204.0,206.0,0.0,795.0,102.0,103.0,0.1609,0.4535,16.593,1.555,0.0533,0.0187,0.0107,16.593,1.555,0.0533,0.0187,0.0107,4.8833,0.0
2021-04-01,19:00,HLHRBSC10,13139.0,13139_PGSHS 1 Multan Road (Gold) Lahore-Z3 (3G-CI-4858),335.0,3139_PGSHS 1 Multan Road (Gold) Lahore-Z3 (3G-CI-4858),LAHORE_CLUSTER_08_Rural,100%,0.0,302.0,2.0,552.0,0.0,1845.0,531.0,548.0,0.0,256.0,11.4833,2.0,71010.0,71406.0,70604.0,71406.0,6.0,10.0,1845.0,1806.0,11.4833,100.0,621.0,633.0,6.0,1806.0,298.0,302.0,0.1709,2.6709,22.68,1.6133,0.624,0.0213,0.0213,22.68,1.6133,0.624,0.0213,0.0213,11.4833,2.0
2021-04-01,19:00,HLHRBSC10,37215.0,37215_Chamarpura Lahore-Z3 (3G-CI-4855),331.0,7215_Chamarpura Lahore-Z3 (3G-CI-4855),LAHORE_CLUSTER_08_Rural,100%,0.0,156.0,0.0,236.0,0.0,580.0,174.0,176.0,0.0,85.0,5.7306,0.0,34474.0,35560.0,35192.0,35560.0,0.0,5.0,580.0,564.0,5.7306,100.0,199.0,205.0,0.0,564.0,151.0,156.0,0.5451,2.7767,18.7846,2.1251,0.48,0.0933,0.024,18.7846,2.1251,0.48,0.0933,0.024,5.7306,0.0
2021-04-01,19:00,HLHRBSC10,27215.0,27215_Chamarpura Lahore-Z3 (3G-CI-4855),330.0,7215_Chamarpura Lahore-Z3 (3G-CI-4855),LAHORE_CLUSTER_08_Rural,100%,0.0,336.0,2.0,585.0,0.0,1878.0,482.0,536.0,0.0,266.0,13.4806,2.0,84380.0,86456.0,84518.0,86456.0,16.0,26.0,1878.0,1784.0,13.4806,100.0,553.0,575.0,16.0,1784.0,326.0,336.0,0.7228,2.8518,16.8673,3.5725,0.44799999999999995,0.1147,0.0373,16.8673,3.5725,0.44799999999999995,0.1147,0.0373,13.4806,2.0
2021-04-01,19:00,HLHRBSC10,17215.0,17215_Chamarpura Lahore-Z3 (3G-CI-4855),329.0,7215_Chamarpura Lahore-Z3 (3G-CI-4855),LAHORE_CLUSTER_08_Rural,100%,0.0,94.0,0.0,210.0,0.0,392.0,230.0,232.0,0.0,117.0,2.9875,0.0,16014.0,17010.0,16650.0,17010.0,0.0,1.0,392.0,376.0,2.9875,100.0,145.0,149.0,0.0,376.0,93.0,94.0,0.0439,0.2746,23.6878,0.5577,0.0561,0.008,0.0027,23.6878,0.5577,0.0561,0.008,0.0027,2.9875,0.0
2021-04-01,19:00,HLHRBSC10,37858.0,37858_Gulmahar Block Bahria (Gold) Lahore-Z3 (3G-CI-1021),322.0,7858_Gulmahar Block Bahria (Gold) Lahore-Z3 (3G-CI-1021),LAHORE_CLUSTER_08_Rural,100%,0.0,38.0,0.0,268.0,0.0,428.0,419.0,422.0,0.0,232.0,5.9556,0.0,36254.0,36318.0,36172.0,36318.0,0.0,0.0,428.0,416.0,5.9556,100.0,64.0,68.0,0.0,416.0,38.0,38.0,0.0156,0.0625,16.8933,0.1709,0.008,0.0027,0.0,16.8933,0.1709,0.008,0.0027,0.0,5.9556,0.0
2021-04-01,19:00,HLHRBSC10,27858.0,27858_Gulmahar Block Bahria (Gold) Lahore-Z3 (3G-CI-1021),321.0,7858_Gulmahar Block Bahria (Gold) Lahore-Z3 (3G-CI-1021),LAHORE_CLUSTER_08_Rural,100%,0.0,112.0,0.0,272.0,0.0,387.0,313.0,320.0,0.0,161.0,4.2861,0.0,24986.0,25024.0,24974.0,25024.0,0.0,0.0,387.0,373.0,4.2861,100.0,194.0,194.0,0.0,373.0,112.0,112.0,0.0173,0.1038,15.3155,0.115,0.0134,0.0027,0.0,15.3155,0.115,0.0134,0.0027,0.0,4.2861,0.0
2021-04-01,19:00,HLHRBSC10,17858.0,17858_Gulmahar Block Bahria (Gold) Lahore-Z3 (3G-CI-1021),320.0,7858_Gulmahar Block Bahria (Gold) Lahore-Z3 (3G-CI-1021),LAHORE_CLUSTER_08_Rural,100%,0.0,71.0,2.0,230.0,0.0,263.0,327.0,331.0,0.0,161.0,4.4389,2.0,28602.0,28678.0,28616.0,28678.0,0.0,2.0,263.0,254.0,4.4389,100.0,142.0,142.0,0.0,254.0,69.0,71.0,0.0,0.0708,18.6194,0.3441,0.0134,0.0,0.0,18.6194,0.3441,0.0134,0.0,0.0,4.4389,2.0
2021-04-01,19:00,HLHRBSC10,37317.0,37317_Dream Vilas Khyaban (Gold) Lahore-Z3 (3G-CI-1676),319.0,7317_Dream Vilas Khyaban (Gold) Lahore-Z3 (3G-CI-1676),LAHORE_CLUSTER_08_Rural,100%,0.0,286.0,7.0,449.0,0.0,2279.0,370.0,376.0,0.0,170.0,20.9444,7.0,134640.0,136462.0,134458.0,136462.0,1.0,5.0,2279.0,1972.0,20.9444,100.0,562.0,604.0,1.0,1972.0,282.0,286.0,0.8768,2.3452,3.8639,24.0606,0.4199,0.1121,0.1387,3.8639,24.0606,0.4199,0.1121,0.1387,20.9444,7.0
2021-04-01,19:00,HLHRBSC10,47120.0,47120_Munoo Chowk Raiwind Road Lahore-Z3 (3G-CI-4856),307.0,7120_Munoo Chowk Raiwind Road Lahore-Z3 (3G-CI-4856),LAHORE_CLUSTER_08_Rural,100%,0.0,229.0,2.0,378.0,0.0,800.0,282.0,296.0,0.0,153.0,8.45,2.0,49984.0,51612.0,50718.0,51612.0,5.0,7.0,800.0,769.0,8.45,100.0,433.0,441.0,5.0,769.0,227.0,229.0,0.5942,2.6035,13.4633,3.6272,0.3526,0.0829,0.0214,13.4633,3.6272,0.3526,0.0829,0.0214,8.45,2.0
2021-04-01,19:00,HLHRBSC10,37021.0,37021_Nawab Town (Gold) Lahore-Z3 (3G-CI-4296),300.0,7021_Nawab Town (Gold) Lahore-Z3 (3G-CI-4296),LAHORE_CLUSTER_08_Rural,100%,0.0,97.0,0.0,234.0,0.0,660.0,266.0,280.0,0.0,141.0,4.1792,0.0,25092.0,25204.0,25192.0,25204.0,6.0,6.0,660.0,641.0,4.1792,100.0,166.0,167.0,6.0,641.0,97.0,97.0,0.44799999999999995,0.9367,25.6,0.3467,0.128,0.1173,0.0,25.6,0.3467,0.128,0.1173,0.0,4.1792,0.0
2021-04-01,19:00,HLHRBSC10,33137.0,33137_Jiliana Bahria Town Lahore-Z3 (3G-CI-4240),289.0,3137_Jiliana Bahria Town Lahore-Z3 (3G-CI-4240),LAHORE_CLUSTER_08_Rural,100%,0.0,102.0,0.0,184.0,0.0,644.0,173.0,180.0,0.0,84.0,5.4458,0.0,34340.0,34920.0,34742.0,34920.0,0.0,1.0,644.0,639.0,5.4458,100.0,163.0,164.0,0.0,639.0,101.0,102.0,0.2053,2.2167,10.3093,2.3947,0.2613,0.024,0.0027,10.3093,2.3947,0.2613,0.024,0.0027,5.4458,0.0
2021-04-01,19:00,HLHRBSC10,33019.0,33019_Razi Auto Shop Lahore-Z3 (3G-CI-1559),279.0,3019_Razi Auto Shop Lahore-Z3 (3G-CI-1559),LAHORE_CLUSTER_08_Rural,100%,0.0,544.0,1.0,688.0,0.0,1403.0,273.0,293.0,0.0,148.0,14.8153,1.0,90832.0,91320.0,90950.0,91320.0,0.0,4.0,1403.0,1395.0,14.8153,100.0,938.0,944.0,0.0,1395.0,540.0,544.0,0.4444,2.3139,15.1824,1.857,0.3261,0.0668,0.0107,15.1824,1.857,0.3261,0.0668,0.0107,14.8153,1.0
2021-04-01,19:00,HLHRBSC10,23019.0,23019_Razi Auto Shop Lahore-Z3 (3G-CI-1559),278.0,3019_Razi Auto Shop Lahore-Z3 (3G-CI-1559),LAHORE_CLUSTER_08_Rural,100%,0.0,53.0,0.0,119.0,0.0,261.0,130.0,131.0,0.0,67.0,1.3472,0.0,7382.0,7396.0,7396.0,7396.0,0.0,1.0,261.0,260.0,1.3472,100.0,115.0,115.0,0.0,260.0,52.0,53.0,0.0235,0.3754,10.8032,0.4894,0.0399,0.0027,0.0,10.8032,0.4894,0.0399,0.0027,0.0,1.3472,0.0
2021-04-01,19:00,HLHRBSC10,13019.0,13019_Razi Auto Shop Lahore-Z3 (3G-CI-1559),277.0,3019_Razi Auto Shop Lahore-Z3 (3G-CI-1559),LAHORE_CLUSTER_08_Rural,100%,0.0,83.0,0.0,240.0,0.0,1437.0,311.0,313.0,0.0,157.0,2.3208,0.0,12426.0,12436.0,12394.0,12436.0,0.0,0.0,1437.0,1425.0,2.3208,100.0,1181.0,1186.0,0.0,1425.0,83.0,83.0,0.0,0.0484,10.9047,0.1307,0.0053,0.0,0.0,10.9047,0.1307,0.0053,0.0,0.0,2.3208,0.0
2021-04-01,19:00,HLHRBSC10,17260.0,17260_Defence Road Jalian (Gold) Lahore-Z3 (3G-CI-4857),267.0,7260_Defence Road Jalian (Gold) Lahore-Z3 (3G-CI-4857),LAHORE_CLUSTER_08_Rural,100%,0.0,165.0,0.0,268.0,0.0,582.0,223.0,240.0,0.0,101.0,4.6972,0.0,25472.0,26382.0,26144.0,26382.0,0.0,1.0,582.0,577.0,4.6972,100.0,221.0,225.0,0.0,577.0,164.0,165.0,13.1205,34.1515,12.5882,8.6779,6.7921,3.16,1.0773,12.5882,8.6779,6.7921,3.16,1.0773,4.6972,0.0
2021-04-01,19:00,HLHRBSC10,23137.0,23137_Jiliana Bahria Town Lahore-Z3 (3G-CI-4240),266.0,3137_Jiliana Bahria Town Lahore-Z3 (3G-CI-4240),LAHORE_CLUSTER_08_Rural,100%,0.0,30.0,0.0,192.0,0.0,313.0,297.0,297.0,0.0,162.0,3.5639,0.0,22892.0,22938.0,22928.0,22938.0,0.0,0.0,313.0,308.0,3.5639,100.0,121.0,121.0,0.0,308.0,30.0,30.0,0.0224,0.314,11.2112,0.6711,0.0348,0.0027,0.0,11.2112,0.6711,0.0348,0.0027,0.0,3.5639,0.0
2021-04-01,19:00,HLHRBSC10,27260.0,27260_Defence Road Jalian (Gold) Lahore-Z3 (3G-CI-4857),265.0,7260_Defence Road Jalian (Gold) Lahore-Z3 (3G-CI-4857),LAHORE_CLUSTER_08_Rural,100%,0.0,159.0,2.0,300.0,0.0,2069.0,265.0,274.0,0.0,143.0,8.5153,2.0,53096.0,53990.0,53606.0,53990.0,0.0,1.0,2069.0,1956.0,8.5153,100.0,311.0,317.0,0.0,1956.0,158.0,159.0,0.4206,2.4896,13.5412,1.9425,0.3285,0.0507,0.0161,13.5412,1.9425,0.3285,0.0507,0.0161,8.5153,2.0
2021-04-01,19:00,HLHRBSC10,37232.0,37232_Khanpur (Gold) Lahore-Z3 (3G-CI-4864),264.0,7232_Khanpur (Gold) Lahore-Z3 (3G-CI-4864),LAHORE_CLUSTER_08_Rural,100%,0.0,295.0,1.0,354.0,0.0,1598.0,168.0,184.0,0.0,65.0,10.4083,1.0,66300.0,66490.0,66188.0,66490.0,4.0,8.0,1598.0,1503.0,10.4083,100.0,460.0,465.0,4.0,1503.0,291.0,295.0,0.6275,1.1282,14.183,4.3537,0.0939,0.0802,0.0374,14.183,4.3537,0.0939,0.0802,0.0374,10.4083,1.0
2021-04-01,19:00,HLHRBSC10,27232.0,27232_Khanpur (Gold) Lahore-Z3 (3G-CI-4864),263.0,7232_Khanpur (Gold) Lahore-Z3 (3G-CI-4864),LAHORE_CLUSTER_08_Rural,100%,1.0,372.0,2.0,533.0,0.0,2654.0,253.0,275.0,0.0,165.0,13.3097,2.0,81298.0,82448.0,81426.0,82448.0,0.0,0.0,2654.0,2498.0,13.3097,100.0,611.0,648.0,0.0,2498.0,371.0,372.0,0.3816,2.4286,20.47,1.9969,0.4713,0.0639,0.0239,20.47,1.9969,0.4713,0.0639,0.0239,13.3097,2.0
2021-04-01,19:00,HLHRBSC10,17232.0,17232_Khanpur (Gold) Lahore-Z3 (3G-CI-4864),262.0,7232_Khanpur (Gold) Lahore-Z3 (3G-CI-4864),LAHORE_CLUSTER_08_Rural,100%,0.0,90.0,0.0,218.0,0.0,1566.0,254.0,267.0,0.0,138.0,4.8431,0.0,30170.0,30982.0,30694.0,30982.0,2.0,2.0,1566.0,1528.0,4.8431,100.0,199.0,200.0,2.0,1528.0,90.0,90.0,0.5756,2.9612,18.4893,6.3,0.6094,0.1069,0.0401,18.4893,6.3,0.6094,0.1069,0.0401,4.8431,0.0
2021-04-01,19:00,HLHRBSC10,13137.0,13137_Jiliana Bahria Town Lahore-Z3 (3G-CI-4240),261.0,3137_Jiliana Bahria Town Lahore-Z3 (3G-CI-4240),LAHORE_CLUSTER_08_Rural,100%,0.0,65.0,0.0,149.0,0.0,275.0,163.0,169.0,0.0,85.0,1.4125,0.0,7268.0,7746.0,7734.0,7746.0,0.0,1.0,275.0,266.0,1.4125,100.0,109.0,111.0,0.0,266.0,64.0,65.0,0.0,0.0,12.1423,0.0133,0.0,0.0,0.0,12.1423,0.0133,0.0,0.0,0.0,1.4125,0.0
2021-04-01,19:00,HLHRBSC10,33135.0,33135_Defence Road (Gold) Lahore-Z3 (3G-CI-1554),253.0,3135_Defence Road (Gold) Lahore-Z3 (3G-CI-1554),LAHORE_CLUSTER_08_Rural,100%,0.0,189.0,1.0,304.0,0.0,1359.0,257.0,266.0,0.0,117.0,9.1597,1.0,54762.0,55590.0,54794.0,55590.0,6.0,8.0,1359.0,1305.0,9.1597,100.0,402.0,408.0,6.0,1305.0,187.0,189.0,0.0079,0.5029,31.296,2.472,0.168,0.0027,0.0,31.296,2.472,0.168,0.0027,0.0,9.1597,1.0
2021-04-01,19:00,HLHRBSC10,23135.0,23135_Defence Road (Gold) Lahore-Z3 (3G-CI-1554),249.0,3135_Defence Road (Gold) Lahore-Z3 (3G-CI-1554),LAHORE_CLUSTER_08_Rural,100%,0.0,244.0,3.0,381.0,0.0,2128.0,284.0,290.0,0.0,143.0,13.8667,3.0,85286.0,87196.0,85390.0,87196.0,21.0,26.0,2128.0,2038.0,13.8667,100.0,362.0,370.0,21.0,2038.0,239.0,244.0,0.0631,0.7904,23.444000000000003,1.9479,0.1862,0.0108,0.0054,23.444000000000003,1.9479,0.1862,0.0108,0.0054,13.8667,3.0
2021-04-01,19:00,HLHRBSC10,23145.0,23145_Block A Valencia Town Lahore-Z3 (3G-CI-4242),239.0,3145_Block A Valencia Town Lahore-Z3 (3G-CI-4242),LAHORE_CLUSTER_08_Rural,100%,0.0,90.0,1.0,173.0,0.0,785.0,183.0,190.0,0.0,83.0,7.1653,1.0,46886.0,47204.0,46950.0,47204.0,0.0,0.0,785.0,769.0,7.1653,100.0,170.0,172.0,0.0,769.0,90.0,90.0,0.0,0.1539,11.8957,0.24600000000000002,0.0187,0.0,0.0,11.8957,0.24600000000000002,0.0187,0.0,0.0,7.1653,1.0
2021-04-01,19:00,HLHRBSC10,37606.0,37606_Muzimil Town Lahore-Z3 (3G-CI-1743),225.0,7606_Muzimil Town Lahore-Z3 (3G-CI-1743),LAHORE_CLUSTER_08_Rural,100%,0.0,171.0,1.0,273.0,0.0,631.0,211.0,225.0,0.0,108.0,4.4542,1.0,25798.0,26462.0,26024.0,26462.0,5.0,9.0,631.0,586.0,4.4542,100.0,251.0,261.0,5.0,586.0,167.0,171.0,1.2062,8.4441,7.96,1.9573,0.784,0.0827,0.048,7.96,1.9573,0.784,0.0827,0.048,4.4542,1.0
2021-04-01,19:00,HLHRBSC10,27606.0,27606_Muzimil Town Lahore-Z3 (3G-CI-1743),224.0,7606_Muzimil Town Lahore-Z3 (3G-CI-1743),LAHORE_CLUSTER_08_Rural,100%,0.0,427.0,0.0,690.0,0.0,1865.0,413.0,447.0,0.0,274.0,18.7403,0.0,117248.0,119538.0,118370.0,119538.0,21.0,24.0,1865.0,1665.0,18.7403,100.0,561.0,608.0,21.0,1665.0,424.0,427.0,0.2626,2.7683,13.1861,15.5063,0.7394,0.0588,0.0187,13.1861,15.5063,0.7394,0.0588,0.0187,18.7403,0.0
2021-04-01,19:00,HLHRBSC10,17606.0,17606_Muzimil Town Lahore-Z3 (3G-CI-1743),223.0,7606_Muzimil Town Lahore-Z3 (3G-CI-1743),LAHORE_CLUSTER_08_Rural,100%,0.0,188.0,1.0,250.0,0.0,542.0,178.0,211.0,0.0,63.0,2.3278,1.0,7456.0,8336.0,8094.0,8336.0,0.0,1.0,542.0,524.0,2.3278,100.0,336.0,342.0,0.0,524.0,187.0,188.0,0.0,0.0683,7.6775,0.1253,0.0053,0.0,0.0,7.6775,0.1253,0.0053,0.0,0.0,2.3278,1.0
2021-04-01,19:00,HLHRBSC10,37302.0,37302_EME Society (Gold) Lahore-Z3 (3G-CI-4861),217.0,7302_EME Society (Gold) Lahore-Z3 (3G-CI-4861),LAHORE_CLUSTER_08_Rural,100%,0.0,181.0,0.0,261.0,0.0,1847.0,166.0,182.0,0.0,83.0,6.5861,0.0,40296.0,40578.0,40032.0,40578.0,17.0,18.0,1847.0,1726.0,6.5861,100.0,275.0,281.0,17.0,1726.0,180.0,181.0,0.1548,23.7903,9.5963,10.1551,6.1257,0.0401,0.0,9.5963,10.1551,6.1257,0.0401,0.0,6.5861,0.0
2021-04-01,19:00,HLHRBSC10,27302.0,27302_EME Society (Gold) Lahore-Z3 (3G-CI-4861),216.0,7302_EME Society (Gold) Lahore-Z3 (3G-CI-4861),LAHORE_CLUSTER_08_Rural,100%,0.0,163.0,1.0,219.0,0.0,583.0,119.0,123.0,0.0,56.0,4.7306,1.0,29250.0,29376.0,29310.0,29376.0,1.0,1.0,583.0,564.0,4.7306,100.0,258.0,262.0,1.0,564.0,163.0,163.0,0.0364,0.638,13.7093,0.8267,0.08800000000000001,0.0,0.0053,13.7093,0.8267,0.08800000000000001,0.0,0.0053,4.7306,1.0
2021-04-01,19:00,HLHRBSC10,17302.0,17302_EME Society (Gold) Lahore-Z3 (3G-CI-4861),215.0,7302_EME Society (Gold) Lahore-Z3 (3G-CI-4861),LAHORE_CLUSTER_08_Rural,100%,0.0,44.0,1.0,104.0,0.0,899.0,114.0,119.0,0.0,61.0,0.9681,1.0,4752.0,4776.0,4770.0,4776.0,3.0,4.0,899.0,881.0,0.9681,100.0,73.0,73.0,3.0,881.0,43.0,44.0,0.0,0.2115,9.9176,0.1736,0.0214,0.0,0.0,9.9176,0.1736,0.0214,0.0,0.0,0.9681,1.0
2021-04-01,19:00,HLHRBSC10,27316.0,27316_Bank Stop (Gold) Lahore-Z3 (3G-CI-4859),214.0,7316_Bank Stop (Gold) Lahore-Z3 (3G-CI-4859),LAHORE_CLUSTER_08_Rural,100%,0.0,135.0,0.0,211.0,0.0,497.0,162.0,168.0,0.0,84.0,4.6167,0.0,27598.0,28830.0,28724.0,28830.0,0.0,8.0,497.0,486.0,4.6167,100.0,221.0,226.0,0.0,486.0,127.0,135.0,3.6997,17.5731,8.877,3.0374,2.0054,0.4492,0.0856,8.877,3.0374,2.0054,0.4492,0.0856,4.6167,0.0
2021-04-01,19:00,HLHRBSC10,37316.0,37316_Bank Stop (Gold) Lahore-Z3 (3G-CI-4859),212.0,7316_Bank Stop (Gold) Lahore-Z3 (3G-CI-4859),LAHORE_CLUSTER_08_Rural,100%,0.0,306.0,2.0,386.0,0.0,2842.0,142.0,149.0,0.0,83.0,16.0569,2.0,104126.0,105024.0,104268.0,105024.0,2.0,5.0,2842.0,2776.0,16.0569,100.0,541.0,553.0,2.0,2776.0,303.0,306.0,0.2373,3.5384,21.2787,5.2287,0.9071,0.0516,0.0136,21.2787,5.2287,0.9071,0.0516,0.0136,16.0569,2.0
2021-04-01,19:00,HLHRBSC10,17169.0,17169_Adda Plot Manga Road (Gold) Lahore-Z3 (3G-CI-1651),208.0,7169_Adda Plot Manga Road (Gold) Lahore-Z3 (3G-CI-1651),LAHORE_CLUSTER_08_Rural,100%,0.0,30.0,0.0,67.0,0.0,248.0,67.0,70.0,0.0,37.0,1.7778,0.0,11168.0,11246.0,11040.0,11246.0,0.0,0.0,248.0,222.0,1.7778,26.1987,60.0,63.0,0.0,222.0,30.0,30.0,5.1627,15.7727,9.2306,3.3316,1.5825,0.53,0.24,9.2306,3.3316,1.5825,0.53,0.24,1.7778,0.0
2021-04-01,19:00,HLHRBSC10,27169.0,27169_Adda Plot Manga Road (Gold) Lahore-Z3 (3G-CI-1651),207.0,7169_Adda Plot Manga Road (Gold) Lahore-Z3 (3G-CI-1651),LAHORE_CLUSTER_08_Rural,100%,0.0,35.0,0.0,69.0,0.0,509.0,63.0,69.0,0.0,40.0,2.2625,0.0,14878.0,14986.0,14788.0,14986.0,0.0,2.0,509.0,450.0,2.2625,26.6667,81.0,83.0,0.0,450.0,33.0,35.0,0.2109,2.7067,5.6263,22.2368,0.7148,0.0604,0.0,5.6263,22.2368,0.7148,0.0604,0.0,2.2625,0.0
2021-04-01,19:00,HLHRBSC10,37169.0,37169_Adda Plot Manga Road (Gold) Lahore-Z3 (3G-CI-1651),206.0,7169_Adda Plot Manga Road (Gold) Lahore-Z3 (3G-CI-1651),LAHORE_CLUSTER_08_Rural,100%,0.0,26.0,1.0,67.0,0.0,379.0,86.0,89.0,1.0,45.0,1.1806,1.0,7192.0,7212.0,7132.0,7212.0,1.0,2.0,379.0,361.0,1.1806,23.8153,57.0,59.0,1.0,361.0,25.0,26.0,0.7313,4.5704,7.47,2.97,0.42,0.03,0.05,7.47,2.97,0.42,0.03,0.05,1.1806,1.0
2021-04-01,19:00,HLHRBSC10,37121.0,37121_Valancia Town (Gold) Lahore-Z3 (3G-CI-1646),205.0,7121_Valancia Town (Gold) Lahore-Z3 (3G-CI-1646),LAHORE_CLUSTER_08_Rural,100%,0.0,68.0,1.0,334.0,0.0,478.0,505.0,514.0,0.0,267.0,5.3181,1.0,31906.0,32052.0,31868.0,32052.0,0.0,0.0,478.0,464.0,5.3181,100.0,140.0,141.0,0.0,464.0,68.0,68.0,0.0686,0.4291,14.8095,0.6918,0.0561,0.0107,0.0,14.8095,0.6918,0.0561,0.0107,0.0,5.3181,1.0
2021-04-01,19:00,HLHRBSC10,27121.0,27121_Valancia Town (Gold) Lahore-Z3 (3G-CI-1646),203.0,7121_Valancia Town (Gold) Lahore-Z3 (3G-CI-1646),LAHORE_CLUSTER_08_Rural,100%,0.0,71.0,0.0,233.0,0.0,406.0,311.0,322.0,0.0,163.0,3.2639,0.0,18044.0,18476.0,18350.0,18476.0,2.0,2.0,406.0,394.0,3.2639,100.0,97.0,98.0,2.0,394.0,71.0,71.0,0.0779,0.6547,16.2453,0.7493,0.0987,0.0133,0.0,16.2453,0.7493,0.0987,0.0133,0.0,3.2639,0.0
2021-04-01,19:00,HLHRBSC10,27120.0,27120_Munoo Chowk Raiwind Road Lahore-Z3 (3G-CI-4856),202.0,7120_Munoo Chowk Raiwind Road Lahore-Z3 (3G-CI-4856),LAHORE_CLUSTER_08_Rural,100%,0.0,97.0,0.0,217.0,0.0,694.0,245.0,256.0,0.0,128.0,4.7875,0.0,30966.0,31086.0,31070.0,31086.0,1.0,1.0,694.0,663.0,4.7875,100.0,159.0,161.0,1.0,663.0,97.0,97.0,0.2218,0.5862,16.3885,0.3034,0.0612,0.0266,0.0106,16.3885,0.3034,0.0612,0.0266,0.0106,4.7875,0.0
2021-04-01,19:00,HLHRBSC10,37120.0,37120_Munoo Chowk Raiwind Road Lahore-Z3 (3G-CI-4856),201.0,7120_Munoo Chowk Raiwind Road Lahore-Z3 (3G-CI-4856),LAHORE_CLUSTER_08_Rural,100%,0.0,152.0,0.0,282.0,0.0,984.0,253.0,267.0,0.0,141.0,5.6889,0.0,35288.0,35324.0,35264.0,35324.0,4.0,5.0,984.0,922.0,5.6889,100.0,240.0,248.0,4.0,922.0,151.0,152.0,24.6808,38.4048,2.6956,4.9255,1.6981,0.7988,2.2549,2.6956,4.9255,1.6981,0.7988,2.2549,5.6889,0.0
2021-04-01,19:00,HLHRBSC10,17120.0,17120_Munoo Chowk Raiwind Road Lahore-Z3 (3G-CI-4856),200.0,7120_Munoo Chowk Raiwind Road Lahore-Z3 (3G-CI-4856),LAHORE_CLUSTER_08_Rural,100%,0.0,170.0,1.0,356.0,0.0,494.0,382.0,407.0,0.0,187.0,8.5708,1.0,54124.0,54424.0,53802.0,54424.0,0.0,1.0,494.0,476.0,8.5708,100.0,263.0,265.0,0.0,476.0,169.0,170.0,0.0588,0.5859,8.6435,0.4049,0.048,0.0054,0.0,8.6435,0.4049,0.048,0.0054,0.0,8.5708,1.0
2021-04-01,19:00,HLHRBSC10,33095.0,33095_Raza Abad Raiwind (Gold) Lahore-Z3 (3G-CI-4862),199.0,3095_Raza Abad Raiwind (Gold) Lahore-Z3 (3G-CI-4862),LAHORE_CLUSTER_08_Rural,100%,0.0,367.0,4.0,643.0,0.0,2310.0,435.0,453.0,0.0,254.0,16.8181,4.0,97366.0,100822.0,98668.0,100822.0,0.0,2.0,2310.0,2164.0,16.8181,100.0,840.0,855.0,0.0,2164.0,365.0,367.0,0.4297,2.5529,5.7704,4.5099,0.22399999999999998,0.0347,0.0107,5.7704,4.5099,0.22399999999999998,0.0347,0.0107,16.8181,4.0
2021-04-01,19:00,HLHRBSC10,13095.0,13095_Raza Abad Raiwind (Gold) Lahore-Z3 (3G-CI-4862),197.0,3095_Raza Abad Raiwind (Gold) Lahore-Z3 (3G-CI-4862),LAHORE_CLUSTER_08_Rural,100%,0.0,224.0,1.0,361.0,0.0,1791.0,282.0,301.0,0.0,140.0,13.1903,1.0,82610.0,84478.0,83554.0,84478.0,7.0,8.0,1791.0,1737.0,13.1903,100.0,362.0,365.0,7.0,1737.0,223.0,224.0,0.2137,2.2838,14.5199,4.9892,0.4133,0.0427,0.0,14.5199,4.9892,0.4133,0.0427,0.0,13.1903,1.0
2021-04-01,19:00,HLHRBSC10,27319.0,27319_NFC Society (Gold) Lahore-Z3 (3G-CI-1677),195.0,7319_NFC Society (Gold) Lahore-Z3 (3G-CI-1677),LAHORE_CLUSTER_08_Rural,100%,0.0,66.0,0.0,178.0,0.0,518.0,234.0,237.0,0.0,112.0,4.275,0.0,25840.0,26630.0,26466.0,26630.0,0.0,0.0,518.0,511.0,4.275,100.0,104.0,104.0,0.0,511.0,66.0,66.0,0.2193,0.7452,11.4794,0.6194,0.0641,0.0267,0.0,11.4794,0.6194,0.0641,0.0267,0.0,4.275,0.0
2021-04-01,19:00,HLHRBSC10,31388.0,CI-1388-3_Village Lakowal Lahore-Z3 (3G-CI-1799),167.0,CI-1388_Village Lakowal Lahore-Z3 (3G-CI-1799),LAHORE_CLUSTER_08_Rural,100%,0.0,116.0,0.0,262.0,0.0,844.0,298.0,303.0,0.0,147.0,4.2431,0.0,25664.0,25702.0,25494.0,25702.0,5.0,6.0,844.0,808.0,4.2431,100.0,165.0,166.0,5.0,808.0,115.0,116.0,3.9632,16.4011,5.7552,2.7949,1.2721,0.3013,0.10400000000000001,5.7552,2.7949,1.2721,0.3013,0.10400000000000001,4.2431,0.0
2021-04-01,19:00,HLHRBSC10,21388.0,CI-1388-2_Village Lakowal Lahore-Z3 (3G-CI-1799),166.0,CI-1388_Village Lakowal Lahore-Z3 (3G-CI-1799),LAHORE_CLUSTER_08_Rural,100%,0.0,188.0,12.0,452.0,2.0,2342.0,493.0,529.0,0.0,270.0,8.4681,12.0,47900.0,49806.0,48764.0,49806.0,23.0,24.0,2340.0,2139.0,8.4681,100.0,309.0,320.0,23.0,2139.0,187.0,188.0,0.0843,0.5619,8.3931,1.0938,0.0456,0.0054,0.0027,8.3931,1.0938,0.0456,0.0054,0.0027,8.4681,12.0
2021-04-01,19:00,HLHRBSC10,11388.0,CI-1388-1_Village Lakowal Lahore-Z3 (3G-CI-1799),165.0,CI-1388_Village Lakowal Lahore-Z3 (3G-CI-1799),LAHORE_CLUSTER_08_Rural,100%,0.0,88.0,0.0,235.0,0.0,875.0,283.0,293.0,0.0,154.0,4.5222,0.0,28010.0,28308.0,27936.0,28308.0,5.0,6.0,875.0,836.0,4.5222,100.0,118.0,124.0,5.0,836.0,87.0,88.0,0.0,1.133,8.6053,3.0293,0.1333,0.0,0.0,8.6053,3.0293,0.1333,0.0,0.0,4.5222,0.0
2021-04-01,19:00,HLHRBSC10,37260.0,37260_Defence Road Jalian (Gold) Lahore-Z3 (3G-CI-4857),151.0,7260_Defence Road Jalian (Gold) Lahore-Z3 (3G-CI-4857),LAHORE_CLUSTER_08_Rural,100%,0.0,48.0,0.0,160.0,0.0,181.0,225.0,232.0,0.0,113.0,1.9681,0.0,11720.0,11742.0,11730.0,11742.0,0.0,0.0,181.0,178.0,1.9681,100.0,110.0,112.0,0.0,178.0,48.0,48.0,0.2985,1.8128,10.5509,0.8702,0.1761,0.0321,0.0027,10.5509,0.8702,0.1761,0.0321,0.0027,1.9681,0.0
2021-04-01,19:00,HLHRBSC10,43139.0,43139_PGSHS 1 Multan Road (Gold) Lahore-Z3 (3G-CI-4858),137.0,3139_PGSHS 1 Multan Road (Gold) Lahore-Z3 (3G-CI-4858),LAHORE_CLUSTER_08_Rural,100%,0.0,132.0,0.0,304.0,0.0,289.0,341.0,351.0,0.0,172.0,2.9194,0.0,15744.0,15982.0,15888.0,15982.0,1.0,1.0,289.0,280.0,2.9194,100.0,232.0,236.0,1.0,280.0,132.0,132.0,0.0,0.0321,8.2752,0.048,0.0027,0.0,0.0,8.2752,0.048,0.0027,0.0,0.0,2.9194,0.0
2021-04-01,19:00,HLHRBSC10,33136.0,33136_H1 Market Valencia Lahore-Z3 (3G-CI-4239),10.0,3136_H1 Market Valencia Lahore-Z3 (3G-CI-4239),LAHORE_CLUSTER_08_Rural,100%,0.0,115.0,0.0,302.0,0.0,573.0,376.0,381.0,0.0,188.0,5.7125,0.0,34940.0,35474.0,35272.0,35474.0,0.0,1.0,573.0,563.0,5.7125,100.0,194.0,197.0,0.0,563.0,114.0,115.0,0.1187,0.8819,14.7637,0.8213,0.12,0.0107,0.008,14.7637,0.8213,0.12,0.0107,0.008,5.7125,0.0
2021-04-01,19:00,HLHRBSC10,11727.0,CI-1727-1_Galaxy Broadcasting (Micro) Lahore-Z3 (3G-CI-1129),152.0,CI-1727_Galaxy Broadcasting (Micro) Lahore-Z3 (3G-CI-1129),LAHORE_CLUSTER_08_Rural,100%,0.0,29.0,0.0,47.0,0.0,33.0,35.0,35.0,0.0,18.0,0.5222,0.0,2656.0,2658.0,2658.0,2658.0,0.0,0.0,33.0,33.0,0.5222,100.0,32.0,32.0,0.0,33.0,29.0,29.0,0.0,0.0,5.3547,0.0,0.0,0.0,0.0,5.3547,0.0,0.0,0.0,0.0,0.5222,0.0
2021-04-01,19:00,HLHRBSC10,31757.0,CI-1757-3_Jasmine Block Bahria (Gold) Lahore-Z1 (3G-CI-2037),308.0,CI-1757_Jasmine Block Bahria (Gold) Lahore-Z1 (3G-CI-2037),LAHORE_CLUSTER_08_Rural,100%,0.0,175.0,2.0,287.0,0.0,941.0,219.0,224.0,0.0,116.0,9.9139,2.0,65354.0,65434.0,64078.0,65434.0,1.0,3.0,941.0,845.0,9.9139,100.0,331.0,347.0,1.0,845.0,173.0,175.0,0.0357,1.0346,10.3967,11.7975,0.22399999999999998,0.0053,0.0027,10.3967,11.7975,0.22399999999999998,0.0053,0.0027,9.9139,2.0
2021-04-01,19:00,HLHRBSC10,21757.0,CI-1757-2_Jasmine Block Bahria (Gold) Lahore-Z1 (3G-CI-2037),305.0,CI-1757_Jasmine Block Bahria (Gold) Lahore-Z1 (3G-CI-2037),LAHORE_CLUSTER_08_Rural,100%,0.0,63.0,1.0,160.0,0.0,666.0,206.0,214.0,0.0,104.0,2.8264,1.0,17040.0,17312.0,16384.0,17312.0,0.0,3.0,666.0,625.0,2.8264,100.0,111.0,116.0,0.0,625.0,60.0,63.0,1.5441,69.5655,0.0,4.7731,10.6679,0.1889,0.0533,0.0,4.7731,10.6679,0.1889,0.0533,2.8264,1.0
2021-04-01,19:00,HLHRBSC10,11757.0,CI-1757-1_Jasmine Block Bahria (Gold) Lahore-Z1 (3G-CI-2037),304.0,CI-1757_Jasmine Block Bahria (Gold) Lahore-Z1 (3G-CI-2037),LAHORE_CLUSTER_08_Rural,100%,0.0,83.0,0.0,151.0,0.0,326.0,142.0,145.0,0.0,70.0,3.5139,0.0,21934.0,22368.0,22036.0,22368.0,0.0,0.0,326.0,313.0,3.5139,100.0,125.0,127.0,0.0,313.0,83.0,83.0,0.2583,1.4377,13.2734,10.0914,0.2796,0.0426,0.0186,13.2734,10.0914,0.2796,0.0426,0.0186,3.5139,0.0
2021-04-01,19:00,HLHRBSC10,31756.0,CI-1756-3_Ali Block Bahria Town (Gold) Lahore-Z1 (3G-CI-2036),303.0,CI-1756_Ali Block Bahria Town (Gold) Lahore-Z1 (3G-CI-2036),LAHORE_CLUSTER_08_Rural,100%,0.0,78.0,0.0,241.0,0.0,534.0,332.0,339.0,0.0,167.0,5.4417,0.0,36518.0,36816.0,36578.0,36816.0,0.0,4.0,534.0,511.0,5.4417,100.0,125.0,136.0,0.0,511.0,74.0,78.0,0.0596,0.4372,17.0091,9.7543,0.1015,0.016,0.0,17.0091,9.7543,0.1015,0.016,0.0,5.4417,0.0
2021-04-01,19:00,HLHRBSC10,21756.0,CI-1756-2_Ali Block Bahria Town (Gold) Lahore-Z1 (3G-CI-2036),302.0,CI-1756_Ali Block Bahria Town (Gold) Lahore-Z1 (3G-CI-2036),LAHORE_CLUSTER_08_Rural,100%,0.0,53.0,0.0,154.0,0.0,429.0,211.0,213.0,0.0,101.0,2.1681,0.0,13424.0,13568.0,13468.0,13568.0,0.0,0.0,429.0,407.0,2.1681,100.0,99.0,99.0,0.0,407.0,53.0,53.0,0.0307,0.4295,16.2775,1.0431,0.0694,0.0027,0.0027,16.2775,1.0431,0.0694,0.0027,0.0027,2.1681,0.0
2021-04-01,19:00,HLHRBSC10,11756.0,CI-1756-1_Ali Block Bahria Town (Gold) Lahore-Z1 (3G-CI-2036),292.0,CI-1756_Ali Block Bahria Town (Gold) Lahore-Z1 (3G-CI-2036),LAHORE_CLUSTER_08_Rural,100%,0.0,124.0,1.0,221.0,0.0,795.0,204.0,206.0,0.0,99.0,6.5069,1.0,42862.0,42958.0,42746.0,42958.0,0.0,2.0,795.0,747.0,6.5069,100.0,197.0,213.0,0.0,747.0,122.0,124.0,0.0127,0.4083,12.812999999999999,8.056000000000001,0.0829,0.0027,0.0,12.812999999999999,8.056000000000001,0.0829,0.0027,0.0,6.5069,1.0
2021-04-01,19:00,HKASBSC03,37628.0,37628_Raiwind Road Lahore-Z3 (3G-CI-1748),72.0,7628_Raiwind Road Lahore-Z3 (3G-CI-1748),LAHORE_CLUSTER_08_Rural,100%,0.0,32.0,0.0,138.0,0.0,307.0,221.0,238.0,0.0,107.0,1.5486,0.0,9432.0,9454.0,9438.0,9454.0,0.0,0.0,307.0,302.0,1.5486,100.0,50.0,50.0,0.0,302.0,32.0,32.0,0.0781,0.8203,6.6613,0.1093,0.0507,0.0053,0.0,6.6613,0.1093,0.0507,0.0053,0.0,1.5486,0.0
2021-04-01,19:00,HKASBSC03,27628.0,27628_Raiwind Road Lahore-Z3 (3G-CI-1748),71.0,7628_Raiwind Road Lahore-Z3 (3G-CI-1748),LAHORE_CLUSTER_08_Rural,100%,0.0,149.0,2.0,307.0,0.0,1323.0,338.0,345.0,0.0,160.0,5.8069,2.0,35620.0,36248.0,36198.0,36248.0,0.0,2.0,1323.0,1308.0,5.8069,100.0,668.0,672.0,0.0,1308.0,147.0,149.0,0.0,0.1345,4.0301,0.0972,0.0056,0.0,0.0,4.0301,0.0972,0.0056,0.0,0.0,5.8069,2.0
2021-04-01,19:00,HKASBSC03,17628.0,17628_Raiwind Road Lahore-Z3 (3G-CI-1748),70.0,7628_Raiwind Road Lahore-Z3 (3G-CI-1748),LAHORE_CLUSTER_08_Rural,100%,0.0,394.0,2.0,520.0,0.0,4838.0,278.0,297.0,0.0,131.0,16.5194,2.0,101614.0,102708.0,100126.0,102708.0,0.0,2.0,4838.0,4598.0,16.5194,100.0,1019.0,1034.0,0.0,4598.0,392.0,394.0,0.1682,1.3713,29.3107,1.9727,0.3816,0.048,0.0053,29.3107,1.9727,0.3816,0.048,0.0053,16.5194,2.0
2021-04-01,19:00,HLHRBSC11,33736.0,33736_Dhamkey Sheikhupura,198.0,3736_Dhamkey Sheikhupura,LAHORE_CLUSTER_08_Rural,100%,0.0,49.0,0.0,91.0,0.0,511.0,83.0,88.0,0.0,45.0,1.1139,0.0,4826.0,5358.0,5336.0,5358.0,3.0,5.0,511.0,482.0,1.1139,100.0,124.0,135.0,3.0,482.0,47.0,49.0,93.8523,94.0988,0.3653,0.0187,0.016,6.107,0.0,0.3653,0.0187,0.016,6.107,0.0,1.1139,0.0
2021-04-01,19:00,HLHRBSC11,23736.0,23736_Dhamkey Sheikhupura,197.0,3736_Dhamkey Sheikhupura,LAHORE_CLUSTER_08_Rural,100%,0.0,93.0,1.0,127.0,0.0,1525.0,69.0,78.0,0.0,36.0,1.8847,1.0,10628.0,10856.0,10804.0,10856.0,0.0,2.0,1525.0,1423.0,1.8847,100.0,160.0,168.0,0.0,1423.0,91.0,93.0,0.0374,0.0374,7.104,0.0267,0.0,0.0,0.0027,7.104,0.0267,0.0,0.0,0.0027,1.8847,1.0
2021-04-01,19:00,HLHRBSC11,13736.0,13736_Dhamkey Sheikhupura,196.0,3736_Dhamkey Sheikhupura,LAHORE_CLUSTER_08_Rural,100%,0.0,128.0,1.0,178.0,0.0,1108.0,100.0,101.0,0.0,51.0,3.1556,1.0,15958.0,16604.0,16578.0,16604.0,2.0,4.0,1108.0,1077.0,3.1556,100.0,300.0,305.0,2.0,1077.0,126.0,128.0,0.0,0.1593,4.8503,0.1765,0.008,0.0,0.0,4.8503,0.1765,0.008,0.0,0.0,3.1556,1.0
2021-04-01,19:00,HLHRBSC10,31799.0,CI-1799-3_AA Block (WT) Canal Gardens Lahore (3G-CI-1202),339.0,CI-1799_AA Block (WT) Canal Gardens Lahore (3G-CI-1202),LAHORE_CLUSTER_08_Rural,100%,0.0,91.0,1.0,245.0,0.0,583.0,284.0,293.0,0.0,156.0,4.7458,1.0,30083.0,30897.0,30449.0,30897.0,0.0,2.0,583.0,582.0,4.7458,100.0,188.0,188.0,0.0,582.0,89.0,91.0,0.0,0.0166,32.0821,0.0801,0.0053,0.0,0.0,32.0821,0.0801,0.0053,0.0,0.0,4.7458,1.0
2021-04-01,19:00,HLHRBSC10,21799.0,CI-1799-2_AA Block (WT) Canal Gardens Lahore (3G-CI-1202),338.0,CI-1799_AA Block (WT) Canal Gardens Lahore (3G-CI-1202),LAHORE_CLUSTER_08_Rural,100%,0.0,75.0,0.0,194.0,0.0,365.0,199.0,208.0,0.0,121.0,4.9111,0.0,32431.0,32955.0,32856.0,32955.0,0.0,0.0,365.0,346.0,4.9111,100.0,132.0,134.0,0.0,346.0,75.0,75.0,0.0,0.0833,34.3998,0.8438,0.0294,0.0,0.0,34.3998,0.8438,0.0294,0.0,0.0,4.9111,0.0
2021-04-01,19:00,HLHRBSC10,11799.0,CI-1799-1_AA Block (WT) Canal Gardens Lahore (3G-CI-1202),334.0,CI-1799_AA Block (WT) Canal Gardens Lahore (3G-CI-1202),LAHORE_CLUSTER_08_Rural,100%,0.0,118.0,0.0,342.0,0.0,809.0,380.0,411.0,0.0,226.0,5.9083,0.0,37561.0,38680.0,38579.0,38680.0,0.0,2.0,809.0,805.0,5.9083,100.0,282.0,285.0,0.0,805.0,116.0,118.0,0.0285,0.2568,30.2694,7.0708,0.0855,0.008,0.0027,30.2694,7.0708,0.0855,0.008,0.0027,5.9083,0.0
2021-04-01,19:00,HLHRBSC10,31796.0,CI-1796-3_Block G Izmir Town Lahore-Z1 (3G-CI-1047),332.0,CI-1796_Block G Izmir Town Lahore-Z1 (3G-CI-1047),LAHORE_CLUSTER_08_Rural,100%,0.0,63.0,0.0,114.0,0.0,369.0,103.0,107.0,0.0,54.0,3.7792,0.0,24808.0,25675.0,25630.0,25675.0,0.0,3.0,369.0,343.0,3.7792,100.0,121.0,139.0,0.0,343.0,60.0,63.0,0.0274,24.9478,28.4037,0.8055,9.6987,0.0107,0.0,28.4037,0.8055,9.6987,0.0107,0.0,3.7792,0.0
2021-04-01,19:00,HLHRBSC10,21796.0,CI-1796-2_Block G Izmir Town Lahore-Z1 (3G-CI-1047),328.0,CI-1796_Block G Izmir Town Lahore-Z1 (3G-CI-1047),LAHORE_CLUSTER_08_Rural,100%,0.0,174.0,2.0,329.0,0.0,1789.0,270.0,294.0,0.0,156.0,11.5472,2.0,72306.0,75998.0,74997.0,75998.0,0.0,2.0,1789.0,1664.0,11.5472,100.0,502.0,522.0,0.0,1664.0,172.0,174.0,0.0202,0.3318,15.592,10.6714,0.0821,0.0053,0.0,15.592,10.6714,0.0821,0.0053,0.0,11.5472,2.0
2021-04-01,19:00,HLHRBSC10,11796.0,CI-1796-1_Block G Izmir Town Lahore-Z1 (3G-CI-1047),327.0,CI-1796_Block G Izmir Town Lahore-Z1 (3G-CI-1047),LAHORE_CLUSTER_08_Rural,100%,0.0,108.0,0.0,252.0,0.0,1224.0,272.0,284.0,0.0,152.0,5.7875,0.0,36575.0,38414.0,38178.0,38414.0,0.0,4.0,1224.0,1163.0,5.7875,100.0,164.0,175.0,0.0,1163.0,104.0,108.0,0.0,0.4591,31.712,1.2427,0.152,0.0,0.0,31.712,1.2427,0.152,0.0,0.0,5.7875,0.0
2021-04-01,19:00,HLHRBSC10,31802.0,CI-1802-3_Lake City Near M7 A Mosque Lahore-Z1 (3G-CI-2239),352.0,CI-1802_Lake City Near M7 A Mosque Lahore-Z1 (3G-CI-2239),LAHORE_CLUSTER_08_Rural,100%,0.0,119.0,1.0,206.0,0.0,1407.0,149.0,174.0,0.0,93.0,3.3542,1.0,20398.0,20905.0,20673.0,20905.0,0.0,1.0,1407.0,1350.0,3.3542,100.0,283.0,285.0,0.0,1350.0,118.0,119.0,0.0,0.221,31.278000000000002,2.447,0.0747,0.0,0.0,31.278000000000002,2.447,0.0747,0.0,0.0,3.3542,1.0
2021-04-01,19:00,HLHRBSC10,21802.0,CI-1802-2_Lake City Near M7 A Mosque Lahore-Z1 (3G-CI-2239),351.0,CI-1802_Lake City Near M7 A Mosque Lahore-Z1 (3G-CI-2239),LAHORE_CLUSTER_08_Rural,100%,0.0,101.0,5.0,176.0,0.0,911.0,89.0,119.0,0.0,84.0,3.8097,5.0,20576.0,22376.0,21915.0,22376.0,0.0,2.0,911.0,625.0,3.8097,100.0,219.0,247.0,0.0,625.0,99.0,101.0,8.8263,21.0638,26.4224,3.1978,4.5921,2.464,0.848,26.4224,3.1978,4.5921,2.464,0.848,3.8097,5.0
2021-04-01,19:00,HLHRBSC10,11802.0,CI-1802-1_Lake City Near M7 A Mosque Lahore-Z1 (3G-CI-2239),350.0,CI-1802_Lake City Near M7 A Mosque Lahore-Z1 (3G-CI-2239),LAHORE_CLUSTER_08_Rural,100%,0.0,118.0,9.0,264.0,0.0,1402.0,230.0,280.0,0.0,148.0,6.9458,9.0,41760.0,43144.0,42046.0,43144.0,0.0,8.0,1402.0,1140.0,6.9458,100.0,210.0,255.0,0.0,1140.0,110.0,118.0,0.1192,20.9757,20.0295,2.9523,6.0655,0.0347,0.0,20.0295,2.9523,6.0655,0.0347,0.0,6.9458,9.0
2021-04-01,19:00,HLHRBSC16,31797.0,CI-1797-3_Back Side Abdullah Travel Lahore-Z1 (3G-CI-1053),100.0,CI-1797_Back Side Abdullah Travel Lahore-Z1 (3G-CI-1053),LAHORE_CLUSTER_08_Rural,100%,0.0,181.0,0.0,307.0,0.0,3424.0,249.0,262.0,0.0,129.0,7.0736,0.0,43156.0,43454.0,42903.0,43454.0,0.0,2.0,3424.0,3123.0,7.0736,100.0,403.0,430.0,0.0,3123.0,179.0,181.0,0.0179,0.1708,27.0504,2.6355,0.0455,0.0053,0.0,27.0504,2.6355,0.0455,0.0053,0.0,7.0736,0.0
2021-04-01,19:00,HLHRBSC16,21797.0,CI-1797-2_Back Side Abdullah Travel Lahore-Z1 (3G-CI-1053),89.0,CI-1797_Back Side Abdullah Travel Lahore-Z1 (3G-CI-1053),LAHORE_CLUSTER_08_Rural,100%,0.0,100.0,0.0,294.0,0.0,1468.0,353.0,383.0,0.0,200.0,6.9361,0.0,44217.0,45917.0,45439.0,45917.0,0.0,0.0,1468.0,1414.0,6.9361,100.0,173.0,187.0,0.0,1414.0,100.0,100.0,0.0604,1.0641,25.252,5.3774,0.3107,0.016,0.0027,25.252,5.3774,0.3107,0.016,0.0027,6.9361,0.0
2021-04-01,19:00,HLHRBSC16,11797.0,CI-1797-1_Back Side Abdullah Travel Lahore-Z1 (3G-CI-1053),69.0,CI-1797_Back Side Abdullah Travel Lahore-Z1 (3G-CI-1053),LAHORE_CLUSTER_08_Rural,100%,0.0,172.0,2.0,271.0,0.0,654.0,211.0,215.0,0.0,101.0,5.7917,2.0,35720.0,36793.0,36676.0,36793.0,0.0,3.0,654.0,634.0,5.7917,100.0,360.0,371.0,0.0,634.0,169.0,172.0,0.4975,3.2896,27.2366,7.4941,1.0027,0.1387,0.04,27.2366,7.4941,1.0027,0.1387,0.04,5.7917,2.0
