Date,Time,GBSC,Cell CI,Cell Name,CellIndex,Site Name,Location,Integrity,_CallSetup TCH GOS(%)_N,_CallSetup TCH GOS(%)_D,_DCR_N,_DCR_D,_GOS-SDCCH(%)_N,_GOS-SDCCH(%)_D,_HSR%_N,_HSR%_D,_Mobility TCH GOS(%)_N,_Mobility TCH GOS(%)_D,_MTBD (Mean Time between Drop)_N,_MTBD (Mean Time between Drop)_D,_RxQual Index DL_1,_RxQual Index DL_2,_RxQual Index UL_1,_RxQual Index UL_2,CSSR_Non Blocking_1_N,CSSR_Non Blocking_2_N,CSSR_Non Blocking_1_D,CSSR_Non Blocking_2_D,GlobelTraffic,TCH Availability Rate,_cssr_Call Setup Indications (Circuit Service)_N_1,_Cssr_Channel Requests (Circuit Service)_D_1,_CSSR_Call Drops on SDCCH_N_2,_CSSR_Successful SDCCH Seizures_D_2,_CSSR_Successful TCH Seizures (Traffic Channel)_N_3,_CSSR_TCH Seizure Requests (Traffic Channel)_D_3,Interference Band Proportion (4~5)(%),Interference Band 345,Mean Number of TCH in Interference Band 1,Mean Number of TCH in Interference Band 2,Mean Number of TCH in Interference Band 3,Mean Number of TCH in Interference Band 4,Mean Number of TCH in Interference Band 5,Mean Number of TCH in Interference Band 1.1,Mean Number of TCH in Interference Band 2.1,Mean Number of TCH in Interference Band 3.1,Mean Number of TCH in Interference Band 4.1,Mean Number of TCH in Interference Band 5.1,K3014:Traffic Volume on TCH(Erl),CM33:Call Drops on Traffic Channel
2021-04-01,21:00,HMLTBSC08,32026.0,CII-2026-3_Jan Muhammad Colony Multan (3G-CII-4081),101.0,CII-2026_Jan Muhammad Colony Multan (3G-CII-4081),MULTAN_CLUSTER_01_Urban,100%,0.0,11.0,0.0,21.0,0.0,61.0,22.0,23.0,0.0,10.0,0.2444,0.0,1256.0,1266.0,1266.0,1266.0,0.0,0.0,61.0,61.0,0.2444,100.0,15.0,15.0,0.0,61.0,11.0,11.0,0.0142,0.1423,18.6581,0.0828,0.024,0.0027,0.0,0.0828,0.024,18.6581,0.0027,0.0,0.2444,0.0
2021-04-01,21:00,HMLTBSC08,22026.0,CII-2026-2_Jan Muhammad Colony Multan (3G-CII-4081),100.0,CII-2026_Jan Muhammad Colony Multan (3G-CII-4081),MULTAN_CLUSTER_01_Urban,100%,0.0,10.0,0.0,14.0,0.0,24.0,5.0,5.0,0.0,4.0,0.1347,0.0,726.0,728.0,728.0,728.0,0.0,0.0,24.0,24.0,0.1347,100.0,16.0,16.0,0.0,24.0,10.0,10.0,0.0298,0.1293,26.6666,0.1041,0.0267,0.008,0.0,0.1041,0.0267,26.6666,0.008,0.0,0.1347,0.0
2021-04-01,21:00,HMLTBSC08,12026.0,CII-2026-1_Jan Muhammad Colony Multan (3G-CII-4081),99.0,CII-2026_Jan Muhammad Colony Multan (3G-CII-4081),MULTAN_CLUSTER_01_Urban,100%,0.0,12.0,0.0,19.0,0.0,50.0,12.0,12.0,0.0,7.0,0.2583,0.0,1628.0,1628.0,1628.0,1628.0,0.0,0.0,50.0,50.0,0.2583,100.0,35.0,35.0,0.0,50.0,12.0,12.0,0.0419,0.1047,25.2096,0.2482,0.016,0.008,0.0027,0.2482,0.016,25.2096,0.008,0.0027,0.2583,0.0
2021-04-01,21:00,HMLTBSC08,32025.0,CII-2025-3_Khushaal Colony Multan (3G-CII-3179),98.0,CII-2025_Khushaal Colony Multan (3G-CII-3179),MULTAN_CLUSTER_01_Urban,100%,0.0,24.0,1.0,54.0,0.0,95.0,62.0,63.0,0.0,30.0,0.9486,1.0,6202.0,6206.0,6206.0,6206.0,0.0,0.0,95.0,95.0,0.9486,100.0,60.0,60.0,0.0,95.0,24.0,24.0,0.0144,0.8065,17.8271,0.5331,0.1466,0.0027,0.0,0.5331,0.1466,17.8271,0.0027,0.0,0.9486,1.0
2021-04-01,21:00,HMLTBSC08,22025.0,CII-2025-2_Khushaal Colony Multan (3G-CII-3179),97.0,CII-2025_Khushaal Colony Multan (3G-CII-3179),MULTAN_CLUSTER_01_Urban,100%,0.0,54.0,0.0,80.0,0.0,254.0,56.0,56.0,0.0,26.0,1.0208,0.0,5966.0,6050.0,5826.0,6050.0,0.0,0.0,254.0,254.0,1.0208,100.0,204.0,204.0,0.0,254.0,54.0,54.0,0.478,1.2930000000000001,22.7341,1.4356,0.1996,0.0745,0.0426,1.4356,0.1996,22.7341,0.0745,0.0426,1.0208,0.0
2021-04-01,21:00,HMLTBSC08,12025.0,CII-2025-1_Khushaal Colony Multan (3G-CII-3179),96.0,CII-2025_Khushaal Colony Multan (3G-CII-3179),MULTAN_CLUSTER_01_Urban,100%,0.0,126.0,0.0,247.0,0.0,349.0,262.0,265.0,0.0,120.0,4.5722,0.0,28524.0,28662.0,28422.0,28662.0,0.0,0.0,349.0,342.0,4.5722,100.0,201.0,204.0,0.0,342.0,126.0,126.0,0.0427,0.4695,12.3997,6.2049,0.0798,0.0053,0.0027,6.2049,0.0798,12.3997,0.0053,0.0027,4.5722,0.0
2021-04-01,21:00,HMLTBSC08,32024.0,CII-2024-3_Block S Multan (3G-CII-3178),113.0,CII-2024_Block S Multan (3G-CII-3178),MULTAN_CLUSTER_01_Urban,100%,0.0,34.0,0.0,72.0,0.0,131.0,74.0,74.0,0.0,38.0,1.3389,0.0,8634.0,8644.0,8644.0,8644.0,0.0,0.0,131.0,130.0,1.3389,100.0,82.0,83.0,0.0,130.0,34.0,34.0,0.0307,0.0307,17.2865,0.0533,0.0,0.0053,0.0,0.0533,0.0,17.2865,0.0053,0.0,1.3389,0.0
2021-04-01,21:00,HMLTBSC08,22024.0,CII-2024-2_Block S Multan (3G-CII-3178),112.0,CII-2024_Block S Multan (3G-CII-3178),MULTAN_CLUSTER_01_Urban,100%,0.0,62.0,0.0,96.0,0.0,145.0,70.0,75.0,0.0,35.0,1.8389,0.0,11672.0,11744.0,11740.0,11744.0,0.0,1.0,145.0,145.0,1.8389,100.0,92.0,92.0,0.0,145.0,61.0,62.0,0.6755,1.3839,22.6924,1.0195,0.1703,0.1171,0.0453,1.0195,0.1703,22.6924,0.1171,0.0453,1.8389,0.0
2021-04-01,21:00,HMLTBSC08,12024.0,CII-2024-1_Block S Multan (3G-CII-3178),111.0,CII-2024_Block S Multan (3G-CII-3178),MULTAN_CLUSTER_01_Urban,100%,0.0,27.0,0.0,64.0,0.0,69.0,76.0,76.0,0.0,37.0,1.3903,0.0,9044.0,9044.0,9042.0,9044.0,0.0,0.0,69.0,69.0,1.3903,100.0,47.0,47.0,0.0,69.0,27.0,27.0,0.0236,0.1063,22.3351,0.1543,0.0186,0.0053,0.0,0.1543,0.0186,22.3351,0.0053,0.0,1.3903,0.0
2021-04-01,21:00,HMLTBSC08,32023.0,CII-2023-3_New Munirabad Multan (3G-CII-3177),110.0,CII-2023_New Munirabad Multan (3G-CII-3177),MULTAN_CLUSTER_01_Urban,100%,0.0,47.0,2.0,126.0,0.0,546.0,148.0,155.0,0.0,80.0,1.9861,2.0,10920.0,11104.0,11086.0,11104.0,0.0,1.0,546.0,543.0,1.9861,100.0,499.0,500.0,0.0,543.0,46.0,47.0,0.0339,0.1693,38.9176,0.3811,0.0533,0.008,0.0053,0.3811,0.0533,38.9176,0.008,0.0053,1.9861,2.0
2021-04-01,21:00,HMLTBSC08,22023.0,CII-2023-2_New Munirabad Multan (3G-CII-3177),109.0,CII-2023_New Munirabad Multan (3G-CII-3177),MULTAN_CLUSTER_01_Urban,100%,0.0,72.0,0.0,176.0,0.0,361.0,209.0,213.0,0.0,104.0,3.1764,0.0,20874.0,20874.0,20872.0,20874.0,0.0,0.0,361.0,358.0,3.1764,100.0,298.0,301.0,0.0,358.0,72.0,72.0,0.1483,1.088,4.9305,0.4171,0.0508,0.008,0.0,0.4171,0.0508,4.9305,0.008,0.0,3.1764,0.0
2021-04-01,21:00,HMLTBSC08,12023.0,CII-2023-1_New Munirabad Multan (3G-CII-3177),108.0,CII-2023_New Munirabad Multan (3G-CII-3177),MULTAN_CLUSTER_01_Urban,100%,0.0,73.0,0.0,138.0,0.0,342.0,128.0,132.0,0.0,66.0,5.5,0.0,36568.0,36620.0,36542.0,36620.0,0.0,1.0,342.0,324.0,5.5,100.0,136.0,138.0,0.0,324.0,72.0,73.0,0.4893,4.8178,8.9251,1.492,0.4737,0.0428,0.0108,1.492,0.4737,8.9251,0.0428,0.0108,5.5,0.0
2021-04-01,21:00,HMLTBSC08,32022.0,CII-2022-3_Hassanabad Colony Multan (3G-CII-4080),116.0,CII-2022_Hassanabad Colony Multan (3G-CII-4080),MULTAN_CLUSTER_01_Urban,100%,0.0,53.0,0.0,127.0,0.0,194.0,148.0,149.0,0.0,74.0,1.0139,0.0,5588.0,5596.0,5588.0,5596.0,0.0,0.0,194.0,194.0,1.0139,100.0,142.0,142.0,0.0,194.0,53.0,53.0,0.1096,0.6265,16.4524,0.423,0.0878,0.0186,0.0,0.423,0.0878,16.4524,0.0186,0.0,1.0139,0.0
2021-04-01,21:00,HMLTBSC08,22022.0,CII-2022-2_Hassanabad Colony Multan (3G-CII-4080),115.0,CII-2022_Hassanabad Colony Multan (3G-CII-4080),MULTAN_CLUSTER_01_Urban,100%,0.0,28.0,0.0,48.0,0.0,81.0,40.0,40.0,0.0,20.0,0.3833,0.0,1948.0,1948.0,1948.0,1948.0,0.0,0.0,81.0,80.0,0.3833,100.0,52.0,53.0,0.0,80.0,28.0,28.0,0.0,0.1843,25.8427,0.1547,0.048,0.0,0.0,0.1547,0.048,25.8427,0.0,0.0,0.3833,0.0
2021-04-01,21:00,HMLTBSC08,32021.0,CII-2021-3_Zaid Town Multan (3G-CII-4079),119.0,CII-2021_Zaid Town Multan (3G-CII-4079),MULTAN_CLUSTER_01_Urban,100%,0.0,16.0,0.0,66.0,0.0,34.0,95.0,101.0,0.0,49.0,0.8375,0.0,5390.0,5406.0,5404.0,5406.0,0.0,0.0,34.0,34.0,0.8375,100.0,21.0,21.0,0.0,34.0,16.0,16.0,0.0151,0.091,17.5398,0.0748,0.0134,0.0027,0.0,0.0748,0.0134,17.5398,0.0027,0.0,0.8375,0.0
2021-04-01,21:00,HMLTBSC08,22021.0,CII-2021-2_Zaid Town Multan (3G-CII-4079),118.0,CII-2021_Zaid Town Multan (3G-CII-4079),MULTAN_CLUSTER_01_Urban,100%,0.0,10.0,0.0,32.0,0.0,47.0,41.0,43.0,0.0,23.0,0.3333,0.0,1894.0,1894.0,1894.0,1894.0,0.0,0.0,47.0,47.0,0.3333,100.0,36.0,36.0,0.0,47.0,10.0,10.0,0.0321,0.3208,24.6004,0.3209,0.0722,0.0054,0.0027,0.3209,0.0722,24.6004,0.0054,0.0027,0.3333,0.0
2021-04-01,21:00,HMLTBSC08,12021.0,CII-2021-1_Zaid Town Multan (3G-CII-4079),117.0,CII-2021_Zaid Town Multan (3G-CII-4079),MULTAN_CLUSTER_01_Urban,100%,0.0,98.0,6.0,236.0,0.0,745.0,177.0,202.0,0.0,114.0,3.7875,6.0,17596.0,21662.0,20220.0,21662.0,0.0,3.0,745.0,542.0,3.7875,100.0,158.0,176.0,0.0,542.0,95.0,98.0,0.1451,0.9375,19.0927,0.985,0.1606,0.0187,0.0107,0.985,0.1606,19.0927,0.0187,0.0107,3.7875,6.0
2021-04-01,21:00,HMLTBSC08,32020.0,CII-2020-3_Block L Shah Ruknay Alam Multan (3G-CII-4078),122.0,CII-2020_Block L Shah Ruknay Alam Multan (3G-CII-4078),MULTAN_CLUSTER_01_Urban,100%,0.0,47.0,0.0,138.0,0.0,323.0,182.0,182.0,0.0,91.0,2.7903,0.0,18134.0,18140.0,18140.0,18140.0,0.0,0.0,323.0,298.0,2.7903,100.0,112.0,112.0,0.0,298.0,47.0,47.0,0.0488,0.3904,15.9653,0.3627,0.055999999999999994,0.0,0.008,0.3627,0.055999999999999994,15.9653,0.0,0.008,2.7903,0.0
2021-04-01,21:00,HMLTBSC08,22020.0,CII-2020-2_Block L Shah Ruknay Alam Multan (3G-CII-4078),121.0,CII-2020_Block L Shah Ruknay Alam Multan (3G-CII-4078),MULTAN_CLUSTER_01_Urban,100%,0.0,49.0,0.0,53.0,0.0,97.0,13.0,13.0,0.0,4.0,1.5403,0.0,10308.0,10308.0,10308.0,10308.0,0.0,0.0,97.0,97.0,1.5403,100.0,62.0,62.0,0.0,97.0,49.0,49.0,0.0869,0.2602,24.1374,0.3459,0.0426,0.008,0.0133,0.3459,0.0426,24.1374,0.008,0.0133,1.5403,0.0
2021-04-01,21:00,HMLTBSC08,12020.0,CII-2020-1_Block L Shah Ruknay Alam Multan (3G-CII-4078),120.0,CII-2020_Block L Shah Ruknay Alam Multan (3G-CII-4078),MULTAN_CLUSTER_01_Urban,100%,0.0,18.0,0.0,32.0,0.0,39.0,28.0,28.0,0.0,14.0,0.7125,0.0,4586.0,4598.0,4598.0,4598.0,0.0,0.0,39.0,39.0,0.7125,100.0,25.0,25.0,0.0,39.0,18.0,18.0,0.0947,0.1578,25.12,0.133,0.016,0.0107,0.0133,0.133,0.016,25.12,0.0107,0.0133,0.7125,0.0
2021-04-01,21:00,HMLTBSC08,16842.0,16842_SNGPL Peera Ghaib Road (Micro) Multan,272.0,6842_SNGPL Peera Ghaib Road (Micro) Multan,MULTAN_CLUSTER_01_Urban,100%,0.0,0.0,0.0,0.0,0.0,0.0,0.0,0.0,0.0,0.0,0.0,0.0,0.0,0.0,0.0,0.0,0.0,0.0,0.0,0.0,0.0,100.0,0.0,0.0,0.0,0.0,0.0,0.0,0.0,0.0222,11.9733,0.024,0.0027,0.0,0.0,0.024,0.0027,11.9733,0.0,0.0,0.0,0.0
2021-04-01,21:00,HMLTBSC08,35929.0,35929_Mohalla Qaiserabad Multan (3G-CII-3481),309.0,5929_Mohalla Qaiserabad Multan (3G-CII-3481),MULTAN_CLUSTER_01_Urban,100%,0.0,89.0,0.0,167.0,0.0,464.0,154.0,157.0,0.0,80.0,2.5125,0.0,14492.0,14492.0,14478.0,14492.0,0.0,0.0,464.0,463.0,2.5125,100.0,413.0,413.0,0.0,463.0,89.0,89.0,0.5147,1.7544,21.1566,1.2957,0.2833,0.0829,0.0348,1.2957,0.2833,21.1566,0.0829,0.0348,2.5125,0.0
2021-04-01,21:00,HMLTBSC08,25929.0,25929_Mohalla Qaiserabad Multan (3G-CII-3481),308.0,5929_Mohalla Qaiserabad Multan (3G-CII-3481),MULTAN_CLUSTER_01_Urban,100%,0.0,11.0,0.0,19.0,0.0,35.0,14.0,14.0,0.0,8.0,0.0972,0.0,212.0,212.0,212.0,212.0,0.0,0.0,35.0,35.0,0.0972,100.0,18.0,18.0,0.0,35.0,11.0,11.0,0.0904,0.3765,17.5573,0.0827,0.0507,0.008,0.008,0.0827,0.0507,17.5573,0.008,0.008,0.0972,0.0
2021-04-01,21:00,HMLTBSC08,15929.0,15929_Mohalla Qaiserabad Multan (3G-CII-3481),307.0,5929_Mohalla Qaiserabad Multan (3G-CII-3481),MULTAN_CLUSTER_01_Urban,100%,0.0,62.0,2.0,171.0,0.0,201.0,218.0,220.0,0.0,109.0,2.9458,2.0,17800.0,17878.0,17870.0,17878.0,0.0,0.0,201.0,201.0,2.9458,100.0,170.0,170.0,0.0,201.0,62.0,62.0,0.0125,0.0499,21.24,0.1737,0.008,0.0027,0.0,0.1737,0.008,21.24,0.0027,0.0,2.9458,2.0
2021-04-01,21:00,HMLTBSC08,35922.0,35922_Ghusia Town Multan (3G-CII-3499),312.0,5922_Ghusia Town Multan (3G-CII-3499),MULTAN_CLUSTER_01_Urban,100%,0.0,16.0,0.0,53.0,0.0,49.0,62.0,70.0,0.0,37.0,1.0597,0.0,6892.0,6922.0,6906.0,6922.0,0.0,0.0,49.0,45.0,1.0597,100.0,26.0,30.0,0.0,45.0,16.0,16.0,1.7421,3.8314,15.8105,1.2668,0.371,0.2187,0.0907,1.2668,0.371,15.8105,0.2187,0.0907,1.0597,0.0
2021-04-01,21:00,HMLTBSC08,25903.0,25903_Bawasafra Multan (3G-CII-3149),103.0,5903_Bawasafra Multan (3G-CII-3149),MULTAN_CLUSTER_01_Urban,100%,0.0,27.0,0.0,67.0,0.0,84.0,78.0,79.0,0.0,40.0,1.9542,0.0,12708.0,12724.0,12712.0,12724.0,0.0,0.0,84.0,82.0,1.9542,100.0,41.0,41.0,0.0,82.0,27.0,27.0,0.1523,0.5858,21.2063,1.4783,0.0989,0.016,0.0187,1.4783,0.0989,21.2063,0.016,0.0187,1.9542,0.0
2021-04-01,21:00,HMLTBSC08,15903.0,15903_Bawasafra Multan (3G-CII-3149),102.0,5903_Bawasafra Multan (3G-CII-3149),MULTAN_CLUSTER_01_Urban,100%,0.0,16.0,0.0,63.0,0.0,67.0,91.0,99.0,0.0,46.0,1.2361,0.0,7970.0,8020.0,7976.0,8020.0,0.0,0.0,67.0,67.0,1.2361,100.0,25.0,25.0,0.0,67.0,16.0,16.0,0.1205,1.5892,21.7803,2.2185,0.3582,0.0267,0.0027,2.2185,0.3582,21.7803,0.0267,0.0027,1.2361,0.0
2021-04-01,21:00,HMLTBSC08,35902.0,35902_Mohalla Ahmadpura Sameejabad Multan (3G-CII-4044),288.0,5902_Mohalla Ahmadpura Sameejabad Multan (3G-CII-4044),MULTAN_CLUSTER_01_Urban,100%,0.0,78.0,0.0,219.0,0.0,203.0,278.0,284.0,0.0,142.0,2.3069,0.0,12920.0,13036.0,12998.0,13036.0,0.0,1.0,203.0,202.0,2.3069,100.0,150.0,151.0,0.0,202.0,77.0,78.0,0.0185,0.111,14.276,0.1524,0.0134,0.0,0.0027,0.1524,0.0134,14.276,0.0,0.0027,2.3069,0.0
2021-04-01,21:00,HMLTBSC08,15902.0,15902_Mohalla Ahmadpura Sameejabad Multan (3G-CII-4044),286.0,5902_Mohalla Ahmadpura Sameejabad Multan (3G-CII-4044),MULTAN_CLUSTER_01_Urban,100%,0.0,35.0,0.0,81.0,0.0,143.0,84.0,84.0,0.0,46.0,1.5236,0.0,9900.0,9904.0,9892.0,9904.0,0.0,0.0,143.0,139.0,1.5236,100.0,76.0,76.0,0.0,139.0,35.0,35.0,0.0118,0.0943,22.1849,0.457,0.0187,0.0027,0.0,0.457,0.0187,22.1849,0.0027,0.0,1.5236,0.0
2021-04-01,21:00,HMLTBSC08,35849.0,35849_Gulshan Market Multan (3G-CII-4038),177.0,5849_Gulshan Market Multan (3G-CII-4038),MULTAN_CLUSTER_01_Urban,100%,0.0,32.0,0.0,71.0,0.0,168.0,68.0,69.0,0.0,39.0,1.0361,0.0,6112.0,6120.0,6120.0,6120.0,0.0,0.0,168.0,168.0,1.0361,100.0,143.0,143.0,0.0,168.0,32.0,32.0,0.6706,2.0285,14.9714,0.6517,0.2165,0.0722,0.0348,0.6517,0.2165,14.9714,0.0722,0.0348,1.0361,0.0
2021-04-01,21:00,HMLTBSC08,25849.0,25849_Gulshan Market Multan (3G-CII-4038),176.0,5849_Gulshan Market Multan (3G-CII-4038),MULTAN_CLUSTER_01_Urban,100%,0.0,59.0,0.0,161.0,0.0,278.0,190.0,196.0,0.0,101.0,4.3403,0.0,29086.0,29122.0,29102.0,29122.0,0.0,1.0,278.0,274.0,4.3403,100.0,197.0,201.0,0.0,274.0,58.0,59.0,0.4509,1.8295,8.5894,1.3597,0.1397,0.035,0.0108,1.3597,0.1397,8.5894,0.035,0.0108,4.3403,0.0
2021-04-01,21:00,HMLTBSC08,15849.0,15849_Gulshan Market Multan (3G-CII-4038),175.0,5849_Gulshan Market Multan (3G-CII-4038),MULTAN_CLUSTER_01_Urban,100%,0.0,49.0,0.0,91.0,0.0,128.0,81.0,83.0,0.0,44.0,2.2083,0.0,14472.0,14498.0,14498.0,14498.0,0.0,0.0,128.0,126.0,2.2083,100.0,105.0,107.0,0.0,126.0,49.0,49.0,0.0332,0.1987,7.9742,0.064,0.0133,0.0027,0.0,0.064,0.0133,7.9742,0.0027,0.0,2.2083,0.0
2021-04-01,21:00,HMLTBSC08,35847.0,35847_Makkah Town Multan (3G-CII-3467),265.0,5847_Makkah Town Multan (3G-CII-3467),MULTAN_CLUSTER_01_Urban,100%,0.0,20.0,0.0,117.0,0.0,173.0,189.0,190.0,0.0,96.0,2.9764,0.0,20106.0,20164.0,20126.0,20164.0,0.0,0.0,173.0,172.0,2.9764,100.0,89.0,89.0,0.0,172.0,20.0,20.0,0.2753,1.4632,14.5758,0.7156,0.1843,0.032,0.0107,0.7156,0.1843,14.5758,0.032,0.0107,2.9764,0.0
2021-04-01,21:00,HMLTBSC08,25847.0,25847_Makkah Town Multan (3G-CII-3467),264.0,5847_Makkah Town Multan (3G-CII-3467),MULTAN_CLUSTER_01_Urban,100%,0.0,39.0,0.0,105.0,0.0,136.0,133.0,137.0,0.0,67.0,1.4042,0.0,8418.0,8450.0,8390.0,8450.0,1.0,2.0,136.0,131.0,1.4042,100.0,49.0,49.0,1.0,131.0,38.0,39.0,0.179,0.5251,21.7227,0.504,0.0773,0.0347,0.0053,0.504,0.0773,21.7227,0.0347,0.0053,1.4042,0.0
2021-04-01,21:00,HMLTBSC08,15847.0,15847_Makkah Town Multan (3G-CII-3467),258.0,5847_Makkah Town Multan (3G-CII-3467),MULTAN_CLUSTER_01_Urban,100%,0.0,29.0,1.0,75.0,0.0,202.0,95.0,100.0,0.0,45.0,0.9569,1.0,4660.0,5282.0,4876.0,5282.0,1.0,1.0,202.0,193.0,0.9569,100.0,42.0,42.0,1.0,193.0,29.0,29.0,0.0562,0.225,23.0002,0.7109,0.0401,0.0107,0.0027,0.7109,0.0401,23.0002,0.0107,0.0027,0.9569,1.0
2021-04-01,21:00,HMLTBSC08,35841.0,35841_Masoom Shah Road Multan (3G-CII-3189),241.0,5841_Masoom Shah Road Multan (3G-CII-3189),MULTAN_CLUSTER_01_Urban,100%,0.0,77.0,0.0,153.0,0.0,257.0,156.0,158.0,0.0,75.0,1.8528,0.0,10146.0,10164.0,10080.0,10164.0,0.0,0.0,257.0,247.0,1.8528,100.0,145.0,148.0,0.0,247.0,77.0,77.0,0.22,0.5867,14.229000000000001,0.27,0.0535,0.0214,0.0107,0.27,0.0535,14.229000000000001,0.0214,0.0107,1.8528,0.0
2021-04-01,21:00,HMLTBSC08,25841.0,25841_Masoom Shah Road Multan (3G-CII-3189),236.0,5841_Masoom Shah Road Multan (3G-CII-3189),MULTAN_CLUSTER_01_Urban,100%,0.0,24.0,1.0,56.0,0.0,169.0,56.0,57.0,0.0,32.0,2.5528,1.0,17306.0,17348.0,17348.0,17348.0,0.0,0.0,169.0,164.0,2.5528,100.0,134.0,139.0,0.0,164.0,24.0,24.0,0.2303,1.6107,17.6177,2.9428,0.2885,0.0401,0.008,2.9428,0.2885,17.6177,0.0401,0.008,2.5528,1.0
2021-04-01,21:00,HMLTBSC08,15841.0,15841_Masoom Shah Road Multan (3G-CII-3189),228.0,5841_Masoom Shah Road Multan (3G-CII-3189),MULTAN_CLUSTER_01_Urban,100%,0.0,65.0,0.0,138.0,0.0,431.0,159.0,166.0,0.0,74.0,2.025,0.0,11948.0,12000.0,11992.0,12000.0,2.0,2.0,431.0,415.0,2.025,100.0,192.0,193.0,2.0,415.0,65.0,65.0,0.0,0.0149,18.5763,0.1856,0.0028,0.0,0.0,0.1856,0.0028,18.5763,0.0,0.0,2.025,0.0
2021-04-01,21:00,HMLTBSC08,35733.0,35733_Phatta Stop Piran Ghaib Multan (3G-CII-3458),220.0,5733_Phatta Stop Piran Ghaib Multan (3G-CII-3458),MULTAN_CLUSTER_01_Urban,100%,0.0,110.0,2.0,269.0,0.0,387.0,295.0,309.0,0.0,160.0,6.1944,2.0,41202.0,41334.0,41240.0,41334.0,0.0,1.0,387.0,382.0,6.1944,100.0,254.0,255.0,0.0,382.0,109.0,110.0,0.0334,0.3847,15.3174,0.5378,0.0559,0.0027,0.0027,0.5378,0.0559,15.3174,0.0027,0.0027,6.1944,2.0
2021-04-01,21:00,HMLTBSC08,15733.0,15733_Phatta Stop Piran Ghaib Multan (3G-CII-3458),218.0,5733_Phatta Stop Piran Ghaib Multan (3G-CII-3458),MULTAN_CLUSTER_01_Urban,100%,0.0,56.0,0.0,114.0,0.0,171.0,114.0,116.0,0.0,58.0,2.7097,0.0,17466.0,17474.0,17474.0,17474.0,0.0,0.0,171.0,165.0,2.7097,100.0,100.0,100.0,0.0,165.0,56.0,56.0,0.162,1.6424,21.7176,0.9979,0.3419,0.0347,0.0027,0.9979,0.3419,21.7176,0.0347,0.0027,2.7097,0.0
2021-04-01,21:00,HMLTBSC08,35014.0,35014_Rehman Colony Multan (3G-CII-3174),21.0,5014_Rehman Colony Multan (3G-CII-3174),MULTAN_CLUSTER_01_Urban,100%,0.0,73.0,2.0,206.0,0.0,281.0,230.0,235.0,0.0,131.0,3.5361,2.0,20932.0,21058.0,21010.0,21058.0,0.0,0.0,281.0,276.0,3.5361,100.0,171.0,176.0,0.0,276.0,73.0,73.0,0.1133,0.302,6.8315,0.2108,0.0133,0.008,0.0,0.2108,0.0133,6.8315,0.008,0.0,3.5361,2.0
2021-04-01,21:00,HMLTBSC08,25014.0,25014_Rehman Colony Multan (3G-CII-3174),20.0,5014_Rehman Colony Multan (3G-CII-3174),MULTAN_CLUSTER_01_Urban,100%,0.0,45.0,0.0,107.0,0.0,85.0,113.0,114.0,0.0,62.0,1.4722,0.0,8990.0,9020.0,9018.0,9020.0,0.0,0.0,85.0,85.0,1.4722,100.0,68.0,68.0,0.0,85.0,45.0,45.0,1.7772,7.5771,4.9547,2.9493,0.496,0.1227,0.0293,2.9493,0.496,4.9547,0.1227,0.0293,1.4722,0.0
2021-04-01,21:00,HMLTBSC08,15014.0,15014_Rehman Colony Multan (3G-CII-3174),19.0,5014_Rehman Colony Multan (3G-CII-3174),MULTAN_CLUSTER_01_Urban,100%,0.0,92.0,0.0,150.0,0.0,266.0,106.0,109.0,0.0,59.0,3.5819,0.0,16240.0,16298.0,16162.0,16298.0,0.0,0.0,266.0,266.0,3.5819,100.0,202.0,202.0,0.0,266.0,92.0,92.0,0.1104,0.9312,14.376,2.3627,0.1387,0.0187,0.0,2.3627,0.1387,14.376,0.0187,0.0,3.5819,0.0
2021-04-01,21:00,HMLTBSC08,35010.0,35010_Wapda Town Multan (3G-CII-3497),70.0,5010_Wapda Town Multan (3G-CII-3497),MULTAN_CLUSTER_01_Urban,100%,0.0,27.0,0.0,80.0,0.0,164.0,90.0,96.0,0.0,53.0,2.9653,0.0,19888.0,19974.0,19914.0,19974.0,0.0,0.0,164.0,162.0,2.9653,100.0,44.0,45.0,0.0,162.0,27.0,27.0,0.0,0.2602,7.0858,0.0908,0.0187,0.0,0.0,0.0908,0.0187,7.0858,0.0,0.0,2.9653,0.0
2021-04-01,21:00,HMLTBSC08,35009.0,35009_Arifabad Bypass Multan (3G-CII-3500),92.0,5009_Arifabad Bypass Multan (3G-CII-3500),MULTAN_CLUSTER_01_Urban,100%,0.0,72.0,1.0,118.0,0.0,419.0,92.0,96.0,0.0,48.0,2.7875,1.0,16654.0,16744.0,16716.0,16744.0,0.0,1.0,419.0,416.0,2.7875,100.0,286.0,288.0,0.0,416.0,71.0,72.0,0.1725,0.2415,7.6898,0.0401,0.0053,0.0054,0.008,0.0401,0.0053,7.6898,0.0054,0.008,2.7875,1.0
2021-04-01,21:00,HMLTBSC08,35000.0,35000_Block X Multan (3G-CII-3168),15.0,5000_Block X Multan (3G-CII-3168),MULTAN_CLUSTER_01_Urban,100%,0.0,57.0,0.0,135.0,0.0,246.0,158.0,160.0,1.0,80.0,3.3847,0.0,21506.0,21518.0,21508.0,21518.0,0.0,0.0,246.0,240.0,3.3847,100.0,118.0,124.0,0.0,240.0,57.0,57.0,0.9293,3.5654,12.6133,0.9467,0.3707,0.0987,0.032,0.9467,0.3707,12.6133,0.0987,0.032,3.3847,0.0
2021-04-01,21:00,HMLTBSC08,25000.0,25000_Block X Multan (3G-CII-3168),14.0,5000_Block X Multan (3G-CII-3168),MULTAN_CLUSTER_01_Urban,100%,0.0,25.0,0.0,40.0,0.0,82.0,35.0,35.0,0.0,15.0,0.5528,0.0,3042.0,3042.0,3042.0,3042.0,0.0,0.0,82.0,82.0,0.5528,100.0,63.0,63.0,0.0,82.0,25.0,25.0,0.0249,0.4234,10.5387,0.1253,0.0427,0.0027,0.0,0.1253,0.0427,10.5387,0.0027,0.0,0.5528,0.0
2021-04-01,21:00,HMLTBSC08,15000.0,15000_Block X Multan (3G-CII-3168),13.0,5000_Block X Multan (3G-CII-3168),MULTAN_CLUSTER_01_Urban,100%,0.0,35.0,1.0,116.0,0.0,98.0,160.0,161.0,0.0,81.0,2.2431,1.0,14258.0,14288.0,14250.0,14288.0,0.0,0.0,98.0,98.0,2.2431,100.0,52.0,52.0,0.0,98.0,35.0,35.0,0.6573,2.0952,5.8987,0.456,0.0933,0.0373,0.0053,0.456,0.0933,5.8987,0.0373,0.0053,2.2431,1.0
2021-04-01,21:00,HMLTBSC08,34148.0,34148_Main Chowk Bosan Road (Gold) Multan (3G-CII-3508),64.0,4148_Main Chowk Bosan Road (Gold) Multan (3G-CII-3508),MULTAN_CLUSTER_01_Urban,100%,0.0,37.0,1.0,165.0,0.0,227.0,251.0,256.0,0.0,127.0,2.1639,1.0,12258.0,12312.0,12280.0,12312.0,2.0,2.0,227.0,226.0,2.1639,100.0,60.0,60.0,2.0,226.0,37.0,37.0,0.0322,0.4826,7.872999999999999,0.3679,0.0373,0.0,0.0027,0.3679,0.0373,7.872999999999999,0.0,0.0027,2.1639,1.0
2021-04-01,21:00,HMLTBSC08,24148.0,24148_Main Chowk Bosan Road (Gold) Multan (3G-CII-3508),63.0,4148_Main Chowk Bosan Road (Gold) Multan (3G-CII-3508),MULTAN_CLUSTER_01_Urban,100%,0.0,560.0,0.0,646.0,0.0,914.0,170.0,196.0,0.0,90.0,16.9528,0.0,103302.0,103630.0,103550.0,103630.0,0.0,6.0,914.0,899.0,16.9528,100.0,732.0,733.0,0.0,899.0,554.0,560.0,0.0,0.1638,6.9056,0.5014,0.0122,0.0,0.0,0.5014,0.0122,6.9056,0.0,0.0,16.9528,0.0
2021-04-01,21:00,HMLTBSC08,14148.0,14148_Main Chowk Bosan Road (Gold) Multan (3G-CII-3508),62.0,4148_Main Chowk Bosan Road (Gold) Multan (3G-CII-3508),MULTAN_CLUSTER_01_Urban,100%,0.0,72.0,2.0,226.0,0.0,640.0,264.0,284.0,0.0,149.0,3.5028,2.0,19316.0,19686.0,19660.0,19686.0,0.0,0.0,640.0,606.0,3.5028,100.0,106.0,115.0,0.0,606.0,72.0,72.0,0.0237,0.0947,10.9492,0.3095,0.008,0.0027,0.0,0.3095,0.008,10.9492,0.0027,0.0,3.5028,2.0
2021-04-01,21:00,HMLTBSC08,34140.0,34140_New Shalimar Town Multan (3G-CII-3496),24.0,4140_New Shalimar Town Multan (3G-CII-3496),MULTAN_CLUSTER_01_Urban,100%,0.0,26.0,0.0,78.0,0.0,301.0,96.0,98.0,0.0,52.0,1.7375,0.0,11410.0,11426.0,11420.0,11426.0,0.0,0.0,301.0,300.0,1.7375,100.0,86.0,86.0,0.0,300.0,26.0,26.0,0.0609,0.4264,8.3481,0.3874,0.0321,0.0053,0.0,0.3874,0.0321,8.3481,0.0053,0.0,1.7375,0.0
2021-04-01,21:00,HMLTBSC08,24140.0,24140_New Shalimar Town Multan (3G-CII-3496),23.0,4140_New Shalimar Town Multan (3G-CII-3496),MULTAN_CLUSTER_01_Urban,100%,0.0,44.0,2.0,107.0,0.0,277.0,117.0,123.0,0.0,65.0,2.4306,2.0,15730.0,15870.0,15818.0,15870.0,0.0,0.0,277.0,258.0,2.4306,100.0,85.0,85.0,0.0,258.0,44.0,44.0,0.3678,2.465,5.3279,1.7453,0.1521,0.0213,0.0053,1.7453,0.1521,5.3279,0.0213,0.0053,2.4306,2.0
2021-04-01,21:00,HMLTBSC08,14140.0,14140_New Shalimar Town Multan (3G-CII-3496),22.0,4140_New Shalimar Town Multan (3G-CII-3496),MULTAN_CLUSTER_01_Urban,100%,0.0,46.0,0.0,280.0,0.0,469.0,451.0,463.0,0.0,234.0,2.8056,0.0,16330.0,16370.0,16282.0,16370.0,0.0,0.0,469.0,465.0,2.8056,100.0,81.0,81.0,0.0,465.0,46.0,46.0,0.2533,0.9297,17.6565,1.1666,0.1285,0.0348,0.0134,1.1666,0.1285,17.6565,0.0348,0.0134,2.8056,0.0
2021-04-01,21:00,HMLTBSC08,34139.0,34139_Zakria Town Multan (3G-CII-3138),55.0,4139_Zakria Town Multan (3G-CII-3138),MULTAN_CLUSTER_01_Urban,100%,0.0,9.0,0.0,38.0,0.0,98.0,58.0,58.0,0.0,29.0,0.7972,0.0,4652.0,4652.0,4652.0,4652.0,0.0,0.0,98.0,98.0,0.7972,100.0,14.0,14.0,0.0,98.0,9.0,9.0,0.0,0.0281,9.4281,0.0214,0.0027,0.0,0.0,0.0214,0.0027,9.4281,0.0,0.0,0.7972,0.0
2021-04-01,21:00,HMLTBSC08,24139.0,24139_Zakria Town Multan (3G-CII-3138),54.0,4139_Zakria Town Multan (3G-CII-3138),MULTAN_CLUSTER_01_Urban,100%,0.0,57.0,1.0,124.0,0.0,323.0,132.0,134.0,0.0,66.0,2.3236,1.0,13722.0,13794.0,13780.0,13794.0,0.0,0.0,323.0,321.0,2.3236,100.0,231.0,233.0,0.0,321.0,57.0,57.0,0.059000000000000004,0.8266,12.4102,0.9922,0.1037,0.008,0.0,0.9922,0.1037,12.4102,0.008,0.0,2.3236,1.0
2021-04-01,21:00,HMLTBSC08,14139.0,14139_Zakria Town Multan (3G-CII-3138),53.0,4139_Zakria Town Multan (3G-CII-3138),MULTAN_CLUSTER_01_Urban,100%,0.0,173.0,3.0,386.0,0.0,483.0,412.0,423.0,0.0,204.0,5.4014,3.0,29510.0,29838.0,29824.0,29838.0,0.0,14.0,483.0,478.0,5.4014,100.0,222.0,225.0,0.0,478.0,159.0,173.0,0.2464,1.3059,9.5901,1.1736,0.1156,0.0242,0.0027,1.1736,0.1156,9.5901,0.0242,0.0027,5.4014,3.0
2021-04-01,21:00,HMLTBSC08,34134.0,34134_Hassan Abad Multan (3G-CII-3165),79.0,4134_Hassan Abad Multan (3G-CII-3165),MULTAN_CLUSTER_01_Urban,100%,0.0,3.0,0.0,40.0,0.0,78.0,71.0,72.0,0.0,37.0,0.5958,0.0,4034.0,4038.0,4038.0,4038.0,0.0,0.0,78.0,75.0,0.5958,100.0,41.0,44.0,0.0,75.0,3.0,3.0,0.5002,1.2506,10.0939,0.4455,0.0801,0.0294,0.024,0.4455,0.0801,10.0939,0.0294,0.024,0.5958,0.0
2021-04-01,21:00,HMLTBSC08,24134.0,24134_Hassan Abad Multan (3G-CII-3165),78.0,4134_Hassan Abad Multan (3G-CII-3165),MULTAN_CLUSTER_01_Urban,100%,0.0,80.0,0.0,142.0,0.0,230.0,125.0,129.0,0.0,62.0,3.5639,0.0,23564.0,23570.0,23560.0,23570.0,2.0,2.0,230.0,217.0,3.5639,100.0,135.0,138.0,2.0,217.0,80.0,80.0,2.6646,6.6615,3.1233,2.7146,0.25,0.129,0.0376,2.7146,0.25,3.1233,0.129,0.0376,3.5639,0.0
2021-04-01,21:00,HMLTBSC08,14134.0,14134_Hassan Abad Multan (3G-CII-3165),77.0,4134_Hassan Abad Multan (3G-CII-3165),MULTAN_CLUSTER_01_Urban,100%,0.0,9.0,0.0,39.0,0.0,135.0,54.0,54.0,0.0,30.0,0.6153,0.0,4132.0,4146.0,4146.0,4146.0,0.0,0.0,135.0,132.0,0.6153,100.0,60.0,60.0,0.0,132.0,9.0,9.0,0.17600000000000002,0.7922,8.1532,0.8874,0.0562,0.008,0.008,0.8874,0.0562,8.1532,0.008,0.008,0.6153,0.0
2021-04-01,21:00,HMLTBSC08,34125.0,34125_Block B Shah Rukn e Alam Multan (3G-CII-3130),82.0,4125_Block B Shah Rukn e Alam Multan (3G-CII-3130),MULTAN_CLUSTER_01_Urban,100%,0.0,30.0,0.0,81.0,0.0,158.0,100.0,100.0,0.0,51.0,1.0917,0.0,6548.0,6946.0,6918.0,6946.0,0.0,0.0,158.0,158.0,1.0917,100.0,103.0,103.0,0.0,158.0,30.0,30.0,0.2887,0.9463,16.1167,0.3954,0.1096,0.0348,0.0134,0.3954,0.1096,16.1167,0.0348,0.0134,1.0917,0.0
2021-04-01,21:00,HMLTBSC08,24125.0,24125_Block B Shah Rukn e Alam Multan (3G-CII-3130),81.0,4125_Block B Shah Rukn e Alam Multan (3G-CII-3130),MULTAN_CLUSTER_01_Urban,100%,0.0,88.0,0.0,190.0,0.0,245.0,190.0,190.0,0.0,100.0,3.3667,0.0,20550.0,20606.0,20588.0,20606.0,0.0,0.0,245.0,238.0,3.3667,100.0,161.0,162.0,0.0,238.0,88.0,88.0,1.8123,4.6064,17.3694,3.4174,0.6089,0.2322,0.1627,3.4174,0.6089,17.3694,0.2322,0.1627,3.3667,0.0
2021-04-01,21:00,HMLTBSC08,14125.0,14125_Block B Shah Rukn e Alam Multan (3G-CII-3130),80.0,4125_Block B Shah Rukn e Alam Multan (3G-CII-3130),MULTAN_CLUSTER_01_Urban,100%,0.0,52.0,0.0,92.0,0.0,168.0,86.0,89.0,0.0,41.0,2.6069,0.0,17478.0,17484.0,17484.0,17484.0,0.0,1.0,168.0,168.0,2.6069,100.0,107.0,107.0,0.0,168.0,51.0,52.0,0.3524,1.4952,20.2481,1.3948,0.2511,0.04,0.0374,1.3948,0.2511,20.2481,0.04,0.0374,2.6069,0.0
2021-04-01,21:00,HMLTBSC08,34124.0,34124_District Hosuing Committee Multan (3G-CII-3162),85.0,4124_District Hosuing Committee Multan (3G-CII-3162),MULTAN_CLUSTER_01_Urban,100%,0.0,42.0,0.0,90.0,0.0,112.0,106.0,106.0,0.0,48.0,1.4347,0.0,8302.0,8318.0,8316.0,8318.0,0.0,0.0,112.0,112.0,1.4347,100.0,57.0,57.0,0.0,112.0,42.0,42.0,0.113,0.5318,39.0811,0.8567,0.1682,0.0294,0.016,0.8567,0.1682,39.0811,0.0294,0.016,1.4347,0.0
2021-04-01,21:00,HMLTBSC08,24124.0,24124_District Hosuing Committee Multan (3G-CII-3162),84.0,4124_District Hosuing Committee Multan (3G-CII-3162),MULTAN_CLUSTER_01_Urban,100%,0.0,88.0,0.0,192.0,0.0,305.0,189.0,192.0,0.0,105.0,3.4292,0.0,19282.0,19368.0,19322.0,19368.0,0.0,0.0,305.0,303.0,3.4292,100.0,242.0,243.0,0.0,303.0,88.0,88.0,4.7642,31.6651,1.4347,6.1387,2.9813,0.44799999999999995,0.08,6.1387,2.9813,1.4347,0.44799999999999995,0.08,3.4292,0.0
2021-04-01,21:00,HMLTBSC08,14124.0,14124_District Hosuing Committee Multan (3G-CII-3162),83.0,4124_District Hosuing Committee Multan (3G-CII-3162),MULTAN_CLUSTER_01_Urban,100%,0.0,43.0,1.0,72.0,0.0,169.0,68.0,70.0,0.0,29.0,1.4903,1.0,9284.0,9302.0,9302.0,9302.0,0.0,0.0,169.0,169.0,1.4903,100.0,78.0,78.0,0.0,169.0,43.0,43.0,0.4709,1.7385,6.9251,0.3289,0.0936,0.0321,0.0027,0.3289,0.0936,6.9251,0.0321,0.0027,1.4903,1.0
2021-04-01,21:00,HMLTBSC08,34121.0,34121_Basti Ahmedabad Multan (3G-CII-3919),73.0,4121_Basti Ahmedabad Multan (3G-CII-3919),MULTAN_CLUSTER_01_Urban,100%,0.0,54.0,1.0,206.0,0.0,596.0,286.0,292.0,0.0,150.0,3.3,1.0,21020.0,21056.0,20884.0,21056.0,2.0,2.0,596.0,587.0,3.3,100.0,181.0,181.0,2.0,587.0,54.0,54.0,0.1513,1.0923,14.5642,1.1738,0.1497,0.0241,0.0,1.1738,0.1497,14.5642,0.0241,0.0,3.3,1.0
2021-04-01,21:00,HMLTBSC08,24121.0,24121_Basti Ahmedabad Multan (3G-CII-3919),72.0,4121_Basti Ahmedabad Multan (3G-CII-3919),MULTAN_CLUSTER_01_Urban,100%,0.0,57.0,0.0,90.0,0.0,126.0,64.0,68.0,0.0,32.0,1.5639,0.0,8736.0,8746.0,8746.0,8746.0,0.0,0.0,126.0,125.0,1.5639,100.0,75.0,76.0,0.0,125.0,57.0,57.0,0.0471,0.2707,22.1738,0.4759,0.0508,0.008,0.0027,0.4759,0.0508,22.1738,0.008,0.0027,1.5639,0.0
2021-04-01,21:00,HMLTBSC08,14121.0,14121_Basti Ahmedabad Multan (3G-CII-3919),71.0,4121_Basti Ahmedabad Multan (3G-CII-3919),MULTAN_CLUSTER_01_Urban,100%,0.0,40.0,0.0,121.0,0.0,167.0,132.0,143.0,0.0,81.0,2.3736,0.0,15632.0,15688.0,15678.0,15688.0,0.0,0.0,167.0,166.0,2.3736,100.0,89.0,89.0,0.0,166.0,40.0,40.0,0.012,0.2393,21.128,1.1256,0.0507,0.0027,0.0,1.1256,0.0507,21.128,0.0027,0.0,2.3736,0.0
2021-04-01,21:00,HMLTBSC08,34120.0,34120_Sameejah Abad Multan (3G-CII-3161),9.0,4120_Sameejah Abad Multan (3G-CII-3161),MULTAN_CLUSTER_01_Urban,100%,0.0,52.0,1.0,144.0,0.0,531.0,184.0,186.0,0.0,90.0,2.6764,1.0,16964.0,17046.0,17004.0,17046.0,0.0,0.0,531.0,530.0,2.6764,100.0,444.0,445.0,0.0,530.0,52.0,52.0,1.1189,3.6709,11.8781,1.208,0.3467,0.1147,0.0373,1.208,0.3467,11.8781,0.1147,0.0373,2.6764,1.0
2021-04-01,21:00,HMLTBSC08,14120.0,14120_Sameejah Abad Multan (3G-CII-3161),7.0,4120_Sameejah Abad Multan (3G-CII-3161),MULTAN_CLUSTER_01_Urban,100%,0.0,30.0,0.0,65.0,0.0,148.0,70.0,74.0,0.0,35.0,1.2972,0.0,8026.0,8082.0,8078.0,8082.0,0.0,0.0,148.0,148.0,1.2972,100.0,58.0,58.0,0.0,148.0,30.0,30.0,0.7319,3.0965,21.2187,1.7307,0.56,0.1093,0.064,1.7307,0.56,21.2187,0.1093,0.064,1.2972,0.0
2021-04-01,21:00,HMLTBSC08,34117.0,34117_Pak Arab Factory Multan (3G-CII-3498),18.0,4117_Pak Arab Factory Multan (3G-CII-3498),MULTAN_CLUSTER_01_Urban,100%,0.0,15.0,0.0,26.0,0.0,116.0,23.0,23.0,0.0,11.0,0.4972,0.0,3084.0,3084.0,3084.0,3084.0,0.0,0.0,116.0,115.0,0.4972,100.0,70.0,71.0,0.0,115.0,15.0,15.0,0.0,0.1732,9.0208,0.1946,0.016,0.0,0.0,0.1946,0.016,9.0208,0.0,0.0,0.4972,0.0
2021-04-01,21:00,HMLTBSC08,14117.0,14117_Pak Arab Factory Multan (3G-CII-3498),16.0,4117_Pak Arab Factory Multan (3G-CII-3498),MULTAN_CLUSTER_01_Urban,100%,0.0,58.0,1.0,118.0,0.0,263.0,114.0,124.0,0.0,56.0,1.6528,1.0,8274.0,8756.0,8674.0,8756.0,0.0,0.0,263.0,257.0,1.6528,100.0,132.0,134.0,0.0,257.0,58.0,58.0,0.0385,1.5817,5.7219,1.0989,0.107,0.0027,0.0,1.0989,0.107,5.7219,0.0027,0.0,1.6528,1.0
2021-04-01,21:00,HMLTBSC08,34110.0,34110_Chowk Rashidabad Multan (3G-CII-3122),36.0,4110_Chowk Rashidabad Multan (3G-CII-3122),MULTAN_CLUSTER_01_Urban,100%,0.0,91.0,0.0,213.0,0.0,528.0,242.0,251.0,0.0,122.0,4.5139,0.0,27298.0,27442.0,27410.0,27442.0,0.0,0.0,528.0,523.0,4.5139,100.0,131.0,131.0,0.0,523.0,91.0,91.0,1.3726,5.022,11.9442,1.5534,0.5186,0.1576,0.0374,1.5534,0.5186,11.9442,0.1576,0.0374,4.5139,0.0
2021-04-01,21:00,HMLTBSC08,24110.0,24110_Chowk Rashidabad Multan (3G-CII-3122),35.0,4110_Chowk Rashidabad Multan (3G-CII-3122),MULTAN_CLUSTER_01_Urban,100%,0.0,21.0,0.0,88.0,0.0,392.0,130.0,130.0,0.0,67.0,1.0972,0.0,6590.0,6598.0,6598.0,6598.0,0.0,0.0,392.0,392.0,1.0972,100.0,244.0,244.0,0.0,392.0,21.0,21.0,0.3656,1.6165,20.1143,2.1348,0.2829,0.0613,0.0213,2.1348,0.2829,20.1143,0.0613,0.0213,1.0972,0.0
2021-04-01,21:00,HMLTBSC08,14110.0,14110_Chowk Rashidabad Multan (3G-CII-3122),34.0,4110_Chowk Rashidabad Multan (3G-CII-3122),MULTAN_CLUSTER_01_Urban,100%,0.0,76.0,0.0,173.0,0.0,288.0,203.0,204.0,0.0,97.0,2.6444,0.0,15954.0,15982.0,15972.0,15982.0,0.0,0.0,288.0,283.0,2.6444,100.0,128.0,128.0,0.0,283.0,76.0,76.0,0.0627,0.6529,20.0508,1.1016,0.1257,0.0107,0.0027,1.1016,0.1257,20.0508,0.0107,0.0027,2.6444,0.0
2021-04-01,21:00,HMLTBSC08,34108.0,34108_Bismillah Chowk Multan (3G-CII-3159),30.0,4108_Bismillah Chowk Multan (3G-CII-3159),MULTAN_CLUSTER_01_Urban,100%,0.0,52.0,0.0,85.0,0.0,186.0,66.0,66.0,0.0,33.0,2.0264,0.0,12148.0,12166.0,12164.0,12166.0,0.0,0.0,186.0,186.0,2.0264,100.0,149.0,149.0,0.0,186.0,52.0,52.0,0.6801,1.1275,14.5798,0.1144,0.0665,0.016,0.0851,0.1144,0.0665,14.5798,0.016,0.0851,2.0264,0.0
2021-04-01,21:00,HMLTBSC08,24108.0,24108_Bismillah Chowk Multan (3G-CII-3159),29.0,4108_Bismillah Chowk Multan (3G-CII-3159),MULTAN_CLUSTER_01_Urban,100%,0.0,43.0,0.0,131.0,0.0,165.0,177.0,179.0,0.0,88.0,1.7042,0.0,10542.0,10566.0,10558.0,10566.0,0.0,0.0,165.0,164.0,1.7042,100.0,99.0,99.0,0.0,164.0,43.0,43.0,1.6339,3.6213,18.3949,4.073,0.4633,0.2451,0.1359,4.073,0.4633,18.3949,0.2451,0.1359,1.7042,0.0
2021-04-01,21:00,HMLTBSC08,14108.0,14108_Bismillah Chowk Multan (3G-CII-3159),28.0,4108_Bismillah Chowk Multan (3G-CII-3159),MULTAN_CLUSTER_01_Urban,100%,0.0,12.0,0.0,53.0,0.0,76.0,75.0,75.0,0.0,41.0,0.6514,0.0,4168.0,4180.0,4180.0,4180.0,0.0,0.0,76.0,76.0,0.6514,100.0,31.0,31.0,0.0,76.0,12.0,12.0,0.0831,1.1629,22.9282,2.4078,0.2768,0.0186,0.0027,2.4078,0.2768,22.9282,0.0186,0.0027,0.6514,0.0
2021-04-01,21:00,HMLTBSC08,34100.0,34100_New Sabzi Mandi Multan (3G-CII-3501),27.0,4100_New Sabzi Mandi Multan (3G-CII-3501),MULTAN_CLUSTER_01_Urban,100%,0.0,245.0,0.0,474.0,0.0,367.0,454.0,458.0,0.0,229.0,8.3417,0.0,50044.0,50114.0,50078.0,50114.0,0.0,0.0,367.0,365.0,8.3417,100.0,298.0,300.0,0.0,365.0,245.0,245.0,0.5938,1.3398,16.6508,0.6294,0.1307,0.064,0.04,0.6294,0.1307,16.6508,0.064,0.04,8.3417,0.0
2021-04-01,21:00,HMLTBSC08,14100.0,14100_New Sabzi Mandi Multan (3G-CII-3501),25.0,4100_New Sabzi Mandi Multan (3G-CII-3501),MULTAN_CLUSTER_01_Urban,100%,0.0,93.0,1.0,236.0,0.0,207.0,275.0,278.0,0.0,143.0,4.8875,1.0,32042.0,32094.0,32080.0,32094.0,0.0,0.0,207.0,203.0,4.8875,100.0,140.0,140.0,0.0,203.0,93.0,93.0,1.936,15.525,3.1818,2.885,0.9759,0.131,0.008,2.885,0.9759,3.1818,0.131,0.008,4.8875,1.0
2021-04-01,21:00,HMLTBSC05,35904.0,35904_Zakria Town Multan (3G-CII-4045),29.0,5904_Zakria Town Multan (3G-CII-4045),MULTAN_CLUSTER_01_Urban,100%,0.0,95.0,1.0,218.0,0.0,363.0,248.0,258.0,0.0,123.0,5.2903,1.0,33884.0,34022.0,33626.0,34022.0,0.0,0.0,363.0,358.0,5.2903,100.0,195.0,196.0,0.0,358.0,95.0,95.0,0.187,0.67,16.7674,0.2781,0.0829,0.0214,0.0107,0.2781,0.0829,16.7674,0.0214,0.0107,5.2903,1.0
2021-04-01,21:00,HMLTBSC05,25904.0,25904_Zakria Town Multan (3G-CII-4045),28.0,5904_Zakria Town Multan (3G-CII-4045),MULTAN_CLUSTER_01_Urban,100%,0.0,152.0,1.0,406.0,0.0,667.0,489.0,497.0,0.0,255.0,11.4194,1.0,75762.0,76440.0,76254.0,76440.0,0.0,2.0,667.0,662.0,11.4194,100.0,207.0,207.0,0.0,662.0,150.0,152.0,0.0885,0.1416,14.8423,0.2326,0.008,0.0107,0.0027,0.2326,0.008,14.8423,0.0107,0.0027,11.4194,1.0
2021-04-01,21:00,HMLTBSC05,15904.0,15904_Zakria Town Multan (3G-CII-4045),27.0,5904_Zakria Town Multan (3G-CII-4045),MULTAN_CLUSTER_01_Urban,100%,0.0,41.0,0.0,112.0,0.0,119.0,145.0,145.0,0.0,71.0,2.1236,0.0,13320.0,13324.0,13324.0,13324.0,0.0,0.0,119.0,118.0,2.1236,100.0,77.0,78.0,0.0,118.0,41.0,41.0,0.188,1.0814,22.055,0.4438,0.2032,0.0348,0.008,0.4438,0.2032,22.055,0.0348,0.008,2.1236,0.0
2021-04-01,21:00,HMLTBSC05,25845.0,25845_Shalimar Chowk (Gold) Multan (3G-CII-3466),260.0,5845_Shalimar Chowk (Gold) Multan (3G-CII-3466),MULTAN_CLUSTER_01_Urban,100%,0.0,69.0,0.0,248.0,0.0,512.0,350.0,370.0,0.0,182.0,3.1944,0.0,17414.0,17670.0,17458.0,17670.0,1.0,2.0,512.0,501.0,3.1944,100.0,126.0,129.0,1.0,501.0,68.0,69.0,0.0849,0.4509,39.3278,1.296,0.1493,0.0187,0.016,1.296,0.1493,39.3278,0.0187,0.016,3.1944,0.0
2021-04-01,21:00,HMLTBSC05,15845.0,15845_Shalimar Chowk (Gold) Multan (3G-CII-3466),259.0,5845_Shalimar Chowk (Gold) Multan (3G-CII-3466),MULTAN_CLUSTER_01_Urban,100%,0.0,43.0,0.0,153.0,0.0,312.0,195.0,202.0,0.0,110.0,3.5972,0.0,23494.0,23552.0,23546.0,23552.0,0.0,0.0,312.0,312.0,3.5972,100.0,130.0,130.0,0.0,312.0,43.0,43.0,0.0,0.0578,13.6625,0.2162,0.008,0.0,0.0,0.2162,0.008,13.6625,0.0,0.0,3.5972,0.0
2021-04-01,21:00,HMLTBSC05,25731.0,25731_New Gulgasht Colony Multan (3G-CII-3457),229.0,5731_New Gulgasht Colony Multan (3G-CII-3457),MULTAN_CLUSTER_01_Urban,100%,0.0,58.0,0.0,177.0,0.0,164.0,224.0,229.0,0.0,119.0,2.9611,0.0,17694.0,17712.0,17706.0,17712.0,0.0,0.0,164.0,163.0,2.9611,100.0,100.0,101.0,0.0,163.0,58.0,58.0,0.6763,1.2148,20.6981,0.3899,0.115,0.0909,0.0535,0.3899,0.115,20.6981,0.0909,0.0535,2.9611,0.0
2021-04-01,21:00,HMLTBSC05,35013.0,35013_BZU University Multan (3G-CII-3984),275.0,5013_BZU University Multan (3G-CII-3984),MULTAN_CLUSTER_01_Urban,100%,0.0,104.0,0.0,316.0,0.0,462.0,426.0,432.0,4.0,215.0,9.1167,0.0,59982.0,60150.0,59818.0,60150.0,0.0,0.0,462.0,461.0,9.1167,100.0,161.0,161.0,0.0,461.0,104.0,104.0,0.1328,0.3874,23.7367,0.2587,0.0613,0.0213,0.0107,0.2587,0.0613,23.7367,0.0213,0.0107,9.1167,0.0
2021-04-01,21:00,HMLTBSC05,34122.0,34122_Bosan Road Multan (3G-CII-3128),120.0,4122_Bosan Road Multan (3G-CII-3128),MULTAN_CLUSTER_01_Urban,100%,0.0,22.0,0.0,116.0,0.0,153.0,179.0,182.0,0.0,94.0,2.4167,0.0,16108.0,16136.0,16130.0,16136.0,1.0,1.0,153.0,152.0,2.4167,100.0,69.0,70.0,1.0,152.0,22.0,22.0,0.0915,0.4027,14.224,0.2827,0.0453,0.0133,0.0,0.2827,0.0453,14.224,0.0133,0.0,2.4167,0.0
2021-04-01,21:00,HMLTBSC05,24122.0,24122_Bosan Road Multan (3G-CII-3128),119.0,4122_Bosan Road Multan (3G-CII-3128),MULTAN_CLUSTER_01_Urban,100%,0.0,51.0,1.0,223.0,0.0,227.0,309.0,323.0,0.0,170.0,4.4958,1.0,29020.0,29106.0,29092.0,29106.0,0.0,0.0,227.0,224.0,4.4958,100.0,69.0,70.0,0.0,224.0,51.0,51.0,1.804,4.7359,16.5472,2.1848,0.5765,0.2294,0.1254,2.1848,0.5765,16.5472,0.2294,0.1254,4.4958,1.0
2021-04-01,21:00,HMLTBSC05,14122.0,14122_Bosan Road Multan (3G-CII-3128),118.0,4122_Bosan Road Multan (3G-CII-3128),MULTAN_CLUSTER_01_Urban,100%,0.0,57.0,0.0,211.0,0.0,454.0,305.0,306.0,0.0,154.0,5.1708,0.0,29858.0,29944.0,29916.0,29944.0,1.0,1.0,454.0,453.0,5.1708,100.0,179.0,180.0,1.0,453.0,57.0,57.0,0.0502,0.5022,20.1658,0.9796,0.0961,0.0107,0.0,0.9796,0.0961,20.1658,0.0107,0.0,5.1708,0.0
2021-04-01,21:00,HMLTBSC05,24118.0,24118_Markaz Ibnul Qasim Boson Road Multan (3G-CII-3493),124.0,4118_Markaz Ibnul Qasim Boson Road Multan (3G-CII-3493),MULTAN_CLUSTER_01_Urban,100%,0.0,98.0,0.0,244.0,0.0,459.0,275.0,286.0,0.0,137.0,4.1931,0.0,24396.0,24744.0,24546.0,24744.0,0.0,0.0,459.0,447.0,4.1931,100.0,182.0,185.0,0.0,447.0,98.0,98.0,0.1872,0.8677,3.3569999999999998,0.9582,0.0296,0.0054,0.0027,0.9582,0.0296,3.3569999999999998,0.0054,0.0027,4.1931,0.0
2021-04-01,21:00,HMLTBSC05,24107.0,24107_Gulgasht Colony Multan (3G-CII-3121),123.0,4107_Gulgasht Colony Multan (3G-CII-3121),MULTAN_CLUSTER_01_Urban,100%,0.0,113.0,2.0,272.0,0.0,782.0,306.0,316.0,0.0,157.0,6.3847,2.0,41350.0,41672.0,41336.0,41672.0,0.0,0.0,782.0,777.0,6.3847,100.0,259.0,261.0,0.0,777.0,113.0,113.0,0.1104,0.4709,14.0328,1.2407,0.0553,0.0169,0.0,1.2407,0.0553,14.0328,0.0169,0.0,6.3847,2.0
2021-04-01,21:00,HMLTBSC05,34107.0,34107_Gulgasht Colony Multan (3G-CII-3121),122.0,4107_Gulgasht Colony Multan (3G-CII-3121),MULTAN_CLUSTER_01_Urban,100%,0.0,53.0,0.0,135.0,0.0,199.0,163.0,165.0,0.0,82.0,1.3403,0.0,7554.0,7574.0,7544.0,7574.0,0.0,0.0,199.0,194.0,1.3403,100.0,100.0,100.0,0.0,194.0,53.0,53.0,1.6328,4.2012,14.0933,0.929,0.4028,0.2267,0.0293,0.929,0.4028,14.0933,0.2267,0.0293,1.3403,0.0
2021-04-01,21:00,HMLTBSC05,14107.0,14107_Gulgasht Colony Multan (3G-CII-3121),121.0,4107_Gulgasht Colony Multan (3G-CII-3121),MULTAN_CLUSTER_01_Urban,100%,0.0,27.0,0.0,117.0,0.0,158.0,175.0,181.0,0.0,91.0,2.125,0.0,12192.0,12250.0,12192.0,12250.0,0.0,1.0,158.0,156.0,2.125,100.0,66.0,67.0,0.0,156.0,26.0,27.0,0.2912,2.5395,38.5547,6.0667,1.0293,0.11199999999999999,0.0213,6.0667,1.0293,38.5547,0.11199999999999999,0.0213,2.125,0.0
2021-04-01,21:00,HMLTBSC05,35919.0,35919_New Shalimar Colony (Gold) Multan (3G-CII-3495),26.0,5919_New Shalimar Colony (Gold) Multan (3G-CII-3495),MULTAN_CLUSTER_01_Urban,100%,0.0,65.0,1.0,152.0,0.0,452.0,172.0,182.0,0.0,85.0,4.2389,1.0,23914.0,24500.0,24428.0,24500.0,0.0,0.0,452.0,450.0,4.2389,100.0,137.0,137.0,0.0,450.0,65.0,65.0,0.0,0.0,13.7728,0.08,0.0,0.0,0.0,0.08,0.0,13.7728,0.0,0.0,4.2389,1.0
2021-04-01,21:00,HMLTBSC05,32029.0,CII-2029-3_5 Marla Scheme MPS Multan (3G-CII-3494),12.0,CII-2029_5 Marla Scheme MPS Multan (3G-CII-3494),MULTAN_CLUSTER_01_Urban,100%,0.0,28.0,0.0,112.0,0.0,95.0,176.0,179.0,0.0,84.0,1.6444,0.0,10558.0,10580.0,10574.0,10580.0,0.0,0.0,95.0,94.0,1.6444,100.0,35.0,36.0,0.0,94.0,28.0,28.0,0.0,0.0172,15.435,0.1041,0.0027,0.0,0.0,0.1041,0.0027,15.435,0.0,0.0,1.6444,0.0
2021-04-01,21:00,HMLTBSC05,36891.0,36891_Gulgasht Colony Multan (3G-CII-3152),9.0,6891_Gulgasht Colony Multan (3G-CII-3152),MULTAN_CLUSTER_01_Urban,100%,0.0,47.0,1.0,206.0,0.0,253.0,311.0,319.0,1.0,161.0,1.925,1.0,10884.0,11090.0,11050.0,11090.0,0.0,0.0,253.0,244.0,1.925,100.0,129.0,133.0,0.0,244.0,47.0,47.0,0.2697,0.6252,21.1352,0.54,0.0775,0.0348,0.0241,0.54,0.0775,21.1352,0.0348,0.0241,1.925,1.0
2021-04-01,21:00,HMLTBSC05,26891.0,26891_Gulgasht Colony Multan (3G-CII-3152),8.0,6891_Gulgasht Colony Multan (3G-CII-3152),MULTAN_CLUSTER_01_Urban,100%,0.0,97.0,0.0,233.0,0.0,282.0,278.0,287.0,0.0,141.0,3.3722,0.0,20314.0,20344.0,20298.0,20344.0,0.0,0.0,282.0,277.0,3.3722,100.0,165.0,170.0,0.0,277.0,97.0,97.0,0.1289,0.6317,20.113,0.462,0.1041,0.024,0.0027,0.462,0.1041,20.113,0.024,0.0027,3.3722,0.0
