Date,Time,GBSC,Cell CI,Cell Name,CellIndex,Site Name,Location,Integrity,_CallSetup TCH GOS(%)_N,_CallSetup TCH GOS(%)_D,_DCR_N,_DCR_D,_GOS-SDCCH(%)_N,_GOS-SDCCH(%)_D,_HSR%_N,_HSR%_D,_Mobility TCH GOS(%)_N,_Mobility TCH GOS(%)_D,_MTBD (Mean Time between Drop)_N,_MTBD (Mean Time between Drop)_D,_RxQual Index DL_1,_RxQual Index DL_2,_RxQual Index UL_1,_RxQual Index UL_2,CSSR_Non Blocking_1_N,CSSR_Non Blocking_2_N,CSSR_Non Blocking_1_D,CSSR_Non Blocking_2_D,GlobelTraffic,TCH Availability Rate,_cssr_Call Setup Indications (Circuit Service)_N_1,_Cssr_Channel Requests (Circuit Service)_D_1,_CSSR_Call Drops on SDCCH_N_2,_CSSR_Successful SDCCH Seizures_D_2,_CSSR_Successful TCH Seizures (Traffic Channel)_N_3,_CSSR_TCH Seizure Requests (Traffic Channel)_D_3,Interference Band Proportion (4~5)(%),Interference Band 345,Mean Number of TCH in Interference Band 1,Mean Number of TCH in Interference Band 2,Mean Number of TCH in Interference Band 3,Mean Number of TCH in Interference Band 4,Mean Number of TCH in Interference Band 5,Mean Number of TCH in Interference Band 1.1,Mean Number of TCH in Interference Band 2.1,Mean Number of TCH in Interference Band 3.1,Mean Number of TCH in Interference Band 4.1,Mean Number of TCH in Interference Band 5.1,K3014:Traffic Volume on TCH(Erl),CM33:Call Drops on Traffic Channel
2021-04-01,21:00,HLHRBSC15,33295.0,33295_Mohalla Shahpur Lahore-Z1 (3G-CI-4270),386.0,3295_Mohalla Shahpur Lahore-Z1 (3G-CI-4270),LAHORE_CLUSTER_03_Urban,100%,0.0,94.0,1.0,105.0,0.0,424.0,38.0,38.0,0.0,13.0,2.6569,1.0,14426.0,15098.0,14846.0,15098.0,1.0,3.0,424.0,421.0,2.6569,100.0,192.0,194.0,1.0,421.0,92.0,94.0,0.0148,0.2224,17.3687,0.6067,0.0374,0.0027,0.0,17.3687,0.6067,0.0374,0.0027,0.0,2.6569,1.0
2021-04-01,21:00,HLHRBSC15,23295.0,23295_Mohalla Shahpur Lahore-Z1 (3G-CI-4270),385.0,3295_Mohalla Shahpur Lahore-Z1 (3G-CI-4270),LAHORE_CLUSTER_03_Urban,100%,0.0,79.0,1.0,92.0,0.0,931.0,23.0,24.0,0.0,13.0,3.8,1.0,24042.0,24142.0,23734.0,24142.0,0.0,0.0,931.0,916.0,3.8,100.0,190.0,191.0,0.0,916.0,79.0,79.0,0.9620000000000001,3.1435,13.2351,13.6646,0.6059,0.179,0.0882,13.2351,13.6646,0.6059,0.179,0.0882,3.8,1.0
2021-04-01,21:00,HLHRBSC15,13295.0,13295_Mohalla Shahpur Lahore-Z1 (3G-CI-4270),384.0,3295_Mohalla Shahpur Lahore-Z1 (3G-CI-4270),LAHORE_CLUSTER_03_Urban,100%,0.0,40.0,0.0,65.0,0.0,189.0,49.0,50.0,0.0,25.0,0.9528,0.0,5552.0,5554.0,5396.0,5554.0,0.0,0.0,189.0,184.0,0.9528,100.0,80.0,80.0,0.0,184.0,40.0,40.0,0.0179,0.2508,9.0133,5.8347,0.0347,0.0027,0.0,9.0133,5.8347,0.0347,0.0027,0.0,0.9528,0.0
2021-04-01,21:00,HLHRBSC15,33172.0,33172_Madina Colony Lahore-Z1 (3G-CI-4251),380.0,3172_Madina Colony Lahore-Z1 (3G-CI-4251),LAHORE_CLUSTER_03_Urban,100%,0.0,30.0,0.0,86.0,0.0,356.0,102.0,103.0,0.0,55.0,1.9208,0.0,12390.0,12392.0,12322.0,12392.0,1.0,1.0,356.0,348.0,1.9208,100.0,46.0,46.0,1.0,348.0,30.0,30.0,0.0,6.4151,6.6613,5.2427,0.816,0.0,0.0,6.6613,5.2427,0.816,0.0,0.0,1.9208,0.0
2021-04-01,21:00,HLHRBSC15,23172.0,23172_Madina Colony Lahore-Z1 (3G-CI-4251),379.0,3172_Madina Colony Lahore-Z1 (3G-CI-4251),LAHORE_CLUSTER_03_Urban,100%,0.0,28.0,0.0,75.0,0.0,109.0,92.0,92.0,0.0,47.0,1.5167,0.0,9560.0,9652.0,9652.0,9652.0,0.0,0.0,109.0,109.0,1.5167,100.0,71.0,71.0,0.0,109.0,28.0,28.0,0.4258,1.2538,10.6497,0.5107,0.0936,0.0374,0.0107,10.6497,0.5107,0.0936,0.0374,0.0107,1.5167,0.0
2021-04-01,21:00,HLHRBSC15,13172.0,13172_Madina Colony Lahore-Z1 (3G-CI-4251),378.0,3172_Madina Colony Lahore-Z1 (3G-CI-4251),LAHORE_CLUSTER_03_Urban,100%,0.0,52.0,0.0,120.0,0.0,607.0,140.0,141.0,0.0,68.0,2.0264,0.0,13088.0,13090.0,13078.0,13090.0,0.0,0.0,607.0,606.0,2.0264,100.0,97.0,97.0,0.0,606.0,52.0,52.0,0.1174,1.7998,11.9496,1.4703,0.2299,0.0134,0.0027,11.9496,1.4703,0.2299,0.0134,0.0027,2.0264,0.0
2021-04-01,21:00,HLHRBSC15,37306.0,37306_Shalimar Link Road Lahore-Z1 (3G-CI-4447),377.0,7306_Shalimar Link Road Lahore-Z1 (3G-CI-4447),LAHORE_CLUSTER_03_Urban,100%,0.0,106.0,1.0,248.0,0.0,321.0,281.0,283.0,0.0,142.0,4.2458,1.0,25764.0,26068.0,25912.0,26068.0,1.0,1.0,321.0,318.0,4.2458,100.0,165.0,166.0,1.0,318.0,106.0,106.0,0.0,0.0659,11.8016,0.3282,0.008,0.0,0.0,11.8016,0.3282,0.008,0.0,0.0,4.2458,1.0
2021-04-01,21:00,HLHRBSC15,27306.0,27306_Shalimar Link Road Lahore-Z1 (3G-CI-4447),376.0,7306_Shalimar Link Road Lahore-Z1 (3G-CI-4447),LAHORE_CLUSTER_03_Urban,100%,0.0,42.0,0.0,133.0,0.0,158.0,141.0,143.0,0.0,91.0,2.7958,0.0,18170.0,18232.0,18232.0,18232.0,1.0,1.0,158.0,154.0,2.7958,100.0,65.0,66.0,1.0,154.0,42.0,42.0,0.0,0.1441,14.4786,0.3476,0.0214,0.0,0.0,14.4786,0.3476,0.0214,0.0,0.0,2.7958,0.0
2021-04-01,21:00,HLHRBSC15,17306.0,17306_Shalimar Link Road Lahore-Z1 (3G-CI-4447),375.0,7306_Shalimar Link Road Lahore-Z1 (3G-CI-4447),LAHORE_CLUSTER_03_Urban,100%,0.0,52.0,0.0,126.0,0.0,200.0,140.0,141.0,0.0,75.0,1.7375,0.0,10002.0,10036.0,10036.0,10036.0,0.0,1.0,200.0,200.0,1.7375,100.0,147.0,147.0,0.0,200.0,51.0,52.0,0.0225,0.0675,11.5689,0.2802,0.0053,0.0027,0.0,11.5689,0.2802,0.0053,0.0027,0.0,1.7375,0.0
2021-04-01,21:00,HLHRBSC15,37078.0,37078_Railway Colony Lahore-Z1 (3G-CI-4325),374.0,7078_Railway Colony Lahore-Z1 (3G-CI-4325),LAHORE_CLUSTER_03_Urban,100%,0.0,86.0,0.0,110.0,0.0,779.0,41.0,45.0,0.0,23.0,2.1431,0.0,12742.0,12834.0,12820.0,12834.0,0.0,0.0,779.0,682.0,2.1431,100.0,146.0,162.0,0.0,682.0,86.0,86.0,0.0177,0.0707,14.7137,0.3626,0.008,0.0,0.0027,14.7137,0.3626,0.008,0.0,0.0027,2.1431,0.0
2021-04-01,21:00,HLHRBSC15,17078.0,17078_Railway Colony Lahore-Z1 (3G-CI-4325),373.0,7078_Railway Colony Lahore-Z1 (3G-CI-4325),LAHORE_CLUSTER_03_Urban,100%,0.0,98.0,0.0,174.0,0.0,621.0,156.0,157.0,0.0,77.0,3.7333,0.0,23526.0,23546.0,23524.0,23546.0,2.0,3.0,621.0,603.0,3.7333,100.0,144.0,146.0,2.0,603.0,97.0,98.0,0.0676,1.4643,1.5573,10.1067,0.1653,0.008,0.0,1.5573,10.1067,0.1653,0.008,0.0,3.7333,0.0
2021-04-01,21:00,HLHRBSC15,27078.0,27078_Railway Colony Lahore-Z1 (3G-CI-4325),372.0,7078_Railway Colony Lahore-Z1 (3G-CI-4325),LAHORE_CLUSTER_03_Urban,100%,0.0,106.0,0.0,246.0,0.0,361.0,281.0,283.0,0.0,140.0,6.1361,0.0,40118.0,40168.0,40100.0,40168.0,0.0,0.0,361.0,357.0,6.1361,100.0,160.0,163.0,0.0,357.0,106.0,106.0,0.0236,0.6384,1.3382,9.8445,0.0692,0.0027,0.0,1.3382,9.8445,0.0692,0.0027,0.0,6.1361,0.0
2021-04-01,21:00,HLHRBSC15,37199.0,37199_Madhu Lal Lahore-Z1 (3G-CI-4391),371.0,7199_Madhu Lal Lahore-Z1 (3G-CI-4391),LAHORE_CLUSTER_03_Urban,100%,0.0,38.0,0.0,47.0,0.0,155.0,20.0,20.0,0.0,9.0,1.3458,0.0,8438.0,8438.0,8400.0,8438.0,0.0,0.0,155.0,144.0,1.3458,100.0,58.0,66.0,0.0,144.0,38.0,38.0,0.162,1.5506,0.0,11.3493,0.1601,0.0187,0.0,0.0,11.3493,0.1601,0.0187,0.0,1.3458,0.0
2021-04-01,21:00,HLHRBSC15,27199.0,27199_Madhu Lal Lahore-Z1 (3G-CI-4391),370.0,7199_Madhu Lal Lahore-Z1 (3G-CI-4391),LAHORE_CLUSTER_03_Urban,100%,0.0,47.0,0.0,106.0,0.0,370.0,110.0,110.0,0.0,59.0,1.4708,0.0,8246.0,8350.0,8338.0,8350.0,2.0,2.0,370.0,369.0,1.4708,100.0,183.0,183.0,2.0,369.0,47.0,47.0,0.0,0.0476,11.0687,0.1308,0.0053,0.0,0.0,11.0687,0.1308,0.0053,0.0,0.0,1.4708,0.0
2021-04-01,21:00,HLHRBSC15,17199.0,17199_Madhu Lal Lahore-Z1 (3G-CI-4391),369.0,7199_Madhu Lal Lahore-Z1 (3G-CI-4391),LAHORE_CLUSTER_03_Urban,100%,0.0,79.0,0.0,95.0,0.0,229.0,35.0,36.0,0.0,17.0,1.525,0.0,8410.0,8420.0,8420.0,8420.0,0.0,1.0,229.0,229.0,1.525,100.0,160.0,160.0,0.0,229.0,78.0,79.0,0.3267,1.9826,10.8445,1.1579,0.2028,0.04,0.0,10.8445,1.1579,0.2028,0.04,0.0,1.525,0.0
2021-04-01,21:00,HLHRBSC15,37137.0,37137_Mughalpura Lahore-Z1 (3G-CI-4357),365.0,7137_Mughalpura Lahore-Z1 (3G-CI-4357),LAHORE_CLUSTER_03_Urban,100%,0.0,71.0,0.0,231.0,0.0,284.0,318.0,318.0,0.0,160.0,5.1514,0.0,33358.0,33364.0,33316.0,33364.0,0.0,0.0,284.0,282.0,5.1514,100.0,172.0,173.0,0.0,282.0,71.0,71.0,0.0401,0.5017,12.504000000000001,0.7173,0.0613,0.0053,0.0,12.504000000000001,0.7173,0.0613,0.0053,0.0,5.1514,0.0
2021-04-01,21:00,HLHRBSC15,27137.0,27137_Mughalpura Lahore-Z1 (3G-CI-4357),364.0,7137_Mughalpura Lahore-Z1 (3G-CI-4357),LAHORE_CLUSTER_03_Urban,100%,0.0,42.0,0.0,155.0,0.0,149.0,225.0,226.0,0.0,113.0,2.1569,0.0,13534.0,13534.0,13534.0,13534.0,1.0,1.0,149.0,140.0,2.1569,100.0,87.0,92.0,1.0,140.0,42.0,42.0,0.0643,0.8365,8.336,3.992,0.096,0.008,0.0,8.336,3.992,0.096,0.008,0.0,2.1569,0.0
2021-04-01,21:00,HLHRBSC15,17137.0,17137_Mughalpura Lahore-Z1 (3G-CI-4357),363.0,7137_Mughalpura Lahore-Z1 (3G-CI-4357),LAHORE_CLUSTER_03_Urban,100%,0.0,140.0,0.0,270.0,0.0,871.0,277.0,279.0,0.0,130.0,5.2708,0.0,33128.0,33198.0,33098.0,33198.0,0.0,0.0,871.0,850.0,5.2708,100.0,271.0,273.0,0.0,850.0,140.0,140.0,0.485,1.9857,10.3498,1.5047,0.1815,0.048,0.0107,10.3498,1.5047,0.1815,0.048,0.0107,5.2708,0.0
2021-04-01,21:00,HLHRBSC15,33087.0,33087_Qaisar Flour Mills Lahore-Z1 (3G-CI-4221),362.0,3087_Qaisar Flour Mills Lahore-Z1 (3G-CI-4221),LAHORE_CLUSTER_03_Urban,100%,0.0,88.0,0.0,213.0,0.0,704.0,209.0,212.0,0.0,125.0,5.6792,0.0,35154.0,35352.0,35144.0,35352.0,0.0,0.0,704.0,634.0,5.6792,100.0,134.0,148.0,0.0,634.0,88.0,88.0,0.4567,3.5263,0.0,10.1685,0.3235,0.0374,0.0107,0.0,10.1685,0.3235,0.0374,0.0107,5.6792,0.0
2021-04-01,21:00,HLHRBSC15,23087.0,23087_Qaisar Flour Mills Lahore-Z1 (3G-CI-4221),361.0,3087_Qaisar Flour Mills Lahore-Z1 (3G-CI-4221),LAHORE_CLUSTER_03_Urban,100%,0.0,45.0,0.0,109.0,0.0,174.0,115.0,120.0,0.0,64.0,2.1681,0.0,13436.0,13472.0,13472.0,13472.0,0.0,0.0,174.0,172.0,2.1681,100.0,67.0,68.0,0.0,172.0,45.0,45.0,0.0982,0.7075,12.0777,1.4046,0.0827,0.0133,0.0,12.0777,1.4046,0.0827,0.0133,0.0,2.1681,0.0
2021-04-01,21:00,HLHRBSC15,13087.0,13087_Qaisar Flour Mills Lahore-Z1 (3G-CI-4221),360.0,3087_Qaisar Flour Mills Lahore-Z1 (3G-CI-4221),LAHORE_CLUSTER_03_Urban,100%,0.0,131.0,0.0,231.0,0.0,947.0,220.0,223.0,0.0,100.0,6.6347,0.0,42940.0,43338.0,43282.0,43338.0,0.0,0.0,947.0,934.0,6.6347,100.0,226.0,233.0,0.0,934.0,131.0,131.0,0.1931,0.8495,13.0291,0.6667,0.0907,0.0267,0.0,13.0291,0.6667,0.0907,0.0267,0.0,6.6347,0.0
2021-04-01,21:00,HLHRBSC15,31653.0,CI-1653-3_Sahowari S Wadi Road Lahore-Z1 (3G-CI-1897),121.0,CI-1653_Sahowari S Wadi Road Lahore-Z1 (3G-CI-1897),LAHORE_CLUSTER_03_Urban,100%,0.0,192.0,0.0,270.0,0.0,584.0,195.0,197.0,0.0,78.0,3.6375,0.0,20352.0,20402.0,19984.0,20402.0,0.0,0.0,584.0,576.0,3.6375,100.0,343.0,346.0,0.0,576.0,192.0,192.0,0.0,0.0,11.5562,0.0722,0.0,0.0,0.0,11.5562,0.0722,0.0,0.0,0.0,3.6375,0.0
2021-04-01,21:00,HLHRBSC15,21653.0,CI-1653-2_Sahowari S Wadi Road Lahore-Z1 (3G-CI-1897),120.0,CI-1653_Sahowari S Wadi Road Lahore-Z1 (3G-CI-1897),LAHORE_CLUSTER_03_Urban,100%,0.0,81.0,0.0,127.0,0.0,280.0,87.0,88.0,0.0,47.0,3.7194,0.0,23944.0,23944.0,23926.0,23944.0,0.0,1.0,280.0,277.0,3.7194,100.0,129.0,131.0,0.0,277.0,80.0,81.0,0.0,0.0179,14.752,0.1867,0.0027,0.0,0.0,14.752,0.1867,0.0027,0.0,0.0,3.7194,0.0
2021-04-01,21:00,HLHRBSC15,11653.0,CI-1653-1_Sahowari S Wadi Road Lahore-Z1 (3G-CI-1897),119.0,CI-1653_Sahowari S Wadi Road Lahore-Z1 (3G-CI-1897),LAHORE_CLUSTER_03_Urban,100%,0.0,81.0,0.0,146.0,0.0,351.0,138.0,139.0,0.0,65.0,4.4403,0.0,29886.0,29950.0,29934.0,29950.0,0.0,0.0,351.0,350.0,4.4403,100.0,150.0,150.0,0.0,350.0,81.0,81.0,0.0,0.0376,14.0487,0.1147,0.0053,0.0,0.0,14.0487,0.1147,0.0053,0.0,0.0,4.4403,0.0
2021-04-01,21:00,HLHRBSC08,33041.0,33041_Shad Bagh Lahore-Z1 (3G-CI-4199),91.0,3041_Shad Bagh Lahore-Z1 (3G-CI-4199),LAHORE_CLUSTER_03_Urban,100%,0.0,45.0,0.0,171.0,0.0,206.0,240.0,244.0,0.0,128.0,1.9778,0.0,11686.0,11712.0,11550.0,11712.0,0.0,1.0,206.0,180.0,1.9778,100.0,73.0,84.0,0.0,180.0,44.0,45.0,0.0461,0.6465,7.4572,4.0192,0.0694,0.0053,0.0,7.4572,4.0192,0.0694,0.0053,0.0,1.9778,0.0
2021-04-01,21:00,HLHRBSC08,23041.0,23041_Shad Bagh Lahore-Z1 (3G-CI-4199),90.0,3041_Shad Bagh Lahore-Z1 (3G-CI-4199),LAHORE_CLUSTER_03_Urban,100%,0.0,78.0,0.0,143.0,0.0,363.0,128.0,128.0,0.0,65.0,3.4556,0.0,22778.0,22800.0,22778.0,22800.0,0.0,0.0,363.0,357.0,3.4556,100.0,195.0,198.0,0.0,357.0,78.0,78.0,0.0,0.2625,11.5619,0.6253,0.0321,0.0,0.0,11.5619,0.6253,0.0321,0.0,0.0,3.4556,0.0
2021-04-01,21:00,HLHRBSC08,13041.0,13041_Shad Bagh Lahore-Z1 (3G-CI-4199),89.0,3041_Shad Bagh Lahore-Z1 (3G-CI-4199),LAHORE_CLUSTER_03_Urban,100%,0.0,133.0,0.0,195.0,0.0,232.0,119.0,119.0,0.0,62.0,4.0167,0.0,24640.0,24664.0,24548.0,24664.0,3.0,3.0,232.0,222.0,4.0167,100.0,167.0,170.0,3.0,222.0,133.0,133.0,0.0253,0.4061,0.0,10.492,0.0401,0.0027,0.0,0.0,10.492,0.0401,0.0027,0.0,4.0167,0.0
2021-04-01,21:00,HLHRBSC08,33009.0,33009_Chah Meeran Lahore-Z1 (3G-CI-4183),88.0,3009_Chah Meeran Lahore-Z1 (3G-CI-4183),LAHORE_CLUSTER_03_Urban,100%,0.0,57.0,0.0,119.0,0.0,635.0,124.0,125.0,0.0,62.0,1.4167,0.0,7676.0,7730.0,7668.0,7730.0,0.0,0.0,635.0,619.0,1.4167,100.0,378.0,390.0,0.0,619.0,57.0,57.0,0.1974,100.0,0.0,0.0,12.1693,0.0241,0.0,0.0,0.0,12.1693,0.0241,0.0,1.4167,0.0
2021-04-01,21:00,HLHRBSC08,23009.0,23009_Chah Meeran Lahore-Z1 (3G-CI-4183),87.0,3009_Chah Meeran Lahore-Z1 (3G-CI-4183),LAHORE_CLUSTER_03_Urban,100%,0.0,46.0,0.0,89.0,0.0,106.0,87.0,87.0,0.0,44.0,1.3042,0.0,7572.0,7676.0,7530.0,7676.0,0.0,1.0,106.0,105.0,1.3042,100.0,64.0,64.0,0.0,105.0,45.0,46.0,0.10300000000000001,0.5974,23.9733,1.7627,0.128,0.0267,0.0,23.9733,1.7627,0.128,0.0267,0.0,1.3042,0.0
2021-04-01,21:00,HLHRBSC08,13009.0,13009_Chah Meeran Lahore-Z1 (3G-CI-4183),86.0,3009_Chah Meeran Lahore-Z1 (3G-CI-4183),LAHORE_CLUSTER_03_Urban,100%,0.0,22.0,0.0,42.0,0.0,61.0,38.0,38.0,0.0,20.0,0.4264,0.0,2288.0,2288.0,2288.0,2288.0,0.0,0.0,61.0,61.0,0.4264,100.0,30.0,30.0,0.0,61.0,22.0,22.0,0.0,0.0,14.2933,0.1733,0.0,0.0,0.0,14.2933,0.1733,0.0,0.0,0.0,0.4264,0.0
2021-04-01,21:00,HLHRBSC08,37201.0,37201_Sultanpura Lahore-Z1 (3G-CI-4393),82.0,7201_Sultanpura Lahore-Z1 (3G-CI-4393),LAHORE_CLUSTER_03_Urban,100%,0.0,108.0,0.0,140.0,0.0,303.0,64.0,67.0,0.0,37.0,2.45,0.0,12972.0,13126.0,12854.0,13126.0,0.0,3.0,303.0,289.0,2.45,100.0,169.0,180.0,0.0,289.0,105.0,108.0,0.7979999999999999,100.0,0.0,0.0,12.927999999999999,0.0827,0.0213,0.0,0.0,12.927999999999999,0.0827,0.0213,2.45,0.0
2021-04-01,21:00,HLHRBSC08,27201.0,27201_Sultanpura Lahore-Z1 (3G-CI-4393),81.0,7201_Sultanpura Lahore-Z1 (3G-CI-4393),LAHORE_CLUSTER_03_Urban,100%,0.0,86.0,1.0,149.0,0.0,227.0,118.0,123.0,0.0,65.0,4.3208,1.0,27628.0,27754.0,27732.0,27754.0,0.0,0.0,227.0,224.0,4.3208,100.0,168.0,169.0,0.0,224.0,86.0,86.0,0.2585,1.3187,8.5481,1.6551,0.1096,0.0107,0.016,8.5481,1.6551,0.1096,0.0107,0.016,4.3208,1.0
2021-04-01,21:00,HLHRBSC08,17201.0,17201_Sultanpura Lahore-Z1 (3G-CI-4393),80.0,7201_Sultanpura Lahore-Z1 (3G-CI-4393),LAHORE_CLUSTER_03_Urban,100%,0.0,29.0,0.0,93.0,0.0,108.0,125.0,127.0,0.0,64.0,0.9667,0.0,5094.0,5128.0,5124.0,5128.0,0.0,0.0,108.0,106.0,0.9667,100.0,47.0,47.0,0.0,106.0,29.0,29.0,0.0629,0.3987,12.1497,0.5401,0.0428,0.008,0.0,12.1497,0.5401,0.0428,0.008,0.0,0.9667,0.0
2021-04-01,21:00,HLHRBSC08,37058.0,37058_Sultan Chowk (Gold) Lahore-Z1 (3G-CI-4313),7.0,7058_Sultan Chowk (Gold) Lahore-Z1 (3G-CI-4313),LAHORE_CLUSTER_03_Urban,100%,0.0,44.0,0.0,171.0,0.0,333.0,249.0,254.0,0.0,128.0,2.8778,0.0,17976.0,18066.0,18028.0,18066.0,0.0,1.0,333.0,331.0,2.8778,100.0,228.0,229.0,0.0,331.0,43.0,44.0,0.4745,2.4021,7.9471,0.8301,0.1734,0.0347,0.008,7.9471,0.8301,0.1734,0.0347,0.008,2.8778,0.0
2021-04-01,21:00,HLHRBSC08,27058.0,27058_Sultan Chowk (Gold) Lahore-Z1 (3G-CI-4313),6.0,7058_Sultan Chowk (Gold) Lahore-Z1 (3G-CI-4313),LAHORE_CLUSTER_03_Urban,100%,0.0,49.0,1.0,134.0,0.0,230.0,162.0,163.0,0.0,87.0,2.6444,1.0,16178.0,16240.0,16132.0,16240.0,0.0,2.0,230.0,223.0,2.6444,100.0,112.0,118.0,0.0,223.0,47.0,49.0,0.8019,2.3017,16.008,1.5829,0.2701,0.0535,0.0909,16.008,1.5829,0.2701,0.0535,0.0909,2.6444,1.0
2021-04-01,21:00,HLHRBSC08,37194.0,37194_Azam Park Lahore-Z1 (3G-CI-4386),58.0,7194_Azam Park Lahore-Z1 (3G-CI-4386),LAHORE_CLUSTER_03_Urban,100%,0.0,71.0,0.0,95.0,0.0,514.0,50.0,52.0,0.0,26.0,2.1403,0.0,12372.0,12396.0,11808.0,12396.0,0.0,1.0,514.0,372.0,2.1403,100.0,178.0,194.0,0.0,372.0,70.0,71.0,100.0,100.0,0.0,0.0,0.0,0.0,11.4453,0.0,0.0,0.0,0.0,11.4453,2.1403,0.0
2021-04-01,21:00,HLHRBSC08,27194.0,27194_Azam Park Lahore-Z1 (3G-CI-4386),57.0,7194_Azam Park Lahore-Z1 (3G-CI-4386),LAHORE_CLUSTER_03_Urban,100%,0.0,102.0,0.0,159.0,0.0,1318.0,126.0,132.0,0.0,59.0,3.6708,0.0,21560.0,21666.0,21090.0,21666.0,0.0,0.0,1318.0,1264.0,3.6708,100.0,1125.0,1133.0,0.0,1264.0,102.0,102.0,0.0,8.9958,7.9011,1.5947,0.9387,0.0,0.0,7.9011,1.5947,0.9387,0.0,0.0,3.6708,0.0
2021-04-01,21:00,HLHRBSC08,37200.0,37200_Siddiqia Colony Lahore-Z1 (3G-CI-4392),55.0,7200_Siddiqia Colony Lahore-Z1 (3G-CI-4392),LAHORE_CLUSTER_03_Urban,100%,0.0,38.0,1.0,94.0,0.0,153.0,98.0,99.0,0.0,56.0,2.5472,1.0,16660.0,16698.0,16574.0,16698.0,0.0,0.0,153.0,151.0,2.5472,100.0,81.0,83.0,0.0,151.0,38.0,38.0,0.0,0.1972,11.2111,0.9540000000000001,0.024,0.0,0.0,11.2111,0.9540000000000001,0.024,0.0,0.0,2.5472,1.0
2021-04-01,21:00,HLHRBSC08,27200.0,27200_Siddiqia Colony Lahore-Z1 (3G-CI-4392),54.0,7200_Siddiqia Colony Lahore-Z1 (3G-CI-4392),LAHORE_CLUSTER_03_Urban,100%,0.0,111.0,1.0,175.0,0.0,360.0,132.0,133.0,0.0,66.0,3.5917,1.0,21682.0,21694.0,21276.0,21694.0,0.0,1.0,360.0,328.0,3.5917,100.0,236.0,250.0,0.0,328.0,110.0,111.0,0.1562,2.8776,0.0027,11.607999999999999,0.3253,0.0107,0.008,0.0027,11.607999999999999,0.3253,0.0107,0.008,3.5917,1.0
2021-04-01,21:00,HLHRBSC08,17058.0,17058_Sultan Chowk (Gold) Lahore-Z1 (3G-CI-4313),5.0,7058_Sultan Chowk (Gold) Lahore-Z1 (3G-CI-4313),LAHORE_CLUSTER_03_Urban,100%,0.0,92.0,0.0,150.0,0.0,756.0,109.0,115.0,0.0,58.0,4.2542,0.0,23590.0,23992.0,23416.0,23992.0,1.0,1.0,756.0,739.0,4.2542,100.0,670.0,677.0,1.0,739.0,92.0,92.0,0.0163,22.5074,7.1893,5.4779,3.6765,0.0,0.0027,7.1893,5.4779,3.6765,0.0,0.0027,4.2542,0.0
2021-04-01,21:00,HLHRBSC08,31288.0,CI-1288-3_Shadbagh Road Lahore-Z1 (3G-CI-1790),43.0,CI-1288_Shadbagh Road Lahore-Z1 (3G-CI-1790),LAHORE_CLUSTER_03_Urban,100%,0.0,76.0,0.0,148.0,0.0,1113.0,146.0,150.0,0.0,73.0,2.6292,0.0,15594.0,15606.0,15600.0,15606.0,0.0,1.0,1113.0,1108.0,2.6292,100.0,1017.0,1021.0,0.0,1108.0,75.0,76.0,0.4719,2.1609,9.7727,0.7594,0.1818,0.0508,0.0,9.7727,0.7594,0.1818,0.0508,0.0,2.6292,0.0
2021-04-01,21:00,HLHRBSC08,21288.0,CI-1288-2_Shadbagh Road Lahore-Z1 (3G-CI-1790),42.0,CI-1288_Shadbagh Road Lahore-Z1 (3G-CI-1790),LAHORE_CLUSTER_03_Urban,100%,0.0,37.0,0.0,94.0,0.0,145.0,116.0,118.0,0.0,57.0,2.5153,0.0,16732.0,16832.0,16822.0,16832.0,0.0,0.0,145.0,144.0,2.5153,100.0,50.0,51.0,0.0,144.0,37.0,37.0,0.0263,0.4719,9.8853,0.2373,0.0453,0.0027,0.0,9.8853,0.2373,0.0453,0.0027,0.0,2.5153,0.0
2021-04-01,21:00,HLHRBSC08,11288.0,CI-1288-1_Shadbagh Road Lahore-Z1 (3G-CI-1790),41.0,CI-1288_Shadbagh Road Lahore-Z1 (3G-CI-1790),LAHORE_CLUSTER_03_Urban,100%,0.0,108.0,0.0,177.0,0.0,230.0,153.0,153.0,0.0,69.0,2.6083,0.0,13472.0,13550.0,13328.0,13550.0,1.0,1.0,230.0,222.0,2.6083,100.0,160.0,165.0,1.0,222.0,108.0,108.0,2.3296,9.6093,6.2433,3.7166,0.8021,0.2193,0.0374,6.2433,3.7166,0.8021,0.2193,0.0374,2.6083,0.0
2021-04-01,21:00,HLHRBSC08,37972.0,37972_Near Ghoray Shah Road Lahore-Z1 (3G-CI-4471),4.0,7972_Near Ghoray Shah Road Lahore-Z1 (3G-CI-4471),LAHORE_CLUSTER_03_Urban,100%,0.0,36.0,0.0,76.0,0.0,123.0,82.0,84.0,0.0,42.0,1.4986,0.0,9068.0,9078.0,9054.0,9078.0,1.0,1.0,123.0,112.0,1.4986,100.0,52.0,58.0,1.0,112.0,36.0,36.0,0.0389,3.1954,4.8931,8.3911,0.4332,0.0053,0.0,4.8931,8.3911,0.4332,0.0053,0.0,1.4986,0.0
2021-04-01,21:00,HLHRBSC08,37198.0,37198_Lalazar Band Road Lahore-Z1 (3G-CI-4390),37.0,7198_Lalazar Band Road Lahore-Z1 (3G-CI-4390),LAHORE_CLUSTER_03_Urban,100%,0.0,107.0,2.0,148.0,0.0,388.0,76.0,79.0,0.0,43.0,4.9028,2.0,31038.0,31414.0,31056.0,31414.0,2.0,3.0,388.0,360.0,4.9028,100.0,193.0,209.0,2.0,360.0,106.0,107.0,0.8995,45.2035,7.0775,2.019,7.3547,0.0693,0.08,7.0775,2.019,7.3547,0.0693,0.08,4.9028,2.0
2021-04-01,21:00,HLHRBSC08,23191.0,23191_China Scheme Lahore-Z1 (3G-CI-4263),363.0,3191_China Scheme Lahore-Z1 (3G-CI-4263),LAHORE_CLUSTER_03_Urban,100%,0.0,50.0,0.0,102.0,0.0,176.0,104.0,104.0,0.0,53.0,2.4611,0.0,15758.0,15798.0,15778.0,15798.0,0.0,1.0,176.0,176.0,2.4611,100.0,129.0,129.0,0.0,176.0,49.0,50.0,0.0,0.0509,5.1787,0.0693,0.0027,0.0,0.0,5.1787,0.0693,0.0027,0.0,0.0,2.4611,0.0
2021-04-01,21:00,HLHRBSC08,33191.0,33191_China Scheme Lahore-Z1 (3G-CI-4263),362.0,3191_China Scheme Lahore-Z1 (3G-CI-4263),LAHORE_CLUSTER_03_Urban,100%,0.0,67.0,1.0,106.0,0.0,168.0,85.0,86.0,0.0,39.0,2.7083,1.0,16826.0,16936.0,16376.0,16936.0,0.0,0.0,168.0,163.0,2.7083,100.0,87.0,89.0,0.0,163.0,67.0,67.0,2.5095,5.9342,7.0864,1.3895,0.3086,0.1251,0.1011,7.0864,1.3895,0.3086,0.1251,0.1011,2.7083,1.0
2021-04-01,21:00,HLHRBSC08,17282.0,17282_Manzur Pak (Gold) Lahore-Z1 (3G-CI-4439),361.0,7282_Manzur Pak (Gold) Lahore-Z1 (3G-CI-4439),LAHORE_CLUSTER_03_Urban,100%,0.0,63.0,2.0,115.0,0.0,406.0,106.0,109.0,0.0,53.0,4.8292,2.0,31958.0,32248.0,31926.0,32248.0,2.0,3.0,406.0,374.0,4.8292,100.0,128.0,138.0,2.0,374.0,62.0,63.0,0.0341,0.3231,8.1924,7.4258,0.0453,0.0027,0.0027,8.1924,7.4258,0.0453,0.0027,0.0027,4.8292,2.0
2021-04-01,21:00,HLHRBSC08,27282.0,27282_Manzur Pak (Gold) Lahore-Z1 (3G-CI-4439),360.0,7282_Manzur Pak (Gold) Lahore-Z1 (3G-CI-4439),LAHORE_CLUSTER_03_Urban,100%,0.0,118.0,0.0,191.0,0.0,291.0,161.0,163.0,0.0,73.0,3.0139,0.0,18552.0,18566.0,18552.0,18566.0,0.0,0.0,291.0,289.0,3.0139,100.0,181.0,182.0,0.0,289.0,118.0,118.0,0.0,0.1912,10.8708,0.2584,0.0213,0.0,0.0,10.8708,0.2584,0.0213,0.0,0.0,3.0139,0.0
2021-04-01,21:00,HLHRBSC08,27198.0,27198_Lalazar Band Road Lahore-Z1 (3G-CI-4390),36.0,7198_Lalazar Band Road Lahore-Z1 (3G-CI-4390),LAHORE_CLUSTER_03_Urban,100%,0.0,87.0,0.0,136.0,0.0,294.0,96.0,99.0,0.0,50.0,2.4486,0.0,14576.0,14654.0,14546.0,14654.0,0.0,1.0,294.0,293.0,2.4486,100.0,236.0,237.0,0.0,293.0,86.0,87.0,0.2428,1.6564,9.633,2.2611,0.171,0.0294,0.0,9.633,2.2611,0.171,0.0294,0.0,2.4486,0.0
2021-04-01,21:00,HLHRBSC08,37282.0,37282_Manzur Pak (Gold) Lahore-Z1 (3G-CI-4439),359.0,7282_Manzur Pak (Gold) Lahore-Z1 (3G-CI-4439),LAHORE_CLUSTER_03_Urban,100%,0.0,76.0,2.0,145.0,0.0,399.0,130.0,131.0,0.0,69.0,4.5042,2.0,28652.0,28864.0,28240.0,28864.0,0.0,0.0,399.0,349.0,4.5042,100.0,169.0,175.0,0.0,349.0,76.0,76.0,0.047,14.7759,5.3325,9.133,2.5,0.008,0.0,5.3325,9.133,2.5,0.008,0.0,4.5042,2.0
2021-04-01,21:00,HLHRBSC08,33177.0,33177_Kot Khwaja Saeed Lahore-Z1 (3G-CI-4254),355.0,3177_Kot Khwaja Saeed Lahore-Z1 (3G-CI-4254),LAHORE_CLUSTER_03_Urban,100%,0.0,46.0,0.0,71.0,0.0,132.0,52.0,52.0,0.0,26.0,1.3931,0.0,8500.0,8502.0,8502.0,8502.0,0.0,1.0,132.0,132.0,1.3931,100.0,73.0,73.0,0.0,132.0,45.0,46.0,0.6582,0.6817,11.245999999999999,0.0508,0.0027,0.0669,0.008,11.245999999999999,0.0508,0.0027,0.0669,0.008,1.3931,0.0
2021-04-01,21:00,HLHRBSC08,23177.0,23177_Kot Khwaja Saeed Lahore-Z1 (3G-CI-4254),354.0,3177_Kot Khwaja Saeed Lahore-Z1 (3G-CI-4254),LAHORE_CLUSTER_03_Urban,100%,0.0,31.0,0.0,73.0,0.0,90.0,74.0,74.0,0.0,42.0,1.6986,0.0,10894.0,10894.0,10874.0,10894.0,0.0,0.0,90.0,90.0,1.6986,100.0,40.0,40.0,0.0,90.0,31.0,31.0,0.0,0.0,6.1364,0.0,0.0,0.0,0.0,6.1364,0.0,0.0,0.0,0.0,1.6986,0.0
2021-04-01,21:00,HLHRBSC08,13177.0,13177_Kot Khwaja Saeed Lahore-Z1 (3G-CI-4254),353.0,3177_Kot Khwaja Saeed Lahore-Z1 (3G-CI-4254),LAHORE_CLUSTER_03_Urban,100%,0.0,57.0,1.0,86.0,0.0,273.0,61.0,62.0,0.0,29.0,2.2764,1.0,14360.0,14596.0,14486.0,14596.0,0.0,0.0,273.0,271.0,2.2764,100.0,230.0,232.0,0.0,271.0,57.0,57.0,0.0232,0.09300000000000001,11.4492,0.0401,0.008,0.0027,0.0,11.4492,0.0401,0.008,0.0027,0.0,2.2764,1.0
2021-04-01,21:00,HLHRBSC08,37197.0,37197_Kot Khwaja Lahore-Z1 (3G-CI-4389),34.0,7197_Kot Khwaja Lahore-Z1 (3G-CI-4389),LAHORE_CLUSTER_03_Urban,100%,0.0,67.0,0.0,134.0,0.0,164.0,143.0,148.0,0.0,68.0,1.8167,0.0,10370.0,10434.0,10324.0,10434.0,0.0,0.0,164.0,164.0,1.8167,100.0,95.0,95.0,0.0,164.0,67.0,67.0,1.5114,38.7302,7.6791,0.1041,4.728,0.192,0.0,7.6791,0.1041,4.728,0.192,0.0,1.8167,0.0
2021-04-01,21:00,HLHRBSC08,23182.0,23182_Mehar Bashir Colony Lahore-Z1 (3G-CI-1578),339.0,3182_Mehar Bashir Colony Lahore-Z1 (3G-CI-1578),LAHORE_CLUSTER_03_Urban,100%,0.0,37.0,0.0,58.0,0.0,153.0,48.0,49.0,0.0,21.0,1.1736,0.0,7288.0,7380.0,7352.0,7380.0,0.0,0.0,153.0,145.0,1.1736,100.0,79.0,79.0,0.0,145.0,37.0,37.0,2.0405,15.993,4.0761,4.048,1.3493,0.16,0.0373,4.0761,4.048,1.3493,0.16,0.0373,1.1736,0.0
2021-04-01,21:00,HLHRBSC08,33182.0,33182_Mehar Bashir Colony Lahore-Z1 (3G-CI-1578),338.0,3182_Mehar Bashir Colony Lahore-Z1 (3G-CI-1578),LAHORE_CLUSTER_03_Urban,100%,0.0,34.0,0.0,102.0,0.0,76.0,138.0,143.0,0.0,68.0,1.1194,0.0,6302.0,6302.0,6300.0,6302.0,0.0,0.0,76.0,76.0,1.1194,100.0,58.0,58.0,0.0,76.0,34.0,34.0,0.0,0.2817,6.3839999999999995,0.22399999999999998,0.0187,0.0,0.0,6.3839999999999995,0.22399999999999998,0.0187,0.0,0.0,1.1194,0.0
2021-04-01,21:00,HLHRBSC08,37325.0,37325_Wasan Pura Lahore-Z1 (3G-CI-4450),334.0,7325_Wasan Pura Lahore-Z1 (3G-CI-4450),LAHORE_CLUSTER_03_Urban,100%,0.0,63.0,0.0,113.0,0.0,315.0,99.0,101.0,0.0,53.0,3.5472,0.0,22594.0,22620.0,22244.0,22620.0,1.0,2.0,315.0,262.0,3.5472,100.0,113.0,114.0,1.0,262.0,62.0,63.0,0.0,0.3778,0.008,11.9469,0.0453,0.0,0.0,0.008,11.9469,0.0453,0.0,0.0,3.5472,0.0
2021-04-01,21:00,HLHRBSC08,27325.0,27325_Wasan Pura Lahore-Z1 (3G-CI-4450),333.0,7325_Wasan Pura Lahore-Z1 (3G-CI-4450),LAHORE_CLUSTER_03_Urban,100%,0.0,69.0,0.0,124.0,0.0,194.0,111.0,112.0,0.0,55.0,3.2125,0.0,20786.0,20884.0,20596.0,20884.0,0.0,0.0,194.0,191.0,3.2125,100.0,90.0,91.0,0.0,191.0,69.0,69.0,0.0184,0.0368,14.3849,0.0747,0.0027,0.0027,0.0,14.3849,0.0747,0.0027,0.0027,0.0,3.2125,0.0
2021-04-01,21:00,HLHRBSC08,17325.0,17325_Wasan Pura Lahore-Z1 (3G-CI-4450),332.0,7325_Wasan Pura Lahore-Z1 (3G-CI-4450),LAHORE_CLUSTER_03_Urban,100%,0.0,68.0,0.0,110.0,0.0,321.0,84.0,85.0,0.0,42.0,2.9694,0.0,18564.0,18638.0,17430.0,18638.0,1.0,1.0,321.0,298.0,2.9694,100.0,191.0,205.0,1.0,298.0,68.0,68.0,0.0268,16.6443,8.2907,0.0027,1.6533,0.0027,0.0,8.2907,0.0027,1.6533,0.0027,0.0,2.9694,0.0
2021-04-01,21:00,HLHRBSC08,27197.0,27197_Kot Khwaja Lahore-Z1 (3G-CI-4389),33.0,7197_Kot Khwaja Lahore-Z1 (3G-CI-4389),LAHORE_CLUSTER_03_Urban,100%,0.0,46.0,0.0,75.0,0.0,265.0,55.0,58.0,0.0,29.0,2.8917,0.0,19632.0,19638.0,19574.0,19638.0,0.0,0.0,265.0,263.0,2.8917,100.0,150.0,150.0,0.0,263.0,46.0,46.0,0.2699,1.6201,9.0038,0.7344,0.1337,0.0267,0.0,9.0038,0.7344,0.1337,0.0267,0.0,2.8917,0.0
2021-04-01,21:00,HLHRBSC08,33126.0,33126_Bhamma (Gold) Lahore-Z1 (3G-CI-1572),328.0,3126_Bhamma (Gold) Lahore-Z1 (3G-CI-1572),LAHORE_CLUSTER_03_Urban,100%,0.0,84.0,0.0,189.0,0.0,458.0,206.0,210.0,0.0,105.0,3.7236,0.0,22504.0,22654.0,22404.0,22654.0,0.0,0.0,458.0,415.0,3.7236,100.0,121.0,132.0,0.0,415.0,84.0,84.0,0.7354,11.817,6.1096,3.5069,1.2085,0.0508,0.0294,6.1096,3.5069,1.2085,0.0508,0.0294,3.7236,0.0
2021-04-01,21:00,HLHRBSC08,23126.0,23126_Bhamma (Gold) Lahore-Z1 (3G-CI-1572),327.0,3126_Bhamma (Gold) Lahore-Z1 (3G-CI-1572),LAHORE_CLUSTER_03_Urban,100%,0.0,121.0,2.0,212.0,0.0,502.0,161.0,165.0,0.0,92.0,5.4569,2.0,32506.0,32808.0,30984.0,32810.0,0.0,0.0,502.0,476.0,5.4569,100.0,200.0,207.0,0.0,476.0,121.0,121.0,57.8728,58.5267,5.8427,0.584,0.1013,3.8449,5.122999999999999,5.8427,0.584,0.1013,3.8449,5.122999999999999,5.4569,2.0
2021-04-01,21:00,HLHRBSC08,17197.0,17197_Kot Khwaja Lahore-Z1 (3G-CI-4389),32.0,7197_Kot Khwaja Lahore-Z1 (3G-CI-4389),LAHORE_CLUSTER_03_Urban,100%,0.0,97.0,0.0,167.0,0.0,175.0,137.0,138.0,0.0,70.0,4.0319,0.0,25348.0,25570.0,25452.0,25570.0,0.0,0.0,175.0,175.0,4.0319,100.0,132.0,132.0,0.0,175.0,97.0,97.0,0.0,0.2575,6.112,2.1493,0.0213,0.0,0.0,6.112,2.1493,0.0213,0.0,0.0,4.0319,0.0
2021-04-01,21:00,HLHRBSC08,13123.0,13123_Chah Meeran Lahore-Z1 (3G-CI-4233),316.0,3123_Chah Meeran Lahore-Z1 (3G-CI-4233),LAHORE_CLUSTER_03_Urban,100%,0.0,96.0,1.0,226.0,0.0,313.0,258.0,261.0,0.0,132.0,3.2278,1.0,18724.0,18762.0,18556.0,18762.0,1.0,2.0,313.0,304.0,3.2278,100.0,142.0,145.0,1.0,304.0,95.0,96.0,0.0504,0.4034,20.2333,0.8719,0.0748,0.008,0.0027,20.2333,0.8719,0.0748,0.008,0.0027,3.2278,1.0
2021-04-01,21:00,HLHRBSC08,23123.0,23123_Chah Meeran Lahore-Z1 (3G-CI-4233),315.0,3123_Chah Meeran Lahore-Z1 (3G-CI-4233),LAHORE_CLUSTER_03_Urban,100%,0.0,142.0,0.0,272.0,0.0,418.0,271.0,271.0,0.0,130.0,3.7,0.0,19956.0,19978.0,19964.0,19978.0,0.0,0.0,418.0,416.0,3.7,100.0,210.0,211.0,0.0,416.0,142.0,142.0,0.0,0.0413,12.8558,0.0641,0.0053,0.0,0.0,12.8558,0.0641,0.0053,0.0,0.0,3.7,0.0
2021-04-01,21:00,HLHRBSC08,33123.0,33123_Chah Meeran Lahore-Z1 (3G-CI-4233),314.0,3123_Chah Meeran Lahore-Z1 (3G-CI-4233),LAHORE_CLUSTER_03_Urban,100%,0.0,90.0,0.0,183.0,0.0,403.0,188.0,188.0,0.0,93.0,3.1819,0.0,18446.0,18850.0,18766.0,18850.0,0.0,0.0,403.0,390.0,3.1819,100.0,138.0,147.0,0.0,390.0,90.0,90.0,0.5515,2.0498,19.7766,2.0117,0.3333,0.0827,0.04,19.7766,2.0117,0.3333,0.0827,0.04,3.1819,0.0
2021-04-01,21:00,HLHRBSC08,37195.0,37195_Baghbanpura Lahore-Z1 (3G-CI-4387),31.0,7195_Baghbanpura Lahore-Z1 (3G-CI-4387),LAHORE_CLUSTER_03_Urban,100%,0.0,49.0,1.0,61.0,0.0,218.0,23.0,23.0,0.0,12.0,1.7722,1.0,10986.0,11040.0,11028.0,11040.0,1.0,1.0,218.0,204.0,1.7722,100.0,91.0,98.0,1.0,204.0,49.0,49.0,1.8066,22.1838,0.0,7.8107,2.0453,0.1573,0.024,0.0,7.8107,2.0453,0.1573,0.024,1.7722,1.0
2021-04-01,21:00,HLHRBSC08,17136.0,17136_PRACS Sub Office GT Road Lahore-Z1 (3G-CI-4077),307.0,7136_PRACS Sub Office GT Road Lahore-Z1 (3G-CI-4077),LAHORE_CLUSTER_03_Urban,100%,0.0,24.0,0.0,67.0,0.0,70.0,81.0,81.0,0.0,43.0,0.7819,0.0,4340.0,4356.0,4356.0,4356.0,0.0,0.0,70.0,65.0,0.7819,100.0,43.0,48.0,0.0,65.0,24.0,24.0,0.0,0.0444,11.9271,0.0827,0.0053,0.0,0.0,11.9271,0.0827,0.0053,0.0,0.0,0.7819,0.0
2021-04-01,21:00,HLHRBSC08,27136.0,27136_PRACS Sub Office GT Road Lahore-Z1 (3G-CI-4077),306.0,7136_PRACS Sub Office GT Road Lahore-Z1 (3G-CI-4077),LAHORE_CLUSTER_03_Urban,100%,0.0,63.0,0.0,132.0,0.0,363.0,136.0,137.0,0.0,70.0,3.375,0.0,22036.0,22150.0,22108.0,22150.0,0.0,0.0,363.0,361.0,3.375,100.0,111.0,112.0,0.0,361.0,63.0,63.0,0.0473,0.284,9.2267,2.0107,0.0267,0.0053,0.0,9.2267,2.0107,0.0267,0.0053,0.0,3.375,0.0
2021-04-01,21:00,HLHRBSC08,37136.0,37136_PRACS Sub Office GT Road Lahore-Z1 (3G-CI-4077),305.0,7136_PRACS Sub Office GT Road Lahore-Z1 (3G-CI-4077),LAHORE_CLUSTER_03_Urban,100%,0.0,70.0,0.0,135.0,0.0,1300.0,127.0,133.0,0.0,66.0,4.4111,0.0,27188.0,28334.0,27832.0,28334.0,1.0,2.0,1300.0,1194.0,4.4111,100.0,157.0,165.0,1.0,1194.0,69.0,70.0,0.1598,1.9411,8.8207,2.6323,0.20800000000000002,0.0187,0.0,8.8207,2.6323,0.20800000000000002,0.0187,0.0,4.4111,0.0
2021-04-01,21:00,HLHRBSC08,31633.0,CI-1633-3_Near Ittefaq Steel Mill Lahore-Z1 (3G-CI-1877),302.0,CI-1633_Near Ittefaq Steel Mill Lahore-Z1 (3G-CI-1877),LAHORE_CLUSTER_03_Urban,100%,0.0,194.0,0.0,262.0,0.0,576.0,123.0,133.0,0.0,79.0,4.7694,0.0,23858.0,23876.0,21762.0,23876.0,0.0,6.0,576.0,502.0,4.7694,100.0,297.0,326.0,0.0,502.0,188.0,194.0,3.0503,23.3387,0.0,9.6037,2.5416,0.3768,0.0053,0.0,9.6037,2.5416,0.3768,0.0053,4.7694,0.0
2021-04-01,21:00,HLHRBSC08,27195.0,27195_Baghbanpura Lahore-Z1 (3G-CI-4387),30.0,7195_Baghbanpura Lahore-Z1 (3G-CI-4387),LAHORE_CLUSTER_03_Urban,100%,0.0,97.0,0.0,139.0,0.0,349.0,88.0,90.0,0.0,43.0,2.3625,0.0,14194.0,14276.0,14208.0,14276.0,0.0,0.0,349.0,346.0,2.3625,100.0,133.0,134.0,0.0,346.0,97.0,97.0,0.0603,0.4423,12.9652,0.2754,0.0508,0.008,0.0,12.9652,0.2754,0.0508,0.008,0.0,2.3625,0.0
2021-04-01,21:00,HLHRBSC08,27972.0,27972_Near Ghoray Shah Road Lahore-Z1 (3G-CI-4471),3.0,7972_Near Ghoray Shah Road Lahore-Z1 (3G-CI-4471),LAHORE_CLUSTER_03_Urban,100%,0.0,97.0,0.0,153.0,0.0,359.0,119.0,120.0,0.0,58.0,3.75,0.0,24238.0,24266.0,24046.0,24266.0,1.0,3.0,359.0,348.0,3.75,100.0,181.0,188.0,1.0,348.0,95.0,97.0,0.057999999999999996,0.7525,13.1126,0.6194,0.0961,0.0054,0.0027,13.1126,0.6194,0.0961,0.0054,0.0027,3.75,0.0
2021-04-01,21:00,HLHRBSC08,21633.0,CI-1633-2_Near Ittefaq Steel Mill Lahore-Z1 (3G-CI-1877),298.0,CI-1633_Near Ittefaq Steel Mill Lahore-Z1 (3G-CI-1877),LAHORE_CLUSTER_03_Urban,100%,0.0,112.0,1.0,186.0,0.0,350.0,153.0,155.0,0.0,74.0,5.1056,1.0,32714.0,32864.0,32266.0,32864.0,0.0,1.0,350.0,320.0,5.1056,100.0,197.0,215.0,0.0,320.0,111.0,112.0,0.0,3.2267,2.4069,7.1649,0.3192,0.0,0.0,2.4069,7.1649,0.3192,0.0,0.0,5.1056,1.0
2021-04-01,21:00,HLHRBSC08,11633.0,CI-1633-1_Near Ittefaq Steel Mill Lahore-Z1 (3G-CI-1877),297.0,CI-1633_Near Ittefaq Steel Mill Lahore-Z1 (3G-CI-1877),LAHORE_CLUSTER_03_Urban,100%,0.0,257.0,0.0,368.0,0.0,916.0,230.0,237.0,0.0,114.0,5.9694,0.0,33280.0,33496.0,33338.0,33496.0,0.0,2.0,916.0,843.0,5.9694,100.0,347.0,364.0,0.0,843.0,255.0,257.0,0.0,2.555,0.0,9.1483,0.2399,0.0,0.0,0.0,9.1483,0.2399,0.0,0.0,5.9694,0.0
2021-04-01,21:00,HLHRBSC08,31624.0,CI-1624-3_Near Mali Shadi Hall Lahore-Z1 (3G-CI-1868),296.0,CI-1624_Near Mali Shadi Hall Lahore-Z1 (3G-CI-1868),LAHORE_CLUSTER_03_Urban,100%,0.0,95.0,1.0,136.0,0.0,292.0,90.0,90.0,0.0,42.0,2.175,1.0,11442.0,11472.0,11404.0,11472.0,0.0,1.0,292.0,290.0,2.175,100.0,205.0,207.0,0.0,290.0,94.0,95.0,0.4015,1.1412,12.1914,0.2504,0.0931,0.0505,0.0,12.1914,0.2504,0.0931,0.0505,0.0,2.175,1.0
2021-04-01,21:00,HLHRBSC08,17195.0,17195_Baghbanpura Lahore-Z1 (3G-CI-4387),29.0,7195_Baghbanpura Lahore-Z1 (3G-CI-4387),LAHORE_CLUSTER_03_Urban,100%,0.0,31.0,0.0,82.0,0.0,96.0,92.0,95.0,0.0,51.0,1.1778,0.0,7148.0,7152.0,7152.0,7152.0,0.0,0.0,96.0,87.0,1.1778,100.0,58.0,59.0,0.0,87.0,31.0,31.0,0.0,0.3536,11.8027,1.7253,0.048,0.0,0.0,11.8027,1.7253,0.048,0.0,0.0,1.1778,0.0
2021-04-01,21:00,HLHRBSC08,21624.0,CI-1624-2_Near Mali Shadi Hall Lahore-Z1 (3G-CI-1868),286.0,CI-1624_Near Mali Shadi Hall Lahore-Z1 (3G-CI-1868),LAHORE_CLUSTER_03_Urban,100%,0.0,71.0,0.0,126.0,0.0,215.0,106.0,106.0,0.0,55.0,2.4597,0.0,15652.0,15652.0,15628.0,15652.0,0.0,0.0,215.0,215.0,2.4597,100.0,166.0,166.0,0.0,215.0,71.0,71.0,0.0,0.0477,11.0802,0.1283,0.0054,0.0,0.0,11.0802,0.1283,0.0054,0.0,0.0,2.4597,0.0
2021-04-01,21:00,HLHRBSC08,11624.0,CI-1624-1_Near Mali Shadi Hall Lahore-Z1 (3G-CI-1868),283.0,CI-1624_Near Mali Shadi Hall Lahore-Z1 (3G-CI-1868),LAHORE_CLUSTER_03_Urban,100%,0.0,32.0,0.0,64.0,0.0,122.0,69.0,69.0,0.0,32.0,0.7792,0.0,4366.0,4368.0,4366.0,4368.0,0.0,0.0,122.0,122.0,0.7792,100.0,65.0,65.0,0.0,122.0,32.0,32.0,0.0,0.3612,10.7744,0.2586,0.04,0.0,0.0,10.7744,0.2586,0.04,0.0,0.0,0.7792,0.0
2021-04-01,21:00,HLHRBSC08,37308.0,37308_Karrol Ghati Ring Road Lahore-Z1 (3G-CI-1673),28.0,7308_Karrol Ghati Ring Road Lahore-Z1 (3G-CI-1673),LAHORE_CLUSTER_03_Urban,100%,0.0,84.0,1.0,183.0,0.0,276.0,210.0,212.0,0.0,100.0,2.1236,1.0,10904.0,10904.0,10798.0,10904.0,0.0,1.0,276.0,271.0,2.1236,100.0,154.0,155.0,0.0,271.0,83.0,84.0,0.0215,1.4621,0.0,12.2046,0.1784,0.0027,0.0,0.0,12.2046,0.1784,0.0027,0.0,2.1236,1.0
2021-04-01,21:00,HLHRBSC08,27069.0,27069_Chamra Mandi Lahore-Z1 (3G-CI-4322),250.0,7069_Chamra Mandi Lahore-Z1 (3G-CI-4322),LAHORE_CLUSTER_03_Urban,100%,0.0,84.0,0.0,121.0,0.0,223.0,72.0,73.0,0.0,38.0,1.7097,0.0,9590.0,9654.0,9648.0,9654.0,0.0,0.0,223.0,223.0,1.7097,100.0,183.0,183.0,0.0,223.0,84.0,84.0,1.6254,4.2212,9.492,1.0642,0.2861,0.107,0.0722,9.492,1.0642,0.2861,0.107,0.0722,1.7097,0.0
2021-04-01,21:00,HLHRBSC08,37069.0,37069_Chamra Mandi Lahore-Z1 (3G-CI-4322),249.0,7069_Chamra Mandi Lahore-Z1 (3G-CI-4322),LAHORE_CLUSTER_03_Urban,100%,0.0,197.0,2.0,308.0,0.0,790.0,221.0,227.0,0.0,112.0,6.8903,2.0,42420.0,42616.0,41972.0,42616.0,0.0,0.0,790.0,745.0,6.8903,100.0,595.0,615.0,0.0,745.0,197.0,197.0,39.298,100.0,0.0,0.0,4.437,2.8697,0.0028,0.0,0.0,4.437,2.8697,0.0028,6.8903,2.0
2021-04-01,21:00,HLHRBSC08,17069.0,17069_Chamra Mandi Lahore-Z1 (3G-CI-4322),248.0,7069_Chamra Mandi Lahore-Z1 (3G-CI-4322),LAHORE_CLUSTER_03_Urban,100%,0.0,100.0,0.0,171.0,0.0,254.0,141.0,141.0,0.0,71.0,2.7333,0.0,15688.0,15714.0,15708.0,15714.0,0.0,0.0,254.0,249.0,2.7333,100.0,161.0,161.0,0.0,249.0,100.0,100.0,0.0379,0.1706,13.9173,0.1227,0.0187,0.0053,0.0,13.9173,0.1227,0.0187,0.0053,0.0,2.7333,0.0
2021-04-01,21:00,HLHRBSC08,33067.0,33067_Kacha Rahim Road Mazhar Lahore-Z1 (3G-CI-4213),235.0,3067_Kacha Rahim Road Mazhar Lahore-Z1 (3G-CI-4213),LAHORE_CLUSTER_03_Urban,100%,0.0,41.0,1.0,112.0,0.0,352.0,126.0,129.0,0.0,72.0,2.5764,1.0,16054.0,16166.0,15994.0,16166.0,1.0,2.0,352.0,324.0,2.5764,100.0,131.0,143.0,1.0,324.0,40.0,41.0,0.1924,34.3489,7.1818,0.1016,3.7894,0.0187,0.0027,7.1818,0.1016,3.7894,0.0187,0.0027,2.5764,1.0
2021-04-01,21:00,HLHRBSC08,23067.0,23067_Kacha Rahim Road Mazhar Lahore-Z1 (3G-CI-4213),234.0,3067_Kacha Rahim Road Mazhar Lahore-Z1 (3G-CI-4213),LAHORE_CLUSTER_03_Urban,100%,0.0,97.0,0.0,186.0,0.0,267.0,182.0,183.0,0.0,90.0,4.6431,0.0,29442.0,29534.0,29362.0,29534.0,0.0,0.0,267.0,256.0,4.6431,100.0,138.0,144.0,0.0,256.0,97.0,97.0,21.2471,100.0,0.0,0.0,9.5041,2.5588,0.0053,0.0,0.0,9.5041,2.5588,0.0053,4.6431,0.0
2021-04-01,21:00,HLHRBSC08,13067.0,13067_Kacha Rahim Road Mazhar Lahore-Z1 (3G-CI-4213),233.0,3067_Kacha Rahim Road Mazhar Lahore-Z1 (3G-CI-4213),LAHORE_CLUSTER_03_Urban,100%,0.0,100.0,2.0,188.0,0.0,270.0,178.0,180.0,0.0,88.0,3.1139,2.0,19050.0,19050.0,19050.0,19050.0,0.0,0.0,270.0,244.0,3.1139,100.0,135.0,145.0,0.0,244.0,100.0,100.0,0.1889,51.4569,4.5147,4.4171,9.4332,0.0294,0.0053,4.5147,4.4171,9.4332,0.0294,0.0053,3.1139,2.0
2021-04-01,21:00,HLHRBSC08,31285.0,CI-1285-3_Fazal Park Lahore-Z1 (3G-CI-4903),22.0,CI-1285_Fazal Park Lahore-Z1 (3G-CI-4903),LAHORE_CLUSTER_03_Urban,100%,0.0,66.0,1.0,117.0,0.0,170.0,102.0,104.0,0.0,51.0,1.6472,1.0,9954.0,10010.0,10006.0,10010.0,0.0,1.0,170.0,166.0,1.6472,100.0,136.0,137.0,0.0,166.0,65.0,66.0,0.0616,0.8618,11.5131,1.3737,0.10400000000000001,0.008,0.0,11.5131,1.3737,0.10400000000000001,0.008,0.0,1.6472,1.0
2021-04-01,21:00,HLHRBSC08,17285.0,17285_Karim Park Lahore-Z1 (3G-CI-4440),211.0,7285_Karim Park Lahore-Z1 (3G-CI-4440),LAHORE_CLUSTER_03_Urban,100%,0.0,60.0,0.0,115.0,0.0,353.0,108.0,110.0,0.0,55.0,2.2986,0.0,13562.0,13568.0,13522.0,13568.0,0.0,0.0,353.0,275.0,2.2986,100.0,151.0,158.0,0.0,275.0,60.0,60.0,0.11699999999999999,31.6639,0.0,7.767,3.5856,0.0106,0.0027,0.0,7.767,3.5856,0.0106,0.0027,2.2986,0.0
2021-04-01,21:00,HLHRBSC08,27285.0,27285_Karim Park Lahore-Z1 (3G-CI-4440),210.0,7285_Karim Park Lahore-Z1 (3G-CI-4440),LAHORE_CLUSTER_03_Urban,100%,0.0,172.0,1.0,246.0,0.0,506.0,149.0,150.0,0.0,75.0,7.2333,1.0,45828.0,46212.0,45578.0,46212.0,2.0,2.0,506.0,499.0,7.2333,100.0,271.0,276.0,2.0,499.0,172.0,172.0,0.0816,0.3062,25.166,0.8472,0.0586,0.0186,0.0027,25.166,0.8472,0.0586,0.0186,0.0027,7.2333,1.0
2021-04-01,21:00,HLHRBSC08,21285.0,CI-1285-2_Fazal Park Lahore-Z1 (3G-CI-4903),21.0,CI-1285_Fazal Park Lahore-Z1 (3G-CI-4903),LAHORE_CLUSTER_03_Urban,100%,0.0,70.0,0.0,114.0,0.0,326.0,89.0,89.0,0.0,45.0,2.0889,0.0,13224.0,13224.0,13088.0,13224.0,0.0,1.0,326.0,266.0,2.0889,100.0,115.0,128.0,0.0,266.0,69.0,70.0,0.0,1.3296,0.0,13.463,0.1814,0.0,0.0,0.0,13.463,0.1814,0.0,0.0,2.0889,0.0
2021-04-01,21:00,HLHRBSC08,37285.0,37285_Karim Park Lahore-Z1 (3G-CI-4440),209.0,7285_Karim Park Lahore-Z1 (3G-CI-4440),LAHORE_CLUSTER_03_Urban,100%,0.0,65.0,0.0,118.0,0.0,288.0,105.0,108.0,0.0,54.0,2.6806,0.0,16922.0,16958.0,16836.0,16958.0,0.0,1.0,288.0,282.0,2.6806,100.0,194.0,196.0,0.0,282.0,64.0,65.0,0.2289,1.1252,12.4169,1.4433,0.1256,0.0241,0.008,12.4169,1.4433,0.1256,0.0241,0.008,2.6806,0.0
2021-04-01,21:00,HLHRBSC08,17972.0,17972_Near Ghoray Shah Road Lahore-Z1 (3G-CI-4471),2.0,7972_Near Ghoray Shah Road Lahore-Z1 (3G-CI-4471),LAHORE_CLUSTER_03_Urban,100%,0.0,85.0,0.0,114.0,0.0,213.0,59.0,60.0,0.0,29.0,1.2167,0.0,5376.0,5398.0,5300.0,5398.0,0.0,0.0,213.0,207.0,1.2167,100.0,116.0,122.0,0.0,207.0,85.0,85.0,100.0,100.0,0.0,0.0,0.0,0.0,10.8182,0.0,0.0,0.0,0.0,10.8182,1.2167,0.0
2021-04-01,21:00,HLHRBSC08,33964.0,33964_Madhu Lal Hussain Shrine Lahore-Z1 (3G-CI-1632),19.0,3964_Madhu Lal Hussain Shrine Lahore-Z1 (3G-CI-1632),LAHORE_CLUSTER_03_Urban,100%,0.0,66.0,1.0,113.0,0.0,271.0,98.0,100.0,0.0,48.0,2.2556,1.0,13400.0,13450.0,13448.0,13450.0,0.0,1.0,271.0,264.0,2.2556,100.0,121.0,127.0,0.0,264.0,65.0,66.0,0.0,0.0,13.2867,0.1949,0.0,0.0,0.0,13.2867,0.1949,0.0,0.0,0.0,2.2556,1.0
2021-04-01,21:00,HLHRBSC08,23964.0,23964_Madhu Lal Hussain Shrine Lahore-Z1 (3G-CI-1632),18.0,3964_Madhu Lal Hussain Shrine Lahore-Z1 (3G-CI-1632),LAHORE_CLUSTER_03_Urban,100%,0.0,39.0,1.0,67.0,0.0,243.0,57.0,57.0,0.0,28.0,1.7583,1.0,11404.0,11536.0,11518.0,11536.0,0.0,0.0,243.0,240.0,1.7583,100.0,100.0,100.0,0.0,240.0,39.0,39.0,0.0,0.6411,10.6453,1.3387,0.0773,0.0,0.0,10.6453,1.3387,0.0773,0.0,0.0,1.7583,1.0
2021-04-01,21:00,HLHRBSC08,13964.0,13964_Madhu Lal Hussain Shrine Lahore-Z1 (3G-CI-1632),17.0,3964_Madhu Lal Hussain Shrine Lahore-Z1 (3G-CI-1632),LAHORE_CLUSTER_03_Urban,100%,0.0,43.0,1.0,63.0,0.0,385.0,42.0,42.0,0.0,20.0,2.05,1.0,13510.0,13520.0,13518.0,13520.0,0.0,0.0,385.0,385.0,2.05,100.0,67.0,67.0,0.0,385.0,43.0,43.0,0.0678,0.1129,11.7599,0.032,0.0053,0.0,0.008,11.7599,0.032,0.0053,0.0,0.008,2.05,1.0
2021-04-01,21:00,HLHRBSC08,37072.0,37072_UET Lahore-Z1 (3G-CI-4062),16.0,7072_UET Lahore-Z1 (3G-CI-4062),LAHORE_CLUSTER_03_Urban,100%,0.0,37.0,0.0,88.0,0.0,187.0,97.0,98.0,0.0,51.0,1.8542,0.0,11966.0,11968.0,11930.0,11968.0,2.0,2.0,187.0,175.0,1.8542,100.0,90.0,92.0,2.0,175.0,37.0,37.0,1.9275,17.9118,5.2448,4.5356,1.9045,0.2163,0.0134,5.2448,4.5356,1.9045,0.2163,0.0134,1.8542,0.0
2021-04-01,21:00,HLHRBSC08,27072.0,27072_UET Lahore-Z1 (3G-CI-4062),15.0,7072_UET Lahore-Z1 (3G-CI-4062),LAHORE_CLUSTER_03_Urban,100%,0.0,48.0,0.0,89.0,0.0,123.0,80.0,80.0,0.0,41.0,0.9375,0.0,4518.0,4518.0,4518.0,4518.0,0.0,0.0,123.0,123.0,0.9375,100.0,88.0,88.0,0.0,123.0,48.0,48.0,0.0,0.0226,11.7953,0.0347,0.0027,0.0,0.0,11.7953,0.0347,0.0027,0.0,0.0,0.9375,0.0
2021-04-01,21:00,HLHRBSC08,37268.0,37268_China Scheme Lahore-Z1 (3G-CI-4434),148.0,7268_China Scheme Lahore-Z1 (3G-CI-4434),LAHORE_CLUSTER_03_Urban,100%,0.0,79.0,0.0,153.0,0.0,275.0,146.0,150.0,0.0,75.0,2.1986,0.0,12200.0,12486.0,12460.0,12486.0,0.0,0.0,275.0,266.0,2.1986,100.0,194.0,203.0,0.0,266.0,79.0,79.0,0.1626,2.3451,8.9215,2.2680000000000002,0.2501,0.0186,0.0,8.9215,2.2680000000000002,0.2501,0.0186,0.0,2.1986,0.0
2021-04-01,21:00,HLHRBSC08,27268.0,27268_China Scheme Lahore-Z1 (3G-CI-4434),147.0,7268_China Scheme Lahore-Z1 (3G-CI-4434),LAHORE_CLUSTER_03_Urban,100%,0.0,25.0,0.0,80.0,0.0,84.0,101.0,101.0,0.0,55.0,1.5972,0.0,10248.0,10284.0,10272.0,10284.0,0.0,0.0,84.0,84.0,1.5972,100.0,55.0,55.0,0.0,84.0,25.0,25.0,0.3169,0.6791,5.7353,0.131,0.0214,0.0134,0.0054,5.7353,0.131,0.0214,0.0134,0.0054,1.5972,0.0
2021-04-01,21:00,HLHRBSC08,17072.0,17072_UET Lahore-Z1 (3G-CI-4062),14.0,7072_UET Lahore-Z1 (3G-CI-4062),LAHORE_CLUSTER_03_Urban,100%,0.0,64.0,0.0,95.0,0.0,237.0,63.0,63.0,0.0,31.0,1.4431,0.0,8526.0,8526.0,8514.0,8526.0,0.0,0.0,237.0,234.0,1.4431,100.0,126.0,129.0,0.0,234.0,64.0,64.0,0.3065,1.8631,7.1627,3.9386,0.1761,0.024,0.0107,7.1627,3.9386,0.1761,0.024,0.0107,1.4431,0.0
2021-04-01,21:00,HLHRBSC08,37032.0,37032_Back of UET Lahore-Z1 (3G-CI-4301),134.0,7032_Back of UET Lahore-Z1 (3G-CI-4301),LAHORE_CLUSTER_03_Urban,100%,0.0,119.0,0.0,156.0,0.0,221.0,74.0,74.0,0.0,37.0,2.775,0.0,15888.0,15896.0,15880.0,15896.0,0.0,0.0,221.0,211.0,2.775,100.0,155.0,162.0,0.0,211.0,119.0,119.0,0.0897,0.5162,7.4707,4.3377,0.0506,0.008,0.0027,7.4707,4.3377,0.0506,0.008,0.0027,2.775,0.0
2021-04-01,21:00,HLHRBSC08,27032.0,27032_Back of UET Lahore-Z1 (3G-CI-4301),133.0,7032_Back of UET Lahore-Z1 (3G-CI-4301),LAHORE_CLUSTER_03_Urban,100%,0.0,140.0,0.0,189.0,0.0,438.0,87.0,90.0,0.0,49.0,4.1431,0.0,24576.0,24794.0,24578.0,24794.0,1.0,1.0,438.0,421.0,4.1431,100.0,201.0,203.0,1.0,421.0,140.0,140.0,0.1386,0.7762,16.9495,2.0904,0.1224,0.0133,0.0133,16.9495,2.0904,0.1224,0.0133,0.0133,4.1431,0.0
2021-04-01,21:00,HLHRBSC08,17032.0,17032_Back of UET Lahore-Z1 (3G-CI-4301),132.0,7032_Back of UET Lahore-Z1 (3G-CI-4301),LAHORE_CLUSTER_03_Urban,100%,0.0,37.0,0.0,115.0,0.0,157.0,148.0,154.0,0.0,80.0,1.075,0.0,5392.0,5408.0,5312.0,5408.0,0.0,0.0,157.0,153.0,1.075,100.0,54.0,56.0,0.0,153.0,37.0,37.0,0.0982,27.5608,11.704,0.0747,4.4654,0.016,0.0,11.704,0.0747,4.4654,0.016,0.0,1.075,0.0
2021-04-01,21:00,HLHRBSC08,37031.0,37031_Tezaab Ahata Lahore-Z1 (3G-CI-4300),131.0,7031_Tezaab Ahata Lahore-Z1 (3G-CI-4300),LAHORE_CLUSTER_03_Urban,100%,0.0,107.0,0.0,204.0,0.0,377.0,196.0,198.0,0.0,97.0,4.7014,0.0,28632.0,28734.0,28428.0,28734.0,1.0,1.0,377.0,350.0,4.7014,100.0,177.0,187.0,1.0,350.0,107.0,107.0,1.5952,69.2897,3.3871,1.5242,10.8259,0.2041,0.051,3.3871,1.5242,10.8259,0.2041,0.051,4.7014,0.0
2021-04-01,21:00,HLHRBSC08,27031.0,27031_Tezaab Ahata Lahore-Z1 (3G-CI-4300),130.0,7031_Tezaab Ahata Lahore-Z1 (3G-CI-4300),LAHORE_CLUSTER_03_Urban,100%,0.0,141.0,0.0,318.0,0.0,1663.0,332.0,334.0,0.0,177.0,8.5694,0.0,54522.0,54774.0,53962.0,54774.0,2.0,2.0,1663.0,1655.0,8.5694,100.0,1352.0,1355.0,2.0,1655.0,141.0,141.0,0.0,0.0,22.967,0.3814,0.0,0.0,0.0,22.967,0.3814,0.0,0.0,0.0,8.5694,0.0
2021-04-01,21:00,HLHRBSC08,31129.0,CI-1129-3_Singpura Lahore-Z1 (3G-CI-1784),13.0,CI-1129_Singpura Lahore-Z1 (3G-CI-1784),LAHORE_CLUSTER_03_Urban,100%,0.0,41.0,0.0,84.0,0.0,114.0,88.0,88.0,0.0,42.0,1.1514,0.0,6524.0,6528.0,6526.0,6528.0,0.0,0.0,114.0,113.0,1.1514,100.0,65.0,66.0,0.0,113.0,41.0,41.0,2.5069,10.8987,8.48,2.7039999999999997,1.0533,0.2107,0.10400000000000001,8.48,2.7039999999999997,1.0533,0.2107,0.10400000000000001,1.1514,0.0
2021-04-01,21:00,HLHRBSC08,17031.0,17031_Tezaab Ahata Lahore-Z1 (3G-CI-4300),129.0,7031_Tezaab Ahata Lahore-Z1 (3G-CI-4300),LAHORE_CLUSTER_03_Urban,100%,0.0,138.0,1.0,234.0,0.0,374.0,184.0,188.0,0.0,97.0,6.6236,1.0,43594.0,43740.0,43680.0,43740.0,0.0,0.0,374.0,370.0,6.6236,100.0,178.0,181.0,0.0,370.0,138.0,138.0,0.1932,1.4503,11.2452,2.3663,0.1736,0.024,0.0027,11.2452,2.3663,0.1736,0.024,0.0027,6.6236,1.0
2021-04-01,21:00,HLHRBSC08,37003.0,37003_Shahb Park Lahore-Z1 (3G-CI-4286),125.0,7003_Shahb Park Lahore-Z1 (3G-CI-4286),LAHORE_CLUSTER_03_Urban,100%,0.0,67.0,1.0,116.0,0.0,145.0,100.0,101.0,0.0,50.0,4.4444,1.0,30904.0,30966.0,30958.0,30966.0,0.0,1.0,145.0,145.0,4.4444,100.0,102.0,102.0,0.0,145.0,66.0,67.0,0.0,0.1738,8.7857,0.4275,0.016,0.0,0.0,8.7857,0.4275,0.016,0.0,0.0,4.4444,1.0
2021-04-01,21:00,HLHRBSC08,27003.0,27003_Shahb Park Lahore-Z1 (3G-CI-4286),124.0,7003_Shahb Park Lahore-Z1 (3G-CI-4286),LAHORE_CLUSTER_03_Urban,100%,0.0,49.0,0.0,93.0,0.0,301.0,94.0,94.0,0.0,44.0,1.1083,0.0,5932.0,5980.0,5976.0,5980.0,0.0,0.0,301.0,298.0,1.1083,100.0,81.0,82.0,0.0,298.0,49.0,49.0,0.4106,2.0528,11.8906,1.4693,0.22399999999999998,0.055999999999999994,0.0,11.8906,1.4693,0.22399999999999998,0.055999999999999994,0.0,1.1083,0.0
2021-04-01,21:00,HLHRBSC08,17003.0,17003_Shahb Park Lahore-Z1 (3G-CI-4286),123.0,7003_Shahb Park Lahore-Z1 (3G-CI-4286),LAHORE_CLUSTER_03_Urban,100%,0.0,81.0,0.0,161.0,0.0,420.0,164.0,164.0,0.0,80.0,4.5486,0.0,29790.0,29866.0,29768.0,29866.0,0.0,0.0,420.0,410.0,4.5486,100.0,168.0,171.0,0.0,410.0,81.0,81.0,0.0522,0.7312,8.8773,1.2587,0.0693,0.0053,0.0,8.8773,1.2587,0.0693,0.0053,0.0,4.5486,0.0
2021-04-01,21:00,HLHRBSC08,33094.0,33094_Islam Bahi Lahore-Z1 (3G-CI-4030),122.0,3094_Islam Bahi Lahore-Z1 (3G-CI-4030),LAHORE_CLUSTER_03_Urban,100%,0.0,124.0,0.0,236.0,0.0,811.0,217.0,222.0,0.0,112.0,4.1403,0.0,25490.0,25506.0,25454.0,25506.0,0.0,0.0,811.0,772.0,4.1403,100.0,197.0,213.0,0.0,772.0,124.0,124.0,0.9545,4.0907,10.5214,4.5241,0.49200000000000005,0.1016,0.0481,10.5214,4.5241,0.49200000000000005,0.1016,0.0481,4.1403,0.0
2021-04-01,21:00,HLHRBSC08,23094.0,23094_Islam Bahi Lahore-Z1 (3G-CI-4030),121.0,3094_Islam Bahi Lahore-Z1 (3G-CI-4030),LAHORE_CLUSTER_03_Urban,100%,0.0,82.0,0.0,165.0,0.0,981.0,144.0,153.0,0.0,85.0,4.9583,0.0,33008.0,33390.0,33382.0,33390.0,0.0,1.0,981.0,951.0,4.9583,100.0,233.0,240.0,0.0,951.0,81.0,82.0,0.0,0.2192,14.350999999999999,0.2349,0.032,0.0,0.0,14.350999999999999,0.2349,0.032,0.0,0.0,4.9583,0.0
2021-04-01,21:00,HLHRBSC08,13094.0,13094_Islam Bahi Lahore-Z1 (3G-CI-4030),120.0,3094_Islam Bahi Lahore-Z1 (3G-CI-4030),LAHORE_CLUSTER_03_Urban,100%,0.0,132.0,1.0,222.0,0.0,351.0,201.0,203.0,0.0,90.0,4.4458,1.0,26754.0,26780.0,26682.0,26780.0,0.0,0.0,351.0,338.0,4.4458,100.0,211.0,220.0,0.0,338.0,132.0,132.0,0.159,0.9540000000000001,15.0929,1.5497,0.1336,0.024,0.0027,15.0929,1.5497,0.1336,0.024,0.0027,4.4458,1.0
2021-04-01,21:00,HLHRBSC08,21129.0,CI-1129-2_Singpura Lahore-Z1 (3G-CI-1784),12.0,CI-1129_Singpura Lahore-Z1 (3G-CI-1784),LAHORE_CLUSTER_03_Urban,100%,0.0,23.0,0.0,40.0,0.0,134.0,39.0,40.0,0.0,17.0,1.4014,0.0,9308.0,9356.0,9356.0,9356.0,0.0,0.0,134.0,134.0,1.4014,100.0,102.0,102.0,0.0,134.0,23.0,23.0,0.0214,0.0858,12.3583,0.0909,0.008,0.0027,0.0,12.3583,0.0909,0.008,0.0027,0.0,1.4014,0.0
2021-04-01,21:00,HLHRBSC08,33658.0,33658_Misri Shah Lahore-Z1 (3G-CI-1029),116.0,3658_Misri Shah Lahore-Z1 (3G-CI-1029),LAHORE_CLUSTER_03_Urban,100%,4.0,87.0,0.0,130.0,0.0,352.0,91.0,91.0,0.0,44.0,2.9403,0.0,15522.0,17142.0,16978.0,17142.0,2.0,3.0,352.0,318.0,2.9403,100.0,198.0,218.0,2.0,318.0,82.0,87.0,0.1097,0.5485,9.712,2.4061,0.0535,0.0134,0.0,9.712,2.4061,0.0535,0.0134,0.0,2.9403,0.0
2021-04-01,21:00,HLHRBSC08,23658.0,23658_Misri Shah Lahore-Z1 (3G-CI-1029),115.0,3658_Misri Shah Lahore-Z1 (3G-CI-1029),LAHORE_CLUSTER_03_Urban,100%,0.0,72.0,0.0,153.0,0.0,252.0,175.0,177.0,0.0,81.0,3.3958,0.0,21930.0,21964.0,21950.0,21964.0,1.0,1.0,252.0,249.0,3.3958,100.0,181.0,184.0,1.0,249.0,72.0,72.0,0.0,0.1159,8.9456,0.2289,0.0107,0.0,0.0,8.9456,0.2289,0.0107,0.0,0.0,3.3958,0.0
2021-04-01,21:00,HLHRBSC08,13658.0,13658_Misri Shah Lahore-Z1 (3G-CI-1029),114.0,3658_Misri Shah Lahore-Z1 (3G-CI-1029),LAHORE_CLUSTER_03_Urban,100%,0.0,134.0,0.0,180.0,0.0,340.0,102.0,102.0,0.0,46.0,4.0764,0.0,23218.0,23248.0,23238.0,23248.0,1.0,1.0,340.0,305.0,4.0764,100.0,212.0,228.0,1.0,305.0,134.0,134.0,0.043,0.5597,8.9847,3.3532,0.0641,0.0027,0.0027,8.9847,3.3532,0.0641,0.0027,0.0027,4.0764,0.0
2021-04-01,21:00,HLHRBSC08,33064.0,33064_Kot Khwaja Saeed Lahore-Z1 (3G-CI-4211),113.0,3064_Kot Khwaja Saeed Lahore-Z1 (3G-CI-4211),LAHORE_CLUSTER_03_Urban,100%,0.0,37.0,0.0,125.0,0.0,207.0,175.0,175.0,0.0,88.0,1.4542,0.0,8402.0,8402.0,8396.0,8402.0,1.0,1.0,207.0,200.0,1.4542,100.0,151.0,156.0,1.0,200.0,37.0,37.0,0.1761,1.4966,7.2273,4.7406,0.1604,0.0214,0.0,7.2273,4.7406,0.1604,0.0214,0.0,1.4542,0.0
2021-04-01,21:00,HLHRBSC08,23064.0,23064_Kot Khwaja Saeed Lahore-Z1 (3G-CI-4211),112.0,3064_Kot Khwaja Saeed Lahore-Z1 (3G-CI-4211),LAHORE_CLUSTER_03_Urban,100%,0.0,38.0,0.0,57.0,0.0,125.0,33.0,33.0,0.0,19.0,1.9292,0.0,12150.0,12150.0,12114.0,12150.0,0.0,0.0,125.0,121.0,1.9292,100.0,57.0,61.0,0.0,121.0,38.0,38.0,0.0725,11.9197,5.6524,4.0882,1.3102,0.008,0.0,5.6524,4.0882,1.3102,0.008,0.0,1.9292,0.0
2021-04-01,21:00,HLHRBSC08,13064.0,13064_Kot Khwaja Saeed Lahore-Z1 (3G-CI-4211),111.0,3064_Kot Khwaja Saeed Lahore-Z1 (3G-CI-4211),LAHORE_CLUSTER_03_Urban,100%,0.0,63.0,0.0,155.0,0.0,298.0,183.0,185.0,0.0,93.0,2.4694,0.0,14984.0,14986.0,14976.0,14986.0,1.0,1.0,298.0,288.0,2.4694,100.0,202.0,209.0,1.0,288.0,63.0,63.0,0.2409,1.3574,7.1867,4.8293,0.136,0.0267,0.0027,7.1867,4.8293,0.136,0.0267,0.0027,2.4694,0.0
2021-04-01,21:00,HLHRBSC08,11129.0,CI-1129-1_Singpura Lahore-Z1 (3G-CI-1784),11.0,CI-1129_Singpura Lahore-Z1 (3G-CI-1784),LAHORE_CLUSTER_03_Urban,100%,0.0,38.0,0.0,69.0,0.0,133.0,60.0,62.0,0.0,31.0,1.0875,0.0,6472.0,6554.0,6554.0,6554.0,0.0,0.0,133.0,122.0,1.0875,100.0,63.0,72.0,0.0,122.0,38.0,38.0,0.0,100.0,0.0,0.0,10.7473,0.0,0.0,0.0,0.0,10.7473,0.0,0.0,1.0875,0.0
2021-04-01,21:00,HLHRBSC08,33010.0,33010_PTCL Exchange Baghban (Gold) Lahore-Z1 (3G-CI-4184),107.0,3010_PTCL Exchange Baghban (Gold) Lahore-Z1 (3G-CI-4184),LAHORE_CLUSTER_03_Urban,100%,0.0,101.0,0.0,150.0,0.0,423.0,110.0,112.0,0.0,50.0,1.8528,0.0,10104.0,10216.0,10002.0,10216.0,1.0,2.0,423.0,409.0,1.8528,100.0,129.0,137.0,1.0,409.0,100.0,101.0,0.4928,100.0,0.0,0.0,11.8797,0.0401,0.0187,0.0,0.0,11.8797,0.0401,0.0187,1.8528,0.0
2021-04-01,21:00,HLHRBSC08,23010.0,23010_PTCL Exchange Baghban (Gold) Lahore-Z1 (3G-CI-4184),103.0,3010_PTCL Exchange Baghban (Gold) Lahore-Z1 (3G-CI-4184),LAHORE_CLUSTER_03_Urban,100%,0.0,121.0,0.0,157.0,0.0,1000.0,62.0,62.0,0.0,37.0,3.6972,0.0,23784.0,23978.0,23904.0,23978.0,0.0,1.0,1000.0,983.0,3.6972,100.0,154.0,155.0,0.0,983.0,120.0,121.0,0.7605,4.2634,9.5958,6.5312,0.5901,0.1121,0.016,9.5958,6.5312,0.5901,0.1121,0.016,3.6972,0.0
2021-04-01,21:00,HLHRBSC08,13010.0,13010_PTCL Exchange Baghban (Gold) Lahore-Z1 (3G-CI-4184),102.0,3010_PTCL Exchange Baghban (Gold) Lahore-Z1 (3G-CI-4184),LAHORE_CLUSTER_03_Urban,100%,0.0,51.0,0.0,80.0,0.0,577.0,51.0,52.0,0.0,29.0,0.8972,0.0,4140.0,4344.0,4246.0,4344.0,0.0,0.0,577.0,556.0,0.8972,100.0,68.0,71.0,0.0,556.0,51.0,51.0,0.9841,4.4061,5.6684,5.7594,0.4091,0.0802,0.0374,5.6684,5.7594,0.4091,0.0802,0.0374,0.8972,0.0
2021-04-01,21:00,HLHRBSC08,37202.0,37202_Tajpura (Gold) Lahore-Z1 (3G-CI-4394),101.0,7202_Tajpura (Gold) Lahore-Z1 (3G-CI-4394),LAHORE_CLUSTER_03_Urban,100%,0.0,62.0,0.0,126.0,0.0,327.0,122.0,125.0,0.0,65.0,1.2917,0.0,6338.0,6360.0,6250.0,6360.0,0.0,1.0,327.0,321.0,1.2917,100.0,268.0,271.0,0.0,321.0,61.0,62.0,1.0128,3.0163,6.2219,5.5561,0.2433,0.1016,0.0214,6.2219,5.5561,0.2433,0.1016,0.0214,1.2917,0.0
2021-04-01,21:00,HLHRBSC08,27202.0,27202_Tajpura (Gold) Lahore-Z1 (3G-CI-4394),1.0,7202_Tajpura (Gold) Lahore-Z1 (3G-CI-4394),LAHORE_CLUSTER_03_Urban,100%,0.0,82.0,0.0,129.0,0.0,1209.0,96.0,96.0,0.0,48.0,5.3542,0.0,35628.0,36282.0,35966.0,36282.0,0.0,1.0,1209.0,1194.0,5.3542,100.0,1022.0,1026.0,0.0,1194.0,81.0,82.0,0.0,0.0316,25.3021,0.107,0.008,0.0,0.0,25.3021,0.107,0.008,0.0,0.0,5.3542,0.0
2021-04-01,21:00,HLHRBSC08,17202.0,17202_Tajpura (Gold) Lahore-Z1 (3G-CI-4394),0.0,7202_Tajpura (Gold) Lahore-Z1 (3G-CI-4394),LAHORE_CLUSTER_03_Urban,100%,0.0,56.0,0.0,97.0,0.0,226.0,81.0,81.0,0.0,41.0,4.0722,0.0,27524.0,27554.0,27488.0,27554.0,1.0,1.0,226.0,188.0,4.0722,100.0,81.0,109.0,1.0,188.0,56.0,56.0,0.3301,0.9612,23.3075,3.9204,0.1735,0.0881,0.0027,23.3075,3.9204,0.1735,0.0881,0.0027,4.0722,0.0
