Date,Time,GBSC,Cell CI,Cell Name,CellIndex,Site Name,Location,Integrity,_CallSetup TCH GOS(%)_N,_CallSetup TCH GOS(%)_D,_DCR_N,_DCR_D,_GOS-SDCCH(%)_N,_GOS-SDCCH(%)_D,_HSR%_N,_HSR%_D,_Mobility TCH GOS(%)_N,_Mobility TCH GOS(%)_D,_MTBD (Mean Time between Drop)_N,_MTBD (Mean Time between Drop)_D,_RxQual Index DL_1,_RxQual Index DL_2,_RxQual Index UL_1,_RxQual Index UL_2,CSSR_Non Blocking_1_N,CSSR_Non Blocking_2_N,CSSR_Non Blocking_1_D,CSSR_Non Blocking_2_D,GlobelTraffic,TCH Availability Rate,_cssr_Call Setup Indications (Circuit Service)_N_1,_Cssr_Channel Requests (Circuit Service)_D_1,_CSSR_Call Drops on SDCCH_N_2,_CSSR_Successful SDCCH Seizures_D_2,_CSSR_Successful TCH Seizures (Traffic Channel)_N_3,_CSSR_TCH Seizure Requests (Traffic Channel)_D_3,Interference Band Proportion (4~5)(%),Interference Band 345,Mean Number of TCH in Interference Band 1,Mean Number of TCH in Interference Band 2,Mean Number of TCH in Interference Band 3,Mean Number of TCH in Interference Band 4,Mean Number of TCH in Interference Band 5,Mean Number of TCH in Interference Band 1.1,Mean Number of TCH in Interference Band 2.1,Mean Number of TCH in Interference Band 3.1,Mean Number of TCH in Interference Band 4.1,Mean Number of TCH in Interference Band 5.1,K3014:Traffic Volume on TCH(Erl),CM33:Call Drops on Traffic Channel
2021-04-01,21:00,HMLTBSC08,12670.0,CII-2670-1_Volka Food Factory Area (Micro) Multan,171.0,CII-2670_Volka Food Factory Area (Micro) Multan,MULTAN_CLUSTER_02_Rural,100%,0.0,5.0,0.0,7.0,0.0,11.0,4.0,4.0,0.0,2.0,0.1597,0.0,1081.0,1081.0,1081.0,1081.0,0.0,0.0,11.0,11.0,0.1597,100.0,6.0,6.0,0.0,11.0,5.0,5.0,0.0,0.0,9.8245,0.0,0.0,0.0,0.0,0.0,0.0,9.8245,0.0,0.0,0.1597,0.0
2021-04-01,21:00,HMLTBSC08,16840.0,16840_Volka Food International (Micro) Multan,170.0,6840_Volka Food International (Micro) Multan,MULTAN_CLUSTER_02_Rural,100%,0.0,25.0,0.0,29.0,0.0,51.0,8.0,8.0,0.0,4.0,0.8403,0.0,5391.0,5391.0,5391.0,5391.0,0.0,0.0,51.0,51.0,0.8403,100.0,29.0,29.0,0.0,51.0,25.0,25.0,0.0,0.0,9.0612,0.0053,0.0,0.0,0.0,0.0053,0.0,9.0612,0.0,0.0,0.8403,0.0
2021-04-01,21:00,HMLTBSC08,36928.0,36928_Fatima Enterprise Multan (3G-CII-4701),169.0,6928_Fatima Enterprise Multan (3G-CII-4701),MULTAN_CLUSTER_02_Rural,100%,0.0,200.0,1.0,488.0,0.0,2308.0,550.0,570.0,0.0,297.0,7.6306,1.0,45684.0,46094.0,45789.0,46094.0,3.0,7.0,2308.0,2265.0,7.6306,100.0,314.0,320.0,3.0,2265.0,196.0,200.0,0.038,0.114,6.9836,0.0409,0.0054,0.0027,0.0,0.0409,0.0054,6.9836,0.0027,0.0,7.6306,1.0
2021-04-01,21:00,HMLTBSC08,26928.0,26928_Fatima Enterprise Multan (3G-CII-4701),168.0,6928_Fatima Enterprise Multan (3G-CII-4701),MULTAN_CLUSTER_02_Rural,100%,0.0,281.0,2.0,376.0,0.0,1444.0,186.0,203.0,0.0,96.0,9.2667,2.0,56692.0,57326.0,57192.0,57326.0,6.0,8.0,1444.0,1367.0,9.2667,100.0,475.0,495.0,6.0,1367.0,279.0,281.0,0.0741,1.2811,11.2555,3.1954,0.1767,0.0108,0.0,3.1954,0.1767,11.2555,0.0108,0.0,9.2667,2.0
2021-04-01,21:00,HMLTBSC08,16928.0,16928_Fatima Enterprise Multan (3G-CII-4701),167.0,6928_Fatima Enterprise Multan (3G-CII-4701),MULTAN_CLUSTER_02_Rural,100%,0.0,100.0,1.0,175.0,0.0,1195.0,141.0,148.0,0.0,74.0,5.1986,1.0,35002.0,35202.0,35132.0,35202.0,7.0,7.0,1195.0,1133.0,5.1986,100.0,157.0,168.0,7.0,1133.0,100.0,100.0,0.2666,7.3301,4.6676,6.4282,0.8457,0.016,0.016,6.4282,0.8457,4.6676,0.016,0.016,5.1986,1.0
2021-04-01,21:00,HMLTBSC08,35852.0,35852_Bahawalpur Bypass Chowk Multan (3G-CII-4040),256.0,5852_Bahawalpur Bypass Chowk Multan (3G-CII-4040),MULTAN_CLUSTER_02_Rural,100%,0.0,267.0,0.0,484.0,0.0,1864.0,441.0,458.0,0.0,222.0,11.55,0.0,72374.0,73174.0,73048.0,73174.0,1.0,2.0,1864.0,1851.0,11.55,100.0,614.0,617.0,1.0,1851.0,266.0,267.0,0.0,0.0506,10.5214,0.016,0.0053,0.0,0.0,0.016,0.0053,10.5214,0.0,0.0,11.55,0.0
2021-04-01,21:00,HMLTBSC08,25852.0,25852_Bahawalpur Bypass Chowk Multan (3G-CII-4040),255.0,5852_Bahawalpur Bypass Chowk Multan (3G-CII-4040),MULTAN_CLUSTER_02_Rural,100%,0.0,228.0,3.0,403.0,0.0,1494.0,359.0,375.0,0.0,180.0,7.5875,3.0,46736.0,47036.0,46758.0,47036.0,12.0,18.0,1494.0,1429.0,7.5875,100.0,350.0,353.0,12.0,1429.0,222.0,228.0,6.2594,13.4308,9.9385,1.6636,0.9611,0.5667,0.2722,1.6636,0.9611,9.9385,0.5667,0.2722,7.5875,3.0
2021-04-01,21:00,HMLTBSC08,34149.0,34149_Thana Mumtazabad Multan (3G-CII-3167),49.0,4149_Thana Mumtazabad Multan (3G-CII-3167),MULTAN_CLUSTER_02_Rural,100%,0.0,139.0,6.0,346.0,0.0,1251.0,424.0,442.0,1.0,215.0,8.2694,6.0,50676.0,51316.0,50842.0,51316.0,3.0,9.0,1251.0,1198.0,8.2694,100.0,371.0,390.0,3.0,1198.0,133.0,139.0,0.0367,0.0612,21.6907,0.08,0.0053,0.0,0.008,0.08,0.0053,21.6907,0.0,0.008,8.2694,6.0
2021-04-01,21:00,HMLTBSC08,24149.0,24149_Thana Mumtazabad Multan (3G-CII-3167),48.0,4149_Thana Mumtazabad Multan (3G-CII-3167),MULTAN_CLUSTER_02_Rural,100%,0.0,98.0,0.0,301.0,0.0,571.0,392.0,401.0,0.0,205.0,5.8125,0.0,37078.0,37262.0,37030.0,37262.0,0.0,0.0,571.0,551.0,5.8125,100.0,291.0,294.0,0.0,551.0,98.0,98.0,0.1092,2.0706,33.1189,2.8256,0.7199,0.0401,0.0,2.8256,0.7199,33.1189,0.0401,0.0,5.8125,0.0
2021-04-01,21:00,HMLTBSC06,32602.0,CII-2602-3_Askary Colony Phase 2 Multan (3G-CII-3850),71.0,CII-2602_Askary Colony Phase 2 Multan (3G-CII-3850),MULTAN_CLUSTER_02_Rural,100%,0.0,93.0,1.0,270.0,0.0,305.0,359.0,362.0,0.0,178.0,6.1875,1.0,40560.0,40922.0,40628.0,40922.0,0.0,0.0,305.0,304.0,6.1875,100.0,206.0,206.0,0.0,304.0,93.0,93.0,0.0466,0.14,16.9807,0.1497,0.016,0.008,0.0,0.1497,0.016,16.9807,0.008,0.0,6.1875,1.0
2021-04-01,21:00,HMLTBSC06,22602.0,CII-2602-2_Askary Colony Phase 2 Multan (3G-CII-3850),67.0,CII-2602_Askary Colony Phase 2 Multan (3G-CII-3850),MULTAN_CLUSTER_02_Rural,100%,0.0,60.0,0.0,200.0,0.0,956.0,278.0,296.0,0.0,141.0,3.8556,0.0,23986.0,24246.0,24086.0,24246.0,0.0,0.0,956.0,944.0,3.8556,100.0,323.0,323.0,0.0,944.0,60.0,60.0,0.0169,0.0506,15.5724,0.2409,0.0053,0.0027,0.0,0.2409,0.0053,15.5724,0.0027,0.0,3.8556,0.0
2021-04-01,21:00,HMLTBSC06,12602.0,CII-2602-1_Askary Colony Phase 2 Multan (3G-CII-3850),66.0,CII-2602_Askary Colony Phase 2 Multan (3G-CII-3850),MULTAN_CLUSTER_02_Rural,100%,0.0,169.0,2.0,662.0,0.0,1258.0,955.0,1014.0,0.0,497.0,7.9917,2.0,46594.0,47066.0,46864.0,47066.0,0.0,2.0,1258.0,1249.0,7.9917,100.0,470.0,474.0,0.0,1249.0,167.0,169.0,0.021,0.5225,11.8057,0.8425,0.0638,0.0027,0.0,0.8425,0.0638,11.8057,0.0027,0.0,7.9917,2.0
2021-04-01,21:00,HMLTBSC06,35026.0,35026_Sehari Madina Multan (3G-CII-3988),149.0,5026_Sehari Madina Multan (3G-CII-3988),MULTAN_CLUSTER_02_Rural,100%,0.0,35.0,1.0,90.0,0.0,430.0,93.0,116.0,0.0,68.0,1.1194,1.0,5972.0,6744.0,6456.0,6744.0,6.0,7.0,430.0,392.0,1.1194,100.0,60.0,61.0,6.0,392.0,34.0,35.0,0.0,0.0,6.8857,0.024,0.0,0.0,0.0,0.024,0.0,6.8857,0.0,0.0,1.1194,1.0
2021-04-01,21:00,HMLTBSC06,25026.0,25026_Sehari Madina Multan (3G-CII-3988),148.0,5026_Sehari Madina Multan (3G-CII-3988),MULTAN_CLUSTER_02_Rural,100%,0.0,25.0,1.0,103.0,0.0,383.0,152.0,153.0,0.0,78.0,1.8917,1.0,11836.0,12174.0,12026.0,12174.0,3.0,4.0,383.0,357.0,1.8917,100.0,138.0,141.0,3.0,357.0,24.0,25.0,0.6363,3.909,4.0428,1.6096,0.1925,0.0348,0.0027,1.6096,0.1925,4.0428,0.0348,0.0027,1.8917,1.0
2021-04-01,21:00,HMLTBSC06,15026.0,15026_Sehari Madina Multan (3G-CII-3988),147.0,5026_Sehari Madina Multan (3G-CII-3988),MULTAN_CLUSTER_02_Rural,100%,0.0,81.0,0.0,187.0,0.0,455.0,208.0,215.0,0.0,106.0,2.8222,0.0,16372.0,16470.0,16394.0,16470.0,5.0,5.0,455.0,419.0,2.8222,100.0,164.0,170.0,5.0,419.0,81.0,81.0,0.0393,0.5121,5.7995,0.9519,0.0321,0.0027,0.0,0.9519,0.0321,5.7995,0.0027,0.0,2.8222,0.0
2021-04-01,21:00,HMLTBSC06,32615.0,CII-2615-3_Ismailabad Multan (3G-CII-4104),185.0,CII-2615_Ismailabad Multan (3G-CII-4104),MULTAN_CLUSTER_02_Rural,100%,0.0,61.0,3.0,182.0,0.0,496.0,208.0,240.0,0.0,127.0,1.2111,3.0,5284.0,5566.0,5526.0,5566.0,1.0,1.0,496.0,411.0,1.2111,100.0,168.0,169.0,1.0,411.0,61.0,61.0,0.0,0.0977,8.1765,0.0241,0.008,0.0,0.0,0.0241,0.008,8.1765,0.0,0.0,1.2111,3.0
2021-04-01,21:00,HMLTBSC06,22615.0,CII-2615-2_Ismailabad Multan (3G-CII-4104),184.0,CII-2615_Ismailabad Multan (3G-CII-4104),MULTAN_CLUSTER_02_Rural,100%,0.0,21.0,0.0,64.0,0.0,87.0,84.0,87.0,0.0,43.0,1.1986,0.0,7920.0,7960.0,7952.0,7960.0,0.0,0.0,87.0,87.0,1.1986,100.0,57.0,57.0,0.0,87.0,21.0,21.0,0.0514,0.1199,15.1299,0.424,0.0107,0.008,0.0,0.424,0.0107,15.1299,0.008,0.0,1.1986,0.0
2021-04-01,21:00,HMLTBSC06,12615.0,CII-2615-1_Ismailabad Multan (3G-CII-4104),183.0,CII-2615_Ismailabad Multan (3G-CII-4104),MULTAN_CLUSTER_02_Rural,100%,0.0,32.0,1.0,79.0,0.0,503.0,83.0,89.0,0.0,42.0,1.8667,1.0,7562.0,9322.0,9188.0,9322.0,5.0,5.0,503.0,446.0,1.8667,100.0,69.0,77.0,5.0,446.0,32.0,32.0,0.0857,0.3601,14.984000000000002,0.5535,0.0428,0.008,0.0054,0.5535,0.0428,14.984000000000002,0.008,0.0054,1.8667,1.0
2021-04-01,21:00,HMLTBSC06,35918.0,35918_Al Quresh Town Multan (3G-CII-3478),40.0,5918_Al Quresh Town Multan (3G-CII-3478),MULTAN_CLUSTER_02_Rural,100%,0.0,62.0,0.0,131.0,0.0,164.0,138.0,141.0,0.0,69.0,3.1819,0.0,20588.0,20618.0,20594.0,20618.0,0.0,0.0,164.0,160.0,3.1819,100.0,94.0,94.0,0.0,160.0,62.0,62.0,0.0,0.0,16.7808,0.0,0.0,0.0,0.0,0.0,0.0,16.7808,0.0,0.0,3.1819,0.0
2021-04-01,21:00,HMLTBSC06,25918.0,25918_Al Quresh Town Multan (3G-CII-3478),39.0,5918_Al Quresh Town Multan (3G-CII-3478),MULTAN_CLUSTER_02_Rural,100%,0.0,81.0,1.0,147.0,0.0,272.0,133.0,135.0,0.0,66.0,3.8431,1.0,24566.0,24692.0,24538.0,24692.0,0.0,0.0,272.0,264.0,3.8431,100.0,127.0,129.0,0.0,264.0,81.0,81.0,0.0367,0.3923,19.37,2.3774,0.0776,0.008,0.0,2.3774,0.0776,19.37,0.008,0.0,3.8431,1.0
2021-04-01,21:00,HMLTBSC06,15918.0,15918_Al Quresh Town Multan (3G-CII-3478),38.0,5918_Al Quresh Town Multan (3G-CII-3478),MULTAN_CLUSTER_02_Rural,100%,0.0,57.0,0.0,103.0,0.0,243.0,84.0,84.0,0.0,43.0,4.1347,0.0,28350.0,28450.0,28436.0,28450.0,0.0,0.0,243.0,242.0,4.1347,100.0,138.0,138.0,0.0,242.0,57.0,57.0,0.0,0.0381,20.8483,0.1413,0.008,0.0,0.0,0.1413,0.008,20.8483,0.0,0.0,4.1347,0.0
2021-04-01,21:00,HMLTBSC06,35857.0,35857_Chowk Nag Shah Multan,37.0,5857_Chowk Nag Shah Multan,MULTAN_CLUSTER_02_Rural,100%,0.0,139.0,3.0,448.0,0.0,948.0,631.0,658.0,0.0,311.0,7.1389,3.0,44320.0,44610.0,43988.0,44610.0,2.0,2.0,948.0,937.0,7.1389,100.0,230.0,230.0,2.0,937.0,139.0,139.0,0.0,0.0236,11.2322,0.016,0.0027,0.0,0.0,0.016,0.0027,11.2322,0.0,0.0,7.1389,3.0
2021-04-01,21:00,HMLTBSC06,25857.0,25857_Chowk Nag Shah Multan,33.0,5857_Chowk Nag Shah Multan,MULTAN_CLUSTER_02_Rural,100%,0.0,111.0,1.0,251.0,0.0,895.0,285.0,308.0,0.0,142.0,2.9806,1.0,15962.0,16652.0,16248.0,16652.0,2.0,2.0,895.0,819.0,2.9806,100.0,185.0,194.0,2.0,819.0,111.0,111.0,0.0,0.0835,7.6692,0.3637,0.0067,0.0,0.0,0.3637,0.0067,7.6692,0.0,0.0,2.9806,1.0
2021-04-01,21:00,HMLTBSC06,15857.0,15857_Chowk Nag Shah Multan,32.0,5857_Chowk Nag Shah Multan,MULTAN_CLUSTER_02_Rural,100%,0.0,131.0,1.0,431.0,0.0,556.0,571.0,590.0,0.0,303.0,3.6069,1.0,20414.0,20614.0,20562.0,20614.0,0.0,1.0,556.0,554.0,3.6069,100.0,211.0,211.0,0.0,554.0,130.0,131.0,0.0194,0.1255,16.4006,0.1436,0.0176,0.0032,0.0,0.1436,0.0176,16.4006,0.0032,0.0,3.6069,1.0
2021-04-01,21:00,HMLTBSC06,35856.0,35856_Tehsil Dar Mor Shershah Road Multan (3G-CII-3472),15.0,5856_Tehsil Dar Mor Shershah Road Multan (3G-CII-3472),MULTAN_CLUSTER_02_Rural,100%,0.0,71.0,0.0,223.0,0.0,276.0,303.0,329.0,0.0,152.0,2.4972,0.0,13998.0,14022.0,14020.0,14022.0,0.0,0.0,276.0,270.0,2.4972,100.0,149.0,149.0,0.0,270.0,71.0,71.0,0.0186,0.2973,14.1295,0.2003,0.0401,0.0027,0.0,0.2003,0.0401,14.1295,0.0027,0.0,2.4972,0.0
2021-04-01,21:00,HMLTBSC06,25856.0,25856_Tehsil Dar Mor Shershah Road Multan (3G-CII-3472),14.0,5856_Tehsil Dar Mor Shershah Road Multan (3G-CII-3472),MULTAN_CLUSTER_02_Rural,100%,0.0,55.0,0.0,248.0,0.0,500.0,383.0,387.0,0.0,195.0,3.1875,0.0,19918.0,19998.0,19920.0,19998.0,2.0,2.0,500.0,491.0,3.1875,100.0,160.0,161.0,2.0,491.0,55.0,55.0,0.0,0.0167,31.336,0.5655,0.0053,0.0,0.0,0.5655,0.0053,31.336,0.0,0.0,3.1875,0.0
2021-04-01,21:00,HMLTBSC06,15856.0,15856_Tehsil Dar Mor Shershah Road Multan (3G-CII-3472),13.0,5856_Tehsil Dar Mor Shershah Road Multan (3G-CII-3472),MULTAN_CLUSTER_02_Rural,100%,0.0,73.0,0.0,168.0,0.0,273.0,180.0,203.0,0.0,107.0,3.5486,0.0,21592.0,21742.0,21728.0,21742.0,0.0,1.0,273.0,264.0,3.5486,100.0,120.0,124.0,0.0,264.0,72.0,73.0,4.426,7.5209,27.3206,1.6634,0.97,0.6201,0.7671,1.6634,0.97,27.3206,0.6201,0.7671,3.5486,0.0
2021-04-01,21:00,HMLTBSC06,35025.0,35025_Sher Shah Multan (3G-CII-3987),79.0,5025_Sher Shah Multan (3G-CII-3987),MULTAN_CLUSTER_02_Rural,100%,0.0,74.0,0.0,262.0,0.0,793.0,365.0,385.0,0.0,190.0,3.7708,0.0,23600.0,23820.0,23442.0,23820.0,3.0,3.0,793.0,677.0,3.7708,100.0,178.0,180.0,3.0,677.0,74.0,74.0,0.0,0.0,4.4526,0.0193,0.0,0.0,0.0,0.0193,0.0,4.4526,0.0,0.0,3.7708,0.0
2021-04-01,21:00,HMLTBSC06,25025.0,25025_Sher Shah Multan (3G-CII-3987),78.0,5025_Sher Shah Multan (3G-CII-3987),MULTAN_CLUSTER_02_Rural,100%,0.0,51.0,0.0,83.0,0.0,329.0,64.0,65.0,0.0,34.0,3.8736,0.0,25734.0,25830.0,25810.0,25830.0,0.0,2.0,329.0,326.0,3.8736,100.0,241.0,243.0,0.0,326.0,49.0,51.0,0.1591,0.6852,21.339000000000002,0.3636,0.115,0.0321,0.0027,0.3636,0.115,21.339000000000002,0.0321,0.0027,3.8736,0.0
2021-04-01,21:00,HMLTBSC06,15025.0,15025_Sher Shah Multan (3G-CII-3987),77.0,5025_Sher Shah Multan (3G-CII-3987),MULTAN_CLUSTER_02_Rural,100%,0.0,130.0,0.0,267.0,0.0,552.0,252.0,257.0,0.0,137.0,6.9,0.0,44364.0,44626.0,44410.0,44626.0,2.0,2.0,552.0,534.0,6.9,100.0,192.0,196.0,2.0,534.0,130.0,130.0,0.2029,7.4635,4.0145,2.0834,0.4785,0.0134,0.0,2.0834,0.4785,4.0145,0.0134,0.0,6.9,0.0
2021-04-01,21:00,HMLTBSC06,35015.0,35015_Qasim Bela Multan (3G-CII-3985),22.0,5015_Qasim Bela Multan (3G-CII-3985),MULTAN_CLUSTER_02_Rural,100%,0.0,84.0,0.0,151.0,0.0,344.0,140.0,143.0,0.0,67.0,4.2125,0.0,27124.0,27140.0,27022.0,27140.0,0.0,0.0,344.0,341.0,4.2125,100.0,138.0,139.0,0.0,341.0,84.0,84.0,0.0,0.0137,19.3802,0.1443,0.0027,0.0,0.0,0.1443,0.0027,19.3802,0.0,0.0,4.2125,0.0
2021-04-01,21:00,HMLTBSC06,25015.0,25015_Qasim Bela Multan (3G-CII-3985),21.0,5015_Qasim Bela Multan (3G-CII-3985),MULTAN_CLUSTER_02_Rural,100%,0.0,134.0,0.0,780.0,0.0,1262.0,1217.0,1280.0,0.0,658.0,8.7764,0.0,52444.0,52928.0,52772.0,52928.0,6.0,6.0,1262.0,1202.0,8.7764,100.0,240.0,248.0,6.0,1202.0,134.0,134.0,0.1035,0.3276,15.008,0.4105,0.0347,0.0133,0.0027,0.4105,0.0347,15.008,0.0133,0.0027,8.7764,0.0
2021-04-01,21:00,HMLTBSC06,15015.0,15015_Qasim Bela Multan (3G-CII-3985),20.0,5015_Qasim Bela Multan (3G-CII-3985),MULTAN_CLUSTER_02_Rural,100%,0.0,68.0,7.0,177.0,0.0,1778.0,171.0,185.0,0.0,111.0,4.7667,7.0,26566.0,28490.0,26862.0,28490.0,43.0,45.0,1778.0,1528.0,4.7667,100.0,120.0,133.0,43.0,1528.0,66.0,68.0,1.2668,3.8461,12.2635,5.6027,0.4793,0.1819,0.0535,5.6027,0.4793,12.2635,0.1819,0.0535,4.7667,7.0
2021-04-01,21:00,HMLTBSC06,35012.0,35012_Muzaffarabad Multan (3G-CII-3173),155.0,5012_Muzaffarabad Multan (3G-CII-3173),MULTAN_CLUSTER_02_Rural,100%,0.0,76.0,1.0,213.0,0.0,197.0,269.0,274.0,0.0,138.0,3.0389,1.0,18882.0,18984.0,18878.0,18984.0,0.0,0.0,197.0,195.0,3.0389,100.0,136.0,137.0,0.0,195.0,76.0,76.0,0.0366,0.0731,14.5253,0.0507,0.0053,0.0027,0.0027,0.0507,0.0053,14.5253,0.0027,0.0027,3.0389,1.0
2021-04-01,21:00,HMLTBSC06,25012.0,25012_Muzaffarabad Multan (3G-CII-3173),154.0,5012_Muzaffarabad Multan (3G-CII-3173),MULTAN_CLUSTER_02_Rural,100%,0.0,230.0,3.0,416.0,0.0,855.0,377.0,385.0,0.0,186.0,11.3694,3.0,73378.0,73942.0,73284.0,73942.0,1.0,1.0,855.0,830.0,11.3694,100.0,550.0,563.0,1.0,830.0,230.0,230.0,0.0793,0.5424,9.4994,0.5394,0.0468,0.0053,0.0027,0.5394,0.0468,9.4994,0.0053,0.0027,11.3694,3.0
2021-04-01,21:00,HMLTBSC06,15012.0,15012_Muzaffarabad Multan (3G-CII-3173),153.0,5012_Muzaffarabad Multan (3G-CII-3173),MULTAN_CLUSTER_02_Rural,100%,0.0,161.0,1.0,267.0,0.0,631.0,186.0,198.0,0.0,107.0,6.3292,1.0,40460.0,40634.0,40624.0,40634.0,2.0,2.0,631.0,600.0,6.3292,100.0,282.0,286.0,2.0,600.0,161.0,161.0,0.0962,0.943,12.972999999999999,0.7547,0.1174,0.008,0.0053,0.7547,0.1174,12.972999999999999,0.008,0.0053,6.3292,1.0
2021-04-01,21:00,HMLTBSC06,35008.0,35008_Sher Shah Road Multan (3G-CII-3171),82.0,5008_Sher Shah Road Multan (3G-CII-3171),MULTAN_CLUSTER_02_Rural,100%,0.0,26.0,0.0,113.0,0.0,58.0,179.0,179.0,0.0,87.0,1.9069,0.0,11816.0,11844.0,11844.0,11844.0,0.0,0.0,58.0,57.0,1.9069,100.0,42.0,43.0,0.0,57.0,26.0,26.0,0.0322,0.0967,8.2353,0.0508,0.0054,0.0027,0.0,0.0508,0.0054,8.2353,0.0027,0.0,1.9069,0.0
2021-04-01,21:00,HMLTBSC06,25008.0,25008_Sher Shah Road Multan (3G-CII-3171),81.0,5008_Sher Shah Road Multan (3G-CII-3171),MULTAN_CLUSTER_02_Rural,100%,0.0,62.0,0.0,160.0,0.0,389.0,189.0,192.0,0.0,95.0,3.9319,0.0,26216.0,26374.0,26262.0,26374.0,0.0,0.0,389.0,381.0,3.9319,100.0,202.0,204.0,0.0,381.0,62.0,62.0,0.1139,4.0959,2.4272,2.0867,0.1874,0.0027,0.0027,2.0867,0.1874,2.4272,0.0027,0.0027,3.9319,0.0
2021-04-01,21:00,HMLTBSC06,15008.0,15008_Sher Shah Road Multan (3G-CII-3171),80.0,5008_Sher Shah Road Multan (3G-CII-3171),MULTAN_CLUSTER_02_Rural,100%,0.0,54.0,0.0,146.0,0.0,109.0,179.0,180.0,0.0,93.0,2.9278,0.0,19570.0,19606.0,19602.0,19606.0,0.0,0.0,109.0,109.0,2.9278,100.0,84.0,84.0,0.0,109.0,54.0,54.0,0.0783,0.4701,6.4613,0.312,0.0267,0.0053,0.0,0.312,0.0267,6.4613,0.0053,0.0,2.9278,0.0
2021-04-01,21:00,HMLTBSC06,35007.0,35007_Old Shujabad Road Multan (3G-CII-3983),88.0,5007_Old Shujabad Road Multan (3G-CII-3983),MULTAN_CLUSTER_02_Rural,100%,0.0,111.0,2.0,190.0,0.0,870.0,172.0,176.0,0.0,80.0,4.5097,2.0,28266.0,28320.0,28242.0,28320.0,0.0,0.0,870.0,823.0,4.5097,100.0,203.0,210.0,0.0,823.0,111.0,111.0,0.0453,0.1809,5.8387,0.0481,0.008,0.0,0.0027,0.0481,0.008,5.8387,0.0,0.0027,4.5097,2.0
2021-04-01,21:00,HMLTBSC06,25007.0,25007_Old Shujabad Road Multan (3G-CII-3983),87.0,5007_Old Shujabad Road Multan (3G-CII-3983),MULTAN_CLUSTER_02_Rural,100%,0.0,115.0,3.0,315.0,0.0,1427.0,367.0,383.0,0.0,198.0,4.3764,3.0,24874.0,25722.0,25562.0,25722.0,8.0,12.0,1427.0,1388.0,4.3764,100.0,208.0,217.0,8.0,1388.0,111.0,115.0,0.5779,12.4557,1.4880000000000002,0.7736,0.3068,0.0149,0.0,0.7736,0.3068,1.4880000000000002,0.0149,0.0,4.3764,3.0
2021-04-01,21:00,HMLTBSC06,15007.0,15007_Old Shujabad Road Multan (3G-CII-3983),86.0,5007_Old Shujabad Road Multan (3G-CII-3983),MULTAN_CLUSTER_02_Rural,100%,0.0,31.0,0.0,154.0,0.0,528.0,232.0,243.0,0.0,124.0,1.5014,0.0,9006.0,9106.0,9000.0,9106.0,2.0,2.0,528.0,507.0,1.5014,100.0,57.0,59.0,2.0,507.0,31.0,31.0,0.0522,1.1205,18.3811,2.0371,0.2206,0.0054,0.0054,2.0371,0.2206,18.3811,0.0054,0.0054,1.5014,0.0
2021-04-01,21:00,HMLTBSC06,34143.0,34143_Fort Colony Multan (3G-CII-3923),85.0,4143_Fort Colony Multan (3G-CII-3923),MULTAN_CLUSTER_02_Rural,100%,0.0,4.0,0.0,49.0,0.0,52.0,85.0,86.0,0.0,45.0,0.5278,0.0,3232.0,3254.0,3216.0,3254.0,0.0,0.0,52.0,51.0,0.5278,100.0,11.0,11.0,0.0,51.0,4.0,4.0,0.0,0.1178,11.164000000000001,0.1359,0.0133,0.0,0.0,0.1359,0.0133,11.164000000000001,0.0,0.0,0.5278,0.0
2021-04-01,21:00,HMLTBSC06,14143.0,14143_Fort Colony Multan (3G-CII-3923),83.0,4143_Fort Colony Multan (3G-CII-3923),MULTAN_CLUSTER_02_Rural,100%,0.0,108.0,1.0,483.0,0.0,748.0,662.0,708.0,0.0,374.0,10.2472,1.0,64210.0,64986.0,64698.0,64986.0,1.0,1.0,748.0,728.0,10.2472,100.0,183.0,185.0,1.0,728.0,108.0,108.0,0.1143,1.6965,10.0108,1.6623,0.1879,0.0109,0.0027,1.6623,0.1879,10.0108,0.0109,0.0027,10.2472,1.0
2021-04-01,21:00,HMLTBSC06,34119.0,34119_Fort Colony Multan (3G-CII-3502),91.0,4119_Fort Colony Multan (3G-CII-3502),MULTAN_CLUSTER_02_Rural,100%,0.0,35.0,0.0,65.0,0.0,170.0,65.0,65.0,0.0,30.0,1.9736,0.0,13208.0,13212.0,13212.0,13212.0,1.0,1.0,170.0,169.0,1.9736,100.0,130.0,130.0,1.0,169.0,35.0,35.0,0.0,0.0,7.8386,0.0106,0.0,0.0,0.0,0.0106,0.0,7.8386,0.0,0.0,1.9736,0.0
2021-04-01,21:00,HMLTBSC06,24119.0,24119_Fort Colony Multan (3G-CII-3502),90.0,4119_Fort Colony Multan (3G-CII-3502),MULTAN_CLUSTER_02_Rural,100%,0.0,61.0,0.0,186.0,0.0,494.0,226.0,232.0,0.0,125.0,4.6056,0.0,30580.0,30672.0,30422.0,30672.0,1.0,1.0,494.0,483.0,4.6056,100.0,244.0,246.0,1.0,483.0,61.0,61.0,0.0,0.0893,25.6017,1.4811,0.0242,0.0,0.0,1.4811,0.0242,25.6017,0.0,0.0,4.6056,0.0
2021-04-01,21:00,HMLTBSC06,14119.0,14119_Fort Colony Multan (3G-CII-3502),89.0,4119_Fort Colony Multan (3G-CII-3502),MULTAN_CLUSTER_02_Rural,100%,0.0,86.0,0.0,205.0,0.0,256.0,217.0,235.0,0.0,128.0,5.8819,0.0,39282.0,39354.0,39288.0,39354.0,0.0,0.0,256.0,256.0,5.8819,100.0,139.0,139.0,0.0,256.0,86.0,86.0,22.965,39.9037,4.8898,1.5722,1.8214,1.0747,1.3947,1.5722,1.8214,4.8898,1.0747,1.3947,5.8819,0.0
2021-04-01,21:00,HMLTBSC06,34103.0,34103_PTCL Exhcnage Industrial Estate Multan (3G-CII-3776),76.0,4103_PTCL Exhcnage Industrial Estate Multan (3G-CII-3776),MULTAN_CLUSTER_02_Rural,100%,0.0,61.0,1.0,201.0,0.0,290.0,261.0,270.0,0.0,141.0,6.2139,1.0,42692.0,42828.0,42780.0,42828.0,0.0,0.0,290.0,284.0,6.2139,100.0,175.0,175.0,0.0,284.0,61.0,61.0,0.1077,0.1347,9.6574,0.2051,0.0027,0.0106,0.0,0.2051,0.0027,9.6574,0.0106,0.0,6.2139,1.0
2021-04-01,21:00,HMLTBSC06,24103.0,24103_PTCL Exhcnage Industrial Estate Multan (3G-CII-3776),75.0,4103_PTCL Exhcnage Industrial Estate Multan (3G-CII-3776),MULTAN_CLUSTER_02_Rural,100%,0.0,30.0,0.0,192.0,0.0,219.0,312.0,327.0,0.0,173.0,3.2583,0.0,21392.0,21606.0,21606.0,21606.0,3.0,3.0,219.0,216.0,3.2583,100.0,105.0,107.0,3.0,216.0,30.0,30.0,0.0,1.2819,3.3413,0.8741,0.0547,0.0,0.0,0.8741,0.0547,3.3413,0.0,0.0,3.2583,0.0
2021-04-01,21:00,HMLTBSC06,14103.0,14103_PTCL Exhcnage Industrial Estate Multan (3G-CII-3776),74.0,4103_PTCL Exhcnage Industrial Estate Multan (3G-CII-3776),MULTAN_CLUSTER_02_Rural,100%,0.0,31.0,0.0,92.0,0.0,176.0,111.0,112.0,0.0,57.0,2.4403,0.0,16128.0,16220.0,16214.0,16220.0,2.0,2.0,176.0,170.0,2.4403,100.0,76.0,76.0,2.0,170.0,31.0,31.0,5.7902,15.1493,4.3271,1.8697,0.6835,0.3192,0.1037,1.8697,0.6835,4.3271,0.3192,0.1037,2.4403,0.0
2021-04-01,21:00,HMLTBSC06,32703.0,CII-2703-3_Fort Colony Multan (3G-CII-3915),56.0,CII-2703_Fort Colony Multan (3G-CII-3915),MULTAN_CLUSTER_02_Rural,100%,0.0,39.0,1.0,102.0,0.0,139.0,112.0,117.0,0.0,59.0,2.8986,1.0,18816.0,19042.0,19024.0,19042.0,1.0,1.0,139.0,136.0,2.8986,100.0,79.0,79.0,1.0,136.0,39.0,39.0,0.0,0.0,27.3835,0.0134,0.0,0.0,0.0,0.0134,0.0,27.3835,0.0,0.0,2.8986,1.0
2021-04-01,21:00,HMLTBSC06,22703.0,CII-2703-2_Fort Colony Multan (3G-CII-3915),55.0,CII-2703_Fort Colony Multan (3G-CII-3915),MULTAN_CLUSTER_02_Rural,100%,0.0,123.0,2.0,392.0,0.0,493.0,480.0,507.0,0.0,259.0,7.9778,2.0,48338.0,49990.0,49724.0,49990.0,1.0,1.0,493.0,478.0,7.9778,100.0,251.0,259.0,1.0,478.0,123.0,123.0,0.0694,0.6936,14.0144,1.3345,0.0965,0.0107,0.0,1.3345,0.0965,14.0144,0.0107,0.0,7.9778,2.0
2021-04-01,21:00,HMLTBSC05,15854.0,15854_CMH Multan (3G-CII-3855),39.0,5854_CMH Multan (3G-CII-3855),MULTAN_CLUSTER_02_Rural,100%,0.0,254.0,2.0,382.0,0.0,1119.0,286.0,302.0,0.0,128.0,8.3278,2.0,49896.0,50860.0,50810.0,50860.0,0.0,3.0,1119.0,1078.0,8.3278,100.0,571.0,580.0,0.0,1078.0,251.0,254.0,0.0,0.0261,14.4995,0.0327,0.0038,0.0,0.0,0.0327,0.0038,14.4995,0.0,0.0,8.3278,2.0
2021-04-01,21:00,HMLTBSC05,12691.0,CII-2691-1_Qasim Villas (Gold) Multan (3G-CII-3862),33.0,CII-2691_Qasim Villas (Gold) Multan (3G-CII-3862),MULTAN_CLUSTER_02_Rural,100%,0.0,187.0,3.0,422.0,0.0,1891.0,468.0,496.0,0.0,239.0,12.0986,3.0,78300.0,79780.0,78912.0,79780.0,12.0,12.0,1891.0,1772.0,12.0986,100.0,469.0,480.0,12.0,1772.0,187.0,187.0,0.0507,1.021,2.8178,7.5973,0.1021,0.0027,0.0027,7.5973,0.1021,2.8178,0.0027,0.0027,12.0986,3.0
2021-04-01,21:00,HMLTBSC05,14854.0,14854_New Airport Multan (Micro) Multan (3G-CII-3968),0.0,4854_New Airport Multan (Micro) Multan (3G-CII-3968),MULTAN_CLUSTER_02_Rural,100%,0.0,110.0,0.0,509.0,0.0,698.0,749.0,789.0,0.0,403.0,12.2847,0.0,84044.0,84222.0,83722.0,84222.0,1.0,1.0,698.0,692.0,12.2847,100.0,349.0,349.0,1.0,692.0,110.0,110.0,0.0,0.373,10.4388,0.2181,0.0399,0.0,0.0,0.2181,0.0399,10.4388,0.0,0.0,12.2847,0.0
2021-04-01,21:00,HMLTBSC05,35840.0,35840_Madina Town Multan (3G-CII-3462),240.0,5840_Madina Town Multan (3G-CII-3462),MULTAN_CLUSTER_02_Rural,100%,0.0,45.0,0.0,102.0,0.0,321.0,121.0,123.0,0.0,57.0,2.8667,0.0,19730.0,19752.0,19708.0,19752.0,2.0,2.0,321.0,319.0,2.8667,100.0,144.0,144.0,2.0,319.0,45.0,45.0,0.2407,0.5551,14.0468,0.3043,0.0454,0.0214,0.0134,0.3043,0.0454,14.0468,0.0214,0.0134,2.8667,0.0
2021-04-01,21:00,HMLTBSC05,35732.0,35732_Green Town Grass Mandi (Gold) Multan (3G-CII-3175),251.0,5732_Green Town Grass Mandi (Gold) Multan (3G-CII-3175),MULTAN_CLUSTER_02_Rural,100%,0.0,162.0,3.0,685.0,0.0,1349.0,1014.0,1061.0,0.0,534.0,9.8958,3.0,45428.0,46538.0,46196.0,46538.0,6.0,8.0,1349.0,1305.0,9.8958,100.0,475.0,479.0,6.0,1305.0,160.0,162.0,0.1419,0.7638,22.4571,1.8459999999999999,0.1523,0.0321,0.0027,1.8459999999999999,0.1523,22.4571,0.0321,0.0027,9.8958,3.0
2021-04-01,21:00,HMLTBSC05,35016.0,35016_Suraj Kund Road Multan (3G-CII-3986),212.0,5016_Suraj Kund Road Multan (3G-CII-3986),MULTAN_CLUSTER_02_Rural,100%,0.0,53.0,0.0,157.0,0.0,372.0,193.0,198.0,0.0,104.0,3.9486,0.0,18768.0,18916.0,18828.0,18916.0,0.0,0.0,372.0,323.0,3.9486,100.0,145.0,146.0,0.0,323.0,53.0,53.0,0.0678,0.2599,23.1472,0.3923,0.0453,0.016,0.0,0.3923,0.0453,23.1472,0.016,0.0,3.9486,0.0
2021-04-01,21:00,HMLTBSC05,25016.0,25016_Suraj Kund Road Multan (3G-CII-3986),211.0,5016_Suraj Kund Road Multan (3G-CII-3986),MULTAN_CLUSTER_02_Rural,100%,0.0,167.0,0.0,352.0,0.0,1254.0,361.0,387.0,0.0,185.0,6.5514,0.0,39736.0,40270.0,40088.0,40270.0,2.0,3.0,1254.0,1204.0,6.5514,100.0,301.0,311.0,2.0,1204.0,166.0,167.0,0.0853,0.4814,14.0054,2.0405,0.0639,0.0138,0.0,2.0405,0.0639,14.0054,0.0138,0.0,6.5514,0.0
2021-04-01,21:00,HMLTBSC05,34138.0,34138_Adil Town Multan (3G-CII-3920),174.0,4138_Adil Town Multan (3G-CII-3920),MULTAN_CLUSTER_02_Rural,100%,0.0,101.0,0.0,238.0,0.0,688.0,263.0,268.0,0.0,138.0,8.6056,0.0,58142.0,58596.0,58370.0,58596.0,0.0,1.0,688.0,684.0,8.6056,100.0,332.0,332.0,0.0,684.0,100.0,101.0,0.5014,2.7795,24.3498,1.6395,0.609,0.1073,0.0268,1.6395,0.609,24.3498,0.1073,0.0268,8.6056,0.0
2021-04-01,21:00,HMLTBSC05,34137.0,34137_Ahsan Colony Multan (3G-CII-3166),168.0,4137_Ahsan Colony Multan (3G-CII-3166),MULTAN_CLUSTER_02_Rural,100%,0.0,404.0,0.0,861.0,0.0,3179.0,896.0,959.0,0.0,464.0,25.6736,0.0,163450.0,165728.0,164736.0,165728.0,4.0,9.0,3179.0,3095.0,25.6736,100.0,1242.0,1265.0,4.0,3095.0,399.0,404.0,0.1437,2.0685,25.69,1.5817,0.536,0.0267,0.0134,1.5817,0.536,25.69,0.0267,0.0134,25.6736,0.0
2021-04-01,21:00,HMLTBSC05,34113.0,34113_Old Bahawalpur Road Multan (3G-CII-3125),117.0,4113_Old Bahawalpur Road Multan (3G-CII-3125),MULTAN_CLUSTER_02_Rural,100%,0.0,57.0,0.0,170.0,0.0,286.0,159.0,198.0,0.0,122.0,2.8806,0.0,13988.0,14222.0,14040.0,14222.0,0.0,0.0,286.0,267.0,2.8806,100.0,148.0,151.0,0.0,267.0,57.0,57.0,1.5034,9.5442,16.2855,4.8379,1.8777,0.3138,0.0373,4.8379,1.8777,16.2855,0.3138,0.0373,2.8806,0.0
2021-04-01,21:00,HMLTBSC05,35924.0,35924_Thana Qutabpur Multan (3G-CII-4047),297.0,5924_Thana Qutabpur Multan (3G-CII-4047),MULTAN_CLUSTER_02_Rural,100%,0.0,150.0,1.0,343.0,0.0,1753.0,365.0,384.0,0.0,198.0,10.2861,1.0,65802.0,66108.0,65664.0,66108.0,4.0,5.0,1753.0,1666.0,10.2861,100.0,606.0,610.0,4.0,1666.0,149.0,150.0,0.0369,0.2769,14.0946,0.2954,0.0346,0.0053,0.0,0.2954,0.0346,14.0946,0.0053,0.0,10.2861,1.0
2021-04-01,21:00,HMLTBSC05,25924.0,25924_Thana Qutabpur Multan (3G-CII-4047),296.0,5924_Thana Qutabpur Multan (3G-CII-4047),MULTAN_CLUSTER_02_Rural,100%,0.0,49.0,0.0,121.0,0.0,719.0,147.0,152.0,0.0,72.0,2.9333,0.0,18843.0,19093.0,18867.0,19093.0,0.0,0.0,719.0,696.0,2.9333,100.0,238.0,240.0,0.0,696.0,49.0,49.0,0.0705,1.043,16.7077,1.9654,0.1835,0.0027,0.0106,1.9654,0.1835,16.7077,0.0027,0.0106,2.9333,0.0
