Date,Time,GBSC,Cell CI,Cell Name,CellIndex,Site Name,Location,Integrity,_CallSetup TCH GOS(%)_N,_CallSetup TCH GOS(%)_D,_DCR_N,_DCR_D,_GOS-SDCCH(%)_N,_GOS-SDCCH(%)_D,_HSR%_N,_HSR%_D,_Mobility TCH GOS(%)_N,_Mobility TCH GOS(%)_D,_MTBD (Mean Time between Drop)_N,_MTBD (Mean Time between Drop)_D,_RxQual Index DL_1,_RxQual Index DL_2,_RxQual Index UL_1,_RxQual Index UL_2,CSSR_Non Blocking_1_N,CSSR_Non Blocking_2_N,CSSR_Non Blocking_1_D,CSSR_Non Blocking_2_D,GlobelTraffic,TCH Availability Rate,_cssr_Call Setup Indications (Circuit Service)_N_1,_Cssr_Channel Requests (Circuit Service)_D_1,_CSSR_Call Drops on SDCCH_N_2,_CSSR_Successful SDCCH Seizures_D_2,_CSSR_Successful TCH Seizures (Traffic Channel)_N_3,_CSSR_TCH Seizure Requests (Traffic Channel)_D_3,Interference Band Proportion (4~5)(%),Interference Band 345,Mean Number of TCH in Interference Band 1,Mean Number of TCH in Interference Band 2,Mean Number of TCH in Interference Band 3,Mean Number of TCH in Interference Band 4,Mean Number of TCH in Interference Band 5,Mean Number of TCH in Interference Band 1.1,Mean Number of TCH in Interference Band 2.1,Mean Number of TCH in Interference Band 3.1,Mean Number of TCH in Interference Band 4.1,Mean Number of TCH in Interference Band 5.1,K3014:Traffic Volume on TCH(Erl),CM33:Call Drops on Traffic Channel
2021-04-01,11:00,HTTSBSC02,32271.0,CII-2271-3_Near Daaji Road Jhang (3G-CII-3429),441.0,CII-2271_Near Daaji Road Jhang (3G-CII-3429),JHUNG_CLUSTER_03_Urban,100%,0.0,129.0,7.0,259.0,0.0,564.0,251.0,262.0,0.0,132.0,4.925,7.0,31118.0,31191.0,30477.0,31191.0,1.0,2.0,564.0,561.0,4.925,65.3174,241.0,242.0,1.0,561.0,128.0,129.0,0.4366,0.5056,16.7471,0.2922,0.0118,0.059000000000000004,0.0158,16.7471,0.2922,0.0118,0.059000000000000004,0.0158,4.925,7.0
2021-04-01,11:00,HTTSBSC02,22271.0,CII-2271-2_Near Daaji Road Jhang (3G-CII-3429),440.0,CII-2271_Near Daaji Road Jhang (3G-CII-3429),JHUNG_CLUSTER_03_Urban,100%,0.0,108.0,6.0,242.0,0.0,361.0,247.0,259.0,0.0,143.0,4.7292,6.0,29643.0,29676.0,29466.0,29676.0,0.0,0.0,361.0,359.0,4.7292,62.4788,161.0,161.0,0.0,359.0,108.0,108.0,0.6133,0.9315,17.0561,0.166,0.0553,0.004,0.1027,17.0561,0.166,0.0553,0.004,0.1027,4.7292,6.0
2021-04-01,11:00,HTTSBSC02,12271.0,CII-2271-1_Near Daaji Road Jhang (3G-CII-3429),439.0,CII-2271_Near Daaji Road Jhang (3G-CII-3429),JHUNG_CLUSTER_03_Urban,100%,0.0,204.0,8.0,335.0,0.0,636.0,241.0,246.0,0.0,133.0,5.3528,8.0,31740.0,31801.0,31607.0,31801.0,2.0,2.0,636.0,635.0,5.3528,62.6524,336.0,336.0,2.0,635.0,204.0,204.0,0.0,0.6277,13.5941,0.1199,0.0866,0.0,0.0,13.5941,0.1199,0.0866,0.0,0.0,5.3528,8.0
2021-04-01,11:00,HTTSBSC02,22272.0,CII-2272-2_Porani Chownge Jhang (3G-CII-3430),210.0,CII-2272_Porani Chownge Jhang (3G-CII-3430),JHUNG_CLUSTER_03_Urban,100%,0.0,157.0,2.0,383.0,0.0,538.0,426.0,427.0,0.0,228.0,6.8792,2.0,44082.0,44455.0,43667.0,44455.0,0.0,2.0,538.0,535.0,6.8792,100.0,288.0,289.0,0.0,535.0,155.0,157.0,3.8034,8.896,12.3621,2.3277,0.8211,0.3973,0.21600000000000003,12.3621,2.3277,0.8211,0.3973,0.21600000000000003,6.8792,2.0
2021-04-01,11:00,HTTSBSC02,32015.0,CII-2015-3_Basti Dewan Wali Jhang (3G-CII-3428),179.0,CII-2015_Basti Dewan Wali Jhang (3G-CII-3428),JHUNG_CLUSTER_03_Urban,100%,0.0,64.0,1.0,105.0,0.0,287.0,87.0,88.0,0.0,41.0,2.1375,1.0,13686.0,13924.0,13755.0,13924.0,0.0,0.0,287.0,284.0,2.1375,100.0,172.0,172.0,0.0,284.0,64.0,64.0,0.0166,0.1328,15.7983,0.1217,0.0185,0.0027,0.0,15.7983,0.1217,0.0185,0.0027,0.0,2.1375,1.0
2021-04-01,11:00,HTTSBSC02,35838.0,35838_Mahalah Kaphian Jhang (3G-CII-3426),176.0,5838_Mahalah Kaphian Jhang (3G-CII-3426),JHUNG_CLUSTER_03_Urban,100%,0.0,105.0,0.0,166.0,0.0,322.0,99.0,101.0,0.0,61.0,4.3083,0.0,27550.0,27600.0,27562.0,27600.0,0.0,0.0,322.0,321.0,4.3083,100.0,228.0,228.0,0.0,321.0,105.0,105.0,0.0,0.0,20.5692,0.0027,0.0,0.0,0.0,20.5692,0.0027,0.0,0.0,0.0,4.3083,0.0
2021-04-01,11:00,HTTSBSC02,25838.0,25838_Mahalah Kaphian Jhang (3G-CII-3426),175.0,5838_Mahalah Kaphian Jhang (3G-CII-3426),JHUNG_CLUSTER_03_Urban,100%,0.0,30.0,0.0,55.0,0.0,132.0,50.0,50.0,0.0,24.0,1.8889,0.0,12893.0,12945.0,12839.0,12945.0,0.0,0.0,132.0,131.0,1.8889,100.0,77.0,78.0,0.0,131.0,30.0,30.0,0.0,0.0206,25.7314,0.0399,0.0053,0.0,0.0,25.7314,0.0399,0.0053,0.0,0.0,1.8889,0.0
2021-04-01,11:00,HTTSBSC02,15838.0,15838_Mahalah Kaphian Jhang (3G-CII-3426),174.0,5838_Mahalah Kaphian Jhang (3G-CII-3426),JHUNG_CLUSTER_03_Urban,100%,0.0,35.0,0.0,62.0,0.0,185.0,56.0,56.0,0.0,27.0,0.9389,0.0,5909.0,5917.0,5891.0,5917.0,0.0,0.0,185.0,182.0,0.9389,100.0,95.0,98.0,0.0,182.0,35.0,35.0,0.0899,0.3895,8.7234,0.1197,0.0266,0.0027,0.0053,8.7234,0.1197,0.0266,0.0027,0.0053,0.9389,0.0
2021-04-01,11:00,HTTSBSC02,35834.0,35834_Kacha Railway Road Jhang (3G-CII-3424),173.0,5834_Kacha Railway Road Jhang (3G-CII-3424),JHUNG_CLUSTER_03_Urban,100%,0.0,21.0,1.0,92.0,0.0,60.0,147.0,147.0,0.0,71.0,1.1028,1.0,7217.0,7302.0,7215.0,7302.0,0.0,0.0,60.0,60.0,1.1028,100.0,43.0,43.0,0.0,60.0,21.0,21.0,0.073,0.2775,17.9796,0.2754,0.0374,0.0054,0.008,17.9796,0.2754,0.0374,0.0054,0.008,1.1028,1.0
2021-04-01,11:00,HTTSBSC02,35862.0,35862_Chah Khushi Wala Jhang (3G-CII-3427),167.0,5862_Chah Khushi Wala Jhang (3G-CII-3427),JHUNG_CLUSTER_03_Urban,100%,0.0,79.0,1.0,159.0,0.0,417.0,167.0,170.0,0.0,80.0,3.4375,1.0,22716.0,22880.0,22658.0,22880.0,1.0,1.0,417.0,416.0,3.4375,98.3981,268.0,269.0,1.0,416.0,79.0,79.0,0.0514,1.08,19.4003,1.1711,0.2139,0.0027,0.008,19.4003,1.1711,0.2139,0.0027,0.008,3.4375,1.0
2021-04-01,11:00,HTTSBSC02,25862.0,25862_Chah Khushi Wala Jhang (3G-CII-3427),166.0,5862_Chah Khushi Wala Jhang (3G-CII-3427),JHUNG_CLUSTER_03_Urban,100%,0.0,225.0,3.0,262.0,0.0,1475.0,141.0,145.0,0.0,42.0,5.9611,3.0,34421.0,35162.0,34045.0,35162.0,0.0,1.0,1475.0,1461.0,5.9611,100.0,1025.0,1030.0,0.0,1461.0,224.0,225.0,0.4478,2.1352,16.0888,1.4237,0.3019,0.0526,0.0275,16.0888,1.4237,0.3019,0.0526,0.0275,5.9611,3.0
2021-04-01,11:00,HTTSBSC02,34237.0,34237_Satellite Town Jhang (3G-CII-4234),158.0,4237_Satellite Town Jhang (3G-CII-4234),JHUNG_CLUSTER_03_Urban,100%,0.0,185.0,1.0,267.0,0.0,797.0,148.0,152.0,0.0,83.0,10.7333,1.0,73987.0,74141.0,73543.0,74141.0,0.0,1.0,797.0,788.0,10.7333,100.0,472.0,480.0,0.0,788.0,184.0,185.0,0.0846,0.6247,11.0921,0.7361,0.0643,0.0073,0.0028,11.0921,0.7361,0.0643,0.0073,0.0028,10.7333,1.0
2021-04-01,11:00,HTTSBSC02,35718.0,35718_Ghazaiabad Jhang (3G-CII-3422),149.0,5718_Ghazaiabad Jhang (3G-CII-3422),JHUNG_CLUSTER_03_Urban,100%,0.0,248.0,9.0,447.0,0.0,884.0,395.0,401.0,0.0,202.0,6.4236,9.0,35653.0,35921.0,34157.0,35921.0,0.0,1.0,884.0,883.0,6.4236,91.4116,464.0,465.0,0.0,883.0,247.0,248.0,0.6233,0.8497,14.8755,0.1864,0.0344,0.0,0.0947,14.8755,0.1864,0.0344,0.0,0.0947,6.4236,9.0
2021-04-01,11:00,HTTSBSC02,25718.0,25718_Ghazaiabad Jhang (3G-CII-3422),148.0,5718_Ghazaiabad Jhang (3G-CII-3422),JHUNG_CLUSTER_03_Urban,100%,0.0,280.0,12.0,571.0,0.0,1028.0,588.0,591.0,0.0,291.0,6.8847,12.0,37788.0,38133.0,36701.0,38133.0,0.0,0.0,1028.0,1026.0,6.8847,91.4337,454.0,455.0,0.0,1026.0,280.0,280.0,0.7295,0.81,20.3185,0.2917,0.0167,0.0035,0.1481,20.3185,0.2917,0.0167,0.0035,0.1481,6.8847,12.0
2021-04-01,11:00,HTTSBSC02,15718.0,15718_Ghazaiabad Jhang (3G-CII-3422),147.0,5718_Ghazaiabad Jhang (3G-CII-3422),JHUNG_CLUSTER_03_Urban,100%,0.0,31.0,2.0,187.0,0.0,75.0,304.0,309.0,0.0,159.0,1.2347,2.0,7865.0,7968.0,7931.0,7968.0,0.0,1.0,75.0,75.0,1.2347,91.9253,54.0,54.0,0.0,75.0,30.0,31.0,0.4641,0.5327,16.5633,0.0948,0.0115,0.0,0.0777,16.5633,0.0948,0.0115,0.0,0.0777,1.2347,2.0
2021-04-01,11:00,HTTSBSC02,25719.0,25719_Samnabad Jhang (3G-CII-3423),144.0,5719_Samnabad Jhang (3G-CII-3423),JHUNG_CLUSTER_03_Urban,100%,0.0,104.0,0.0,288.0,0.0,413.0,365.0,367.0,0.0,185.0,6.8194,0.0,46514.0,46724.0,46230.0,46724.0,0.0,0.0,413.0,413.0,6.8194,100.0,227.0,227.0,0.0,413.0,104.0,104.0,0.1485,0.198,16.0053,0.0851,0.008,0.0106,0.0133,16.0053,0.0851,0.008,0.0106,0.0133,6.8194,0.0
2021-04-01,11:00,HTTSBSC02,25715.0,25715_Mohamadia Mohallah Jhang (3G-CII-3420),143.0,5715_Mohamadia Mohallah Jhang (3G-CII-3420),JHUNG_CLUSTER_03_Urban,100%,0.0,84.0,0.0,198.0,0.0,401.0,225.0,227.0,0.0,115.0,3.5083,0.0,22716.0,22759.0,22681.0,22759.0,1.0,1.0,401.0,399.0,3.5083,61.0992,211.0,211.0,1.0,399.0,84.0,84.0,0.8065,0.8778,17.2203,0.1583,0.0125,0.0,0.1414,17.2203,0.1583,0.0125,0.0,0.1414,3.5083,0.0
2021-04-01,11:00,HTTSBSC02,15719.0,15719_Samnabad Jhang (3G-CII-3423),141.0,5719_Samnabad Jhang (3G-CII-3423),JHUNG_CLUSTER_03_Urban,100%,0.0,162.0,0.0,401.0,0.0,593.0,465.0,467.0,0.0,241.0,6.6694,0.0,42717.0,42772.0,42485.0,42772.0,0.0,2.0,593.0,590.0,6.6694,100.0,279.0,280.0,0.0,590.0,160.0,162.0,0.0,0.1133,16.5548,0.3082,0.0191,0.0,0.0,16.5548,0.3082,0.0191,0.0,0.0,6.6694,0.0
2021-04-01,11:00,HTTSBSC02,25837.0,25837_Mohalla Munshian Wala Jhang (3G-CII-3425),103.0,5837_Mohalla Munshian Wala Jhang (3G-CII-3425),JHUNG_CLUSTER_03_Urban,100%,0.0,74.0,0.0,105.0,0.0,209.0,65.0,66.0,0.0,32.0,1.0042,0.0,4706.0,4772.0,4726.0,4772.0,0.0,0.0,209.0,201.0,1.0042,62.6845,145.0,151.0,0.0,201.0,74.0,74.0,3.9233,12.4698,10.6603,2.7201,1.3065,0.4052,0.1946,10.6603,2.7201,1.3065,0.4052,0.1946,1.0042,0.0
2021-04-01,11:00,HTTSBSC02,34224.0,34224_Civil Station Jhang (3G-CII-3411),83.0,4224_Civil Station Jhang (3G-CII-3411),JHUNG_CLUSTER_03_Urban,100%,45.0,224.0,1.0,239.0,14.0,725.0,157.0,161.0,3.0,66.0,3.8903,1.0,23842.0,24039.0,23998.0,24039.0,1.0,2.0,711.0,704.0,3.8903,21.605999999999998,368.0,370.0,1.0,704.0,178.0,224.0,3.7388,3.7388,0.2713,0.0027,0.0,0.0,0.0106,0.2713,0.0027,0.0,0.0,0.0106,3.8903,1.0
2021-04-01,11:00,HTTSBSC02,24224.0,24224_Civil Station Jhang (3G-CII-3411),82.0,4224_Civil Station Jhang (3G-CII-3411),JHUNG_CLUSTER_03_Urban,100%,0.0,87.0,1.0,163.0,0.0,253.0,136.0,143.0,0.0,77.0,3.2097,1.0,20392.0,20535.0,20326.0,20535.0,0.0,0.0,253.0,249.0,3.2097,100.0,171.0,174.0,0.0,249.0,87.0,87.0,1.048,3.2952,18.4061,1.9701,0.4735,0.1436,0.0772,18.4061,1.9701,0.4735,0.1436,0.0772,3.2097,1.0
2021-04-01,11:00,HTTSBSC02,14224.0,14224_Civil Station Jhang (3G-CII-3411),81.0,4224_Civil Station Jhang (3G-CII-3411),JHUNG_CLUSTER_03_Urban,100%,0.0,107.0,1.0,161.0,0.0,442.0,105.0,110.0,0.0,56.0,6.5139,1.0,43492.0,44452.0,43829.0,44452.0,3.0,3.0,442.0,415.0,6.5139,100.0,215.0,215.0,3.0,415.0,107.0,107.0,0.2275,2.2035,7.3642,0.7295,0.1635,0.0161,0.0027,7.3642,0.7295,0.1635,0.0161,0.0027,6.5139,1.0
2021-04-01,11:00,HTTSBSC02,14222.0,14222_Choudhry Colony Jhung Jhang (3G-CII-3409),66.0,4222_Choudhry Colony Jhung Jhang (3G-CII-3409),JHUNG_CLUSTER_03_Urban,100%,0.0,34.0,1.0,50.0,0.0,120.0,37.0,37.0,0.0,16.0,0.9764,1.0,6234.0,6278.0,6214.0,6278.0,0.0,0.0,120.0,114.0,0.9764,100.0,69.0,72.0,0.0,114.0,34.0,34.0,0.0418,0.2758,31.1227,0.6987,0.0747,0.0027,0.0107,31.1227,0.6987,0.0747,0.0027,0.0107,0.9764,1.0
2021-04-01,11:00,HTTSBSC02,14228.0,14228_Bilal Colony Jhang (3G-CII-3415),63.0,4228_Bilal Colony Jhang (3G-CII-3415),JHUNG_CLUSTER_03_Urban,100%,0.0,222.0,1.0,371.0,0.0,661.0,296.0,298.0,0.0,150.0,7.1403,1.0,44300.0,44412.0,43752.0,44412.0,0.0,1.0,661.0,659.0,7.1403,100.0,411.0,413.0,0.0,659.0,221.0,222.0,2.1471,9.4381,0.008,14.4633,1.1651,0.3245,0.0186,0.008,14.4633,1.1651,0.3245,0.0186,7.1403,1.0
2021-04-01,11:00,HTTSBSC02,34227.0,34227_Rasool Pura Jhang (3G-CII-3414),41.0,4227_Rasool Pura Jhang (3G-CII-3414),JHUNG_CLUSTER_03_Urban,100%,0.0,166.0,1.0,240.0,0.0,503.0,135.0,135.0,0.0,75.0,5.5958,1.0,36682.0,36817.0,36613.0,36817.0,0.0,1.0,503.0,501.0,5.5958,100.0,347.0,347.0,0.0,501.0,165.0,166.0,0.1508,0.5123,16.3696,1.2747,0.0641,0.0267,0.0,16.3696,1.2747,0.0641,0.0267,0.0,5.5958,1.0
2021-04-01,11:00,HTTSBSC02,14227.0,14227_Rasool Pura Jhang (3G-CII-3414),39.0,4227_Rasool Pura Jhang (3G-CII-3414),JHUNG_CLUSTER_03_Urban,100%,0.0,86.0,0.0,105.0,0.0,276.0,44.0,44.0,0.0,19.0,1.7403,0.0,9791.0,9798.0,9780.0,9798.0,1.0,1.0,276.0,270.0,1.7403,100.0,204.0,204.0,1.0,270.0,86.0,86.0,0.5988,2.9154,14.9806,1.0318,0.3821,0.0881,0.0107,14.9806,1.0318,0.3821,0.0881,0.0107,1.7403,0.0
2021-04-01,11:00,HTTSBSC02,24229.0,24229_Purani Eidgah Jhang (3G-CII-3416),31.0,4229_Purani Eidgah Jhang (3G-CII-3416),JHUNG_CLUSTER_03_Urban,100%,0.0,63.0,0.0,144.0,0.0,216.0,157.0,157.0,0.0,81.0,4.2028,0.0,29436.0,29452.0,29383.0,29452.0,0.0,0.0,216.0,216.0,4.2028,100.0,102.0,102.0,0.0,216.0,63.0,63.0,0.1123,0.469,11.0591,0.9431,0.043,0.0027,0.0109,11.0591,0.9431,0.043,0.0027,0.0109,4.2028,0.0
2021-04-01,11:00,HTTSBSC02,24223.0,24223_New Rana Colony Gojra Road Jhang (3G-CII-3410),25.0,4223_New Rana Colony Gojra Road Jhang (3G-CII-3410),JHUNG_CLUSTER_03_Urban,100%,0.0,116.0,1.0,185.0,0.0,304.0,125.0,128.0,0.0,69.0,4.5889,1.0,29516.0,29765.0,28887.0,29765.0,0.0,0.0,304.0,304.0,4.5889,100.0,192.0,192.0,0.0,304.0,116.0,116.0,0.0272,0.6831,18.2406,1.2868,0.129,0.0054,0.0,18.2406,1.2868,0.129,0.0054,0.0,4.5889,1.0
2021-04-01,11:00,HTTSBSC02,34221.0,34221_Court Road Jhang (3G-CII-3408),23.0,4221_Court Road Jhang (3G-CII-3408),JHUNG_CLUSTER_03_Urban,100%,0.0,71.0,8.0,90.0,0.0,169.0,39.0,40.0,0.0,20.0,1.9542,8.0,11911.0,11927.0,11918.0,11927.0,0.0,1.0,169.0,168.0,1.9542,43.2771,106.0,107.0,0.0,168.0,70.0,71.0,0.0891,0.1792,25.7509,0.8787,0.024,0.0179,0.0059,25.7509,0.8787,0.024,0.0179,0.0059,1.9542,8.0
2021-04-01,11:00,HTTSBSC02,24221.0,24221_Court Road Jhang (3G-CII-3408),22.0,4221_Court Road Jhang (3G-CII-3408),JHUNG_CLUSTER_03_Urban,100%,0.0,55.0,4.0,105.0,0.0,332.0,87.0,88.0,0.0,50.0,1.85,4.0,11343.0,11488.0,11201.0,11488.0,0.0,1.0,332.0,318.0,1.85,40.9974,97.0,99.0,0.0,318.0,54.0,55.0,0.7576,2.3674,5.4585,0.6784,0.1012,0.0298,0.0179,5.4585,0.6784,0.1012,0.0298,0.0179,1.85,4.0
2021-04-01,11:00,HTTSBSC02,14221.0,14221_Court Road Jhang (3G-CII-3408),21.0,4221_Court Road Jhang (3G-CII-3408),JHUNG_CLUSTER_03_Urban,100%,0.0,69.0,4.0,88.0,0.0,340.0,35.0,36.0,0.0,20.0,1.8694,4.0,11435.0,11472.0,11385.0,11472.0,2.0,3.0,340.0,331.0,1.8694,43.3565,130.0,133.0,2.0,331.0,68.0,69.0,0.4478,0.7966,11.2869,0.584,0.0417,0.0415,0.0121,11.2869,0.584,0.0417,0.0415,0.0121,1.8694,4.0
2021-04-01,11:00,HTTSBSC02,34220.0,34220_PTCL Exhange Bhakkar Road Jhang (3G-CII-3407),20.0,4220_PTCL Exhange Bhakkar Road Jhang (3G-CII-3407),JHUNG_CLUSTER_03_Urban,100%,0.0,199.0,0.0,341.0,0.0,536.0,284.0,284.0,0.0,142.0,6.9458,0.0,44316.0,44371.0,44145.0,44371.0,0.0,0.0,536.0,533.0,6.9458,100.0,395.0,397.0,0.0,533.0,199.0,199.0,0.1496,1.0694,14.5892,1.8006,0.1524,0.0187,0.0061,14.5892,1.8006,0.1524,0.0187,0.0061,6.9458,0.0
2021-04-01,11:00,HTTSBSC02,24220.0,24220_PTCL Exhange Bhakkar Road Jhang (3G-CII-3407),19.0,4220_PTCL Exhange Bhakkar Road Jhang (3G-CII-3407),JHUNG_CLUSTER_03_Urban,100%,0.0,444.0,0.0,565.0,0.0,1177.0,257.0,262.0,0.0,122.0,9.4847,0.0,53390.0,54749.0,54235.0,54749.0,5.0,7.0,1177.0,1143.0,9.4847,100.0,747.0,754.0,5.0,1143.0,442.0,444.0,0.4413,1.2945,9.7525,0.5401,0.08900000000000001,0.0268,0.0192,9.7525,0.5401,0.08900000000000001,0.0268,0.0192,9.4847,0.0
2021-04-01,11:00,HTTSBSC02,14220.0,14220_PTCL Exhange Bhakkar Road Jhang (3G-CII-3407),18.0,4220_PTCL Exhange Bhakkar Road Jhang (3G-CII-3407),JHUNG_CLUSTER_03_Urban,100%,0.0,407.0,2.0,492.0,0.0,1490.0,173.0,174.0,0.0,87.0,8.1361,2.0,45968.0,46084.0,45214.0,46084.0,0.0,2.0,1490.0,1481.0,8.1361,100.0,736.0,738.0,0.0,1481.0,405.0,407.0,0.1541,0.7137,11.0915,1.0798,0.0686,0.008,0.0109,11.0915,1.0798,0.0686,0.008,0.0109,8.1361,2.0
2021-04-01,11:00,HTTSBSC02,34226.0,34226_Noor Pura Jhang (3G-CII-3413),15.0,4226_Noor Pura Jhang (3G-CII-3413),JHUNG_CLUSTER_03_Urban,100%,0.0,92.0,0.0,116.0,0.0,307.0,46.0,47.0,0.0,25.0,3.8528,0.0,24793.0,25284.0,24990.0,25284.0,0.0,1.0,307.0,299.0,3.8528,99.324,153.0,153.0,0.0,299.0,91.0,92.0,0.132,0.35200000000000004,11.6933,0.4171,0.0267,0.016,0.0,11.6933,0.4171,0.0267,0.016,0.0,3.8528,0.0
2021-04-01,11:00,HTTSBSC02,24235.0,24235_Loharana Wala Bazar Jhang (3G-CII-3417),2.0,4235_Loharana Wala Bazar Jhang (3G-CII-3417),JHUNG_CLUSTER_03_Urban,100%,0.0,498.0,0.0,607.0,0.0,1394.0,282.0,289.0,0.0,110.0,10.275,0.0,58270.0,58472.0,57330.0,58472.0,2.0,5.0,1394.0,1387.0,10.275,100.0,818.0,821.0,2.0,1387.0,495.0,498.0,0.17,0.5513,11.9419,2.1368,0.054000000000000006,0.0027,0.0214,11.9419,2.1368,0.054000000000000006,0.0027,0.0214,10.275,0.0
