Date,Time,GBSC,Cell CI,Cell Name,CellIndex,Site Name,Location,Integrity,_CallSetup TCH GOS(%)_N,_CallSetup TCH GOS(%)_D,_DCR_N,_DCR_D,_GOS-SDCCH(%)_N,_GOS-SDCCH(%)_D,_HSR%_N,_HSR%_D,_Mobility TCH GOS(%)_N,_Mobility TCH GOS(%)_D,_MTBD (Mean Time between Drop)_N,_MTBD (Mean Time between Drop)_D,_RxQual Index DL_1,_RxQual Index DL_2,_RxQual Index UL_1,_RxQual Index UL_2,CSSR_Non Blocking_1_N,CSSR_Non Blocking_2_N,CSSR_Non Blocking_1_D,CSSR_Non Blocking_2_D,GlobelTraffic,TCH Availability Rate,_cssr_Call Setup Indications (Circuit Service)_N_1,_Cssr_Channel Requests (Circuit Service)_D_1,_CSSR_Call Drops on SDCCH_N_2,_CSSR_Successful SDCCH Seizures_D_2,_CSSR_Successful TCH Seizures (Traffic Channel)_N_3,_CSSR_TCH Seizure Requests (Traffic Channel)_D_3,Interference Band Proportion (4~5)(%),Interference Band 345,Mean Number of TCH in Interference Band 1,Mean Number of TCH in Interference Band 2,Mean Number of TCH in Interference Band 3,Mean Number of TCH in Interference Band 4,Mean Number of TCH in Interference Band 5,Mean Number of TCH in Interference Band 1.1,Mean Number of TCH in Interference Band 2.1,Mean Number of TCH in Interference Band 3.1,Mean Number of TCH in Interference Band 4.1,Mean Number of TCH in Interference Band 5.1,K3014:Traffic Volume on TCH(Erl),CM33:Call Drops on Traffic Channel
2021-04-01,21:00,HLHRBSC15,27143.0,27143_Askari X (Gold) Lahore-Z2 (3G-CI-4079),429.0,7143_Askari X (Gold) Lahore-Z2 (3G-CI-4079),LAHORE_CLUSTER_09_Rural,100%,0.0,43.0,4.0,204.0,0.0,878.0,298.0,314.0,0.0,168.0,3.8458,4.0,23360.0,23648.0,23618.0,23648.0,1.0,2.0,878.0,846.0,3.8458,100.0,103.0,109.0,1.0,846.0,42.0,43.0,0.2553,2.8575,0.0,10.1729,0.2725,0.0214,0.0054,0.0,10.1729,0.2725,0.0214,0.0054,3.8458,4.0
2021-04-01,21:00,HLHRBSC15,31661.0,CI-1661-3_Opposite Ayub Stadium Cantt Lahore-Z2 (3G-CI-4120),103.0,CI-1661_Opposite Ayub Stadium Cantt Lahore-Z2 (3G-CI-4120),LAHORE_CLUSTER_09_Rural,100%,0.0,155.0,1.0,258.0,0.0,1018.0,204.0,207.0,0.0,104.0,8.7917,1.0,55616.0,56090.0,56080.0,56090.0,0.0,3.0,1018.0,1000.0,8.7917,100.0,581.0,590.0,0.0,1000.0,152.0,155.0,0.2032,0.5225,8.8187,0.32,0.0293,0.0187,0.0,8.8187,0.32,0.0293,0.0187,0.0,8.7917,1.0
2021-04-01,21:00,HLHRBSC15,21661.0,CI-1661-2_Opposite Ayub Stadium Cantt Lahore-Z2 (3G-CI-4120),102.0,CI-1661_Opposite Ayub Stadium Cantt Lahore-Z2 (3G-CI-4120),LAHORE_CLUSTER_09_Rural,100%,0.0,58.0,1.0,133.0,0.0,519.0,113.0,124.0,0.0,73.0,2.7653,1.0,16326.0,17120.0,17118.0,17120.0,0.0,4.0,519.0,513.0,2.7653,100.0,97.0,99.0,0.0,513.0,54.0,58.0,0.0,0.1784,8.8423,0.1337,0.016,0.0,0.0,8.8423,0.1337,0.016,0.0,0.0,2.7653,1.0
2021-04-01,21:00,HLHRBSC15,11661.0,CI-1661-1_Opposite Ayub Stadium Cantt Lahore-Z2 (3G-CI-4120),101.0,CI-1661_Opposite Ayub Stadium Cantt Lahore-Z2 (3G-CI-4120),LAHORE_CLUSTER_09_Rural,100%,0.0,218.0,0.0,392.0,0.0,723.0,346.0,349.0,0.0,174.0,10.2458,0.0,66390.0,66834.0,66642.0,66834.0,0.0,0.0,723.0,709.0,10.2458,100.0,421.0,428.0,0.0,709.0,218.0,218.0,0.177,0.5309,11.7653,1.7253,0.048,0.016,0.008,11.7653,1.7253,0.048,0.016,0.008,10.2458,0.0
2021-04-01,21:00,HLHRBSC09,27106.0,27106_PAF Officer MESS Cantt Lahore-Z2 (3G-CI-1644),291.0,7106_PAF Officer MESS Cantt Lahore-Z2 (3G-CI-1644),LAHORE_CLUSTER_09_Rural,100%,0.0,57.0,0.0,108.0,0.0,185.0,99.0,103.0,0.0,51.0,1.7556,0.0,9384.0,10230.0,10220.0,10230.0,0.0,0.0,185.0,171.0,1.7556,100.0,103.0,115.0,0.0,171.0,57.0,57.0,2.8761,4.9267,8.6458,0.8748,0.2053,0.20800000000000002,0.08,8.6458,0.8748,0.2053,0.20800000000000002,0.08,1.7556,0.0
2021-04-01,21:00,HLHRBSC09,31606.0,CI-1606-3_Near Old Airport Lahore-Z2 (3G-CI-1850),174.0,CI-1606_Near Old Airport Lahore-Z2 (3G-CI-1850),LAHORE_CLUSTER_09_Rural,100%,0.0,242.0,0.0,376.0,0.0,1818.0,264.0,277.0,0.0,135.0,13.7417,0.0,88058.0,88590.0,88490.0,88590.0,0.0,0.0,1818.0,1809.0,13.7417,100.0,1475.0,1482.0,0.0,1809.0,242.0,242.0,0.0,0.0,5.9229,0.1445,0.0,0.0,0.0,5.9229,0.1445,0.0,0.0,0.0,13.7417,0.0
2021-04-01,21:00,HLHRBSC09,21606.0,CI-1606-2_Near Old Airport Lahore-Z2 (3G-CI-1850),173.0,CI-1606_Near Old Airport Lahore-Z2 (3G-CI-1850),LAHORE_CLUSTER_09_Rural,100%,0.0,308.0,2.0,434.0,0.0,1891.0,241.0,252.0,0.0,128.0,17.9306,2.0,116290.0,116766.0,116130.0,116766.0,0.0,1.0,1891.0,1827.0,17.9306,100.0,515.0,532.0,0.0,1827.0,307.0,308.0,0.1852,0.8949,15.5015,1.5834,0.1223,0.0319,0.0,15.5015,1.5834,0.1223,0.0319,0.0,17.9306,2.0
2021-04-01,21:00,HLHRBSC09,11606.0,CI-1606-1_Near Old Airport Lahore-Z2 (3G-CI-1850),172.0,CI-1606_Near Old Airport Lahore-Z2 (3G-CI-1850),LAHORE_CLUSTER_09_Rural,100%,0.0,32.0,0.0,76.0,0.0,231.0,80.0,83.0,0.0,45.0,3.6417,0.0,25610.0,25746.0,25680.0,25746.0,0.0,0.0,231.0,229.0,3.6417,100.0,70.0,71.0,0.0,229.0,32.0,32.0,0.0,0.0265,9.7739,0.2633,0.0027,0.0,0.0,9.7739,0.2633,0.0027,0.0,0.0,3.6417,0.0
2021-04-01,21:00,HLHRBSC12,27014.0,27014_Water Tank Air Avenue Lahore-Z2 (3G-CI-1015),94.0,7014_Water Tank Air Avenue Lahore-Z2 (3G-CI-1015),LAHORE_CLUSTER_09_Rural,100%,0.0,53.0,0.0,82.0,0.0,356.0,46.0,55.0,0.0,36.0,3.1583,0.0,21026.0,21222.0,21178.0,21222.0,2.0,2.0,356.0,343.0,3.1583,100.0,131.0,135.0,2.0,343.0,53.0,53.0,0.0514,0.24,13.6521,1.8426,0.0293,0.008,0.0,13.6521,1.8426,0.0293,0.008,0.0,3.1583,0.0
2021-04-01,21:00,HLHRBSC12,17014.0,17014_Water Tank Air Avenue Lahore-Z2 (3G-CI-1015),93.0,7014_Water Tank Air Avenue Lahore-Z2 (3G-CI-1015),LAHORE_CLUSTER_09_Rural,100%,0.0,62.0,0.0,142.0,0.0,272.0,160.0,164.0,0.0,81.0,2.6625,0.0,15976.0,16238.0,16182.0,16238.0,0.0,1.0,272.0,255.0,2.6625,100.0,83.0,92.0,0.0,255.0,61.0,62.0,1.3533,8.7268,1.4987,7.3147,0.7120000000000001,0.0933,0.0373,1.4987,7.3147,0.7120000000000001,0.0933,0.0373,2.6625,0.0
2021-04-01,21:00,HLHRBSC12,23079.0,23079_Sector R Water Tank DHA Lahore-Z2 (3G-CI-4026),67.0,3079_Sector R Water Tank DHA Lahore-Z2 (3G-CI-4026),LAHORE_CLUSTER_09_Rural,100%,0.0,11.0,0.0,50.0,0.0,444.0,71.0,73.0,0.0,39.0,0.4389,0.0,2476.0,2500.0,2484.0,2500.0,0.0,0.0,444.0,439.0,0.4389,100.0,381.0,383.0,0.0,439.0,11.0,11.0,100.0,100.0,0.0,0.0,0.0,0.016,3.6,0.0,0.0,0.0,0.016,3.6,0.4389,0.0
2021-04-01,21:00,HLHRBSC12,23092.0,23092_Gohava Pind Lahore-Z2 (3G-CI-4223),64.0,3092_Gohava Pind Lahore-Z2 (3G-CI-4223),LAHORE_CLUSTER_09_Rural,100%,0.0,93.0,0.0,148.0,0.0,185.0,111.0,117.0,0.0,57.0,1.85,0.0,9778.0,10082.0,10054.0,10082.0,0.0,0.0,185.0,179.0,1.85,100.0,133.0,139.0,0.0,179.0,93.0,93.0,0.1513,27.5158,7.5120000000000005,0.152,2.8933,0.0107,0.0053,7.5120000000000005,0.152,2.8933,0.0107,0.0053,1.85,0.0
2021-04-01,21:00,HLHRBSC12,27129.0,27129_Block Q DHA Lahore-Z2 (3G-CI-4352),4.0,7129_Block Q DHA Lahore-Z2 (3G-CI-4352),LAHORE_CLUSTER_09_Rural,100%,0.0,21.0,0.0,73.0,0.0,163.0,103.0,106.0,0.0,52.0,1.3611,0.0,7604.0,8332.0,8290.0,8332.0,0.0,0.0,163.0,155.0,1.3611,100.0,51.0,58.0,0.0,155.0,21.0,21.0,0.2816,2.3937,7.885,1.3824,0.2005,0.0214,0.0054,7.885,1.3824,0.2005,0.0214,0.0054,1.3611,0.0
2021-04-01,21:00,HLHRBSC12,27107.0,27107_Sajpal Chok Airport Road Lahore-Z2 (3G-CI-4342),39.0,7107_Sajpal Chok Airport Road Lahore-Z2 (3G-CI-4342),LAHORE_CLUSTER_09_Rural,100%,0.0,26.0,0.0,83.0,0.0,90.0,109.0,117.0,0.0,59.0,1.6931,0.0,10894.0,10948.0,10934.0,10948.0,0.0,1.0,90.0,86.0,1.6931,100.0,44.0,45.0,0.0,86.0,25.0,26.0,0.0506,4.1457,3.2766,1.766,0.2154,0.0027,0.0,3.2766,1.766,0.2154,0.0027,0.0,1.6931,0.0
2021-04-01,21:00,HLHRBSC12,17017.0,17017_Burki Lahore-Z2 (3G-CI-1635),34.0,7017_Burki Lahore-Z2 (3G-CI-1635),LAHORE_CLUSTER_09_Rural,100%,0.0,17.0,0.0,40.0,0.0,116.0,47.0,49.0,0.0,23.0,1.6833,0.0,10964.0,11748.0,11490.0,11748.0,2.0,2.0,116.0,107.0,1.6833,100.0,36.0,39.0,2.0,107.0,17.0,17.0,0.8682,5.5775,0.0,9.5963,0.4786,0.0749,0.0134,0.0,9.5963,0.4786,0.0749,0.0134,1.6833,0.0
2021-04-01,21:00,HLHRBSC12,37017.0,37017_Burki Lahore-Z2 (3G-CI-1635),33.0,7017_Burki Lahore-Z2 (3G-CI-1635),LAHORE_CLUSTER_09_Rural,100%,0.0,48.0,1.0,59.0,0.0,460.0,25.0,25.0,0.0,11.0,1.3194,1.0,7960.0,8396.0,8338.0,8396.0,0.0,0.0,460.0,423.0,1.3194,100.0,212.0,222.0,0.0,423.0,48.0,48.0,0.1967,0.3653,9.2914,0.1898,0.016,0.008,0.0107,9.2914,0.1898,0.016,0.008,0.0107,1.3194,1.0
2021-04-01,21:00,HLHRBSC12,27017.0,27017_Burki Lahore-Z2 (3G-CI-1635),32.0,7017_Burki Lahore-Z2 (3G-CI-1635),LAHORE_CLUSTER_09_Rural,100%,0.0,14.0,0.0,30.0,0.0,172.0,30.0,30.0,0.0,16.0,1.25,0.0,8416.0,8592.0,8580.0,8592.0,0.0,0.0,172.0,158.0,1.25,100.0,36.0,37.0,0.0,158.0,14.0,14.0,0.0,0.0,4.5668,0.0134,0.0,0.0,0.0,4.5668,0.0134,0.0,0.0,0.0,1.25,0.0
2021-04-01,21:00,HLHRBSC12,37112.0,37112_Bangali Pind Barki Road Lahore-Z2 (3G-CI-4073),31.0,7112_Bangali Pind Barki Road Lahore-Z2 (3G-CI-4073),LAHORE_CLUSTER_09_Rural,100%,0.0,9.0,1.0,12.0,0.0,54.0,5.0,5.0,0.0,3.0,0.3972,1.0,2468.0,2468.0,2468.0,2468.0,0.0,0.0,54.0,47.0,0.3972,100.0,14.0,14.0,0.0,47.0,9.0,9.0,0.0,0.3813,0.9091,4.6792,0.0214,0.0,0.0,0.9091,4.6792,0.0214,0.0,0.0,0.3972,1.0
2021-04-01,21:00,HLHRBSC12,31596.0,CI-1596-3_Ali Park Near Airport (Gold) Lahore-Z2 (3G-CI-1840),306.0,CI-1596_Ali Park Near Airport (Gold) Lahore-Z2 (3G-CI-1840),LAHORE_CLUSTER_09_Rural,100%,0.0,130.0,1.0,222.0,0.0,412.0,201.0,203.0,0.0,92.0,5.0083,1.0,32726.0,32780.0,32606.0,32780.0,0.0,0.0,412.0,411.0,5.0083,100.0,197.0,198.0,0.0,411.0,130.0,130.0,0.0,0.0,13.4637,0.0374,0.0,0.0,0.0,13.4637,0.0374,0.0,0.0,0.0,5.0083,1.0
2021-04-01,21:00,HLHRBSC12,21596.0,CI-1596-2_Ali Park Near Airport (Gold) Lahore-Z2 (3G-CI-1840),305.0,CI-1596_Ali Park Near Airport (Gold) Lahore-Z2 (3G-CI-1840),LAHORE_CLUSTER_09_Rural,100%,0.0,136.0,1.0,228.0,0.0,1061.0,180.0,184.0,0.0,87.0,12.2583,1.0,82756.0,82928.0,82446.0,82928.0,0.0,0.0,1061.0,1049.0,12.2583,100.0,767.0,777.0,0.0,1049.0,136.0,136.0,0.11900000000000001,0.9143,12.5821,0.7354,0.1069,0.016,0.0,12.5821,0.7354,0.1069,0.016,0.0,12.2583,1.0
2021-04-01,21:00,HLHRBSC12,11596.0,CI-1596-1_Ali Park Near Airport (Gold) Lahore-Z2 (3G-CI-1840),304.0,CI-1596_Ali Park Near Airport (Gold) Lahore-Z2 (3G-CI-1840),LAHORE_CLUSTER_09_Rural,100%,0.0,261.0,5.0,391.0,0.0,2563.0,281.0,296.0,0.0,135.0,10.1083,5.0,61570.0,61760.0,59700.0,61760.0,0.0,3.0,2563.0,1940.0,10.1083,100.0,430.0,463.0,0.0,1940.0,258.0,261.0,0.5057,94.8359,0.0,0.6928,12.6549,0.0625,0.0053,0.0,0.6928,12.6549,0.0625,0.0053,10.1083,5.0
2021-04-01,21:00,HLHRBSC12,31568.0,CI-1568-3_OHWT Sector B Phase 6 (Gold) Lahore-Z2 (3G-CI-1812),303.0,CI-1568_OHWT Sector B Phase 6 (Gold) Lahore-Z2 (3G-CI-1812),LAHORE_CLUSTER_09_Rural,100%,0.0,159.0,4.0,258.0,0.0,508.0,185.0,196.0,0.0,98.0,8.1028,4.0,49676.0,50494.0,49608.0,50494.0,0.0,3.0,508.0,460.0,8.1028,100.0,245.0,260.0,0.0,460.0,156.0,159.0,0.2247,45.6764,4.487,0.0261,3.7760000000000002,0.0187,0.0,4.487,0.0261,3.7760000000000002,0.0187,0.0,8.1028,4.0
2021-04-01,21:00,HLHRBSC12,21568.0,CI-1568-2_OHWT Sector B Phase 6 (Gold) Lahore-Z2 (3G-CI-1812),302.0,CI-1568_OHWT Sector B Phase 6 (Gold) Lahore-Z2 (3G-CI-1812),LAHORE_CLUSTER_09_Rural,100%,0.0,18.0,1.0,114.0,0.0,401.0,182.0,191.0,0.0,95.0,3.275,1.0,21828.0,21950.0,21600.0,21950.0,0.0,0.0,401.0,372.0,3.275,100.0,81.0,84.0,0.0,372.0,18.0,18.0,0.3829,3.0891,6.984,13.3155,0.5668,0.0695,0.0107,6.984,13.3155,0.5668,0.0695,0.0107,3.275,1.0
2021-04-01,21:00,HLHRBSC12,11568.0,CI-1568-1_OHWT Sector B Phase 6 (Gold) Lahore-Z2 (3G-CI-1812),301.0,CI-1568_OHWT Sector B Phase 6 (Gold) Lahore-Z2 (3G-CI-1812),LAHORE_CLUSTER_09_Rural,100%,0.0,29.0,0.0,124.0,0.0,594.0,202.0,208.0,0.0,95.0,3.4986,0.0,23566.0,23680.0,23528.0,23680.0,0.0,0.0,594.0,502.0,3.4986,100.0,84.0,93.0,0.0,502.0,29.0,29.0,0.3485,69.6357,6.7067,0.2747,15.9305,0.0481,0.0321,6.7067,0.2747,15.9305,0.0481,0.0321,3.4986,0.0
2021-04-01,21:00,HLHRBSC12,27112.0,27112_Bangali Pind Barki Road Lahore-Z2 (3G-CI-4073),30.0,7112_Bangali Pind Barki Road Lahore-Z2 (3G-CI-4073),LAHORE_CLUSTER_09_Rural,100%,0.0,16.0,0.0,34.0,0.0,64.0,35.0,37.0,0.0,18.0,0.8542,0.0,5768.0,5768.0,5768.0,5768.0,0.0,0.0,64.0,60.0,0.8542,100.0,29.0,31.0,0.0,60.0,16.0,16.0,0.0442,0.1989,10.8853,1.1412,0.0186,0.0053,0.0,10.8853,1.1412,0.0186,0.0053,0.0,0.8542,0.0
2021-04-01,21:00,HLHRBSC12,17112.0,17112_Bangali Pind Barki Road Lahore-Z2 (3G-CI-4073),29.0,7112_Bangali Pind Barki Road Lahore-Z2 (3G-CI-4073),LAHORE_CLUSTER_09_Rural,100%,0.0,8.0,0.0,27.0,0.0,96.0,28.0,32.0,0.0,20.0,1.3292,0.0,8968.0,9186.0,9186.0,9186.0,0.0,0.0,96.0,95.0,1.3292,100.0,16.0,17.0,0.0,95.0,8.0,8.0,0.0,0.1436,3.6942,0.0053,0.0053,0.0,0.0,3.6942,0.0053,0.0053,0.0,0.0,1.3292,0.0
2021-04-01,21:00,HLHRBSC12,31565.0,CI-1565-3_Sector D Phase 8 DHA Lahore-Z2 (3G-CI-1809),288.0,CI-1565_Sector D Phase 8 DHA Lahore-Z2 (3G-CI-1809),LAHORE_CLUSTER_09_Rural,100%,0.0,50.0,3.0,156.0,0.0,564.0,199.0,205.0,0.0,99.0,3.1056,3.0,17882.0,18646.0,18376.0,18646.0,0.0,0.0,564.0,533.0,3.1056,100.0,209.0,218.0,0.0,533.0,50.0,50.0,0.0,0.0231,8.9548,2.5665,0.0027,0.0,0.0,8.9548,2.5665,0.0027,0.0,0.0,3.1056,3.0
2021-04-01,21:00,HLHRBSC12,21565.0,CI-1565-2_Sector D Phase 8 DHA Lahore-Z2 (3G-CI-1809),287.0,CI-1565_Sector D Phase 8 DHA Lahore-Z2 (3G-CI-1809),LAHORE_CLUSTER_09_Rural,100%,0.0,81.0,0.0,120.0,0.0,533.0,77.0,79.0,0.0,39.0,4.8194,0.0,31468.0,31664.0,31192.0,31664.0,1.0,3.0,533.0,481.0,4.8194,100.0,143.0,149.0,1.0,481.0,79.0,81.0,66.0665,100.0,0.0,0.0,4.272,8.3173,0.0,0.0,0.0,4.272,8.3173,0.0,4.8194,0.0
2021-04-01,21:00,HLHRBSC12,11483.0,CI-1483-1_Residence of GM SNGPL (Pico) Lahore-Z0,278.0,CI-1483_Residence of GM SNGPL (Pico) Lahore-Z0,LAHORE_CLUSTER_09_Rural,100%,0.0,0.0,0.0,0.0,0.0,0.0,0.0,0.0,0.0,0.0,0.0,0.0,0.0,0.0,0.0,0.0,0.0,0.0,0.0,0.0,0.0,0.0,0.0,0.0,0.0,0.0,0.0,0.0,,,,,,,,,,,,,0.0,0.0
2021-04-01,21:00,HLHRBSC12,13731.0,13731_Mubashir Bajwa House DHA Phase 8 (Pico) Lahore-Z0,277.0,3731_Mubashir Bajwa House DHA Phase 8 (Pico) Lahore-Z0,LAHORE_CLUSTER_09_Rural,100%,0.0,0.0,0.0,0.0,0.0,0.0,0.0,0.0,0.0,0.0,0.0,0.0,0.0,0.0,0.0,0.0,0.0,0.0,0.0,0.0,0.0,0.0,0.0,0.0,0.0,0.0,0.0,0.0,,,,,,,,,,,,,0.0,0.0
2021-04-01,21:00,HLHRBSC12,21516.0,CI-1516-2_DHA Office (Micro) Lahore-Z0,276.0,CI-1516_DHA Office (Micro) Lahore-Z0,LAHORE_CLUSTER_09_Rural,100%,0.0,0.0,0.0,1.0,0.0,0.0,2.0,2.0,0.0,1.0,0.0014,0.0,6.0,8.0,8.0,8.0,0.0,0.0,0.0,0.0,0.0014,100.0,0.0,0.0,0.0,0.0,0.0,0.0,0.0,0.0,4.9947,0.0,0.0,0.0,0.0,4.9947,0.0,0.0,0.0,0.0,0.0014,0.0
2021-04-01,21:00,HLHRBSC12,11565.0,CI-1565-1_Sector D Phase 8 DHA Lahore-Z2 (3G-CI-1809),275.0,CI-1565_Sector D Phase 8 DHA Lahore-Z2 (3G-CI-1809),LAHORE_CLUSTER_09_Rural,100%,0.0,88.0,4.0,138.0,0.0,633.0,73.0,80.0,0.0,38.0,4.1042,4.0,24696.0,25770.0,25662.0,25770.0,1.0,1.0,633.0,599.0,4.1042,100.0,263.0,274.0,1.0,599.0,88.0,88.0,0.0,0.3363,10.0305,1.0092,0.0373,0.0,0.0,10.0305,1.0092,0.0373,0.0,0.0,4.1042,4.0
2021-04-01,21:00,HLHRBSC12,23043.0,23043_Airport (Gold) Lahore-Z2 (3G-CI-4014),26.0,3043_Airport (Gold) Lahore-Z2 (3G-CI-4014),LAHORE_CLUSTER_09_Rural,100%,0.0,66.0,3.0,134.0,0.0,347.0,133.0,136.0,0.0,68.0,2.7847,3.0,15202.0,16076.0,15878.0,16076.0,0.0,0.0,347.0,339.0,2.7847,100.0,91.0,94.0,0.0,339.0,66.0,66.0,0.0556,0.1672,9.2513,0.3271,0.0107,0.0053,0.0,9.2513,0.3271,0.0107,0.0053,0.0,2.7847,3.0
2021-04-01,21:00,HLHRBSC12,27130.0,27130_Commercial Area DHA P5 Lahore-Z2 (3G-CI-4978),23.0,7130_Commercial Area DHA P5 Lahore-Z2 (3G-CI-4978),LAHORE_CLUSTER_09_Rural,100%,0.0,5.0,0.0,21.0,0.0,36.0,25.0,28.0,0.0,17.0,0.0903,0.0,368.0,398.0,398.0,398.0,0.0,0.0,36.0,35.0,0.0903,100.0,14.0,14.0,0.0,35.0,5.0,5.0,0.4947,0.9892,4.696000000000001,0.1093,0.024,0.0133,0.0107,4.696000000000001,0.1093,0.024,0.0133,0.0107,0.0903,0.0
2021-04-01,21:00,HLHRBSC12,11516.0,CI-1516-1_DHA Office (Micro) Lahore-Z0,201.0,CI-1516_DHA Office (Micro) Lahore-Z0,LAHORE_CLUSTER_09_Rural,100%,0.0,0.0,0.0,0.0,0.0,0.0,0.0,0.0,0.0,0.0,0.0,0.0,0.0,0.0,0.0,0.0,0.0,0.0,0.0,0.0,0.0,100.0,0.0,0.0,0.0,0.0,0.0,0.0,0.0,0.0,5.0,0.0,0.0,0.0,0.0,5.0,0.0,0.0,0.0,0.0,0.0,0.0
2021-04-01,21:00,HLHRBSC12,31379.0,CI-1379-3_Kohrian Lahore-Z2 (3G-CI-1797),162.0,CI-1379_Kohrian Lahore-Z2 (3G-CI-1797),LAHORE_CLUSTER_09_Rural,100%,0.0,1.0,0.0,1.0,0.0,12.0,0.0,0.0,0.0,0.0,0.0625,0.0,386.0,386.0,386.0,386.0,0.0,0.0,12.0,12.0,0.0625,100.0,2.0,2.0,0.0,12.0,1.0,1.0,0.0,0.0,4.9149,0.0,0.0,0.0,0.0,4.9149,0.0,0.0,0.0,0.0,0.0625,0.0
2021-04-01,21:00,HLHRBSC12,21379.0,CI-1379-2_Kohrian Lahore-Z2 (3G-CI-1797),161.0,CI-1379_Kohrian Lahore-Z2 (3G-CI-1797),LAHORE_CLUSTER_09_Rural,100%,0.0,2.0,0.0,7.0,0.0,8.0,11.0,11.0,0.0,5.0,0.5819,0.0,4128.0,4128.0,4128.0,4128.0,0.0,0.0,8.0,8.0,0.5819,100.0,4.0,4.0,0.0,8.0,2.0,2.0,0.0,0.0,10.8165,0.5638,0.0,0.0,0.0,10.8165,0.5638,0.0,0.0,0.0,0.5819,0.0
2021-04-01,21:00,HLHRBSC12,11379.0,CI-1379-1_Kohrian Lahore-Z2 (3G-CI-1797),160.0,CI-1379_Kohrian Lahore-Z2 (3G-CI-1797),LAHORE_CLUSTER_09_Rural,100%,0.0,4.0,1.0,15.0,0.0,656.0,20.0,22.0,0.0,11.0,0.2528,1.0,1038.0,1532.0,1528.0,1532.0,1.0,1.0,656.0,603.0,0.2528,100.0,12.0,15.0,1.0,603.0,4.0,4.0,0.0275,0.2754,9.4663,0.2055,0.024,0.0027,0.0,9.4663,0.2055,0.024,0.0027,0.0,0.2528,1.0
2021-04-01,21:00,HLHRBSC12,21600.0,CI-1600-2_Sector A Askari-11 Lahore-Z2 (3G-CI-1844),134.0,CI-1600_Sector A Askari-11 Lahore-Z2 (3G-CI-1844),LAHORE_CLUSTER_09_Rural,100%,0.0,55.0,1.0,107.0,0.0,479.0,97.0,100.0,0.0,52.0,8.4042,1.0,58516.0,59054.0,58768.0,59054.0,0.0,0.0,479.0,469.0,8.4042,100.0,86.0,91.0,0.0,469.0,55.0,55.0,0.0264,0.0528,9.9091,0.2005,0.0027,0.0027,0.0,9.9091,0.2005,0.0027,0.0027,0.0,8.4042,1.0
2021-04-01,21:00,HLHRBSC12,17163.0,17163_Nadrabad Lahore-Z2 (3G-CI-4372),12.0,7163_Nadrabad Lahore-Z2 (3G-CI-4372),LAHORE_CLUSTER_09_Rural,100%,0.0,89.0,1.0,228.0,0.0,662.0,242.0,246.0,0.0,139.0,8.9208,1.0,59928.0,60138.0,59642.0,60138.0,0.0,0.0,662.0,588.0,8.9208,100.0,139.0,140.0,0.0,588.0,89.0,89.0,22.4118,37.9714,5.2156,6.7334,2.9973,1.032,3.2853,5.2156,6.7334,2.9973,1.032,3.2853,8.9208,1.0
2021-04-01,21:00,HLHRBSC12,27987.0,27987_UBL Society Lahore-Z2 (3G-CI-4123),118.0,7987_UBL Society Lahore-Z2 (3G-CI-4123),LAHORE_CLUSTER_09_Rural,100%,0.0,54.0,1.0,148.0,0.0,491.0,182.0,185.0,0.0,93.0,4.5903,1.0,30478.0,30538.0,30356.0,30538.0,0.0,0.0,491.0,479.0,4.5903,100.0,115.0,115.0,0.0,479.0,54.0,54.0,0.0,0.3539,5.207000000000001,5.3265,0.0374,0.0,0.0,5.207000000000001,5.3265,0.0374,0.0,0.0,4.5903,1.0
2021-04-01,21:00,HLHRBSC12,23189.0,23189_Alfalah Town Lahore-Z2 (3G-CI-4261),109.0,3189_Alfalah Town Lahore-Z2 (3G-CI-4261),LAHORE_CLUSTER_09_Rural,100%,0.0,62.0,0.0,101.0,0.0,249.0,80.0,82.0,0.0,40.0,1.4403,0.0,8178.0,8178.0,8176.0,8178.0,0.0,1.0,249.0,248.0,1.4403,100.0,135.0,135.0,0.0,248.0,61.0,62.0,0.5707,3.7279,12.7133,1.7157,0.4732,0.0775,0.008,12.7133,1.7157,0.4732,0.0775,0.008,1.4403,0.0
2021-04-01,21:00,HLHRBSC12,27261.0,27261_Gohawa Village Lahore-Z2 (3G-CI-4430),103.0,7261_Gohawa Village Lahore-Z2 (3G-CI-4430),LAHORE_CLUSTER_09_Rural,100%,0.0,107.0,0.0,222.0,0.0,615.0,234.0,241.0,0.0,119.0,4.5583,0.0,29354.0,29986.0,29984.0,29986.0,0.0,3.0,615.0,604.0,4.5583,100.0,380.0,380.0,0.0,604.0,104.0,107.0,2.763,6.6827,11.2701,4.262,0.6524,0.3128,0.1471,11.2701,4.262,0.6524,0.3128,0.1471,4.5583,0.0
2021-04-01,21:00,HLHRBSC09,47106.0,47106_PAF Officer MESS Cantt Lahore-Z2 (3G-CI-1644),211.0,7106_PAF Officer MESS Cantt Lahore-Z2 (3G-CI-1644),LAHORE_CLUSTER_09_Rural,100%,0.0,49.0,1.0,49.0,0.0,195.0,0.0,0.0,0.0,0.0,3.0194,1.0,16578.0,19152.0,19136.0,19152.0,0.0,0.0,195.0,179.0,3.0194,100.0,99.0,112.0,0.0,179.0,49.0,49.0,0.4262,4.4606,14.3274,2.4474,0.7084,0.0722,0.0027,14.3274,2.4474,0.7084,0.0722,0.0027,3.0194,1.0
2021-04-01,21:00,HLHRBSC09,41606.0,CI-1606-4_Near Old Airport Lahore-Z2 (3G-CI-1850),210.0,CI-1606_Near Old Airport Lahore-Z2 (3G-CI-1850),LAHORE_CLUSTER_09_Rural,100%,0.0,233.0,4.0,230.0,0.0,1645.0,0.0,0.0,0.0,0.0,13.575,4.0,91790.0,93795.0,93070.0,93795.0,5.0,8.0,1645.0,1579.0,13.575,100.0,1170.0,1208.0,5.0,1579.0,230.0,233.0,0.0,0.2533,4.5409,0.7088,0.0133,0.0,0.0,4.5409,0.7088,0.0133,0.0,0.0,13.575,4.0
2021-04-01,21:00,HLHRBSC12,31785.0,CI-1785-3_Lehna Singhwala Lahore-Z1 (3G-CI-2263),343.0,CI-1785_Lehna Singhwala Lahore-Z1 (3G-CI-2263),LAHORE_CLUSTER_09_Rural,100%,0.0,19.0,1.0,69.0,0.0,401.0,103.0,103.0,0.0,50.0,1.1069,1.0,6859.0,7128.0,6921.0,7128.0,0.0,0.0,401.0,383.0,1.1069,100.0,229.0,241.0,0.0,383.0,19.0,19.0,0.5349,19.3189,15.4652,4.2108,4.5809,0.1251,0.0053,15.4652,4.2108,4.5809,0.1251,0.0053,1.1069,1.0
2021-04-01,21:00,HLHRBSC12,21785.0,CI-1785-2_Lehna Singhwala Lahore-Z1 (3G-CI-2263),342.0,CI-1785_Lehna Singhwala Lahore-Z1 (3G-CI-2263),LAHORE_CLUSTER_09_Rural,100%,0.0,62.0,1.0,220.0,0.0,755.0,309.0,316.0,0.0,158.0,7.9931,1.0,55514.0,56138.0,55663.0,56138.0,0.0,0.0,755.0,650.0,7.9931,100.0,250.0,262.0,0.0,650.0,62.0,62.0,0.0298,0.4942,12.9166,4.8891,0.0831,0.0053,0.0,12.9166,4.8891,0.0831,0.0053,0.0,7.9931,1.0
2021-04-01,21:00,HLHRBSC12,11785.0,CI-1785-1_Lehna Singhwala Lahore-Z1 (3G-CI-2263),341.0,CI-1785_Lehna Singhwala Lahore-Z1 (3G-CI-2263),LAHORE_CLUSTER_09_Rural,100%,0.0,52.0,0.0,71.0,0.0,202.0,43.0,44.0,0.0,20.0,2.6792,0.0,18369.0,18459.0,18336.0,18459.0,0.0,1.0,202.0,161.0,2.6792,100.0,66.0,82.0,0.0,161.0,51.0,52.0,0.1349,23.8608,13.7459,2.8487,5.1711,0.0267,0.0027,13.7459,2.8487,5.1711,0.0267,0.0027,2.6792,0.0
2021-04-01,21:00,HLHRBSC12,31807.0,CI-1807-3_Sector L DHA Phase 6 Lahore (3G-CI-2274),352.0,CI-1807_Sector L DHA Phase 6 Lahore (3G-CI-2274),LAHORE_CLUSTER_09_Rural,100%,0.0,36.0,3.0,82.0,0.0,792.0,70.0,80.0,0.0,51.0,1.1333,3.0,4712.0,4817.0,4528.0,4817.0,0.0,3.0,792.0,637.0,1.1333,100.0,63.0,74.0,0.0,637.0,33.0,36.0,30.3582,31.1707,0.0,25.752,0.304,0.0053,11.353,0.0,25.752,0.304,0.0053,11.353,1.1333,3.0
2021-04-01,21:00,HLHRBSC12,21807.0,CI-1807-2_Sector L DHA Phase 6 Lahore (3G-CI-2274),351.0,CI-1807_Sector L DHA Phase 6 Lahore (3G-CI-2274),LAHORE_CLUSTER_09_Rural,100%,0.0,122.0,1.0,194.0,0.0,413.0,156.0,160.0,0.0,73.0,4.1681,1.0,26763.0,27786.0,27488.0,27786.0,0.0,1.0,413.0,380.0,4.1681,100.0,214.0,220.0,0.0,380.0,121.0,122.0,0.0146,0.8712,25.2667,10.84,0.312,0.0053,0.0,25.2667,10.84,0.312,0.0053,0.0,4.1681,1.0
2021-04-01,21:00,HLHRBSC12,11807.0,CI-1807-1_Sector L DHA Phase 6 Lahore (3G-CI-2274),350.0,CI-1807_Sector L DHA Phase 6 Lahore (3G-CI-2274),LAHORE_CLUSTER_09_Rural,100%,0.0,61.0,0.0,129.0,0.0,619.0,136.0,143.0,0.0,71.0,3.85,0.0,26080.0,26527.0,26187.0,26527.0,0.0,2.0,619.0,570.0,3.85,100.0,161.0,175.0,0.0,570.0,59.0,61.0,0.0,8.0725,25.5562,7.6108,2.9125,0.0,0.0,25.5562,7.6108,2.9125,0.0,0.0,3.85,0.0
2021-04-01,21:00,HLHRBSC12,31806.0,CI-1806-3_Sector G DHA Phase 6 Lahore (3G-CI-2273),349.0,CI-1806_Sector G DHA Phase 6 Lahore (3G-CI-2273),LAHORE_CLUSTER_09_Rural,100%,0.0,11.0,0.0,68.0,0.0,218.0,101.0,104.0,0.0,58.0,1.8153,0.0,13021.0,13087.0,13076.0,13087.0,0.0,1.0,218.0,205.0,1.8153,100.0,114.0,126.0,0.0,205.0,10.0,11.0,0.6849,29.8135,25.4987,3.1973,11.9093,0.22399999999999998,0.055999999999999994,25.4987,3.1973,11.9093,0.22399999999999998,0.055999999999999994,1.8153,0.0
2021-04-01,21:00,HLHRBSC12,21806.0,CI-1806-2_Sector G DHA Phase 6 Lahore (3G-CI-2273),348.0,CI-1806_Sector G DHA Phase 6 Lahore (3G-CI-2273),LAHORE_CLUSTER_09_Rural,100%,0.0,80.0,1.0,154.0,0.0,359.0,134.0,139.0,0.0,76.0,2.8097,1.0,17547.0,18119.0,17811.0,18119.0,0.0,3.0,359.0,232.0,2.8097,100.0,103.0,115.0,0.0,232.0,77.0,80.0,32.2643,33.8911,20.5695,6.0508,0.6551,12.9706,0.0214,20.5695,6.0508,0.6551,12.9706,0.0214,2.8097,1.0
2021-04-01,21:00,HLHRBSC12,11806.0,CI-1806-1_Sector G DHA Phase 6 Lahore (3G-CI-2273),347.0,CI-1806_Sector G DHA Phase 6 Lahore (3G-CI-2273),LAHORE_CLUSTER_09_Rural,100%,0.0,21.0,2.0,45.0,0.0,270.0,46.0,47.0,0.0,23.0,1.2097,2.0,7981.0,8043.0,8000.0,8043.0,0.0,0.0,270.0,203.0,1.2097,100.0,51.0,53.0,0.0,203.0,21.0,21.0,0.3609,27.5635,24.9465,2.4225,10.2781,0.1283,0.008,24.9465,2.4225,10.2781,0.1283,0.008,1.2097,2.0
2021-04-01,21:00,HLHRBSC12,21805.0,CI-1805-2_Sector D DHA Phase 6 Lahore (3G-CI-2258),345.0,CI-1805_Sector D DHA Phase 6 Lahore (3G-CI-2258),LAHORE_CLUSTER_09_Rural,100%,0.0,53.0,1.0,174.0,0.0,325.0,221.0,230.0,0.0,124.0,5.4917,1.0,37898.0,37950.0,37668.0,37950.0,0.0,0.0,325.0,291.0,5.4917,100.0,117.0,134.0,0.0,291.0,53.0,53.0,0.2094,9.0325,22.191999999999997,9.051,3.0303,0.0613,0.0107,22.191999999999997,9.051,3.0303,0.0613,0.0107,5.4917,1.0
2021-04-01,21:00,HLHRBSC12,11805.0,CI-1805-1_Sector D DHA Phase 6 Lahore (3G-CI-2258),344.0,CI-1805_Sector D DHA Phase 6 Lahore (3G-CI-2258),LAHORE_CLUSTER_09_Rural,100%,0.0,29.0,0.0,72.0,0.0,197.0,79.0,81.0,0.0,43.0,1.2889,0.0,8567.0,8644.0,8537.0,8644.0,0.0,0.0,197.0,116.0,1.2889,100.0,41.0,60.0,0.0,116.0,29.0,29.0,0.1438,33.1008,17.5771,9.7368,13.4558,0.0587,0.0,17.5771,9.7368,13.4558,0.0587,0.0,1.2889,0.0
2021-04-01,21:00,HLHRBSC12,31805.0,CI-1805-3_Sector D DHA Phase 6 Lahore (3G-CI-2258),346.0,CI-1805_Sector D DHA Phase 6 Lahore (3G-CI-2258),LAHORE_CLUSTER_09_Rural,100%,0.0,37.0,0.0,107.0,0.0,231.0,135.0,145.0,0.0,72.0,3.0708,0.0,20821.0,21086.0,20999.0,21086.0,0.0,0.0,231.0,201.0,3.0708,100.0,53.0,69.0,0.0,201.0,37.0,37.0,0.1696,1.2593,25.766,14.4814,0.4442,0.0665,0.0027,25.766,14.4814,0.4442,0.0665,0.0027,3.0708,0.0
