Date,Time,GBSC,Cell CI,Cell Name,CellIndex,Site Name,Location,Integrity,_CallSetup TCH GOS(%)_N,_CallSetup TCH GOS(%)_D,_DCR_N,_DCR_D,_GOS-SDCCH(%)_N,_GOS-SDCCH(%)_D,_HSR%_N,_HSR%_D,_Mobility TCH GOS(%)_N,_Mobility TCH GOS(%)_D,_MTBD (Mean Time between Drop)_N,_MTBD (Mean Time between Drop)_D,_RxQual Index DL_1,_RxQual Index DL_2,_RxQual Index UL_1,_RxQual Index UL_2,CSSR_Non Blocking_1_N,CSSR_Non Blocking_2_N,CSSR_Non Blocking_1_D,CSSR_Non Blocking_2_D,GlobelTraffic,TCH Availability Rate,_cssr_Call Setup Indications (Circuit Service)_N_1,_Cssr_Channel Requests (Circuit Service)_D_1,_CSSR_Call Drops on SDCCH_N_2,_CSSR_Successful SDCCH Seizures_D_2,_CSSR_Successful TCH Seizures (Traffic Channel)_N_3,_CSSR_TCH Seizure Requests (Traffic Channel)_D_3,Interference Band Proportion (4~5)(%),Interference Band 345,Mean Number of TCH in Interference Band 1,Mean Number of TCH in Interference Band 2,Mean Number of TCH in Interference Band 3,Mean Number of TCH in Interference Band 4,Mean Number of TCH in Interference Band 5,Mean Number of TCH in Interference Band 1.1,Mean Number of TCH in Interference Band 2.1,Mean Number of TCH in Interference Band 3.1,Mean Number of TCH in Interference Band 4.1,Mean Number of TCH in Interference Band 5.1,K3014:Traffic Volume on TCH(Erl),CM33:Call Drops on Traffic Channel
2021-04-01,21:00,HLHRBSC08,17194.0,17194_Azam Park Lahore-Z1 (3G-CI-4386),56.0,7194_Azam Park Lahore-Z1 (3G-CI-4386),LAHORE_CLUSTER_03_Rural,100%,0.0,70.0,6.0,98.0,0.0,596.0,52.0,54.0,0.0,30.0,2.9361,6.0,16368.0,16376.0,15672.0,16376.0,0.0,1.0,596.0,575.0,2.9361,100.0,163.0,171.0,0.0,575.0,69.0,70.0,58.7761,100.0,0.0,0.0,3.952,3.5653,2.0693,0.0,0.0,3.952,3.5653,2.0693,2.9361,6.0
2021-04-01,21:00,HLHRBSC08,17200.0,17200_Siddiqia Colony Lahore-Z1 (3G-CI-4392),53.0,7200_Siddiqia Colony Lahore-Z1 (3G-CI-4392),LAHORE_CLUSTER_03_Rural,100%,0.0,93.0,0.0,155.0,0.0,552.0,116.0,119.0,0.0,62.0,4.2944,0.0,27510.0,27614.0,27268.0,27614.0,0.0,1.0,552.0,526.0,4.2944,100.0,204.0,204.0,0.0,526.0,92.0,93.0,0.1528,2.2265,0.0,11.9759,0.254,0.016,0.0027,0.0,11.9759,0.254,0.016,0.0027,4.2944,0.0
2021-04-01,21:00,HLHRBSC08,13191.0,13191_China Scheme Lahore-Z1 (3G-CI-4263),364.0,3191_China Scheme Lahore-Z1 (3G-CI-4263),LAHORE_CLUSTER_03_Rural,100%,0.0,139.0,0.0,248.0,0.0,231.0,209.0,213.0,0.0,110.0,5.3042,0.0,33526.0,33644.0,33602.0,33644.0,0.0,0.0,231.0,227.0,5.3042,100.0,181.0,182.0,0.0,227.0,139.0,139.0,0.0,0.2116,9.8133,0.248,0.0213,0.0,0.0,9.8133,0.248,0.0213,0.0,0.0,5.3042,0.0
2021-04-01,21:00,HLHRBSC08,17198.0,17198_Lalazar Band Road Lahore-Z1 (3G-CI-4390),35.0,7198_Lalazar Band Road Lahore-Z1 (3G-CI-4390),LAHORE_CLUSTER_03_Rural,100%,0.0,210.0,0.0,296.0,0.0,740.0,174.0,177.0,0.0,87.0,7.4569,0.0,47070.0,47124.0,47030.0,47124.0,1.0,1.0,740.0,727.0,7.4569,100.0,465.0,471.0,1.0,727.0,210.0,210.0,0.0,0.8396,15.2416,2.08,0.1467,0.0,0.0,15.2416,2.08,0.1467,0.0,0.0,7.4569,0.0
2021-04-01,21:00,HLHRBSC08,13182.0,13182_Mehar Bashir Colony Lahore-Z1 (3G-CI-1578),340.0,3182_Mehar Bashir Colony Lahore-Z1 (3G-CI-1578),LAHORE_CLUSTER_03_Rural,100%,0.0,62.0,0.0,169.0,0.0,233.0,206.0,215.0,0.0,110.0,2.5917,0.0,15632.0,15710.0,15664.0,15710.0,0.0,0.0,233.0,226.0,2.5917,100.0,158.0,160.0,0.0,226.0,62.0,62.0,0.0245,0.3433,10.6417,0.2273,0.0348,0.0027,0.0,10.6417,0.2273,0.0348,0.0027,0.0,2.5917,0.0
2021-04-01,21:00,HLHRBSC08,13126.0,13126_Bhamma (Gold) Lahore-Z1 (3G-CI-1572),326.0,3126_Bhamma (Gold) Lahore-Z1 (3G-CI-1572),LAHORE_CLUSTER_03_Rural,100%,0.0,125.0,11.0,156.0,0.0,768.0,67.0,69.0,0.0,32.0,5.5222,11.0,34184.0,34438.0,33302.0,34438.0,0.0,2.0,768.0,730.0,5.5222,100.0,176.0,182.0,0.0,730.0,123.0,125.0,0.0936,29.8977,9.9627,0.055999999999999994,4.2595,0.0134,0.0,9.9627,0.055999999999999994,4.2595,0.0134,0.0,5.5222,11.0
2021-04-01,21:00,HLHRBSC08,27308.0,27308_Karrol Ghati Ring Road Lahore-Z1 (3G-CI-1673),27.0,7308_Karrol Ghati Ring Road Lahore-Z1 (3G-CI-1673),LAHORE_CLUSTER_03_Rural,100%,0.0,133.0,1.0,160.0,0.0,486.0,50.0,57.0,0.0,27.0,2.6347,1.0,15086.0,15312.0,15306.0,15312.0,0.0,0.0,486.0,479.0,2.6347,100.0,191.0,193.0,0.0,479.0,133.0,133.0,0.5594,1.8849,8.2797,0.5828,0.1197,0.0426,0.008,8.2797,0.5828,0.1197,0.0426,0.008,2.6347,1.0
2021-04-01,21:00,HLHRBSC08,17308.0,17308_Karrol Ghati Ring Road Lahore-Z1 (3G-CI-1673),26.0,7308_Karrol Ghati Ring Road Lahore-Z1 (3G-CI-1673),LAHORE_CLUSTER_03_Rural,100%,0.0,83.0,0.0,128.0,0.0,317.0,91.0,91.0,0.0,45.0,2.6264,0.0,15902.0,16040.0,15970.0,16040.0,0.0,0.0,317.0,288.0,2.6264,100.0,98.0,105.0,0.0,288.0,83.0,83.0,0.4114,1.2045,8.6053,0.3627,0.07200000000000001,0.0347,0.0027,8.6053,0.3627,0.07200000000000001,0.0347,0.0027,2.6264,0.0
2021-04-01,21:00,HLHRBSC08,11285.0,CI-1285-1_Fazal Park Lahore-Z1 (3G-CI-4903),20.0,CI-1285_Fazal Park Lahore-Z1 (3G-CI-4903),LAHORE_CLUSTER_03_Rural,100%,0.0,51.0,0.0,114.0,0.0,613.0,124.0,130.0,0.0,63.0,2.2556,0.0,13080.0,13264.0,12874.0,13264.0,0.0,0.0,613.0,514.0,2.2556,100.0,187.0,199.0,0.0,514.0,51.0,51.0,0.0782,12.9102,0.0,8.9049,1.3121,0.0053,0.0027,0.0,8.9049,1.3121,0.0053,0.0027,2.2556,0.0
2021-04-01,21:00,HLHRBSC08,17268.0,17268_China Scheme Lahore-Z1 (3G-CI-4434),146.0,7268_China Scheme Lahore-Z1 (3G-CI-4434),LAHORE_CLUSTER_03_Rural,100%,0.0,80.0,1.0,176.0,0.0,281.0,188.0,191.0,0.0,96.0,2.8681,1.0,16768.0,16956.0,16814.0,16956.0,0.0,0.0,281.0,269.0,2.8681,100.0,178.0,184.0,0.0,269.0,80.0,80.0,0.0581,0.3052,17.8437,0.4533,0.0453,0.0107,0.0,17.8437,0.4533,0.0453,0.0107,0.0,2.8681,1.0
