Date,Time,GBSC,Cell CI,Cell Name,CellIndex,Site Name,Location,Integrity,_CallSetup TCH GOS(%)_N,_CallSetup TCH GOS(%)_D,_DCR_N,_DCR_D,_GOS-SDCCH(%)_N,_GOS-SDCCH(%)_D,_HSR%_N,_HSR%_D,_Mobility TCH GOS(%)_N,_Mobility TCH GOS(%)_D,_MTBD (Mean Time between Drop)_N,_MTBD (Mean Time between Drop)_D,_RxQual Index DL_1,_RxQual Index DL_2,_RxQual Index UL_1,_RxQual Index UL_2,CSSR_Non Blocking_1_N,CSSR_Non Blocking_2_N,CSSR_Non Blocking_1_D,CSSR_Non Blocking_2_D,GlobelTraffic,TCH Availability Rate,_cssr_Call Setup Indications (Circuit Service)_N_1,_Cssr_Channel Requests (Circuit Service)_D_1,_CSSR_Call Drops on SDCCH_N_2,_CSSR_Successful SDCCH Seizures_D_2,_CSSR_Successful TCH Seizures (Traffic Channel)_N_3,_CSSR_TCH Seizure Requests (Traffic Channel)_D_3,Interference Band Proportion (4~5)(%),Interference Band 345,Mean Number of TCH in Interference Band 1,Mean Number of TCH in Interference Band 2,Mean Number of TCH in Interference Band 3,Mean Number of TCH in Interference Band 4,Mean Number of TCH in Interference Band 5,Mean Number of TCH in Interference Band 1.1,Mean Number of TCH in Interference Band 2.1,Mean Number of TCH in Interference Band 3.1,Mean Number of TCH in Interference Band 4.1,Mean Number of TCH in Interference Band 5.1,K3014:Traffic Volume on TCH(Erl),CM33:Call Drops on Traffic Channel
2021-04-01,12:00,HGJTBSC06,37924.0,37924_Sarafa Bazar Road (Gold) Gujrat (3G-CI-4796),9.0,7924_Sarafa Bazar Road (Gold) Gujrat (3G-CI-4796),SIALKOT_CLUSTER_07_Urban,100%,0.0,138.0,0.0,335.0,0.0,731.0,329.0,333.0,0.0,197.0,7.8722,0.0,47838.0,48574.0,48498.0,48574.0,0.0,0.0,731.0,730.0,7.8722,100.0,244.0,245.0,0.0,730.0,138.0,138.0,0.0366,0.1057,15.2755,0.1546,0.0107,0.0057,0.0,15.2755,0.1546,0.0107,0.0057,0.0,7.8722,0.0
2021-04-01,12:00,HGJTBSC06,27924.0,27924_Sarafa Bazar Road (Gold) Gujrat (3G-CI-4796),8.0,7924_Sarafa Bazar Road (Gold) Gujrat (3G-CI-4796),SIALKOT_CLUSTER_07_Urban,100%,0.0,101.0,0.0,201.0,0.0,244.0,157.0,161.0,0.0,99.0,3.1889,0.0,18282.0,18520.0,18372.0,18520.0,0.0,2.0,244.0,242.0,3.1889,100.0,141.0,141.0,0.0,242.0,99.0,101.0,0.0638,0.1485,12.4836,0.0882,0.0107,0.008,0.0,12.4836,0.0882,0.0107,0.008,0.0,3.1889,0.0
2021-04-01,12:00,HGJTBSC06,17924.0,17924_Sarafa Bazar Road (Gold) Gujrat (3G-CI-4796),7.0,7924_Sarafa Bazar Road (Gold) Gujrat (3G-CI-4796),SIALKOT_CLUSTER_07_Urban,100%,135.0,493.0,0.0,383.0,0.0,1599.0,197.0,198.0,16.0,41.0,3.9347,0.0,23166.0,23210.0,23138.0,23210.0,0.0,0.0,1599.0,1595.0,3.9347,12.1138,939.0,940.0,0.0,1595.0,358.0,493.0,0.0,0.0,0.254,0.008,0.0,0.0,0.0,0.254,0.008,0.0,0.0,0.0,3.9347,0.0
2021-04-01,12:00,HGJTBSC06,27807.0,27807_Alipur Road Gujrat (3G-CI-4719),441.0,7807_Alipur Road Gujrat (3G-CI-4719),SIALKOT_CLUSTER_07_Urban,100%,1.0,215.0,2.0,371.0,0.0,436.0,311.0,318.0,0.0,157.0,6.0347,2.0,34990.0,35198.0,35044.0,35198.0,0.0,0.0,436.0,429.0,6.0347,100.0,333.0,336.0,0.0,429.0,214.0,215.0,0.0612,0.1685,17.0631,0.3529,0.0187,0.0027,0.008,17.0631,0.3529,0.0187,0.0027,0.008,6.0347,2.0
2021-04-01,12:00,HGJTBSC06,17807.0,17807_Alipur Road Gujrat (3G-CI-4719),440.0,7807_Alipur Road Gujrat (3G-CI-4719),SIALKOT_CLUSTER_07_Urban,100%,0.0,85.0,0.0,171.0,0.0,186.0,174.0,175.0,0.0,86.0,2.1875,0.0,12996.0,12998.0,12964.0,12998.0,0.0,0.0,186.0,186.0,2.1875,100.0,139.0,139.0,0.0,186.0,85.0,85.0,0.0384,0.0768,6.9078,0.04,0.0027,0.0027,0.0,6.9078,0.04,0.0027,0.0027,0.0,2.1875,0.0
2021-04-01,12:00,HGJTBSC06,37806.0,37806_Faizabad Sargodha Road Gujrat (3G-CI-4718),339.0,7806_Faizabad Sargodha Road Gujrat (3G-CI-4718),SIALKOT_CLUSTER_07_Urban,100%,0.0,134.0,0.0,263.0,0.0,283.0,272.0,275.0,0.0,130.0,3.2167,0.0,18154.0,18264.0,18170.0,18264.0,1.0,2.0,283.0,278.0,3.2167,100.0,204.0,207.0,1.0,278.0,133.0,134.0,0.0122,0.0366,21.6668,0.1039,0.0053,0.0027,0.0,21.6668,0.1039,0.0053,0.0027,0.0,3.2167,0.0
2021-04-01,12:00,HGJTBSC06,27806.0,27806_Faizabad Sargodha Road Gujrat (3G-CI-4718),338.0,7806_Faizabad Sargodha Road Gujrat (3G-CI-4718),SIALKOT_CLUSTER_07_Urban,100%,0.0,269.0,0.0,499.0,0.0,934.0,379.0,381.0,0.0,230.0,12.2486,0.0,75924.0,76030.0,75726.0,76030.0,0.0,0.0,934.0,925.0,12.2486,100.0,492.0,495.0,0.0,925.0,269.0,269.0,0.179,0.7021,18.8585,0.3272,0.1011,0.0186,0.016,18.8585,0.3272,0.1011,0.0186,0.016,12.2486,0.0
2021-04-01,12:00,HGJTBSC06,17806.0,17806_Faizabad Sargodha Road Gujrat (3G-CI-4718),337.0,7806_Faizabad Sargodha Road Gujrat (3G-CI-4718),SIALKOT_CLUSTER_07_Urban,100%,0.0,217.0,2.0,361.0,0.0,490.0,314.0,317.0,0.0,145.0,5.6903,2.0,33070.0,33108.0,33038.0,33108.0,0.0,1.0,490.0,490.0,5.6903,100.0,387.0,387.0,0.0,490.0,216.0,217.0,0.4711,1.9573,7.3333,0.4192,0.1175,0.0287,0.0086,7.3333,0.4192,0.1175,0.0287,0.0086,5.6903,2.0
2021-04-01,12:00,HGJTBSC06,27805.0,27805_Ameen Abad (Gold) Gujrat (3G-CI-4717),335.0,7805_Ameen Abad (Gold) Gujrat (3G-CI-4717),SIALKOT_CLUSTER_07_Urban,100%,0.0,296.0,4.0,440.0,0.0,846.0,262.0,268.0,0.0,146.0,8.5764,4.0,47988.0,48080.0,47738.0,48080.0,0.0,2.0,846.0,842.0,8.5764,100.0,506.0,508.0,0.0,842.0,294.0,296.0,0.0514,0.0514,6.2693,0.045,0.0,0.0,0.0033,6.2693,0.045,0.0,0.0,0.0033,8.5764,4.0
2021-04-01,12:00,HGJTBSC06,37804.0,37804_Gharib Pura Road (Gold) Gujrat (3G-CI-4680),333.0,7804_Gharib Pura Road (Gold) Gujrat (3G-CI-4680),SIALKOT_CLUSTER_07_Urban,100%,0.0,145.0,0.0,345.0,0.0,379.0,393.0,398.0,0.0,201.0,4.4153,0.0,25606.0,25702.0,25614.0,25702.0,0.0,0.0,379.0,372.0,4.4153,100.0,226.0,229.0,0.0,372.0,145.0,145.0,0.2408,0.9897,15.7148,1.0854,0.1271,0.0192,0.0217,15.7148,1.0854,0.1271,0.0192,0.0217,4.4153,0.0
2021-04-01,12:00,HGJTBSC06,27804.0,27804_Gharib Pura Road (Gold) Gujrat (3G-CI-4680),332.0,7804_Gharib Pura Road (Gold) Gujrat (3G-CI-4680),SIALKOT_CLUSTER_07_Urban,100%,0.0,224.0,0.0,419.0,0.0,431.0,371.0,382.0,0.0,198.0,4.2722,0.0,20560.0,20680.0,20562.0,20680.0,0.0,1.0,431.0,429.0,4.2722,100.0,311.0,312.0,0.0,429.0,223.0,224.0,0.2408,1.2421,13.7608,0.4924,0.1445,0.0241,0.0107,13.7608,0.4924,0.1445,0.0241,0.0107,4.2722,0.0
2021-04-01,12:00,HGJTBSC06,17804.0,17804_Gharib Pura Road (Gold) Gujrat (3G-CI-4680),331.0,7804_Gharib Pura Road (Gold) Gujrat (3G-CI-4680),SIALKOT_CLUSTER_07_Urban,100%,0.0,102.0,0.0,255.0,0.0,405.0,308.0,313.0,0.0,154.0,4.1278,0.0,24746.0,24774.0,24742.0,24774.0,0.0,1.0,405.0,399.0,4.1278,100.0,194.0,197.0,0.0,399.0,101.0,102.0,0.139,0.1717,8.2619,0.207,0.0028,0.0058,0.006,8.2619,0.207,0.0028,0.0058,0.006,4.1278,0.0
2021-04-01,12:00,HGJTBSC06,37807.0,37807_Alipur Road Gujrat (3G-CI-4719),330.0,7807_Alipur Road Gujrat (3G-CI-4719),SIALKOT_CLUSTER_07_Urban,100%,0.0,150.0,0.0,209.0,0.0,359.0,122.0,128.0,0.0,59.0,3.2875,0.0,19186.0,19344.0,19306.0,19344.0,0.0,0.0,359.0,351.0,3.2875,100.0,220.0,220.0,0.0,351.0,150.0,150.0,0.1058,0.5292,12.2219,0.3422,0.0535,0.008,0.0053,12.2219,0.3422,0.0535,0.008,0.0053,3.2875,0.0
2021-04-01,12:00,HGJTBSC06,31009.0,CI-1009-3_Jalalpur Ring Road Gujrat (3G-CI-1201),3.0,CI-1009_Jalalpur Ring Road Gujrat (3G-CI-1201),SIALKOT_CLUSTER_07_Urban,100%,0.0,131.0,0.0,215.0,0.0,291.0,183.0,185.0,0.0,84.0,2.3222,0.0,12594.0,12664.0,12516.0,12664.0,0.0,0.0,291.0,288.0,2.3222,100.0,206.0,209.0,0.0,288.0,131.0,131.0,0.1217,0.6689,12.8476,0.2567,0.0722,0.0054,0.0107,12.8476,0.2567,0.0722,0.0054,0.0107,2.3222,0.0
2021-04-01,12:00,HGJTBSC06,31001.0,CI-1001-3_Mohallah Chah Beri Walan Gujrat (3G-CI-4721),231.0,CI-1001_Mohallah Chah Beri Walan Gujrat (3G-CI-4721),SIALKOT_CLUSTER_07_Urban,100%,0.0,96.0,1.0,214.0,0.0,295.0,226.0,230.0,0.0,120.0,3.7361,1.0,23264.0,23296.0,23206.0,23296.0,0.0,0.0,295.0,286.0,3.7361,100.0,186.0,194.0,0.0,286.0,96.0,96.0,0.0791,9.2634,11.9374,0.3679,1.2455,0.0107,0.0,11.9374,0.3679,1.2455,0.0107,0.0,3.7361,1.0
2021-04-01,12:00,HGJTBSC06,11001.0,CI-1001-1_Mohallah Chah Beri Walan Gujrat (3G-CI-4721),229.0,CI-1001_Mohallah Chah Beri Walan Gujrat (3G-CI-4721),SIALKOT_CLUSTER_07_Urban,100%,0.0,142.0,0.0,237.0,0.0,351.0,196.0,199.0,0.0,96.0,3.7514,0.0,21474.0,21482.0,21450.0,21482.0,0.0,0.0,351.0,348.0,3.7514,100.0,282.0,284.0,0.0,348.0,142.0,142.0,0.0831,0.4362,12.5079,0.2801,0.0454,0.0107,0.0,12.5079,0.2801,0.0454,0.0107,0.0,3.7514,0.0
2021-04-01,12:00,HGJTBSC06,33460.0,33460_Shadman Colony Gujrat (3G-CI-4700),228.0,3460_Shadman Colony Gujrat (3G-CI-4700),SIALKOT_CLUSTER_07_Urban,100%,0.0,38.0,0.0,140.0,0.0,129.0,201.0,213.0,0.0,106.0,2.2361,0.0,13802.0,14020.0,13972.0,14020.0,0.0,0.0,129.0,122.0,2.2361,100.0,66.0,67.0,0.0,122.0,38.0,38.0,0.0,0.1508,8.7397,0.0638,0.0133,0.0,0.0,8.7397,0.0638,0.0133,0.0,0.0,2.2361,0.0
2021-04-01,12:00,HGJTBSC06,23460.0,23460_Shadman Colony Gujrat (3G-CI-4700),227.0,3460_Shadman Colony Gujrat (3G-CI-4700),SIALKOT_CLUSTER_07_Urban,100%,0.0,76.0,1.0,102.0,0.0,184.0,58.0,60.0,0.0,26.0,2.1444,1.0,13072.0,13080.0,13080.0,13080.0,0.0,0.0,184.0,183.0,2.1444,100.0,138.0,139.0,0.0,183.0,76.0,76.0,0.1307,0.4411,15.9521,0.2553,0.0505,0.016,0.0053,15.9521,0.2553,0.0505,0.016,0.0053,2.1444,1.0
2021-04-01,12:00,HGJTBSC06,17470.0,17470_Sarafah Bazar (Micro) Gujrat,221.0,7470_Sarafah Bazar (Micro) Gujrat,SIALKOT_CLUSTER_07_Urban,100%,0.0,81.0,0.0,138.0,0.0,225.0,95.0,96.0,0.0,57.0,1.9181,0.0,9994.0,10000.0,9926.0,10000.0,0.0,0.0,225.0,225.0,1.9181,100.0,102.0,102.0,0.0,225.0,81.0,81.0,0.0786,0.2753,6.746,0.0321,0.0134,0.0053,0.0,6.746,0.0321,0.0134,0.0053,0.0,1.9181,0.0
2021-04-01,12:00,HGJTBSC06,33605.0,33605_Kiran Cinema (Gold) Gujrat (3G-CI-4704),220.0,3605_Kiran Cinema (Gold) Gujrat (3G-CI-4704),SIALKOT_CLUSTER_07_Urban,100%,0.0,240.0,3.0,294.0,0.0,531.0,146.0,151.0,0.0,57.0,5.9458,3.0,33940.0,34998.0,34390.0,34998.0,0.0,2.0,531.0,521.0,5.9458,100.0,352.0,361.0,0.0,521.0,238.0,240.0,0.0426,0.511,18.3664,0.4641,0.0886,0.0027,0.0054,18.3664,0.4641,0.0886,0.0027,0.0054,5.9458,3.0
2021-04-01,12:00,HGJTBSC06,23605.0,23605_Kiran Cinema (Gold) Gujrat (3G-CI-4704),219.0,3605_Kiran Cinema (Gold) Gujrat (3G-CI-4704),SIALKOT_CLUSTER_07_Urban,100%,0.0,263.0,0.0,344.0,0.0,1543.0,179.0,182.0,0.0,83.0,5.6819,0.0,31726.0,32596.0,32466.0,32596.0,0.0,2.0,1543.0,1532.0,5.6819,100.0,1317.0,1325.0,0.0,1532.0,261.0,263.0,2.3497,4.2384,7.7898,0.6891,0.1672,0.0748,0.1332,7.7898,0.6891,0.1672,0.0748,0.1332,5.6819,0.0
2021-04-01,12:00,HGJTBSC06,13605.0,13605_Kiran Cinema (Gold) Gujrat (3G-CI-4704),218.0,3605_Kiran Cinema (Gold) Gujrat (3G-CI-4704),SIALKOT_CLUSTER_07_Urban,100%,0.0,174.0,0.0,273.0,0.0,491.0,196.0,202.0,0.0,99.0,3.9917,0.0,22314.0,22598.0,22492.0,22598.0,3.0,3.0,491.0,469.0,3.9917,100.0,346.0,350.0,3.0,469.0,174.0,174.0,0.0872,0.7312,8.7019,0.40299999999999997,0.0591,0.0053,0.0027,8.7019,0.40299999999999997,0.0591,0.0053,0.0027,3.9917,0.0
2021-04-01,12:00,HGJTBSC06,33607.0,33607_Circular Road (Gold) Gujrat (3G-CI-4705),217.0,3607_Circular Road (Gold) Gujrat (3G-CI-4705),SIALKOT_CLUSTER_07_Urban,100%,0.0,235.0,1.0,386.0,0.0,561.0,309.0,311.0,0.0,152.0,6.7333,1.0,40594.0,40636.0,40494.0,40636.0,0.0,0.0,561.0,561.0,6.7333,100.0,458.0,458.0,0.0,561.0,235.0,235.0,0.0168,0.1365,15.7429,0.1068,0.019,0.0027,0.0,15.7429,0.1068,0.019,0.0027,0.0,6.7333,1.0
2021-04-01,12:00,HGJTBSC06,13607.0,13607_Circular Road (Gold) Gujrat (3G-CI-4705),216.0,3607_Circular Road (Gold) Gujrat (3G-CI-4705),SIALKOT_CLUSTER_07_Urban,100%,0.0,127.0,0.0,218.0,0.0,1003.0,177.0,178.0,0.0,89.0,2.8514,0.0,15332.0,15394.0,15250.0,15394.0,0.0,0.0,1003.0,999.0,2.8514,100.0,892.0,894.0,0.0,999.0,127.0,127.0,0.1911,1.2747,19.5064,1.1592,0.2268,0.04,0.0,19.5064,1.1592,0.2268,0.04,0.0,2.8514,0.0
2021-04-01,12:00,HGJTBSC06,23607.0,23607_Circular Road (Gold) Gujrat (3G-CI-4705),215.0,3607_Circular Road (Gold) Gujrat (3G-CI-4705),SIALKOT_CLUSTER_07_Urban,100%,0.0,103.0,0.0,237.0,0.0,428.0,280.0,281.0,0.0,134.0,3.0639,0.0,17864.0,17932.0,17904.0,17932.0,0.0,0.0,428.0,428.0,3.0639,100.0,363.0,363.0,0.0,428.0,103.0,103.0,0.242,0.9494,13.9266,0.2612,0.1013,0.024,0.0107,13.9266,0.2612,0.1013,0.024,0.0107,3.0639,0.0
2021-04-01,12:00,HGJTBSC06,27802.0,27802_Mohalla Qutababad (Gold) Gujrat (3G-CI-4716),213.0,7802_Mohalla Qutababad (Gold) Gujrat (3G-CI-4716),SIALKOT_CLUSTER_07_Urban,100%,0.0,89.0,0.0,147.0,0.0,276.0,155.0,167.0,0.0,69.0,1.2347,0.0,5708.0,5962.0,5796.0,5962.0,0.0,6.0,276.0,274.0,1.2347,100.0,214.0,216.0,0.0,274.0,83.0,89.0,0.0,0.0391,6.7914,0.0267,0.0027,0.0,0.0,6.7914,0.0267,0.0027,0.0,0.0,1.2347,0.0
2021-04-01,12:00,HGJTBSC06,23604.0,23604_Bhimber Road (Gold) Gujrat (3G-CI-4703),210.0,3604_Bhimber Road (Gold) Gujrat (3G-CI-4703),SIALKOT_CLUSTER_07_Urban,100%,0.0,264.0,2.0,401.0,0.0,1021.0,266.0,280.0,0.0,138.0,8.0958,2.0,46720.0,47130.0,46842.0,47130.0,1.0,1.0,1021.0,1017.0,8.0958,100.0,573.0,575.0,1.0,1017.0,264.0,264.0,0.0,0.021,12.6328,0.0616,0.0027,0.0,0.0,12.6328,0.0616,0.0027,0.0,0.0,8.0958,2.0
2021-04-01,12:00,HGJTBSC06,33604.0,33604_Bhimber Road (Gold) Gujrat (3G-CI-4703),209.0,3604_Bhimber Road (Gold) Gujrat (3G-CI-4703),SIALKOT_CLUSTER_07_Urban,100%,0.0,106.0,0.0,195.0,0.0,266.0,154.0,157.0,0.0,89.0,3.2681,0.0,19650.0,19654.0,19600.0,19654.0,0.0,0.0,266.0,264.0,3.2681,100.0,189.0,189.0,0.0,264.0,106.0,106.0,0.45799999999999996,1.6717,10.8212,0.6013,0.141,0.0479,0.0053,10.8212,0.6013,0.141,0.0479,0.0053,3.2681,0.0
2021-04-01,12:00,HGJTBSC06,13603.0,13603_Noorpur Sharqi (Gold) Gujrat (3G-CI-4702),208.0,3603_Noorpur Sharqi (Gold) Gujrat (3G-CI-4702),SIALKOT_CLUSTER_07_Urban,100%,0.0,91.0,3.0,196.0,0.0,255.0,176.0,180.0,0.0,105.0,3.4111,3.0,20240.0,20406.0,20270.0,20406.0,0.0,0.0,255.0,251.0,3.4111,100.0,126.0,129.0,0.0,251.0,91.0,91.0,0.335,1.4321,8.0022,0.63,0.0961,0.0187,0.0107,8.0022,0.63,0.0961,0.0187,0.0107,3.4111,3.0
2021-04-01,12:00,HGJTBSC06,23603.0,23603_Noorpur Sharqi (Gold) Gujrat (3G-CI-4702),207.0,3603_Noorpur Sharqi (Gold) Gujrat (3G-CI-4702),SIALKOT_CLUSTER_07_Urban,100%,0.0,30.0,0.0,143.0,0.0,153.0,179.0,181.0,0.0,115.0,1.9444,0.0,12074.0,12166.0,12166.0,12166.0,0.0,0.0,153.0,146.0,1.9444,100.0,57.0,57.0,0.0,146.0,30.0,30.0,0.1149,0.7759999999999999,17.3838,1.0205,0.1226,0.0133,0.008,17.3838,1.0205,0.1226,0.0133,0.008,1.9444,0.0
2021-04-01,12:00,HGJTBSC06,33603.0,33603_Noorpur Sharqi (Gold) Gujrat (3G-CI-4702),206.0,3603_Noorpur Sharqi (Gold) Gujrat (3G-CI-4702),SIALKOT_CLUSTER_07_Urban,100%,0.0,265.0,1.0,468.0,0.0,809.0,380.0,389.0,0.0,206.0,4.4486,1.0,21884.0,22196.0,21976.0,22196.0,4.0,7.0,809.0,793.0,4.4486,100.0,459.0,460.0,4.0,793.0,262.0,265.0,0.2424,0.7516,20.9487,0.9224,0.1122,0.032,0.0214,20.9487,0.9224,0.1122,0.032,0.0214,4.4486,1.0
2021-04-01,12:00,HGJTBSC06,23600.0,23600_Bus Stand Gujrat (3G-CI-4701),204.0,3600_Bus Stand Gujrat (3G-CI-4701),SIALKOT_CLUSTER_07_Urban,100%,0.0,206.0,0.0,334.0,0.0,692.0,255.0,259.0,0.0,129.0,4.5458,0.0,25383.0,25874.0,25668.0,25875.0,0.0,0.0,692.0,682.0,4.5458,100.0,477.0,481.0,0.0,682.0,206.0,206.0,2.645,7.3856,10.6977,1.567,0.6278,0.2326,0.1177,10.6977,1.567,0.6278,0.2326,0.1177,4.5458,0.0
2021-04-01,12:00,HGJTBSC06,13600.0,13600_Bus Stand Gujrat (3G-CI-4701),203.0,3600_Bus Stand Gujrat (3G-CI-4701),SIALKOT_CLUSTER_07_Urban,100%,0.0,205.0,1.0,275.0,0.0,709.0,166.0,168.0,0.0,70.0,4.2333,1.0,22942.0,24261.0,23922.0,24261.0,1.0,1.0,709.0,643.0,4.2333,100.0,297.0,304.0,1.0,643.0,205.0,205.0,0.0358,0.3396,14.3307,0.5413,0.0453,0.0053,0.0,14.3307,0.5413,0.0453,0.0053,0.0,4.2333,1.0
2021-04-01,12:00,HGJTBSC06,37801.0,37801_Dhakkar Plaza Gujrat (3G-CI-4715),202.0,7801_Dhakkar Plaza Gujrat (3G-CI-4715),SIALKOT_CLUSTER_07_Urban,100%,0.0,57.0,0.0,156.0,0.0,245.0,178.0,180.0,0.0,99.0,2.125,0.0,11996.0,12066.0,11974.0,12066.0,0.0,0.0,245.0,243.0,2.125,100.0,87.0,87.0,0.0,243.0,57.0,57.0,0.0,0.1538,4.6012,0.6639,0.0081,0.0,0.0,4.6012,0.6639,0.0081,0.0,0.0,2.125,0.0
2021-04-01,12:00,HGJTBSC06,27801.0,27801_Dhakkar Plaza Gujrat (3G-CI-4715),200.0,7801_Dhakkar Plaza Gujrat (3G-CI-4715),SIALKOT_CLUSTER_07_Urban,100%,0.0,53.0,0.0,186.0,0.0,207.0,251.0,256.0,0.0,133.0,4.1056,0.0,27288.0,27396.0,27340.0,27396.0,0.0,0.0,207.0,203.0,4.1056,100.0,88.0,91.0,0.0,203.0,53.0,53.0,2.8867,11.0175,8.5421,1.2634,0.8959999999999999,0.2594,0.0587,8.5421,1.2634,0.8959999999999999,0.2594,0.0587,4.1056,0.0
2021-04-01,12:00,HGJTBSC06,21009.0,CI-1009-2_Jalalpur Ring Road Gujrat (3G-CI-1201),2.0,CI-1009_Jalalpur Ring Road Gujrat (3G-CI-1201),SIALKOT_CLUSTER_07_Urban,100%,0.0,151.0,0.0,223.0,0.0,402.0,146.0,148.0,0.0,72.0,3.3361,0.0,18238.0,18244.0,18154.0,18244.0,0.0,0.0,402.0,399.0,3.3361,100.0,234.0,237.0,0.0,399.0,151.0,151.0,0.062,0.3307,12.7196,0.1396,0.0347,0.0053,0.0027,12.7196,0.1396,0.0347,0.0053,0.0027,3.3361,0.0
2021-04-01,12:00,HGJTBSC06,37800.0,37800_Moeen Uddin Pur Gujrat (3G-CI-1171),199.0,7800_Moeen Uddin Pur Gujrat (3G-CI-1171),SIALKOT_CLUSTER_07_Urban,100%,0.0,62.0,3.0,173.0,0.0,282.0,189.0,212.0,0.0,108.0,4.6542,3.0,26480.0,27102.0,26886.0,27102.0,0.0,0.0,282.0,279.0,4.6542,100.0,93.0,93.0,0.0,279.0,62.0,62.0,0.1289,0.6438,1.9947,0.064,0.0107,0.0027,0.0,1.9947,0.064,0.0107,0.0027,0.0,4.6542,3.0
2021-04-01,12:00,HGJTBSC06,33618.0,33618_Ghazi Khokar Gujrat (3G-CI-4714),190.0,3618_Ghazi Khokar Gujrat (3G-CI-4714),SIALKOT_CLUSTER_07_Urban,100%,0.0,58.0,0.0,106.0,0.0,116.0,99.0,99.0,0.0,48.0,2.2139,0.0,14568.0,14612.0,14604.0,14612.0,0.0,0.0,116.0,116.0,2.2139,100.0,86.0,86.0,0.0,116.0,58.0,58.0,0.0,0.7753,5.6442,0.207,0.0457,0.0,0.0,5.6442,0.207,0.0457,0.0,0.0,2.2139,0.0
2021-04-01,12:00,HGJTBSC06,13618.0,13618_Ghazi Khokar Gujrat (3G-CI-4714),188.0,3618_Ghazi Khokar Gujrat (3G-CI-4714),SIALKOT_CLUSTER_07_Urban,100%,0.0,97.0,2.0,160.0,0.0,336.0,136.0,139.0,0.0,63.0,2.625,2.0,15856.0,16098.0,16034.0,16098.0,1.0,1.0,336.0,336.0,2.625,100.0,170.0,170.0,1.0,336.0,97.0,97.0,0.2148,3.0043,3.4169,0.4839,0.1122,0.0058,0.0029,3.4169,0.4839,0.1122,0.0058,0.0029,2.625,2.0
2021-04-01,12:00,HGJTBSC06,13616.0,13616_Servis Morr Gujrat (3G-CI-1091),187.0,3616_Servis Morr Gujrat (3G-CI-1091),SIALKOT_CLUSTER_07_Urban,100%,0.0,110.0,1.0,236.0,0.0,401.0,270.0,288.0,0.0,129.0,2.7347,1.0,14606.0,14792.0,14750.0,14792.0,0.0,0.0,401.0,393.0,2.7347,100.0,238.0,239.0,0.0,393.0,110.0,110.0,0.0944,0.6145,5.5054,0.115,0.0294,0.0027,0.0027,5.5054,0.115,0.0294,0.0027,0.0027,2.7347,1.0
2021-04-01,12:00,HGJTBSC06,23616.0,23616_Servis Morr Gujrat (3G-CI-1091),185.0,3616_Servis Morr Gujrat (3G-CI-1091),SIALKOT_CLUSTER_07_Urban,100%,0.0,143.0,0.0,203.0,0.0,336.0,129.0,131.0,0.0,62.0,3.2389,0.0,18474.0,18508.0,18478.0,18508.0,0.0,2.0,336.0,334.0,3.2389,100.0,205.0,208.0,0.0,334.0,141.0,143.0,0.0,0.0924,10.9422,0.5673,0.0106,0.0,0.0,10.9422,0.5673,0.0106,0.0,0.0,3.2389,0.0
2021-04-01,12:00,HGJTBSC06,33614.0,33614_New Shadman Colony (Gold) Gujrat (3G-CI-4712),184.0,3614_New Shadman Colony (Gold) Gujrat (3G-CI-4712),SIALKOT_CLUSTER_07_Urban,100%,0.0,77.0,0.0,127.0,0.0,329.0,95.0,97.0,0.0,50.0,3.25,0.0,20850.0,20994.0,20990.0,20994.0,0.0,0.0,329.0,306.0,3.25,100.0,141.0,141.0,0.0,306.0,77.0,77.0,0.0524,0.1047,5.0588,0.0348,0.0027,0.0,0.0027,5.0588,0.0348,0.0027,0.0,0.0027,3.25,0.0
2021-04-01,12:00,HGJTBSC06,23614.0,23614_New Shadman Colony (Gold) Gujrat (3G-CI-4712),183.0,3614_New Shadman Colony (Gold) Gujrat (3G-CI-4712),SIALKOT_CLUSTER_07_Urban,100%,0.0,78.0,0.0,164.0,0.0,179.0,175.0,177.0,0.0,86.0,3.4639,0.0,22228.0,22302.0,22290.0,22302.0,0.0,0.0,179.0,179.0,3.4639,100.0,121.0,121.0,0.0,179.0,78.0,78.0,0.027000000000000003,0.054000000000000006,9.7915,0.0963,0.0027,0.0027,0.0,9.7915,0.0963,0.0027,0.0027,0.0,3.4639,0.0
2021-04-01,12:00,HGJTBSC06,23613.0,23613_Spal Colony Gujrat (3G-CI-4711),181.0,3613_Spal Colony Gujrat (3G-CI-4711),SIALKOT_CLUSTER_07_Urban,100%,0.0,156.0,3.0,312.0,0.0,519.0,316.0,356.0,0.0,181.0,2.9625,3.0,14414.0,15162.0,14882.0,15162.0,1.0,20.0,519.0,513.0,2.9625,100.0,409.0,415.0,1.0,513.0,137.0,156.0,0.0,0.053,10.0642,0.0321,0.0054,0.0,0.0,10.0642,0.0321,0.0054,0.0,0.0,2.9625,3.0
2021-04-01,12:00,HGJTBSC06,33613.0,33613_Spal Colony Gujrat (3G-CI-4711),179.0,3613_Spal Colony Gujrat (3G-CI-4711),SIALKOT_CLUSTER_07_Urban,100%,0.0,65.0,0.0,94.0,0.0,310.0,66.0,69.0,0.0,30.0,1.5431,0.0,8638.0,8662.0,8656.0,8662.0,0.0,1.0,310.0,308.0,1.5431,100.0,225.0,226.0,0.0,308.0,64.0,65.0,0.0519,0.6657,19.737000000000002,0.7376,0.1265,0.0107,0.0,19.737000000000002,0.7376,0.1265,0.0107,0.0,1.5431,0.0
2021-04-01,12:00,HGJTBSC06,23612.0,23612_Rahman Shaheed Road Gujrat (3G-CI-4710),178.0,3612_Rahman Shaheed Road Gujrat (3G-CI-4710),SIALKOT_CLUSTER_07_Urban,100%,0.0,96.0,0.0,201.0,0.0,169.0,205.0,208.0,0.0,104.0,2.0722,0.0,11114.0,11136.0,11126.0,11136.0,0.0,0.0,169.0,168.0,2.0722,100.0,125.0,125.0,0.0,168.0,96.0,96.0,0.0522,0.5701,9.8454,0.7663,0.0553,0.0056,0.0,9.8454,0.7663,0.0553,0.0056,0.0,2.0722,0.0
2021-04-01,12:00,HGJTBSC06,13612.0,13612_Rahman Shaheed Road Gujrat (3G-CI-4710),177.0,3612_Rahman Shaheed Road Gujrat (3G-CI-4710),SIALKOT_CLUSTER_07_Urban,100%,0.0,148.0,2.0,254.0,0.0,698.0,198.0,202.0,0.0,106.0,5.1403,2.0,30720.0,30834.0,30454.0,30834.0,0.0,0.0,698.0,697.0,5.1403,100.0,251.0,251.0,0.0,697.0,148.0,148.0,0.1149,0.62,13.5235,0.3482,0.0705,0.016,0.0,13.5235,0.3482,0.0705,0.016,0.0,5.1403,2.0
2021-04-01,12:00,HGJTBSC06,33612.0,33612_Rahman Shaheed Road Gujrat (3G-CI-4710),176.0,3612_Rahman Shaheed Road Gujrat (3G-CI-4710),SIALKOT_CLUSTER_07_Urban,100%,0.0,141.0,0.0,227.0,0.0,338.0,179.0,181.0,0.0,90.0,4.7569,0.0,28690.0,28952.0,28778.0,28952.0,1.0,4.0,338.0,326.0,4.7569,100.0,214.0,218.0,1.0,326.0,138.0,141.0,0.1641,0.7738,10.9111,0.4009,0.0695,0.0187,0.0,10.9111,0.4009,0.0695,0.0187,0.0,4.7569,0.0
2021-04-01,12:00,HGJTBSC06,13611.0,13611_Ghari Ahmedabad (Gold) Gujrat (3G-CI-4709),174.0,3611_Ghari Ahmedabad (Gold) Gujrat (3G-CI-4709),SIALKOT_CLUSTER_07_Urban,100%,0.0,27.0,0.0,46.0,0.0,709.0,37.0,37.0,0.0,19.0,0.925,0.0,5888.0,5908.0,5908.0,5908.0,0.0,0.0,709.0,709.0,0.925,100.0,665.0,665.0,0.0,709.0,27.0,27.0,0.062,0.2793,8.4909,0.0666,0.0187,0.0053,0.0,8.4909,0.0666,0.0187,0.0053,0.0,0.925,0.0
2021-04-01,12:00,HGJTBSC06,33611.0,33611_Ghari Ahmedabad (Gold) Gujrat (3G-CI-4709),173.0,3611_Ghari Ahmedabad (Gold) Gujrat (3G-CI-4709),SIALKOT_CLUSTER_07_Urban,100%,0.0,123.0,1.0,168.0,0.0,240.0,96.0,97.0,0.0,45.0,3.1458,1.0,19022.0,19106.0,18974.0,19106.0,0.0,0.0,240.0,239.0,3.1458,100.0,183.0,184.0,0.0,239.0,123.0,123.0,1.1229,3.2061,14.6671,1.2353,0.3422,0.115,0.0695,14.6671,1.2353,0.3422,0.115,0.0695,3.1458,1.0
2021-04-01,12:00,HGJTBSC06,13610.0,13610_Fruit Market (Gold) Gujrat (3G-CI-4708),171.0,3610_Fruit Market (Gold) Gujrat (3G-CI-4708),SIALKOT_CLUSTER_07_Urban,100%,0.0,465.0,0.0,605.0,0.0,1033.0,317.0,318.0,0.0,143.0,7.5389,0.0,39218.0,39490.0,39378.0,39490.0,0.0,3.0,1033.0,1030.0,7.5389,100.0,714.0,715.0,0.0,1030.0,462.0,465.0,0.1328,0.8284,7.7044,0.5249,0.0577,0.011000000000000001,0.0,7.7044,0.5249,0.0577,0.011000000000000001,0.0,7.5389,0.0
2021-04-01,12:00,HGJTBSC06,23609.0,23609_Fatupura Gujrat (3G-CI-4707),169.0,3609_Fatupura Gujrat (3G-CI-4707),SIALKOT_CLUSTER_07_Urban,100%,0.0,152.0,0.0,276.0,0.0,410.0,255.0,263.0,0.0,126.0,4.0153,0.0,22978.0,23314.0,23224.0,23314.0,0.0,2.0,410.0,401.0,4.0153,100.0,257.0,261.0,0.0,401.0,150.0,152.0,0.0,0.1031,5.1291,0.0347,0.0053,0.0,0.0,5.1291,0.0347,0.0053,0.0,0.0,4.0153,0.0
2021-04-01,12:00,HGJTBSC06,13609.0,13609_Fatupura Gujrat (3G-CI-4707),168.0,3609_Fatupura Gujrat (3G-CI-4707),SIALKOT_CLUSTER_07_Urban,100%,0.0,154.0,1.0,241.0,0.0,453.0,188.0,189.0,0.0,87.0,3.4194,1.0,18324.0,18626.0,18256.0,18626.0,0.0,0.0,453.0,453.0,3.4194,100.0,276.0,276.0,0.0,453.0,154.0,154.0,0.1238,0.3218,10.3547,0.384,0.0213,0.0107,0.0027,10.3547,0.384,0.0213,0.0107,0.0027,3.4194,1.0
2021-04-01,12:00,HGJTBSC06,33609.0,33609_Fatupura Gujrat (3G-CI-4707),167.0,3609_Fatupura Gujrat (3G-CI-4707),SIALKOT_CLUSTER_07_Urban,100%,0.0,287.0,1.0,401.0,0.0,796.0,252.0,260.0,0.0,116.0,6.0042,1.0,30396.0,31476.0,30900.0,31476.0,1.0,2.0,796.0,775.0,6.0042,100.0,505.0,519.0,1.0,775.0,286.0,287.0,0.3717,1.7185,12.9747,0.9972,0.1915,0.0451,0.0078,12.9747,0.9972,0.1915,0.0451,0.0078,6.0042,1.0
2021-04-01,12:00,HGJTBSC06,23608.0,23608_Padday Chowk Gujrat (3G-CI-4706),166.0,3608_Padday Chowk Gujrat (3G-CI-4706),SIALKOT_CLUSTER_07_Urban,100%,0.0,314.0,0.0,495.0,0.0,742.0,302.0,304.0,0.0,182.0,6.2014,0.0,32198.0,32296.0,32204.0,32296.0,0.0,1.0,742.0,733.0,6.2014,100.0,508.0,511.0,0.0,733.0,313.0,314.0,0.0,0.1329,9.6545,0.4182,0.0134,0.0,0.0,9.6545,0.4182,0.0134,0.0,0.0,6.2014,0.0
2021-04-01,12:00,HGJTBSC06,13608.0,13608_Padday Chowk Gujrat (3G-CI-4706),165.0,3608_Padday Chowk Gujrat (3G-CI-4706),SIALKOT_CLUSTER_07_Urban,100%,0.0,168.0,0.0,285.0,0.0,865.0,262.0,262.0,0.0,117.0,4.0986,0.0,23902.0,23930.0,23812.0,23930.0,0.0,0.0,865.0,864.0,4.0986,100.0,718.0,719.0,0.0,864.0,168.0,168.0,0.8713,2.2059,13.5982,0.508,0.1925,0.0776,0.0481,13.5982,0.508,0.1925,0.0776,0.0481,4.0986,0.0
2021-04-01,12:00,HGJTBSC06,33390.0,33390_Mohalla Zia ul Islam (Gold) Gujrat (3G-CI-4699),157.0,3390_Mohalla Zia ul Islam (Gold) Gujrat (3G-CI-4699),SIALKOT_CLUSTER_07_Urban,100%,0.0,132.0,0.0,225.0,0.0,291.0,195.0,197.0,0.0,95.0,2.4306,0.0,12866.0,12936.0,12908.0,12936.0,0.0,1.0,291.0,290.0,2.4306,100.0,200.0,200.0,0.0,290.0,131.0,132.0,0.0955,0.207,16.5771,0.0958,0.0186,0.0133,0.0027,16.5771,0.0958,0.0186,0.0133,0.0027,2.4306,0.0
2021-04-01,12:00,HGJTBSC06,23390.0,23390_Mohalla Zia ul Islam (Gold) Gujrat (3G-CI-4699),156.0,3390_Mohalla Zia ul Islam (Gold) Gujrat (3G-CI-4699),SIALKOT_CLUSTER_07_Urban,100%,0.0,104.0,0.0,152.0,0.0,313.0,101.0,101.0,0.0,48.0,3.8153,0.0,24096.0,24102.0,24018.0,24102.0,0.0,0.0,313.0,313.0,3.8153,100.0,232.0,232.0,0.0,313.0,104.0,104.0,0.2385,1.2722,12.8131,0.7568,0.1421,0.0273,0.0055,12.8131,0.7568,0.1421,0.0273,0.0055,3.8153,0.0
2021-04-01,12:00,HGJTBSC06,13390.0,13390_Mohalla Zia ul Islam (Gold) Gujrat (3G-CI-4699),155.0,3390_Mohalla Zia ul Islam (Gold) Gujrat (3G-CI-4699),SIALKOT_CLUSTER_07_Urban,100%,1.0,166.0,7.0,304.0,0.0,1085.0,297.0,301.0,1.0,141.0,7.4625,7.0,43286.0,44664.0,43826.0,44664.0,0.0,1.0,1085.0,1078.0,7.4625,100.0,277.0,281.0,0.0,1078.0,164.0,166.0,0.0227,0.0453,23.4,0.1013,0.0053,0.0053,0.0,23.4,0.1013,0.0053,0.0053,0.0,7.4625,7.0
2021-04-01,12:00,HGJTBSC06,11009.0,CI-1009-1_Jalalpur Ring Road Gujrat (3G-CI-1201),1.0,CI-1009_Jalalpur Ring Road Gujrat (3G-CI-1201),SIALKOT_CLUSTER_07_Urban,100%,0.0,51.0,0.0,169.0,0.0,150.0,203.0,207.0,0.0,118.0,2.7806,0.0,17124.0,17216.0,17136.0,17216.0,0.0,0.0,150.0,149.0,2.7806,100.0,77.0,77.0,0.0,149.0,51.0,51.0,0.0,0.0956,13.8628,0.0936,0.0134,0.0,0.0,13.8628,0.0936,0.0134,0.0,0.0,2.7806,0.0
2021-04-01,12:00,HGJTBSC06,31733.0,CI-1733-3_Kutchery Chowk Gujrat (3G-CI-3976),25.0,CI-1733_Kutchery Chowk Gujrat (3G-CI-3976),SIALKOT_CLUSTER_07_Urban,100%,0.0,108.0,0.0,236.0,0.0,269.0,270.0,273.0,0.0,129.0,4.0153,0.0,25630.0,25705.0,25624.0,25705.0,0.0,0.0,269.0,264.0,4.0153,100.0,164.0,165.0,0.0,264.0,108.0,108.0,0.021,0.1467,12.4427,0.2613,0.016,0.0027,0.0,12.4427,0.2613,0.016,0.0027,0.0,4.0153,0.0
2021-04-01,12:00,HGJTBSC06,21733.0,CI-1733-2_Kutchery Chowk Gujrat (3G-CI-3976),24.0,CI-1733_Kutchery Chowk Gujrat (3G-CI-3976),SIALKOT_CLUSTER_07_Urban,100%,0.0,204.0,0.0,280.0,0.0,472.0,170.0,171.0,0.0,76.0,8.8028,0.0,57249.0,57406.0,57258.0,57406.0,0.0,0.0,472.0,471.0,8.8028,100.0,344.0,345.0,0.0,471.0,204.0,204.0,0.0,0.1138,16.2372,0.2445,0.0188,0.0,0.0,16.2372,0.2445,0.0188,0.0,0.0,8.8028,0.0
2021-04-01,12:00,HGJTBSC06,11733.0,CI-1733-1_Kutchery Chowk Gujrat (3G-CI-3976),23.0,CI-1733_Kutchery Chowk Gujrat (3G-CI-3976),SIALKOT_CLUSTER_07_Urban,100%,0.0,824.0,3.0,1021.0,0.0,3552.0,413.0,424.0,0.0,205.0,22.6097,3.0,133781.0,135177.0,133965.0,135177.0,0.0,6.0,3552.0,3533.0,22.6097,100.0,1221.0,1228.0,0.0,3533.0,818.0,824.0,0.6596,3.0048,3.7964,0.7829,0.1107,0.0242,0.0069,3.7964,0.7829,0.1107,0.0242,0.0069,22.6097,3.0
