Date,Time,GBSC,Cell CI,Cell Name,CellIndex,Site Name,Location,Integrity,_CallSetup TCH GOS(%)_N,_CallSetup TCH GOS(%)_D,_DCR_N,_DCR_D,_GOS-SDCCH(%)_N,_GOS-SDCCH(%)_D,_HSR%_N,_HSR%_D,_Mobility TCH GOS(%)_N,_Mobility TCH GOS(%)_D,_MTBD (Mean Time between Drop)_N,_MTBD (Mean Time between Drop)_D,_RxQual Index DL_1,_RxQual Index DL_2,_RxQual Index UL_1,_RxQual Index UL_2,CSSR_Non Blocking_1_N,CSSR_Non Blocking_2_N,CSSR_Non Blocking_1_D,CSSR_Non Blocking_2_D,GlobelTraffic,TCH Availability Rate,_cssr_Call Setup Indications (Circuit Service)_N_1,_Cssr_Channel Requests (Circuit Service)_D_1,_CSSR_Call Drops on SDCCH_N_2,_CSSR_Successful SDCCH Seizures_D_2,_CSSR_Successful TCH Seizures (Traffic Channel)_N_3,_CSSR_TCH Seizure Requests (Traffic Channel)_D_3,Interference Band Proportion (4~5)(%),Interference Band 345,Mean Number of TCH in Interference Band 1,Mean Number of TCH in Interference Band 2,Mean Number of TCH in Interference Band 3,Mean Number of TCH in Interference Band 4,Mean Number of TCH in Interference Band 5,Mean Number of TCH in Interference Band 1.1,Mean Number of TCH in Interference Band 2.1,Mean Number of TCH in Interference Band 3.1,Mean Number of TCH in Interference Band 4.1,Mean Number of TCH in Interference Band 5.1,K3014:Traffic Volume on TCH(Erl),CM33:Call Drops on Traffic Channel
2021-04-01,11:00,HMLTBSC06,12607.0,CII-2607-1_DHQ Bhuta Colony Muzaffargarh (3G-CII-4102),439.0,CII-2607_DHQ Bhuta Colony Muzaffargarh (3G-CII-4102),DG_KHAN_CLUSTER_03_Urban,100%,0.0,91.0,0.0,192.0,0.0,475.0,206.0,208.0,0.0,102.0,2.4167,0.0,15125.0,15136.0,15112.0,15136.0,0.0,1.0,475.0,475.0,2.4167,100.0,320.0,320.0,0.0,475.0,90.0,91.0,0.0,0.1395,22.2096,0.6357,0.0319,0.0,0.0,0.6357,0.0319,22.2096,0.0,0.0,2.4167,0.0
2021-04-01,11:00,HMLTBSC06,35786.0,35786_Mohallah Ghosia Muzaffargarh (3G-CII-4034),305.0,5786_Mohallah Ghosia Muzaffargarh (3G-CII-4034),DG_KHAN_CLUSTER_03_Urban,100%,0.0,183.0,2.0,279.0,0.0,703.0,193.0,194.0,0.0,96.0,4.9625,2.0,30418.0,30476.0,30303.0,30476.0,1.0,1.0,703.0,695.0,4.9625,100.0,438.0,443.0,1.0,695.0,183.0,183.0,0.0935,0.163,11.4685,0.0511,0.008,0.0027,0.0081,0.0511,0.008,11.4685,0.0027,0.0081,4.9625,2.0
2021-04-01,11:00,HMLTBSC06,34167.0,34167_Talairi Chowk Muzaffargarh (3G-CII-3932),302.0,4167_Talairi Chowk Muzaffargarh (3G-CII-3932),DG_KHAN_CLUSTER_03_Urban,100%,0.0,104.0,1.0,182.0,0.0,419.0,161.0,163.0,0.0,78.0,4.0014,1.0,25699.0,25821.0,25680.0,25821.0,2.0,2.0,419.0,396.0,4.0014,100.0,221.0,232.0,2.0,396.0,104.0,104.0,0.0439,0.1315,11.975999999999999,0.17600000000000002,0.0107,0.0027,0.0027,0.17600000000000002,0.0107,11.975999999999999,0.0027,0.0027,4.0014,1.0
2021-04-01,11:00,HMLTBSC06,15786.0,15786_Mohallah Ghosia Muzaffargarh (3G-CII-4034),294.0,5786_Mohallah Ghosia Muzaffargarh (3G-CII-4034),DG_KHAN_CLUSTER_03_Urban,100%,0.0,215.0,3.0,398.0,0.0,1753.0,360.0,371.0,0.0,181.0,5.6278,3.0,32794.0,33154.0,32751.0,33154.0,0.0,1.0,1753.0,1720.0,5.6278,100.0,355.0,360.0,0.0,1720.0,214.0,215.0,0.0,0.1178,20.3307,0.0863,0.0241,0.0,0.0,0.0863,0.0241,20.3307,0.0,0.0,5.6278,3.0
2021-04-01,11:00,HMLTBSC06,14484.0,14484_Moza Perhar Sharqi Kot Addu Muzaffargarh (3G-CII-3658),216.0,4484_Moza Perhar Sharqi Kot Addu Muzaffargarh (3G-CII-3658),DG_KHAN_CLUSTER_03_Urban,100%,0.0,770.0,2.0,1230.0,0.0,1472.0,906.0,946.0,0.0,458.0,22.0972,2.0,126494.0,129392.0,128065.0,129392.0,0.0,0.0,1472.0,1462.0,22.0972,100.0,1084.0,1089.0,0.0,1462.0,770.0,770.0,1.7153,6.6487,28.5973,11.2571,2.1062,0.5239,0.2085,11.2571,2.1062,28.5973,0.5239,0.2085,22.0972,2.0
2021-04-01,11:00,HMLTBSC06,34482.0,34482_Kot Addu City Muzaffargarh (3G-CII-3657),212.0,4482_Kot Addu City Muzaffargarh (3G-CII-3657),DG_KHAN_CLUSTER_03_Urban,100%,0.0,741.0,26.0,1503.0,0.0,1498.0,1500.0,1656.0,0.0,804.0,17.9347,26.0,101402.0,106433.0,106044.0,106434.0,1.0,44.0,1498.0,1490.0,17.9347,100.0,1195.0,1203.0,1.0,1490.0,698.0,741.0,10.4701,31.9659,6.8260000000000005,8.4995,4.8422,1.6192,0.7393,8.4995,4.8422,6.8260000000000005,1.6192,0.7393,17.9347,26.0
2021-04-01,11:00,HMLTBSC06,24480.0,24480_PTCL Exchange Kotadu (Gold) Muzaffargarh (3G-CII-3656),205.0,4480_PTCL Exchange Kotadu (Gold) Muzaffargarh (3G-CII-3656),DG_KHAN_CLUSTER_03_Urban,100%,0.0,937.0,1.0,1446.0,0.0,2228.0,1020.0,1043.0,0.0,519.0,28.3639,1.0,162180.0,162612.0,162484.0,162612.0,0.0,6.0,2228.0,2215.0,28.3639,100.0,1619.0,1632.0,0.0,2215.0,931.0,937.0,3.3985,9.9024,2.6841,2.1536,0.3492,0.1206,0.0619,2.1536,0.3492,2.6841,0.1206,0.0619,28.3639,1.0
2021-04-01,11:00,HMLTBSC06,14480.0,14480_PTCL Exchange Kotadu (Gold) Muzaffargarh (3G-CII-3656),204.0,4480_PTCL Exchange Kotadu (Gold) Muzaffargarh (3G-CII-3656),DG_KHAN_CLUSTER_03_Urban,100%,0.0,953.0,3.0,1692.0,0.0,1868.0,1468.0,1527.0,0.0,746.0,29.0792,3.0,178995.0,179924.0,179018.0,179924.0,0.0,4.0,1868.0,1865.0,29.0792,100.0,1512.0,1514.0,0.0,1865.0,949.0,953.0,8.533999999999999,24.3268,1.9979,2.1667,0.8691,0.2794,0.1903,2.1667,0.8691,1.9979,0.2794,0.1903,29.0792,3.0
2021-04-01,11:00,HMLTBSC06,12279.0,CII-2279-1_Rehmat Collony Muzaffargarh (3G-CII-3652),180.0,CII-2279_Rehmat Collony Muzaffargarh (3G-CII-3652),DG_KHAN_CLUSTER_03_Urban,100%,0.0,331.0,3.0,1263.0,0.0,841.0,1671.0,1743.0,0.0,939.0,22.1708,3.0,144202.0,146583.0,145365.0,146583.0,0.0,0.0,841.0,834.0,22.1708,100.0,576.0,578.0,0.0,834.0,331.0,331.0,2.1094,8.1419,14.1449,4.9606,1.2547,0.3353,0.1034,4.9606,1.2547,14.1449,0.3353,0.1034,22.1708,3.0
2021-04-01,11:00,HMLTBSC06,16898.0,16898_Muhala Hayat Nagar Muzaffargarh (3G-CII-4069),174.0,6898_Muhala Hayat Nagar Muzaffargarh (3G-CII-4069),DG_KHAN_CLUSTER_03_Urban,100%,0.0,41.0,0.0,65.0,0.0,129.0,47.0,49.0,0.0,24.0,1.5333,0.0,10037.0,10233.0,10232.0,10233.0,0.0,0.0,129.0,129.0,1.5333,100.0,107.0,107.0,0.0,129.0,41.0,41.0,0.78,1.5926,7.8129,0.2614,0.0667,0.024,0.04,0.2614,0.0667,7.8129,0.024,0.04,1.5333,0.0
2021-04-01,11:00,HMLTBSC06,34160.0,34160_PTCL Exchange Muzafargarh Muzaffargarh (3G-CII-3926),117.0,4160_PTCL Exchange Muzafargarh Muzaffargarh (3G-CII-3926),DG_KHAN_CLUSTER_03_Urban,100%,0.0,92.0,0.0,171.0,0.0,465.0,162.0,165.0,0.0,80.0,5.6889,0.0,36870.0,38497.0,38087.0,38497.0,0.0,0.0,465.0,458.0,5.6889,100.0,280.0,285.0,0.0,458.0,92.0,92.0,0.0402,0.2416,19.4953,0.3417,0.0401,0.008,0.0,0.3417,0.0401,19.4953,0.008,0.0,5.6889,0.0
2021-04-01,11:00,HMLTBSC06,24160.0,24160_PTCL Exchange Muzafargarh Muzaffargarh (3G-CII-3926),116.0,4160_PTCL Exchange Muzafargarh Muzaffargarh (3G-CII-3926),DG_KHAN_CLUSTER_03_Urban,100%,0.0,106.0,1.0,159.0,0.0,436.0,99.0,102.0,0.0,53.0,4.1278,1.0,25747.0,26581.0,26314.0,26581.0,0.0,0.0,436.0,431.0,4.1278,100.0,214.0,219.0,0.0,431.0,106.0,106.0,0.374,2.6551,5.9764,0.9654,0.1627,0.024,0.0027,0.9654,0.1627,5.9764,0.024,0.0027,4.1278,1.0
2021-04-01,11:00,HMLTBSC06,14164.0,14164_Panjtan Chowk Muzaffargarh (3G-CII-3930),104.0,4164_Panjtan Chowk Muzaffargarh (3G-CII-3930),DG_KHAN_CLUSTER_03_Urban,100%,0.0,105.0,0.0,222.0,0.0,825.0,221.0,226.0,0.0,117.0,4.8931,0.0,32218.0,32447.0,32295.0,32447.0,1.0,1.0,825.0,772.0,4.8931,100.0,333.0,347.0,1.0,772.0,105.0,105.0,0.3876,1.3123,10.4242,0.4968,0.1023,0.0242,0.0187,0.4968,0.1023,10.4242,0.0242,0.0187,4.8931,0.0
2021-04-01,11:00,HMLTBSC06,24163.0,24163_Khursheedabad Muzaffargarh (3G-CII-3929),102.0,4163_Khursheedabad Muzaffargarh (3G-CII-3929),DG_KHAN_CLUSTER_03_Urban,100%,0.0,276.0,1.0,372.0,0.0,794.0,197.0,201.0,0.0,98.0,6.6333,1.0,40157.0,40444.0,40277.0,40444.0,0.0,1.0,794.0,779.0,6.6333,100.0,523.0,529.0,0.0,779.0,275.0,276.0,0.0486,0.1947,15.7289,0.6709999999999999,0.024,0.0053,0.0027,0.6709999999999999,0.024,15.7289,0.0053,0.0027,6.6333,1.0
2021-04-01,11:00,HMLTBSC06,14163.0,14163_Khursheedabad Muzaffargarh (3G-CII-3929),101.0,4163_Khursheedabad Muzaffargarh (3G-CII-3929),DG_KHAN_CLUSTER_03_Urban,100%,0.0,88.0,0.0,169.0,0.0,309.0,175.0,176.0,0.0,81.0,3.0833,0.0,19703.0,19805.0,19708.0,19805.0,0.0,0.0,309.0,300.0,3.0833,100.0,204.0,208.0,0.0,300.0,88.0,88.0,0.1856,0.7013,12.7148,0.1524,0.0668,0.0241,0.0,0.1524,0.0668,12.7148,0.0241,0.0,3.0833,0.0
2021-04-01,11:00,HMLTBSC06,24162.0,24162_Mohallah Inamabad Muzaffargarh (3G-CII-3928),99.0,4162_Mohallah Inamabad Muzaffargarh (3G-CII-3928),DG_KHAN_CLUSTER_03_Urban,100%,0.0,72.0,0.0,187.0,0.0,280.0,218.0,222.0,0.0,118.0,3.3153,0.0,22132.0,22546.0,22490.0,22546.0,0.0,3.0,280.0,274.0,3.3153,100.0,182.0,183.0,0.0,274.0,69.0,72.0,0.0967,0.9175,5.2999,0.2562,0.046,0.0027,0.0027,0.2562,0.046,5.2999,0.0027,0.0027,3.3153,0.0
2021-04-01,11:00,HMLTBSC06,24161.0,24161_Police Lane Muzafargarh Muzaffargarh (3G-CII-3927),96.0,4161_Police Lane Muzafargarh Muzaffargarh (3G-CII-3927),DG_KHAN_CLUSTER_03_Urban,100%,0.0,48.0,0.0,83.0,0.0,210.0,68.0,68.0,0.0,35.0,1.2125,0.0,6923.0,6989.0,6909.0,6989.0,0.0,0.0,210.0,210.0,1.2125,100.0,128.0,128.0,0.0,210.0,48.0,48.0,0.0681,0.2385,7.631,0.1952,0.0134,0.0027,0.0027,0.1952,0.0134,7.631,0.0027,0.0027,1.2125,0.0
2021-04-01,11:00,HMLTBSC06,14161.0,14161_Police Lane Muzafargarh Muzaffargarh (3G-CII-3927),95.0,4161_Police Lane Muzafargarh Muzaffargarh (3G-CII-3927),DG_KHAN_CLUSTER_03_Urban,100%,0.0,181.0,1.0,286.0,0.0,928.0,205.0,208.0,0.0,106.0,4.6333,1.0,28070.0,28345.0,28119.0,28345.0,0.0,1.0,928.0,925.0,4.6333,100.0,316.0,316.0,0.0,925.0,180.0,181.0,0.3543,1.9738,3.7914,0.1952,0.0659,0.0058,0.0087,0.1952,0.0659,3.7914,0.0058,0.0087,4.6333,1.0
2021-04-01,11:00,HMLTBSC06,35864.0,35864_Noor Shah Talai Road Muzaffargarh (3G-CII-3660),62.0,5864_Noor Shah Talai Road Muzaffargarh (3G-CII-3660),DG_KHAN_CLUSTER_03_Urban,100%,0.0,430.0,1.0,967.0,0.0,916.0,1029.0,1097.0,0.0,541.0,11.8847,1.0,71109.0,72964.0,72615.0,72964.0,0.0,1.0,916.0,906.0,11.8847,100.0,744.0,753.0,0.0,906.0,429.0,430.0,12.8961,29.7589,3.6097,1.6298,1.2579,0.5897,0.3723,1.6298,1.2579,3.6097,0.5897,0.3723,11.8847,1.0
2021-04-01,11:00,HMLTBSC06,35191.0,35191_Mahala Munshi Muzaffargarh (3G-CII-4493),53.0,5191_Mahala Munshi Muzaffargarh (3G-CII-4493),DG_KHAN_CLUSTER_03_Urban,100%,0.0,201.0,1.0,545.0,0.0,414.0,679.0,698.0,0.0,344.0,9.0194,1.0,58653.0,59443.0,59320.0,59443.0,0.0,0.0,414.0,413.0,9.0194,100.0,346.0,347.0,0.0,413.0,201.0,201.0,2.7007,9.7702,3.7826,2.6352,0.5028,0.1541,0.038,2.6352,0.5028,3.7826,0.1541,0.038,9.0194,1.0
2021-04-01,11:00,HMLTBSC06,15191.0,15191_Mahala Munshi Muzaffargarh (3G-CII-4493),51.0,5191_Mahala Munshi Muzaffargarh (3G-CII-4493),DG_KHAN_CLUSTER_03_Urban,100%,0.0,321.0,11.0,750.0,0.0,1128.0,832.0,911.0,2.0,455.0,11.5014,11.0,69447.0,74023.0,73808.0,74023.0,0.0,17.0,1128.0,1120.0,11.5014,100.0,581.0,587.0,0.0,1120.0,304.0,321.0,0.0867,0.8441,4.8361,0.6887,0.0422,0.0,0.0048,0.6887,0.0422,4.8361,0.0,0.0048,11.5014,11.0
2021-04-01,11:00,HMLTBSC06,24447.0,24447_Faisal Colony Muzaffargarh (3G-CII-3655),45.0,4447_Faisal Colony Muzaffargarh (3G-CII-3655),DG_KHAN_CLUSTER_03_Urban,100%,0.0,394.0,0.0,854.0,0.0,896.0,917.0,946.0,0.0,463.0,11.2361,0.0,66893.0,67533.0,67016.0,67533.0,0.0,2.0,896.0,896.0,11.2361,100.0,680.0,680.0,0.0,896.0,392.0,394.0,4.104,11.3664,10.9102,2.6168,1.1084,0.3814,0.2449,2.6168,1.1084,10.9102,0.3814,0.2449,11.2361,0.0
2021-04-01,11:00,HMLTBSC06,14447.0,14447_Faisal Colony Muzaffargarh (3G-CII-3655),44.0,4447_Faisal Colony Muzaffargarh (3G-CII-3655),DG_KHAN_CLUSTER_03_Urban,100%,0.0,539.0,5.0,986.0,0.0,912.0,808.0,898.0,0.0,459.0,11.7694,5.0,66143.0,68096.0,67662.0,68096.0,3.0,8.0,912.0,903.0,11.7694,100.0,747.0,752.0,3.0,903.0,534.0,539.0,6.9342,14.2083,10.0951,1.5007,0.9832,0.4642,0.473,1.5007,0.9832,10.0951,0.4642,0.473,11.7694,5.0
2021-04-01,11:00,HMLTBSC06,35189.0,35189_Patal Road Muzaffargarh (3G-CII-4492),43.0,5189_Patal Road Muzaffargarh (3G-CII-4492),DG_KHAN_CLUSTER_03_Urban,100%,0.0,145.0,0.0,312.0,0.0,409.0,329.0,342.0,0.0,170.0,3.8861,0.0,23884.0,24172.0,24128.0,24172.0,0.0,2.0,409.0,409.0,3.8861,100.0,316.0,316.0,0.0,409.0,143.0,145.0,0.0269,0.2956,9.5244,0.3816,0.0267,0.0027,0.0,0.3816,0.0267,9.5244,0.0027,0.0,3.8861,0.0
2021-04-01,11:00,HMLTBSC06,34444.0,34444_Ward No 12 (Gold) Muzaffargarh (3G-CII-3653),28.0,4444_Ward No 12 (Gold) Muzaffargarh (3G-CII-3653),DG_KHAN_CLUSTER_03_Urban,100%,0.0,1332.0,1.0,1765.0,0.0,2576.0,849.0,910.0,1.0,452.0,28.0,1.0,156200.0,156747.0,155976.0,156747.0,1.0,5.0,2576.0,2534.0,28.0,100.0,2098.0,2130.0,1.0,2534.0,1328.0,1332.0,3.2068,14.7069,14.3411,9.0667,3.1561,0.7157,0.1644,9.0667,3.1561,14.3411,0.7157,0.1644,28.0,1.0
2021-04-01,11:00,HMLTBSC06,24444.0,24444_Ward No 12 (Gold) Muzaffargarh (3G-CII-3653),24.0,4444_Ward No 12 (Gold) Muzaffargarh (3G-CII-3653),DG_KHAN_CLUSTER_03_Urban,100%,0.0,394.0,5.0,905.0,0.0,672.0,941.0,1010.0,0.0,516.0,14.4208,5.0,89461.0,91262.0,90886.0,91262.0,1.0,2.0,672.0,650.0,14.4208,100.0,573.0,581.0,1.0,650.0,393.0,394.0,1.1775,6.4244,23.7704,7.153,1.7339,0.2691,0.12,7.153,1.7339,23.7704,0.2691,0.12,14.4208,5.0
2021-04-01,11:00,HMLTBSC06,14444.0,14444_Ward No 12 (Gold) Muzaffargarh (3G-CII-3653),23.0,4444_Ward No 12 (Gold) Muzaffargarh (3G-CII-3653),DG_KHAN_CLUSTER_03_Urban,100%,0.0,494.0,1.0,1069.0,0.0,1105.0,1053.0,1093.0,0.0,577.0,15.5556,1.0,95097.0,96457.0,95702.0,96457.0,0.0,1.0,1105.0,1083.0,15.5556,100.0,885.0,890.0,0.0,1083.0,493.0,494.0,16.8163,52.5203,3.2074,2.887,4.5829,1.3691,0.7895,2.887,4.5829,3.2074,1.3691,0.7895,15.5556,1.0
2021-04-01,11:00,HMLTBSC06,34161.0,34161_Police Lane Muzafargarh Muzaffargarh (3G-CII-3927),16.0,4161_Police Lane Muzafargarh Muzaffargarh (3G-CII-3927),DG_KHAN_CLUSTER_03_Urban,100%,0.0,125.0,0.0,284.0,0.0,366.0,337.0,342.0,0.0,159.0,5.1833,0.0,33596.0,33650.0,33443.0,33650.0,0.0,0.0,366.0,366.0,5.1833,100.0,203.0,203.0,0.0,366.0,125.0,125.0,0.0491,0.4425,21.180999999999997,0.3863,0.0852,0.0106,0.0,0.3863,0.0852,21.180999999999997,0.0106,0.0,5.1833,0.0
2021-04-01,11:00,HMLTBSC06,14446.0,14446_Tibba Sultan Pura Muzaffargarh (3G-CII-3654),4.0,4446_Tibba Sultan Pura Muzaffargarh (3G-CII-3654),DG_KHAN_CLUSTER_03_Urban,100%,0.0,306.0,5.0,575.0,0.0,707.0,509.0,560.0,0.0,298.0,10.6542,5.0,65473.0,66377.0,65642.0,66377.0,0.0,0.0,707.0,690.0,10.6542,100.0,503.0,517.0,0.0,690.0,306.0,306.0,1.4491,5.7218,16.3926,10.457,1.2168,0.3016,0.1111,10.457,1.2168,16.3926,0.3016,0.1111,10.6542,5.0
2021-04-01,11:00,HMLTBSC06,24446.0,24446_Tibba Sultan Pura Muzaffargarh (3G-CII-3654),3.0,4446_Tibba Sultan Pura Muzaffargarh (3G-CII-3654),DG_KHAN_CLUSTER_03_Urban,100%,0.0,255.0,7.0,613.0,0.0,762.0,677.0,735.0,0.0,379.0,12.7375,7.0,79741.0,81739.0,79224.0,81739.0,1.0,1.0,762.0,749.0,12.7375,100.0,427.0,434.0,1.0,749.0,255.0,255.0,1.3317,5.4041,25.8777,3.2427,1.2537,0.2724,0.1376,3.2427,1.2537,25.8777,0.2724,0.1376,12.7375,7.0
