Date,Time,GBSC,Cell CI,Cell Name,CellIndex,Site Name,Location,Integrity,_CallSetup TCH GOS(%)_N,_CallSetup TCH GOS(%)_D,_DCR_N,_DCR_D,_GOS-SDCCH(%)_N,_GOS-SDCCH(%)_D,_HSR%_N,_HSR%_D,_Mobility TCH GOS(%)_N,_Mobility TCH GOS(%)_D,_MTBD (Mean Time between Drop)_N,_MTBD (Mean Time between Drop)_D,_RxQual Index DL_1,_RxQual Index DL_2,_RxQual Index UL_1,_RxQual Index UL_2,CSSR_Non Blocking_1_N,CSSR_Non Blocking_2_N,CSSR_Non Blocking_1_D,CSSR_Non Blocking_2_D,GlobelTraffic,TCH Availability Rate,_cssr_Call Setup Indications (Circuit Service)_N_1,_Cssr_Channel Requests (Circuit Service)_D_1,_CSSR_Call Drops on SDCCH_N_2,_CSSR_Successful SDCCH Seizures_D_2,_CSSR_Successful TCH Seizures (Traffic Channel)_N_3,_CSSR_TCH Seizure Requests (Traffic Channel)_D_3,Interference Band Proportion (4~5)(%),Interference Band 345,Mean Number of TCH in Interference Band 1,Mean Number of TCH in Interference Band 2,Mean Number of TCH in Interference Band 3,Mean Number of TCH in Interference Band 4,Mean Number of TCH in Interference Band 5,Mean Number of TCH in Interference Band 1.1,Mean Number of TCH in Interference Band 2.1,Mean Number of TCH in Interference Band 3.1,Mean Number of TCH in Interference Band 4.1,Mean Number of TCH in Interference Band 5.1,K3014:Traffic Volume on TCH(Erl),CM33:Call Drops on Traffic Channel
2021-04-01,11:00,HMWLBSC03,45771.0,45771_Officers Colony Mianwali (3G-CII-3759),133.0,5771_Officers Colony Mianwali (3G-CII-3759),DI_KHAN_CLUSTER_02_Urban,100%,0.0,26.0,0.0,125.0,0.0,105.0,177.0,177.0,0.0,99.0,1.7875,0.0,11497.0,11836.0,11643.0,11836.0,0.0,0.0,105.0,104.0,1.7875,100.0,39.0,40.0,0.0,104.0,26.0,26.0,8.2287,19.3397,6.9547,1.776,1.2027,0.7067,0.184,6.9547,1.776,1.2027,0.7067,0.184,1.7875,0.0
2021-04-01,11:00,HMWLBSC03,44300.0,44300_Muslim Bazar (Gold) Mianwali (3G-CII-3764),132.0,4300_Muslim Bazar (Gold) Mianwali (3G-CII-3764),DI_KHAN_CLUSTER_02_Urban,100%,0.0,431.0,0.0,737.0,0.0,996.0,618.0,620.0,0.0,308.0,8.8125,0.0,51060.0,51137.0,50794.0,51137.0,0.0,2.0,996.0,989.0,8.8125,100.0,766.0,770.0,0.0,989.0,429.0,431.0,0.1749,1.8854,13.2541,0.3886,0.2378,0.0216,0.0027,13.2541,0.3886,0.2378,0.0216,0.0027,8.8125,0.0
2021-04-01,11:00,HMWLBSC03,54302.0,54302_Main City Mianwali (3G-CII-3762),131.0,4302_Main City Mianwali (3G-CII-3762),DI_KHAN_CLUSTER_02_Urban,100%,0.0,196.0,2.0,444.0,0.0,657.0,488.0,493.0,0.0,247.0,7.0153,2.0,43188.0,44697.0,43597.0,44697.0,0.0,0.0,657.0,642.0,7.0153,100.0,400.0,410.0,0.0,642.0,196.0,196.0,0.0842,1.7931,2.6802,0.9242,0.0627,0.0031,0.0,2.6802,0.9242,0.0627,0.0031,0.0,7.0153,2.0
2021-04-01,11:00,HMWLBSC03,64301.0,64301_Janglaat Colony Mianwali (3G-CII-3761),130.0,4301_Janglaat Colony Mianwali (3G-CII-3761),DI_KHAN_CLUSTER_02_Urban,100%,0.0,702.0,0.0,996.0,3.0,1348.0,624.0,630.0,0.0,299.0,10.8153,0.0,58711.0,59275.0,58732.0,59275.0,0.0,2.0,1345.0,1340.0,10.8153,100.0,1120.0,1126.0,0.0,1340.0,700.0,702.0,0.2036,1.2588,6.5266,0.3173,0.0731,0.0113,0.0028,6.5266,0.3173,0.0731,0.0113,0.0028,10.8153,0.0
2021-04-01,11:00,HMWLBSC03,12666.0,CII-2666-1_Wata Khel Paka Mianwali (3G-CII-3765),123.0,CII-2666_Wata Khel Paka Mianwali (3G-CII-3765),DI_KHAN_CLUSTER_02_Urban,100%,0.0,104.0,1.0,361.0,0.0,286.0,506.0,510.0,0.0,257.0,4.2667,1.0,28555.0,28726.0,28559.0,28726.0,0.0,0.0,286.0,283.0,4.2667,100.0,193.0,196.0,0.0,283.0,104.0,104.0,0.0836,0.5135,20.301,1.9138,0.096,0.0187,0.0,20.301,1.9138,0.096,0.0187,0.0,4.2667,1.0
2021-04-01,11:00,HMWLBSC03,25772.0,25772_Mohallah Kohatian Wala Mianwali (3G-CII-3760),116.0,5772_Mohallah Kohatian Wala Mianwali (3G-CII-3760),DI_KHAN_CLUSTER_02_Urban,100%,0.0,166.0,0.0,325.0,0.0,437.0,304.0,304.0,0.0,159.0,6.2611,0.0,40314.0,40450.0,40236.0,40450.0,1.0,1.0,437.0,433.0,6.2611,100.0,352.0,357.0,1.0,433.0,166.0,166.0,0.2886,2.7448,15.6462,2.6761,0.4627,0.0405,0.0139,15.6462,2.6761,0.4627,0.0405,0.0139,6.2611,0.0
2021-04-01,11:00,HMWLBSC03,35771.0,35771_Officers Colony Mianwali (3G-CII-3759),111.0,5771_Officers Colony Mianwali (3G-CII-3759),DI_KHAN_CLUSTER_02_Urban,100%,0.0,29.0,0.0,89.0,0.0,65.0,119.0,119.0,0.0,60.0,1.0486,0.0,6655.0,6736.0,6720.0,6736.0,0.0,0.0,65.0,65.0,1.0486,100.0,36.0,36.0,0.0,65.0,29.0,29.0,0.0,0.1537,8.504,0.1573,0.0133,0.0,0.0,8.504,0.1573,0.0133,0.0,0.0,1.0486,0.0
2021-04-01,11:00,HMWLBSC03,35770.0,35770_Khund De Wandi Mianwali (3G-CII-3757),105.0,5770_Khund De Wandi Mianwali (3G-CII-3757),DI_KHAN_CLUSTER_02_Urban,100%,0.0,346.0,0.0,668.0,0.0,1470.0,679.0,684.0,0.0,323.0,9.9847,0.0,58964.0,59312.0,59211.0,59312.0,2.0,2.0,1470.0,1420.0,9.9847,100.0,741.0,764.0,2.0,1420.0,346.0,346.0,0.6441,1.3803,2.6907,0.168,0.0213,0.0133,0.0053,2.6907,0.168,0.0213,0.0133,0.0053,9.9847,0.0
2021-04-01,11:00,HMWLBSC03,35774.0,35774_Mohallah Yateem Khana Mianwali (3G-CII-4507),59.0,5774_Mohallah Yateem Khana Mianwali (3G-CII-4507),DI_KHAN_CLUSTER_02_Urban,100%,0.0,163.0,0.0,422.0,0.0,657.0,531.0,532.0,0.0,262.0,5.95,0.0,37684.0,38390.0,38272.0,38390.0,1.0,3.0,657.0,652.0,5.95,100.0,468.0,469.0,1.0,652.0,161.0,163.0,0.1468,1.2770000000000001,17.1736,0.7627,0.2053,0.024,0.0027,17.1736,0.7627,0.2053,0.024,0.0027,5.95,0.0
2021-04-01,11:00,HMWLBSC03,15774.0,15774_Mohallah Yateem Khana Mianwali (3G-CII-4507),57.0,5774_Mohallah Yateem Khana Mianwali (3G-CII-4507),DI_KHAN_CLUSTER_02_Urban,100%,0.0,387.0,2.0,1103.0,0.0,2474.0,1406.0,1421.0,0.0,717.0,16.6194,2.0,105974.0,107125.0,106248.0,107125.0,5.0,7.0,2473.0,2448.0,16.6194,100.0,1633.0,1640.0,5.0,2448.0,385.0,387.0,0.0382,0.1182,14.4917,0.0856,0.0117,0.0028,0.0028,14.4917,0.0856,0.0117,0.0028,0.0028,16.6194,2.0
2021-04-01,11:00,HMWLBSC03,34301.0,34301_Janglaat Colony Mianwali (3G-CII-3761),53.0,4301_Janglaat Colony Mianwali (3G-CII-3761),DI_KHAN_CLUSTER_02_Urban,100%,0.0,431.0,0.0,954.0,0.0,1817.0,897.0,902.0,0.0,524.0,14.0542,0.0,86792.0,86973.0,86775.0,86973.0,0.0,1.0,1817.0,1809.0,14.0542,100.0,844.0,847.0,0.0,1809.0,430.0,431.0,0.1994,0.6549,8.7984,0.4801,0.0426,0.008,0.0106,8.7984,0.4801,0.0426,0.008,0.0106,14.0542,0.0
2021-04-01,11:00,HMWLBSC03,24302.0,24302_Main City Mianwali (3G-CII-3762),43.0,4302_Main City Mianwali (3G-CII-3762),DI_KHAN_CLUSTER_02_Urban,100%,0.0,156.0,1.0,450.0,0.0,819.0,539.0,544.0,0.0,297.0,6.8194,1.0,44262.0,44583.0,44271.0,44583.0,1.0,2.0,819.0,798.0,6.8194,100.0,233.0,236.0,1.0,798.0,155.0,156.0,1.0816,5.8474,5.9881,1.4599,0.377,0.0642,0.0214,5.9881,1.4599,0.377,0.0642,0.0214,6.8194,1.0
2021-04-01,11:00,HMWLBSC03,25775.0,25775_Mohalla Miana Mianwali (3G-CII-4508),40.0,5775_Mohalla Miana Mianwali (3G-CII-4508),DI_KHAN_CLUSTER_02_Urban,100%,0.0,183.0,0.0,455.0,0.0,560.0,588.0,590.0,0.0,274.0,5.7806,0.0,37170.0,37433.0,37365.0,37433.0,0.0,2.0,560.0,553.0,5.7806,100.0,418.0,425.0,0.0,553.0,181.0,183.0,0.1168,0.6427,13.2086,0.4332,0.0722,0.016,0.0,13.2086,0.4332,0.0722,0.016,0.0,5.7806,0.0
2021-04-01,11:00,HMWLBSC03,34300.0,34300_Muslim Bazar (Gold) Mianwali (3G-CII-3764),38.0,4300_Muslim Bazar (Gold) Mianwali (3G-CII-3764),DI_KHAN_CLUSTER_02_Urban,100%,0.0,422.0,0.0,705.0,0.0,1202.0,636.0,639.0,0.0,287.0,14.3958,0.0,92725.0,92883.0,92766.0,92883.0,0.0,4.0,1202.0,1202.0,14.3958,100.0,900.0,900.0,0.0,1202.0,418.0,422.0,0.3159,1.4140000000000001,12.0533,0.7091,0.1422,0.0244,0.0165,12.0533,0.7091,0.1422,0.0244,0.0165,14.3958,0.0
2021-04-01,11:00,HMWLBSC03,24300.0,24300_Muslim Bazar (Gold) Mianwali (3G-CII-3764),37.0,4300_Muslim Bazar (Gold) Mianwali (3G-CII-3764),DI_KHAN_CLUSTER_02_Urban,100%,0.0,395.0,0.0,810.0,0.0,1035.0,843.0,857.0,0.0,420.0,10.3306,0.0,62408.0,62974.0,62879.0,62974.0,2.0,5.0,1035.0,1009.0,10.3306,100.0,718.0,730.0,2.0,1009.0,392.0,395.0,0.9208,4.2009,5.5156,0.858,0.2182,0.0479,0.0133,5.5156,0.858,0.2182,0.0479,0.0133,10.3306,0.0
2021-04-01,11:00,HMWLBSC03,14300.0,14300_Muslim Bazar (Gold) Mianwali (3G-CII-3764),36.0,4300_Muslim Bazar (Gold) Mianwali (3G-CII-3764),DI_KHAN_CLUSTER_02_Urban,100%,0.0,255.0,0.0,735.0,0.0,1086.0,852.0,855.0,0.0,481.0,12.3819,0.0,80812.0,80860.0,80307.0,80860.0,0.0,1.0,1086.0,1084.0,12.3819,100.0,466.0,470.0,0.0,1084.0,254.0,255.0,0.1417,1.4162,12.4347,0.627,0.1689,0.0188,0.0,12.4347,0.627,0.1689,0.0188,0.0,12.3819,0.0
2021-04-01,11:00,HMWLBSC04,32585.0,CII-2585-3_Sadiqui Bazar Mianwali (3G-CII-4232),101.0,CII-2585_Sadiqui Bazar Mianwali (3G-CII-4232),DI_KHAN_CLUSTER_02_Urban,100%,0.0,447.0,3.0,1239.0,0.0,1127.0,1331.0,1341.0,0.0,792.0,17.9333,3.0,111876.0,112504.0,111663.0,112504.0,6.0,6.0,1127.0,1116.0,17.9333,100.0,758.0,762.0,6.0,1116.0,447.0,447.0,0.3046,6.4136,20.1221,2.8404,1.4989,0.0694,0.0053,20.1221,2.8404,1.4989,0.0694,0.0053,17.9333,3.0
2021-04-01,11:00,HMWLBSC04,12585.0,CII-2585-1_Sadiqui Bazar Mianwali (3G-CII-4232),1.0,CII-2585_Sadiqui Bazar Mianwali (3G-CII-4232),DI_KHAN_CLUSTER_02_Urban,100%,0.0,241.0,1.0,459.0,0.0,946.0,482.0,483.0,0.0,218.0,4.7875,1.0,28243.0,28360.0,28291.0,28360.0,0.0,1.0,946.0,945.0,4.7875,100.0,796.0,796.0,0.0,945.0,240.0,241.0,0.2974,0.9749,15.1808,0.8,0.1093,0.0427,0.0053,15.1808,0.8,0.1093,0.0427,0.0053,4.7875,1.0
