Date,Time,GBSC,Cell CI,Cell Name,CellIndex,Site Name,Location,Integrity,_CallSetup TCH GOS(%)_N,_CallSetup TCH GOS(%)_D,_DCR_N,_DCR_D,_GOS-SDCCH(%)_N,_GOS-SDCCH(%)_D,_HSR%_N,_HSR%_D,_Mobility TCH GOS(%)_N,_Mobility TCH GOS(%)_D,_MTBD (Mean Time between Drop)_N,_MTBD (Mean Time between Drop)_D,_RxQual Index DL_1,_RxQual Index DL_2,_RxQual Index UL_1,_RxQual Index UL_2,CSSR_Non Blocking_1_N,CSSR_Non Blocking_2_N,CSSR_Non Blocking_1_D,CSSR_Non Blocking_2_D,GlobelTraffic,TCH Availability Rate,_cssr_Call Setup Indications (Circuit Service)_N_1,_Cssr_Channel Requests (Circuit Service)_D_1,_CSSR_Call Drops on SDCCH_N_2,_CSSR_Successful SDCCH Seizures_D_2,_CSSR_Successful TCH Seizures (Traffic Channel)_N_3,_CSSR_TCH Seizure Requests (Traffic Channel)_D_3,Interference Band Proportion (4~5)(%),Interference Band 345,Mean Number of TCH in Interference Band 1,Mean Number of TCH in Interference Band 2,Mean Number of TCH in Interference Band 3,Mean Number of TCH in Interference Band 4,Mean Number of TCH in Interference Band 5,Mean Number of TCH in Interference Band 1.1,Mean Number of TCH in Interference Band 2.1,Mean Number of TCH in Interference Band 3.1,Mean Number of TCH in Interference Band 4.1,Mean Number of TCH in Interference Band 5.1,K3014:Traffic Volume on TCH(Erl),CM33:Call Drops on Traffic Channel
2021-04-01,20:00,HFSDBSC07,45353.0,45353_Darbar Wali Gali Faisalabad-Z2 (3G-CII-4663),160.0,5353_Darbar Wali Gali Faisalabad-Z2 (3G-CII-4663),FAISALABAD_CLUSTER_03_Rural,100%,0.0,81.0,0.0,174.0,0.0,934.0,185.0,191.0,0.0,98.0,4.5028,0.0,27890.0,28128.0,27592.0,28128.0,1.0,5.0,934.0,914.0,4.5028,100.0,174.0,182.0,1.0,914.0,77.0,81.0,0.0,0.0321,8.256,0.055999999999999994,0.0027,0.0,0.0,8.256,0.055999999999999994,0.0027,0.0,0.0,4.5028,0.0
2021-04-01,20:00,HFSDBSC07,42185.0,CII-2185-4_Chak No 429 Faisalabad-Z2,159.0,CII-2185_Chak No 429 Faisalabad-Z2,FAISALABAD_CLUSTER_03_Rural,100%,1.0,81.0,6.0,154.0,0.0,402.0,130.0,140.0,0.0,76.0,4.5792,6.0,30187.0,31346.0,30410.0,31346.0,0.0,0.0,402.0,399.0,4.5792,100.0,134.0,137.0,0.0,399.0,80.0,81.0,0.0,0.0,2.2447,0.0026,0.0,0.0,0.0,2.2447,0.0026,0.0,0.0,0.0,4.5792,6.0
2021-04-01,20:00,HFSDBSC07,44082.0,44082_Makowana Faisalabad-Z2 (3G-CII-4473),158.0,4082_Makowana Faisalabad-Z2 (3G-CII-4473),FAISALABAD_CLUSTER_03_Rural,100%,0.0,41.0,0.0,45.0,0.0,435.0,9.0,9.0,0.0,5.0,2.0639,0.0,14046.0,14052.0,13982.0,14052.0,1.0,2.0,435.0,392.0,2.0639,100.0,131.0,138.0,1.0,392.0,40.0,41.0,1.9079,5.4897,12.808,1.1947,0.5307,0.2133,0.0693,12.808,1.1947,0.5307,0.2133,0.0693,2.0639,0.0
2021-04-01,20:00,HFSDBSC07,35382.0,35382_Moza Gaband Chak No 77 GB Faisalabad-Z2-3,87.0,5382_Moza Gaband Chak No 77 GB Faisalabad-Z2,FAISALABAD_CLUSTER_03_Rural,100%,0.0,91.0,3.0,142.0,0.0,1278.0,86.0,98.0,0.0,46.0,6.3903,3.0,38435.0,41860.0,40999.0,41859.0,0.0,0.0,1278.0,1254.0,6.3903,100.0,214.0,219.0,0.0,1254.0,91.0,91.0,1.6935,4.805,5.8931,0.5695,0.2112,0.0722,0.0428,5.8931,0.5695,0.2112,0.0722,0.0428,6.3903,3.0
2021-04-01,20:00,HFSDBSC07,25382.0,25382_Moza Gaband Chak No 77 GB Faisalabad-Z2-2,86.0,5382_Moza Gaband Chak No 77 GB Faisalabad-Z2,FAISALABAD_CLUSTER_03_Rural,100%,0.0,41.0,0.0,84.0,0.0,357.0,84.0,85.0,0.0,43.0,0.8542,0.0,4498.0,4556.0,4556.0,4556.0,0.0,0.0,357.0,330.0,0.8542,100.0,78.0,85.0,0.0,330.0,41.0,41.0,0.0,0.2299,10.3102,0.1364,0.0241,0.0,0.0,10.3102,0.1364,0.0241,0.0,0.0,0.8542,0.0
2021-04-01,20:00,HFSDBSC07,15382.0,15382_Moza Gaband Chak No 77 GB Faisalabad-Z2-1,85.0,5382_Moza Gaband Chak No 77 GB Faisalabad-Z2,FAISALABAD_CLUSTER_03_Rural,100%,0.0,28.0,1.0,61.0,0.0,594.0,64.0,67.0,0.0,34.0,1.9,1.0,11319.0,12566.0,12516.0,12566.0,0.0,0.0,594.0,561.0,1.9,100.0,80.0,80.0,0.0,561.0,28.0,28.0,0.0,0.1685,7.7379999999999995,0.1818,0.0134,0.0,0.0,7.7379999999999995,0.1818,0.0134,0.0,0.0,1.9,1.0
2021-04-01,20:00,HFSDBSC07,35371.0,35371_Giddar Wala Faisalabad-Z2,84.0,5371_Giddar Wala Faisalabad-Z2,FAISALABAD_CLUSTER_03_Rural,100%,0.0,26.0,2.0,57.0,0.0,250.0,60.0,61.0,0.0,31.0,1.7264,2.0,10064.0,10666.0,9748.0,10666.0,1.0,1.0,250.0,241.0,1.7264,100.0,115.0,115.0,1.0,241.0,26.0,26.0,0.0,0.0376,7.0562,0.0428,0.0027,0.0,0.0,7.0562,0.0428,0.0027,0.0,0.0,1.7264,2.0
2021-04-01,20:00,HFSDBSC07,25371.0,25371_Giddar Wala Faisalabad-Z2,83.0,5371_Giddar Wala Faisalabad-Z2,FAISALABAD_CLUSTER_03_Rural,100%,0.0,117.0,0.0,153.0,0.0,459.0,82.0,88.0,0.0,38.0,7.5708,0.0,50600.0,50866.0,50374.0,50866.0,1.0,3.0,459.0,455.0,7.5708,100.0,237.0,239.0,1.0,455.0,115.0,117.0,0.0,0.0,5.5829,0.0374,0.0,0.0,0.0,5.5829,0.0374,0.0,0.0,0.0,7.5708,0.0
2021-04-01,20:00,HFSDBSC07,15371.0,15371_Giddar Wala Faisalabad-Z2,82.0,5371_Giddar Wala Faisalabad-Z2,FAISALABAD_CLUSTER_03_Rural,100%,0.0,64.0,2.0,122.0,0.0,260.0,108.0,117.0,0.0,59.0,1.7264,2.0,10572.0,10798.0,10732.0,10798.0,0.0,1.0,260.0,256.0,1.7264,100.0,224.0,226.0,0.0,256.0,63.0,64.0,0.0,0.3819,6.64,0.3173,0.0267,0.0,0.0,6.64,0.3173,0.0267,0.0,0.0,1.7264,2.0
2021-04-01,20:00,HFSDBSC07,34741.0,34741_Chak No 417 GB Faisalabad-Z2,75.0,4741_Chak No 417 GB Faisalabad-Z2,FAISALABAD_CLUSTER_03_Rural,100%,0.0,37.0,1.0,62.0,0.0,289.0,46.0,48.0,0.0,25.0,1.4478,1.0,8654.0,9002.0,8936.0,9002.0,0.0,0.0,289.0,284.0,1.4478,100.0,159.0,163.0,0.0,284.0,37.0,37.0,0.0,0.2114,11.1551,0.2059,0.0241,0.0,0.0,11.1551,0.2059,0.0241,0.0,0.0,1.4478,1.0
2021-04-01,20:00,HFSDBSC07,24741.0,24741_Chak No 417 GB Faisalabad-Z2,74.0,4741_Chak No 417 GB Faisalabad-Z2,FAISALABAD_CLUSTER_03_Rural,100%,0.0,57.0,1.0,73.0,0.0,161.0,33.0,35.0,0.0,17.0,2.331,1.0,15738.0,15812.0,15724.0,15812.0,4.0,4.0,161.0,159.0,2.331,100.0,94.0,94.0,4.0,159.0,57.0,57.0,0.0615,0.0615,8.6604,0.0374,0.0,0.0,0.0054,8.6604,0.0374,0.0,0.0,0.0054,2.331,1.0
2021-04-01,20:00,HFSDBSC07,14741.0,14741_Chak No 417 GB Faisalabad-Z2,73.0,4741_Chak No 417 GB Faisalabad-Z2,FAISALABAD_CLUSTER_03_Rural,100%,0.0,54.0,2.0,94.0,0.0,364.0,78.0,87.0,0.0,40.0,2.306,2.0,14300.0,15000.0,14810.0,15000.0,0.0,0.0,364.0,354.0,2.306,100.0,152.0,159.0,0.0,354.0,54.0,54.0,0.0948,0.2214,8.3528,0.0856,0.0107,0.0054,0.0027,8.3528,0.0856,0.0107,0.0054,0.0027,2.306,2.0
2021-04-01,20:00,HFSDBSC07,34742.0,34742_Jinah Colony Faisalabad-Z2 (3G-CII-4169),72.0,4742_Jinah Colony Faisalabad-Z2 (3G-CII-4169),FAISALABAD_CLUSTER_03_Rural,100%,0.0,105.0,0.0,145.0,0.0,344.0,79.0,80.0,0.0,40.0,1.8944,0.0,9810.0,10028.0,10026.0,10028.0,0.0,0.0,344.0,340.0,1.8944,100.0,184.0,184.0,0.0,340.0,105.0,105.0,0.0,0.0,27.6585,0.0562,0.0,0.0,0.0,27.6585,0.0562,0.0,0.0,0.0,1.8944,0.0
2021-04-01,20:00,HFSDBSC07,24742.0,24742_Jinah Colony Faisalabad-Z2 (3G-CII-4169),71.0,4742_Jinah Colony Faisalabad-Z2 (3G-CII-4169),FAISALABAD_CLUSTER_03_Rural,100%,0.0,102.0,1.0,145.0,0.0,462.0,88.0,94.0,0.0,45.0,4.2472,1.0,27128.0,28354.0,28332.0,28354.0,3.0,5.0,462.0,429.0,4.2472,100.0,216.0,218.0,3.0,429.0,100.0,102.0,0.3302,1.765,18.1284,2.5561,0.3021,0.0508,0.0187,18.1284,2.5561,0.3021,0.0508,0.0187,4.2472,1.0
2021-04-01,20:00,HFSDBSC07,14742.0,14742_Jinah Colony Faisalabad-Z2 (3G-CII-4169),70.0,4742_Jinah Colony Faisalabad-Z2 (3G-CII-4169),FAISALABAD_CLUSTER_03_Rural,100%,0.0,63.0,2.0,100.0,0.0,243.0,72.0,74.0,0.0,39.0,2.4417,2.0,15106.0,15304.0,15300.0,15304.0,0.0,1.0,243.0,237.0,2.4417,100.0,180.0,184.0,0.0,237.0,62.0,63.0,0.0316,0.4739,8.139,0.2834,0.0374,0.0,0.0027,8.139,0.2834,0.0374,0.0,0.0027,2.4417,2.0
2021-04-01,20:00,HFSDBSC07,34218.0,34218_Jallah Morh Faisalabad-Z2,63.0,4218_Jallah Morh Faisalabad-Z2,FAISALABAD_CLUSTER_03_Rural,100%,0.0,47.0,2.0,61.0,0.0,190.0,32.0,32.0,0.0,14.0,1.3653,2.0,8640.0,8746.0,8728.0,8746.0,1.0,1.0,190.0,190.0,1.3653,100.0,63.0,63.0,1.0,190.0,47.0,47.0,0.0,0.0,8.6356,0.2644,0.0,0.0,0.0,8.6356,0.2644,0.0,0.0,0.0,1.3653,2.0
2021-04-01,20:00,HFSDBSC07,24218.0,24218_Jallah Morh Faisalabad-Z2,62.0,4218_Jallah Morh Faisalabad-Z2,FAISALABAD_CLUSTER_03_Rural,100%,0.0,54.0,2.0,57.0,0.0,306.0,8.0,8.0,0.0,3.0,2.9861,2.0,18618.0,19720.0,19716.0,19720.0,0.0,0.0,306.0,300.0,2.9861,100.0,81.0,82.0,0.0,300.0,54.0,54.0,0.0,0.0,9.624,0.0267,0.0,0.0,0.0,9.624,0.0267,0.0,0.0,0.0,2.9861,2.0
2021-04-01,20:00,HFSDBSC07,14218.0,14218_Jallah Morh Faisalabad-Z2,61.0,4218_Jallah Morh Faisalabad-Z2,FAISALABAD_CLUSTER_03_Rural,100%,0.0,27.0,0.0,41.0,0.0,183.0,25.0,25.0,0.0,14.0,2.0333,0.0,13982.0,14102.0,14032.0,14102.0,0.0,0.0,183.0,180.0,2.0333,100.0,76.0,78.0,0.0,180.0,27.0,27.0,0.0,0.3542,9.6364,0.1417,0.0348,0.0,0.0,9.6364,0.1417,0.0348,0.0,0.0,2.0333,0.0
2021-04-01,20:00,HFSDBSC07,34021.0,34021_Billo Maur Airport Chowk Faisalabad-Z1 (3G-CII-3032),6.0,4021_Billo Maur Airport Chowk Faisalabad-Z1 (3G-CII-3032),FAISALABAD_CLUSTER_03_Rural,100%,0.0,299.0,1.0,417.0,0.0,1622.0,243.0,253.0,0.0,122.0,11.6028,1.0,72536.0,72922.0,71636.0,72922.0,3.0,7.0,1622.0,1555.0,11.6028,100.0,449.0,483.0,3.0,1555.0,295.0,299.0,0.0151,0.4536,16.7038,0.7751,0.077,0.0027,0.0,16.7038,0.7751,0.077,0.0027,0.0,11.6028,1.0
2021-04-01,20:00,HFSDBSC07,34082.0,34082_Makowana Faisalabad-Z2 (3G-CII-4473),51.0,4082_Makowana Faisalabad-Z2 (3G-CII-4473),FAISALABAD_CLUSTER_03_Rural,100%,0.0,147.0,2.0,155.0,0.0,879.0,26.0,31.0,0.0,13.0,7.5542,2.0,48730.0,50126.0,49546.0,50126.0,0.0,3.0,879.0,847.0,7.5542,100.0,289.0,291.0,0.0,847.0,144.0,147.0,0.034,0.0856,15.2256,0.4512,0.0081,0.0053,0.0,15.2256,0.4512,0.0081,0.0053,0.0,7.5542,2.0
2021-04-01,20:00,HFSDBSC07,24082.0,24082_Makowana Faisalabad-Z2 (3G-CII-4473),50.0,4082_Makowana Faisalabad-Z2 (3G-CII-4473),FAISALABAD_CLUSTER_03_Rural,100%,0.0,69.0,3.0,127.0,0.0,777.0,119.0,120.0,0.0,58.0,4.5236,3.0,30264.0,30652.0,30620.0,30652.0,12.0,12.0,777.0,724.0,4.5236,100.0,156.0,172.0,12.0,724.0,69.0,69.0,0.3702,1.4944,17.832,1.328,0.2187,0.0453,0.0267,17.832,1.328,0.2187,0.0453,0.0267,4.5236,3.0
2021-04-01,20:00,HFSDBSC07,24021.0,24021_Billo Maur Airport Chowk Faisalabad-Z1 (3G-CII-3032),5.0,4021_Billo Maur Airport Chowk Faisalabad-Z1 (3G-CII-3032),FAISALABAD_CLUSTER_03_Rural,100%,0.0,64.0,1.0,165.0,0.0,673.0,190.0,193.0,0.0,102.0,3.9403,1.0,25792.0,26040.0,26004.0,26040.0,1.0,1.0,673.0,657.0,3.9403,100.0,134.0,136.0,1.0,657.0,64.0,64.0,0.0267,0.3331,19.3462,0.3905,0.0607,0.0053,0.0,19.3462,0.3905,0.0607,0.0053,0.0,3.9403,1.0
2021-04-01,20:00,HFSDBSC07,14082.0,14082_Makowana Faisalabad-Z2 (3G-CII-4473),49.0,4082_Makowana Faisalabad-Z2 (3G-CII-4473),FAISALABAD_CLUSTER_03_Rural,100%,0.0,35.0,0.0,91.0,0.0,245.0,114.0,114.0,0.0,56.0,2.6819,0.0,17952.0,18050.0,18050.0,18050.0,0.0,0.0,245.0,237.0,2.6819,100.0,162.0,169.0,0.0,237.0,35.0,35.0,0.9241,6.3508,10.0588,2.6765,0.738,0.0829,0.0428,10.0588,2.6765,0.738,0.0829,0.0428,2.6819,0.0
2021-04-01,20:00,HFSDBSC07,14021.0,14021_Billo Maur Airport Chowk Faisalabad-Z1 (3G-CII-3032),4.0,4021_Billo Maur Airport Chowk Faisalabad-Z1 (3G-CII-3032),FAISALABAD_CLUSTER_03_Rural,100%,0.0,115.0,1.0,342.0,0.0,2369.0,478.0,513.0,0.0,256.0,3.35,1.0,18246.0,18402.0,18084.0,18402.0,3.0,23.0,2369.0,2315.0,3.35,100.0,235.0,248.0,3.0,2315.0,95.0,115.0,0.0,0.0238,21.9885,0.1941,0.0053,0.0,0.0,21.9885,0.1941,0.0053,0.0,0.0,3.35,1.0
2021-04-01,20:00,HFSDBSC07,35474.0,35474_Chak No 84 Abbaspur Road Faisalabad-Z2,30.0,5474_Chak No 84 Abbaspur Road Faisalabad-Z2,FAISALABAD_CLUSTER_03_Rural,100%,0.0,82.0,3.0,105.0,0.0,497.0,41.0,46.0,0.0,23.0,4.7597,3.0,29580.0,30888.0,30398.0,30888.0,1.0,1.0,497.0,476.0,4.7597,100.0,186.0,191.0,1.0,476.0,82.0,82.0,0.0,0.8994,4.7907,0.3869,0.047,0.0,0.0,4.7907,0.3869,0.047,0.0,0.0,4.7597,3.0
2021-04-01,20:00,HFSDBSC07,25474.0,25474_Chak No 84 Abbaspur Road Faisalabad-Z2,29.0,5474_Chak No 84 Abbaspur Road Faisalabad-Z2,FAISALABAD_CLUSTER_03_Rural,100%,0.0,30.0,0.0,87.0,0.0,187.0,105.0,110.0,0.0,57.0,1.1806,0.0,7104.0,7162.0,7160.0,7162.0,0.0,0.0,187.0,185.0,1.1806,100.0,85.0,85.0,0.0,185.0,30.0,30.0,0.1451,0.6769,5.3653,0.11199999999999999,0.0293,0.0053,0.0027,5.3653,0.11199999999999999,0.0293,0.0053,0.0027,1.1806,0.0
2021-04-01,20:00,HFSDBSC07,15474.0,15474_Chak No 84 Abbaspur Road Faisalabad-Z2,28.0,5474_Chak No 84 Abbaspur Road Faisalabad-Z2,FAISALABAD_CLUSTER_03_Rural,100%,0.0,50.0,1.0,79.0,0.0,287.0,58.0,61.0,0.0,29.0,1.7403,1.0,10304.0,10564.0,10512.0,10564.0,1.0,1.0,287.0,279.0,1.7403,100.0,102.0,104.0,1.0,279.0,50.0,50.0,0.0,0.0884,8.7487,0.3182,0.008,0.0,0.0,8.7487,0.3182,0.008,0.0,0.0,1.7403,1.0
2021-04-01,20:00,HFSDBSC07,34740.0,34740_Mumtazabad Faisalabad-Z2 (3G-CII-4416),27.0,4740_Mumtazabad Faisalabad-Z2 (3G-CII-4416),FAISALABAD_CLUSTER_03_Rural,100%,0.0,151.0,4.0,205.0,0.0,500.0,112.0,112.0,0.0,55.0,5.1708,4.0,32242.0,32650.0,32594.0,32650.0,0.0,1.0,500.0,496.0,5.1708,100.0,361.0,365.0,0.0,496.0,150.0,151.0,0.2094,0.7395,18.6627,0.7649,0.1038,0.0301,0.0109,18.6627,0.7649,0.1038,0.0301,0.0109,5.1708,4.0
2021-04-01,20:00,HFSDBSC07,24740.0,24740_Mumtazabad Faisalabad-Z2 (3G-CII-4416),26.0,4740_Mumtazabad Faisalabad-Z2 (3G-CII-4416),FAISALABAD_CLUSTER_03_Rural,100%,0.0,123.0,0.0,165.0,0.0,364.0,82.0,83.0,0.0,42.0,2.3986,0.0,13350.0,13458.0,13458.0,13458.0,0.0,0.0,364.0,360.0,2.3986,100.0,275.0,279.0,0.0,360.0,123.0,123.0,0.8712,1.1392,25.7611,0.0777,0.0701,0.1618,0.0659,25.7611,0.0777,0.0701,0.1618,0.0659,2.3986,0.0
2021-04-01,20:00,HFSDBSC07,14740.0,14740_Mumtazabad Faisalabad-Z2 (3G-CII-4416),25.0,4740_Mumtazabad Faisalabad-Z2 (3G-CII-4416),FAISALABAD_CLUSTER_03_Rural,100%,0.0,223.0,1.0,318.0,0.0,710.0,181.0,190.0,0.0,98.0,6.6458,1.0,39802.0,40114.0,39622.0,40114.0,2.0,4.0,710.0,695.0,6.6458,100.0,452.0,453.0,2.0,695.0,221.0,223.0,0.0688,0.3164,14.6072,0.5419,0.0376,0.006999999999999999,0.0035,14.6072,0.5419,0.0376,0.006999999999999999,0.0035,6.6458,1.0
2021-04-01,20:00,HFSDBSC07,34745.0,34745_Chak No 39 GB Satiana Faisalabad-Z2 (3G-CII-4280),24.0,4745_Chak No 39 GB Satiana Faisalabad-Z2 (3G-CII-4280),FAISALABAD_CLUSTER_03_Rural,100%,0.0,24.0,0.0,32.0,0.0,215.0,15.0,15.0,0.0,8.0,0.9194,0.0,5806.0,5818.0,5818.0,5818.0,0.0,0.0,215.0,212.0,0.9194,100.0,67.0,67.0,0.0,212.0,24.0,24.0,0.0,0.0,9.1257,0.008,0.0,0.0,0.0,9.1257,0.008,0.0,0.0,0.0,0.9194,0.0
2021-04-01,20:00,HFSDBSC07,35768.0,35768_Chak No 427 Jhok Dadu Faisalabad-Z2,231.0,5768_Chak No 427 Jhok Dadu Faisalabad-Z2,FAISALABAD_CLUSTER_03_Rural,100%,0.0,44.0,3.0,45.0,0.0,155.0,9.0,13.0,0.0,4.0,0.9833,3.0,5018.0,5194.0,4970.0,5194.0,0.0,3.0,155.0,144.0,0.9833,100.0,81.0,85.0,0.0,144.0,41.0,44.0,0.0,0.0,9.0665,0.0266,0.0,0.0,0.0,9.0665,0.0266,0.0,0.0,0.0,0.9833,3.0
2021-04-01,20:00,HFSDBSC07,25768.0,25768_Chak No 427 Jhok Dadu Faisalabad-Z2,230.0,5768_Chak No 427 Jhok Dadu Faisalabad-Z2,FAISALABAD_CLUSTER_03_Rural,100%,0.0,19.0,0.0,20.0,0.0,71.0,3.0,5.0,0.0,2.0,0.8417,0.0,5630.0,5858.0,5854.0,5858.0,0.0,1.0,71.0,64.0,0.8417,100.0,37.0,40.0,0.0,64.0,18.0,19.0,0.0,0.0,9.3298,0.0027,0.0,0.0,0.0,9.3298,0.0027,0.0,0.0,0.0,0.8417,0.0
2021-04-01,20:00,HFSDBSC07,24745.0,24745_Chak No 39 GB Satiana Faisalabad-Z2 (3G-CII-4280),23.0,4745_Chak No 39 GB Satiana Faisalabad-Z2 (3G-CII-4280),FAISALABAD_CLUSTER_03_Rural,100%,0.0,66.0,2.0,116.0,0.0,234.0,83.0,99.0,0.0,50.0,2.2819,2.0,13402.0,13852.0,13854.0,13854.0,0.0,0.0,234.0,232.0,2.2819,100.0,132.0,133.0,0.0,232.0,66.0,66.0,0.0,0.1788,8.738,0.2193,0.016,0.0,0.0,8.738,0.2193,0.016,0.0,0.0,2.2819,2.0
2021-04-01,20:00,HFSDBSC07,15768.0,15768_Chak No 427 Jhok Dadu Faisalabad-Z2,229.0,5768_Chak No 427 Jhok Dadu Faisalabad-Z2,FAISALABAD_CLUSTER_03_Rural,100%,0.0,2.0,0.0,2.0,0.0,27.0,0.0,0.0,0.0,0.0,0.0153,0.0,0.0,0.0,0.0,0.0,0.0,0.0,27.0,27.0,0.0153,100.0,5.0,5.0,0.0,27.0,2.0,2.0,0.0,0.0,11.1064,0.0,0.0,0.0,0.0,11.1064,0.0,0.0,0.0,0.0,0.0153,0.0
2021-04-01,20:00,HFSDBSC07,32326.0,CII-2326-3_Chak No 251 RB Kang Bandala Faisalabad-Z2,228.0,CII-2326_Chak No 251 RB Kang Bandala Faisalabad-Z2,FAISALABAD_CLUSTER_03_Rural,100%,0.0,38.0,0.0,38.0,0.0,118.0,1.0,1.0,0.0,0.0,0.8542,0.0,4688.0,4714.0,4592.0,4714.0,0.0,0.0,118.0,118.0,0.8542,100.0,80.0,80.0,0.0,118.0,38.0,38.0,0.0,0.0156,16.874000000000002,0.0423,0.0026,0.0,0.0,16.874000000000002,0.0423,0.0026,0.0,0.0,0.8542,0.0
2021-04-01,20:00,HFSDBSC07,22326.0,CII-2326-2_Chak No 251 RB Kang Bandala Faisalabad-Z2,227.0,CII-2326_Chak No 251 RB Kang Bandala Faisalabad-Z2,FAISALABAD_CLUSTER_03_Rural,100%,0.0,23.0,0.0,24.0,0.0,90.0,1.0,1.0,0.0,1.0,0.6889,0.0,4034.0,4034.0,4034.0,4034.0,0.0,0.0,90.0,88.0,0.6889,100.0,48.0,48.0,0.0,88.0,23.0,23.0,0.0,0.0,16.5221,0.267,0.0,0.0,0.0,16.5221,0.267,0.0,0.0,0.0,0.6889,0.0
2021-04-01,20:00,HFSDBSC07,12326.0,CII-2326-1_Chak No 251 RB Kang Bandala Faisalabad-Z2,226.0,CII-2326_Chak No 251 RB Kang Bandala Faisalabad-Z2,FAISALABAD_CLUSTER_03_Rural,100%,0.0,16.0,0.0,25.0,0.0,45.0,21.0,24.0,0.0,9.0,0.9097,0.0,5264.0,5958.0,5856.0,5958.0,0.0,0.0,45.0,41.0,0.9097,100.0,20.0,20.0,0.0,41.0,16.0,16.0,0.0,0.0102,25.7753,0.1878,0.0027,0.0,0.0,25.7753,0.1878,0.0027,0.0,0.0,0.9097,0.0
2021-04-01,20:00,HFSDBSC07,32328.0,CII-2328-3_Chak No 86 RB Dhul Majra Faisalabad-Z1,222.0,CII-2328_Chak No 86 RB Dhul Majra Faisalabad-Z1,FAISALABAD_CLUSTER_03_Rural,100%,0.0,286.0,2.0,443.0,0.0,841.0,319.0,333.0,0.0,168.0,9.5403,2.0,58248.0,58320.0,58206.0,58320.0,0.0,4.0,841.0,728.0,9.5403,100.0,599.0,605.0,0.0,728.0,282.0,286.0,0.0,0.0539,10.6383,0.0455,0.0058,0.0,0.0,10.6383,0.0455,0.0058,0.0,0.0,9.5403,2.0
2021-04-01,20:00,HFSDBSC07,22328.0,CII-2328-2_Chak No 86 RB Dhul Majra Faisalabad-Z1,221.0,CII-2328_Chak No 86 RB Dhul Majra Faisalabad-Z1,FAISALABAD_CLUSTER_03_Rural,100%,0.0,101.0,2.0,236.0,0.0,244.0,275.0,295.0,0.0,142.0,4.4389,2.0,26752.0,27218.0,26972.0,27218.0,1.0,1.0,244.0,243.0,4.4389,100.0,201.0,202.0,1.0,243.0,101.0,101.0,0.0,0.0,9.8973,0.0054,0.0,0.0,0.0,9.8973,0.0054,0.0,0.0,0.0,4.4389,2.0
2021-04-01,20:00,HFSDBSC07,12328.0,CII-2328-1_Chak No 86 RB Dhul Majra Faisalabad-Z1,220.0,CII-2328_Chak No 86 RB Dhul Majra Faisalabad-Z1,FAISALABAD_CLUSTER_03_Rural,100%,0.0,65.0,2.0,121.0,0.0,250.0,113.0,117.0,0.0,56.0,3.4403,2.0,22438.0,22484.0,22454.0,22484.0,1.0,1.0,250.0,227.0,3.4403,100.0,117.0,121.0,1.0,227.0,65.0,65.0,0.7269,5.421,6.7513,1.5106,0.4101,0.0582,0.0053,6.7513,1.5106,0.4101,0.0582,0.0053,3.4403,2.0
2021-04-01,20:00,HFSDBSC07,14745.0,14745_Chak No 39 GB Satiana Faisalabad-Z2 (3G-CII-4280),22.0,4745_Chak No 39 GB Satiana Faisalabad-Z2 (3G-CII-4280),FAISALABAD_CLUSTER_03_Rural,100%,0.0,113.0,1.0,161.0,0.0,429.0,99.0,105.0,0.0,55.0,5.325,1.0,32994.0,33982.0,33862.0,33982.0,0.0,5.0,429.0,416.0,5.325,100.0,235.0,239.0,0.0,416.0,108.0,113.0,0.0164,0.0327,16.2518,0.0561,0.0027,0.0,0.0027,16.2518,0.0561,0.0027,0.0,0.0027,5.325,1.0
2021-04-01,20:00,HFSDBSC07,32536.0,CII-2536-3_Chak No 66 JB Faisalabad-Z1 (3G-CII-4531),216.0,CII-2536_Chak No 66 JB Faisalabad-Z1 (3G-CII-4531),FAISALABAD_CLUSTER_03_Rural,100%,0.0,281.0,4.0,324.0,0.0,1590.0,160.0,175.0,0.0,67.0,5.3639,4.0,28324.0,29670.0,29024.0,29670.0,0.0,22.0,1590.0,1332.0,5.3639,100.0,524.0,550.0,0.0,1332.0,259.0,281.0,0.7093,2.1634,14.356,0.9532,0.2275,0.0749,0.0361,14.356,0.9532,0.2275,0.0749,0.0361,5.3639,4.0
2021-04-01,20:00,HFSDBSC07,22536.0,CII-2536-2_Chak No 66 JB Faisalabad-Z1 (3G-CII-4531),215.0,CII-2536_Chak No 66 JB Faisalabad-Z1 (3G-CII-4531),FAISALABAD_CLUSTER_03_Rural,100%,0.0,131.0,0.0,266.0,0.0,490.0,306.0,317.0,0.0,152.0,5.1917,0.0,33446.0,34102.0,33672.0,34102.0,0.0,11.0,490.0,481.0,5.1917,100.0,203.0,204.0,0.0,481.0,120.0,131.0,0.2325,2.1455,13.105,1.6465,0.2884,0.0269,0.0082,13.105,1.6465,0.2884,0.0269,0.0082,5.1917,0.0
2021-04-01,20:00,HFSDBSC07,12536.0,CII-2536-1_Chak No 66 JB Faisalabad-Z1 (3G-CII-4531),214.0,CII-2536_Chak No 66 JB Faisalabad-Z1 (3G-CII-4531),FAISALABAD_CLUSTER_03_Rural,100%,0.0,120.0,1.0,261.0,0.0,923.0,265.0,283.0,0.0,142.0,4.3486,1.0,26094.0,27052.0,26984.0,27052.0,1.0,2.0,923.0,910.0,4.3486,100.0,220.0,221.0,1.0,910.0,119.0,120.0,0.0797,0.3672,16.1388,0.5014,0.048,0.0133,0.0,16.1388,0.5014,0.048,0.0133,0.0,4.3486,1.0
2021-04-01,20:00,HFSDBSC07,35767.0,35767_Chak No 73 JB Jhipal Faisalabad-Z1,204.0,5767_Chak No 73 JB Jhipal Faisalabad-Z1,FAISALABAD_CLUSTER_03_Rural,100%,0.0,21.0,0.0,41.0,0.0,74.0,40.0,40.0,0.0,20.0,2.5069,0.0,17676.0,17684.0,17684.0,17684.0,0.0,0.0,74.0,74.0,2.5069,100.0,49.0,49.0,0.0,74.0,21.0,21.0,0.0,0.1227,6.4787,0.016,0.008,0.0,0.0,6.4787,0.016,0.008,0.0,0.0,2.5069,0.0
2021-04-01,20:00,HFSDBSC07,25767.0,25767_Chak No 73 JB Jhipal Faisalabad-Z1,203.0,5767_Chak No 73 JB Jhipal Faisalabad-Z1,FAISALABAD_CLUSTER_03_Rural,100%,0.0,68.0,1.0,140.0,0.0,739.0,143.0,146.0,0.0,72.0,4.2444,1.0,28590.0,29074.0,29028.0,29074.0,1.0,1.0,739.0,731.0,4.2444,100.0,240.0,242.0,1.0,731.0,68.0,68.0,0.0721,0.0721,3.6391,0.0356,0.0,0.0027,0.0,3.6391,0.0356,0.0,0.0027,0.0,4.2444,1.0
2021-04-01,20:00,HFSDBSC07,15767.0,15767_Chak No 73 JB Jhipal Faisalabad-Z1,202.0,5767_Chak No 73 JB Jhipal Faisalabad-Z1,FAISALABAD_CLUSTER_03_Rural,100%,0.0,58.0,0.0,97.0,0.0,614.0,81.0,90.0,0.0,40.0,1.8181,0.0,11464.0,11560.0,11454.0,11560.0,0.0,1.0,614.0,598.0,1.8181,100.0,145.0,147.0,0.0,598.0,57.0,58.0,0.0,0.0547,4.8687,0.0107,0.0027,0.0,0.0,4.8687,0.0107,0.0027,0.0,0.0,1.8181,0.0
2021-04-01,20:00,HFSDBSC07,32520.0,CII-2520-3_Chak No 461 Badowala Faisalabad-Z2,201.0,CII-2520_Chak No 461 Badowala Faisalabad-Z2,FAISALABAD_CLUSTER_03_Rural,100%,0.0,22.0,1.0,28.0,0.0,93.0,9.0,10.0,0.0,6.0,1.3472,1.0,8358.0,8604.0,8166.0,8604.0,0.0,0.0,93.0,92.0,1.3472,100.0,56.0,57.0,0.0,92.0,22.0,22.0,0.0,0.2088,9.7249,0.3889,0.0212,0.0,0.0,9.7249,0.3889,0.0212,0.0,0.0,1.3472,1.0
2021-04-01,20:00,HFSDBSC07,22520.0,CII-2520-2_Chak No 461 Badowala Faisalabad-Z2,200.0,CII-2520_Chak No 461 Badowala Faisalabad-Z2,FAISALABAD_CLUSTER_03_Rural,100%,0.0,4.0,0.0,10.0,0.0,21.0,8.0,8.0,0.0,6.0,0.4319,0.0,2750.0,2750.0,2750.0,2750.0,0.0,0.0,21.0,21.0,0.4319,100.0,11.0,11.0,0.0,21.0,4.0,4.0,0.0,0.0,10.4233,0.0,0.0,0.0,0.0,10.4233,0.0,0.0,0.0,0.0,0.4319,0.0
2021-04-01,20:00,HFSDBSC07,12520.0,CII-2520-1_Chak No 461 Badowala Faisalabad-Z2,199.0,CII-2520_Chak No 461 Badowala Faisalabad-Z2,FAISALABAD_CLUSTER_03_Rural,100%,0.0,24.0,0.0,31.0,0.0,148.0,22.0,23.0,0.0,9.0,0.6958,0.0,3496.0,3998.0,3968.0,3998.0,0.0,2.0,148.0,147.0,0.6958,100.0,61.0,61.0,0.0,147.0,22.0,24.0,0.7834,3.6665,7.4165,0.7374,0.244,0.0663,0.0,7.4165,0.7374,0.244,0.0663,0.0,0.6958,0.0
2021-04-01,20:00,HFSDBSC07,32321.0,CII-2321-3_Chak No 74 Thikriwala Faisalabad-Z1,189.0,CII-2321_Chak No 74 Thikriwala Faisalabad-Z1,FAISALABAD_CLUSTER_03_Rural,100%,0.0,38.0,1.0,75.0,0.0,391.0,66.0,68.0,0.0,37.0,2.3236,1.0,15164.0,15482.0,15434.0,15482.0,0.0,0.0,391.0,376.0,2.3236,100.0,78.0,83.0,0.0,376.0,38.0,38.0,0.0,0.2768,6.5304,0.124,0.0185,0.0,0.0,6.5304,0.124,0.0185,0.0,0.0,2.3236,1.0
2021-04-01,20:00,HFSDBSC07,22321.0,CII-2321-2_Chak No 74 Thikriwala Faisalabad-Z1,188.0,CII-2321_Chak No 74 Thikriwala Faisalabad-Z1,FAISALABAD_CLUSTER_03_Rural,100%,0.0,157.0,1.0,278.0,0.0,459.0,234.0,246.0,0.0,123.0,4.8056,1.0,28194.0,28396.0,28214.0,28396.0,0.0,2.0,459.0,453.0,4.8056,100.0,247.0,249.0,0.0,453.0,155.0,157.0,0.6472,2.5885,3.0352,0.4251,0.069,0.0201,0.0029,3.0352,0.4251,0.069,0.0201,0.0029,4.8056,1.0
2021-04-01,20:00,HFSDBSC07,12321.0,CII-2321-1_Chak No 74 Thikriwala Faisalabad-Z1,187.0,CII-2321_Chak No 74 Thikriwala Faisalabad-Z1,FAISALABAD_CLUSTER_03_Rural,100%,0.0,122.0,1.0,214.0,0.0,918.0,181.0,186.0,0.0,92.0,5.5139,1.0,35678.0,35920.0,35856.0,35920.0,0.0,0.0,918.0,900.0,5.5139,100.0,300.0,306.0,0.0,900.0,122.0,122.0,0.0,0.0,4.1549,0.0244,0.0,0.0,0.0,4.1549,0.0244,0.0,0.0,0.0,5.5139,1.0
2021-04-01,20:00,HFSDBSC07,32181.0,CII-2181-3_Chak No 440 GB Faisalabad-Z2 (3G-CII-4723),178.0,CII-2181_Chak No 440 GB Faisalabad-Z2 (3G-CII-4723),FAISALABAD_CLUSTER_03_Rural,100%,0.0,53.0,0.0,122.0,0.0,384.0,132.0,134.0,0.0,70.0,3.5389,0.0,22322.0,23432.0,23338.0,23432.0,3.0,4.0,384.0,366.0,3.5389,100.0,111.0,116.0,3.0,366.0,52.0,53.0,0.0917,0.5194,8.224,0.4587,0.0373,0.0027,0.0053,8.224,0.4587,0.0373,0.0027,0.0053,3.5389,0.0
2021-04-01,20:00,HFSDBSC07,22181.0,CII-2181-2_Chak No 440 GB Faisalabad-Z2 (3G-CII-4723),177.0,CII-2181_Chak No 440 GB Faisalabad-Z2 (3G-CII-4723),FAISALABAD_CLUSTER_03_Rural,100%,0.0,57.0,4.0,95.0,0.0,282.0,69.0,71.0,0.0,39.0,2.05,4.0,11324.0,12652.0,12620.0,12652.0,1.0,2.0,282.0,253.0,2.05,100.0,113.0,134.0,1.0,253.0,56.0,57.0,0.0,0.7162,8.616,0.6267,0.0667,0.0,0.0,8.616,0.6267,0.0667,0.0,0.0,2.05,4.0
2021-04-01,20:00,HFSDBSC07,12181.0,CII-2181-1_Chak No 440 GB Faisalabad-Z2 (3G-CII-4723),176.0,CII-2181_Chak No 440 GB Faisalabad-Z2 (3G-CII-4723),FAISALABAD_CLUSTER_03_Rural,100%,0.0,49.0,1.0,51.0,0.0,270.0,7.0,8.0,0.0,3.0,3.5472,1.0,23254.0,24764.0,24588.0,24764.0,0.0,1.0,270.0,266.0,3.5472,100.0,117.0,118.0,0.0,266.0,48.0,49.0,0.0497,0.1989,9.7947,0.9067,0.016,0.0053,0.0,9.7947,0.9067,0.016,0.0053,0.0,3.5472,1.0
2021-04-01,20:00,HFSDBSC07,32190.0,CII-2190-3_Chak No 78 GB Jawddi Faisalabad-Z2,175.0,CII-2190_Chak No 78 GB Jawddi Faisalabad-Z2,FAISALABAD_CLUSTER_03_Rural,100%,0.0,49.0,1.0,109.0,0.0,185.0,123.0,127.0,0.0,62.0,2.5097,1.0,15268.0,16094.0,15976.0,16094.0,0.0,0.0,185.0,181.0,2.5097,100.0,111.0,111.0,0.0,181.0,49.0,49.0,0.0,0.0,7.1809,0.0372,0.0,0.0,0.0,7.1809,0.0372,0.0,0.0,0.0,2.5097,1.0
2021-04-01,20:00,HFSDBSC07,22190.0,CII-2190-2_Chak No 78 GB Jawddi Faisalabad-Z2,174.0,CII-2190_Chak No 78 GB Jawddi Faisalabad-Z2,FAISALABAD_CLUSTER_03_Rural,100%,0.0,33.0,1.0,45.0,0.0,142.0,17.0,24.0,0.0,15.0,1.2917,1.0,7728.0,8150.0,8086.0,8150.0,0.0,1.0,142.0,141.0,1.2917,100.0,82.0,82.0,0.0,141.0,32.0,33.0,0.7074,3.0658,4.7264,0.7394,0.133,0.0319,0.008,4.7264,0.7394,0.133,0.0319,0.008,1.2917,1.0
2021-04-01,20:00,HFSDBSC07,12190.0,CII-2190-1_Chak No 78 GB Jawddi Faisalabad-Z2,173.0,CII-2190_Chak No 78 GB Jawddi Faisalabad-Z2,FAISALABAD_CLUSTER_03_Rural,100%,0.0,47.0,1.0,69.0,0.0,208.0,41.0,42.0,0.0,22.0,1.3903,1.0,7850.0,8210.0,8036.0,8210.0,0.0,0.0,208.0,205.0,1.3903,100.0,95.0,96.0,0.0,205.0,47.0,47.0,0.0,0.158,8.3756,0.0266,0.0133,0.0,0.0,8.3756,0.0266,0.0133,0.0,0.0,1.3903,1.0
2021-04-01,20:00,HFSDBSC07,32191.0,CII-2191-3_Chak No 247 Faisalabad-Z1,169.0,CII-2191_Chak No 247 Faisalabad-Z1,FAISALABAD_CLUSTER_03_Rural,100%,0.0,54.0,1.0,83.0,0.0,201.0,52.0,52.0,0.0,29.0,1.9346,1.0,12486.0,12584.0,12572.0,12584.0,0.0,0.0,201.0,198.0,1.9346,100.0,95.0,98.0,0.0,198.0,54.0,54.0,0.0,0.0163,16.1942,0.11699999999999999,0.0027,0.0,0.0,16.1942,0.11699999999999999,0.0027,0.0,0.0,1.9346,1.0
2021-04-01,20:00,HFSDBSC07,22191.0,CII-2191-2_Chak No 247 Faisalabad-Z1,168.0,CII-2191_Chak No 247 Faisalabad-Z1,FAISALABAD_CLUSTER_03_Rural,100%,0.0,4.0,0.0,10.0,0.0,86.0,12.0,12.0,0.0,6.0,0.6412,0.0,4618.0,4622.0,4622.0,4622.0,0.0,0.0,86.0,86.0,0.6412,100.0,20.0,20.0,0.0,86.0,4.0,4.0,0.025,1.102,10.0027,0.5,0.1144,0.0027,0.0,10.0027,0.5,0.1144,0.0027,0.0,0.6412,0.0
2021-04-01,20:00,HFSDBSC07,12191.0,CII-2191-1_Chak No 247 Faisalabad-Z1,167.0,CII-2191_Chak No 247 Faisalabad-Z1,FAISALABAD_CLUSTER_03_Rural,100%,0.0,67.0,0.0,108.0,0.0,658.0,80.0,84.0,0.0,42.0,3.1822,0.0,20270.0,20366.0,20036.0,20366.0,0.0,0.0,658.0,647.0,3.1822,100.0,124.0,126.0,0.0,647.0,67.0,67.0,1.3426,7.5295,12.3431,5.4255,1.1888,0.2181,0.0399,12.3431,5.4255,1.1888,0.2181,0.0399,3.1822,0.0
2021-04-01,20:00,HFSDBSC07,32185.0,CII-2185-3_Chak No 429 Faisalabad-Z2,166.0,CII-2185_Chak No 429 Faisalabad-Z2,FAISALABAD_CLUSTER_03_Rural,100%,0.0,41.0,0.0,92.0,0.0,487.0,105.0,110.0,0.0,53.0,1.2556,0.0,6944.0,6984.0,6970.0,6984.0,0.0,0.0,487.0,476.0,1.2556,100.0,203.0,214.0,0.0,476.0,41.0,41.0,0.0,0.0,6.4670000000000005,0.028999999999999998,0.0,0.0,0.0,6.4670000000000005,0.028999999999999998,0.0,0.0,0.0,1.2556,0.0
2021-04-01,20:00,HFSDBSC07,22185.0,CII-2185-2_Chak No 429 Faisalabad-Z2,165.0,CII-2185_Chak No 429 Faisalabad-Z2,FAISALABAD_CLUSTER_03_Rural,100%,0.0,40.0,0.0,77.0,0.0,166.0,67.0,72.0,0.0,37.0,2.5,0.0,15284.0,15976.0,15946.0,15976.0,0.0,0.0,166.0,162.0,2.5,100.0,59.0,59.0,0.0,162.0,40.0,40.0,0.0,0.0,7.247999999999999,0.0,0.0,0.0,0.0,7.247999999999999,0.0,0.0,0.0,0.0,2.5,0.0
2021-04-01,20:00,HFSDBSC07,12185.0,CII-2185-1_Chak No 429 Faisalabad-Z2,164.0,CII-2185_Chak No 429 Faisalabad-Z2,FAISALABAD_CLUSTER_03_Rural,100%,0.0,100.0,2.0,191.0,0.0,678.0,186.0,192.0,0.0,90.0,4.2139,2.0,25506.0,26302.0,25240.0,26302.0,0.0,0.0,678.0,647.0,4.2139,100.0,197.0,214.0,0.0,647.0,100.0,100.0,0.1379,0.3901,10.7601,0.9279,0.0296,0.0027,0.0135,10.7601,0.9279,0.0296,0.0027,0.0135,4.2139,2.0
2021-04-01,20:00,HFSDBSC07,35353.0,35353_Darbar Wali Gali Faisalabad-Z2 (3G-CII-4663),156.0,5353_Darbar Wali Gali Faisalabad-Z2 (3G-CII-4663),FAISALABAD_CLUSTER_03_Rural,100%,0.0,45.0,0.0,82.0,0.0,968.0,73.0,82.0,0.0,41.0,2.2611,0.0,14162.0,14556.0,14416.0,14556.0,1.0,3.0,968.0,952.0,2.2611,100.0,109.0,111.0,1.0,952.0,43.0,45.0,0.0,0.1475,10.784,0.0507,0.016,0.0,0.0,10.784,0.0507,0.016,0.0,0.0,2.2611,0.0
2021-04-01,20:00,HFSDBSC07,16833.0,16833_Airport (Micro) Faisalabad-Z2,15.0,6833_Airport (Micro) Faisalabad-Z2,FAISALABAD_CLUSTER_03_Rural,100%,0.0,7.0,0.0,13.0,0.0,158.0,11.0,11.0,0.0,6.0,0.4014,0.0,2630.0,2630.0,2630.0,2630.0,0.0,0.0,158.0,158.0,0.4014,100.0,8.0,8.0,0.0,158.0,7.0,7.0,0.0,0.0,10.5279,0.0,0.0,0.0,0.0,10.5279,0.0,0.0,0.0,0.0,0.4014,0.0
2021-04-01,20:00,HFSDBSC07,25353.0,25353_Darbar Wali Gali Faisalabad-Z2 (3G-CII-4663),149.0,5353_Darbar Wali Gali Faisalabad-Z2 (3G-CII-4663),FAISALABAD_CLUSTER_03_Rural,100%,0.0,96.0,1.0,211.0,0.0,1314.0,224.0,230.0,0.0,119.0,3.7444,1.0,22306.0,22702.0,22666.0,22702.0,1.0,8.0,1314.0,1301.0,3.7444,100.0,228.0,233.0,1.0,1301.0,89.0,96.0,0.0,0.1171,15.8011,0.1577,0.0187,0.0,0.0,15.8011,0.1577,0.0187,0.0,0.0,3.7444,1.0
2021-04-01,20:00,HFSDBSC07,15353.0,15353_Darbar Wali Gali Faisalabad-Z2 (3G-CII-4663),148.0,5353_Darbar Wali Gali Faisalabad-Z2 (3G-CII-4663),FAISALABAD_CLUSTER_03_Rural,100%,0.0,112.0,6.0,144.0,0.0,791.0,62.0,65.0,0.0,32.0,3.725,6.0,20524.0,23296.0,22928.0,23296.0,0.0,2.0,791.0,778.0,3.725,100.0,220.0,224.0,0.0,778.0,110.0,112.0,0.0,0.0229,11.6114,0.0374,0.0027,0.0,0.0,11.6114,0.0374,0.0027,0.0,0.0,3.725,6.0
2021-04-01,20:00,HFSDBSC07,34751.0,34751_Chak No 232 Faisalabad-Z2 (3G-CII-4612),144.0,4751_Chak No 232 Faisalabad-Z2 (3G-CII-4612),FAISALABAD_CLUSTER_03_Rural,100%,0.0,83.0,0.0,91.0,0.0,629.0,25.0,26.0,0.0,10.0,2.7014,0.0,17552.0,18062.0,18062.0,18062.0,0.0,2.0,629.0,592.0,2.7014,100.0,155.0,174.0,0.0,592.0,81.0,83.0,0.0,0.0,7.0396,0.016,0.0,0.0,0.0,7.0396,0.016,0.0,0.0,0.0,2.7014,0.0
2021-04-01,20:00,HFSDBSC07,24751.0,24751_Chak No 232 Faisalabad-Z2 (3G-CII-4612),143.0,4751_Chak No 232 Faisalabad-Z2 (3G-CII-4612),FAISALABAD_CLUSTER_03_Rural,100%,0.0,205.0,2.0,234.0,0.0,772.0,58.0,61.0,0.0,32.0,7.4097,2.0,43904.0,45188.0,45122.0,45188.0,0.0,2.0,772.0,757.0,7.4097,100.0,445.0,445.0,0.0,757.0,203.0,205.0,0.4005,0.5674,15.7011,0.3132,0.0269,0.0565,0.0081,15.7011,0.3132,0.0269,0.0565,0.0081,7.4097,2.0
2021-04-01,20:00,HFSDBSC07,14751.0,14751_Chak No 232 Faisalabad-Z2 (3G-CII-4612),142.0,4751_Chak No 232 Faisalabad-Z2 (3G-CII-4612),FAISALABAD_CLUSTER_03_Rural,100%,0.0,4.0,2.0,7.0,0.0,53.0,5.0,6.0,0.0,3.0,0.1347,2.0,46.0,758.0,756.0,758.0,0.0,0.0,53.0,51.0,0.1347,100.0,29.0,29.0,0.0,51.0,4.0,4.0,0.0,0.0,11.5765,0.0559,0.0,0.0,0.0,11.5765,0.0559,0.0,0.0,0.0,0.1347,2.0
2021-04-01,20:00,HFSDBSC07,34931.0,34931_Chak No 64 GB Faisalabad-Z1,141.0,4931_Chak No 64 GB Faisalabad-Z1,FAISALABAD_CLUSTER_03_Rural,100%,0.0,63.0,0.0,84.0,0.0,404.0,54.0,58.0,0.0,23.0,1.2056,0.0,6004.0,6214.0,6206.0,6214.0,3.0,4.0,404.0,378.0,1.2056,100.0,120.0,124.0,3.0,378.0,62.0,63.0,0.1211,0.5188,15.1231,0.1782,0.0612,0.0186,0.0,15.1231,0.1782,0.0612,0.0186,0.0,1.2056,0.0
2021-04-01,20:00,HFSDBSC07,24931.0,24931_Chak No 64 GB Faisalabad-Z1,140.0,4931_Chak No 64 GB Faisalabad-Z1,FAISALABAD_CLUSTER_03_Rural,100%,0.0,112.0,3.0,197.0,0.0,458.0,144.0,155.0,0.0,88.0,5.9042,3.0,38868.0,39206.0,39170.0,39206.0,1.0,2.0,458.0,445.0,5.9042,100.0,236.0,237.0,1.0,445.0,111.0,112.0,0.0196,1.0272,13.030999999999999,0.5704,0.1385,0.0,0.0027,13.030999999999999,0.5704,0.1385,0.0,0.0027,5.9042,3.0
2021-04-01,20:00,HFSDBSC07,14931.0,14931_Chak No 64 GB Faisalabad-Z1,139.0,4931_Chak No 64 GB Faisalabad-Z1,FAISALABAD_CLUSTER_03_Rural,100%,0.0,29.0,1.0,102.0,0.0,938.0,123.0,128.0,0.0,73.0,2.5653,1.0,17018.0,17144.0,17028.0,17144.0,0.0,0.0,938.0,905.0,2.5653,100.0,78.0,84.0,0.0,905.0,29.0,29.0,0.8076,2.0054,18.2606,1.1037,0.2367,0.0824,0.0771,18.2606,1.1037,0.2367,0.0824,0.0771,2.5653,1.0
2021-04-01,20:00,HFSDBSC07,35376.0,35376_Mazbi Wala Faisalabad-Z2,135.0,5376_Mazbi Wala Faisalabad-Z2,FAISALABAD_CLUSTER_03_Rural,100%,0.0,51.0,4.0,94.0,0.0,322.0,76.0,81.0,0.0,44.0,1.6569,4.0,10022.0,10196.0,10174.0,10196.0,0.0,0.0,322.0,320.0,1.6569,100.0,80.0,81.0,0.0,320.0,51.0,51.0,0.0371,0.2598,7.0669,0.115,0.016,0.0027,0.0,7.0669,0.115,0.016,0.0027,0.0,1.6569,4.0
2021-04-01,20:00,HFSDBSC07,25376.0,25376_Mazbi Wala Faisalabad-Z2,134.0,5376_Mazbi Wala Faisalabad-Z2,FAISALABAD_CLUSTER_03_Rural,100%,0.0,34.0,0.0,53.0,0.0,261.0,43.0,45.0,0.0,19.0,1.1542,0.0,7212.0,7296.0,7282.0,7296.0,0.0,0.0,261.0,256.0,1.1542,100.0,77.0,78.0,0.0,256.0,34.0,34.0,0.0,0.025,10.5348,0.1631,0.0027,0.0,0.0,10.5348,0.1631,0.0027,0.0,0.0,1.1542,0.0
2021-04-01,20:00,HFSDBSC07,15376.0,15376_Mazbi Wala Faisalabad-Z2,133.0,5376_Mazbi Wala Faisalabad-Z2,FAISALABAD_CLUSTER_03_Rural,100%,0.0,95.0,0.0,118.0,0.0,402.0,38.0,38.0,0.0,23.0,2.8847,0.0,17864.0,18024.0,18020.0,18024.0,0.0,0.0,402.0,401.0,2.8847,100.0,234.0,236.0,0.0,401.0,95.0,95.0,0.0,0.1196,8.8155,0.12300000000000001,0.0107,0.0,0.0,8.8155,0.12300000000000001,0.0107,0.0,0.0,2.8847,0.0
2021-04-01,20:00,HFSDBSC06,35751.0,35751_Sitara Colony Faisalabad-Z1 (3G-CII-4503),130.0,5751_Sitara Colony Faisalabad-Z1 (3G-CII-4503),FAISALABAD_CLUSTER_03_Rural,100%,0.0,86.0,1.0,127.0,0.0,1316.0,66.0,74.0,0.0,42.0,3.4806,1.0,22654.0,22722.0,22702.0,22722.0,1.0,1.0,1316.0,1289.0,3.4806,100.0,225.0,229.0,1.0,1289.0,86.0,86.0,0.0493,2.1024,13.8619,1.9721,0.3321,0.008,0.0,13.8619,1.9721,0.3321,0.008,0.0,3.4806,1.0
2021-04-01,20:00,HFSDBSC06,25751.0,25751_Sitara Colony Faisalabad-Z1 (3G-CII-4503),129.0,5751_Sitara Colony Faisalabad-Z1 (3G-CII-4503),FAISALABAD_CLUSTER_03_Rural,100%,0.0,90.0,1.0,165.0,0.0,606.0,150.0,152.0,0.0,76.0,5.0625,1.0,33686.0,33724.0,33566.0,33724.0,1.0,1.0,606.0,601.0,5.0625,100.0,166.0,169.0,1.0,601.0,90.0,90.0,0.027000000000000003,0.2026,15.9494,3.7604,0.0347,0.0053,0.0,15.9494,3.7604,0.0347,0.0053,0.0,5.0625,1.0
2021-04-01,20:00,HFSDBSC06,15751.0,15751_Sitara Colony Faisalabad-Z1 (3G-CII-4503),107.0,5751_Sitara Colony Faisalabad-Z1 (3G-CII-4503),FAISALABAD_CLUSTER_03_Rural,100%,0.0,96.0,0.0,166.0,0.0,917.0,157.0,166.0,0.0,74.0,3.7028,0.0,23554.0,23614.0,23584.0,23614.0,0.0,0.0,917.0,900.0,3.7028,100.0,203.0,207.0,0.0,900.0,96.0,96.0,0.0923,6.5263,0.0026,18.7532,1.291,0.0079,0.0106,0.0026,18.7532,1.291,0.0079,0.0106,3.7028,0.0
2021-04-01,20:00,HFSDBSC06,32740.0,CII-2740-3_Chak 225 RB Malkhanwala Faisalabad-Z1 (3G-CII-2058),181.0,CII-2740_Chak 225 RB Malkhanwala Faisalabad-Z1 (3G-CII-2058),FAISALABAD_CLUSTER_03_Rural,100%,0.0,39.0,2.0,46.0,0.0,282.0,14.0,14.0,0.0,7.0,2.4236,2.0,15202.0,16298.0,15868.0,16298.0,0.0,0.0,282.0,260.0,2.4236,100.0,55.0,55.0,0.0,260.0,39.0,39.0,0.4391,1.3724,36.505,1.7686,0.3622,0.1252,0.0453,36.505,1.7686,0.3622,0.1252,0.0453,2.4236,2.0
2021-04-01,20:00,HFSDBSC06,22740.0,CII-2740-2_Chak 225 RB Malkhanwala Faisalabad-Z1 (3G-CII-2058),180.0,CII-2740_Chak 225 RB Malkhanwala Faisalabad-Z1 (3G-CII-2058),FAISALABAD_CLUSTER_03_Rural,100%,0.0,61.0,0.0,112.0,0.0,429.0,114.0,119.0,0.0,53.0,2.5611,0.0,16360.0,16536.0,16508.0,16536.0,0.0,1.0,429.0,417.0,2.5611,100.0,100.0,104.0,0.0,417.0,60.0,61.0,0.2761,1.4602,33.5186,2.5559,0.4335,0.0745,0.0266,33.5186,2.5559,0.4335,0.0745,0.0266,2.5611,0.0
2021-04-01,20:00,HFSDBSC06,12740.0,CII-2740-1_Chak 225 RB Malkhanwala Faisalabad-Z1 (3G-CII-2058),179.0,CII-2740_Chak 225 RB Malkhanwala Faisalabad-Z1 (3G-CII-2058),FAISALABAD_CLUSTER_03_Rural,100%,0.0,56.0,0.0,103.0,0.0,200.0,97.0,98.0,0.0,47.0,3.4681,0.0,22834.0,22946.0,22852.0,22946.0,0.0,0.0,200.0,199.0,3.4681,100.0,89.0,90.0,0.0,199.0,56.0,56.0,1.192,5.6861,24.6828,11.9317,1.7447,0.2713,0.1915,24.6828,11.9317,1.7447,0.2713,0.1915,3.4681,0.0
