Date,Time,GBSC,Cell CI,Cell Name,CellIndex,Site Name,Location,Integrity,_CallSetup TCH GOS(%)_N,_CallSetup TCH GOS(%)_D,_DCR_N,_DCR_D,_GOS-SDCCH(%)_N,_GOS-SDCCH(%)_D,_HSR%_N,_HSR%_D,_Mobility TCH GOS(%)_N,_Mobility TCH GOS(%)_D,_MTBD (Mean Time between Drop)_N,_MTBD (Mean Time between Drop)_D,_RxQual Index DL_1,_RxQual Index DL_2,_RxQual Index UL_1,_RxQual Index UL_2,CSSR_Non Blocking_1_N,CSSR_Non Blocking_2_N,CSSR_Non Blocking_1_D,CSSR_Non Blocking_2_D,GlobelTraffic,TCH Availability Rate,_cssr_Call Setup Indications (Circuit Service)_N_1,_Cssr_Channel Requests (Circuit Service)_D_1,_CSSR_Call Drops on SDCCH_N_2,_CSSR_Successful SDCCH Seizures_D_2,_CSSR_Successful TCH Seizures (Traffic Channel)_N_3,_CSSR_TCH Seizure Requests (Traffic Channel)_D_3,Interference Band Proportion (4~5)(%),Interference Band 345,Mean Number of TCH in Interference Band 1,Mean Number of TCH in Interference Band 2,Mean Number of TCH in Interference Band 3,Mean Number of TCH in Interference Band 4,Mean Number of TCH in Interference Band 5,Mean Number of TCH in Interference Band 1.1,Mean Number of TCH in Interference Band 2.1,Mean Number of TCH in Interference Band 3.1,Mean Number of TCH in Interference Band 4.1,Mean Number of TCH in Interference Band 5.1,K3014:Traffic Volume on TCH(Erl),CM33:Call Drops on Traffic Channel
2021-04-01,19:00,HLHRBSC13,23051.0,23051_Neelam Block Samanbad (Gold) Lahore-Z2 (3G-CI-4204),99.0,3051_Neelam Block Samanbad (Gold) Lahore-Z2 (3G-CI-4204),LAHORE_CLUSTER_11_Urban,100%,0.0,45.0,0.0,126.0,0.0,296.0,153.0,158.0,0.0,83.0,1.4861,0.0,8588.0,8648.0,8376.0,8648.0,0.0,1.0,296.0,288.0,1.4861,100.0,100.0,107.0,0.0,288.0,44.0,45.0,0.0,0.0226,11.4405,0.3626,0.0027,0.0,0.0,11.4405,0.3626,0.0027,0.0,0.0,1.4861,0.0
2021-04-01,19:00,HLHRBSC13,13051.0,13051_Neelam Block Samanbad (Gold) Lahore-Z2 (3G-CI-4204),98.0,3051_Neelam Block Samanbad (Gold) Lahore-Z2 (3G-CI-4204),LAHORE_CLUSTER_11_Urban,100%,0.0,167.0,1.0,319.0,0.0,927.0,297.0,303.0,0.0,151.0,5.2528,1.0,30244.0,30430.0,30070.0,30430.0,0.0,0.0,927.0,888.0,5.2528,100.0,493.0,512.0,0.0,888.0,167.0,167.0,0.0253,2.2064,0.0,10.3209,0.2302,0.0027,0.0,0.0,10.3209,0.2302,0.0027,0.0,5.2528,1.0
2021-04-01,19:00,HLHRBSC13,37288.0,37288_Chowk Yateem Khana Lahore-Z2 (3G-CI-4442),97.0,7288_Chowk Yateem Khana Lahore-Z2 (3G-CI-4442),LAHORE_CLUSTER_11_Urban,100%,0.0,137.0,2.0,251.0,0.0,876.0,223.0,223.0,0.0,114.0,4.2597,2.0,25456.0,25652.0,25268.0,25652.0,7.0,7.0,876.0,813.0,4.2597,100.0,349.0,360.0,7.0,813.0,137.0,137.0,0.1628,7.9584,0.0187,12.0722,1.0241,0.0107,0.0107,0.0187,12.0722,1.0241,0.0107,0.0107,4.2597,2.0
2021-04-01,19:00,HLHRBSC13,27288.0,27288_Chowk Yateem Khana Lahore-Z2 (3G-CI-4442),96.0,7288_Chowk Yateem Khana Lahore-Z2 (3G-CI-4442),LAHORE_CLUSTER_11_Urban,100%,0.0,94.0,1.0,174.0,0.0,1073.0,176.0,177.0,0.0,80.0,1.4125,1.0,6156.0,6280.0,6264.0,6280.0,2.0,2.0,1073.0,1066.0,1.4125,100.0,234.0,237.0,2.0,1066.0,94.0,94.0,0.3573,1.0593,19.4174,0.5208,0.1415,0.048,0.024,19.4174,0.5208,0.1415,0.048,0.024,1.4125,1.0
2021-04-01,19:00,HLHRBSC13,17288.0,17288_Chowk Yateem Khana Lahore-Z2 (3G-CI-4442),95.0,7288_Chowk Yateem Khana Lahore-Z2 (3G-CI-4442),LAHORE_CLUSTER_11_Urban,100%,0.0,168.0,2.0,385.0,0.0,615.0,441.0,447.0,0.0,218.0,5.3833,2.0,31472.0,31752.0,30662.0,31752.0,0.0,0.0,615.0,607.0,5.3833,100.0,429.0,434.0,0.0,607.0,168.0,168.0,0.531,4.615,12.0613,8.056000000000001,0.8613,0.0853,0.0267,12.0613,8.056000000000001,0.8613,0.0853,0.0267,5.3833,2.0
2021-04-01,19:00,HLHRBSC13,17206.0,17206_Pakki Thathi Lahore-Z2 (3G-CI-4396),94.0,7206_Pakki Thathi Lahore-Z2 (3G-CI-4396),LAHORE_CLUSTER_11_Urban,100%,0.0,52.0,0.0,146.0,0.0,270.0,184.0,185.0,0.0,94.0,1.6639,0.0,9334.0,9392.0,9382.0,9392.0,0.0,0.0,270.0,268.0,1.6639,100.0,122.0,124.0,0.0,268.0,52.0,52.0,0.0206,0.226,12.616,0.336,0.0267,0.0027,0.0,12.616,0.336,0.0267,0.0027,0.0,1.6639,0.0
2021-04-01,19:00,HLHRBSC13,37080.0,37080_Shah Noor Studios Lahore-Z2 (3G-CI-1642),93.0,7080_Shah Noor Studios Lahore-Z2 (3G-CI-1642),LAHORE_CLUSTER_11_Urban,100%,0.0,56.0,0.0,170.0,0.0,199.0,220.0,220.0,0.0,115.0,1.2472,0.0,6542.0,6564.0,6564.0,6564.0,0.0,1.0,199.0,199.0,1.2472,100.0,118.0,118.0,0.0,199.0,55.0,56.0,0.1178,0.5891,10.584000000000001,0.664,0.0533,0.008,0.0053,10.584000000000001,0.664,0.0533,0.008,0.0053,1.2472,0.0
2021-04-01,19:00,HLHRBSC13,27080.0,27080_Shah Noor Studios Lahore-Z2 (3G-CI-1642),92.0,7080_Shah Noor Studios Lahore-Z2 (3G-CI-1642),LAHORE_CLUSTER_11_Urban,100%,0.0,37.0,0.0,115.0,0.0,198.0,144.0,147.0,0.0,78.0,2.6306,0.0,17026.0,17026.0,17026.0,17026.0,0.0,0.0,198.0,198.0,2.6306,100.0,68.0,68.0,0.0,198.0,37.0,37.0,0.1104,0.6182,11.3564,0.617,0.0612,0.008,0.0053,11.3564,0.617,0.0612,0.008,0.0053,2.6306,0.0
2021-04-01,19:00,HLHRBSC13,13029.0,13029_Samanabad (Gold) Lahore-Z2 (3G-CI-4192),91.0,3029_Samanabad (Gold) Lahore-Z2 (3G-CI-4192),LAHORE_CLUSTER_11_Urban,100%,0.0,103.0,0.0,178.0,0.0,315.0,143.0,149.0,0.0,79.0,1.9542,0.0,9822.0,9852.0,9756.0,9852.0,4.0,5.0,315.0,303.0,1.9542,100.0,198.0,201.0,4.0,303.0,102.0,103.0,0.0162,31.7493,10.3059,0.9123,5.2159,0.0027,0.0,10.3059,0.9123,5.2159,0.0027,0.0,1.9542,0.0
2021-04-01,19:00,HLHRBSC13,23029.0,23029_Samanabad (Gold) Lahore-Z2 (3G-CI-4192),90.0,3029_Samanabad (Gold) Lahore-Z2 (3G-CI-4192),LAHORE_CLUSTER_11_Urban,100%,0.0,97.0,1.0,163.0,0.0,631.0,123.0,126.0,0.0,68.0,3.3153,1.0,20178.0,20282.0,20268.0,20282.0,16.0,17.0,631.0,629.0,3.3153,100.0,274.0,275.0,16.0,629.0,96.0,97.0,0.0,0.053,29.8585,0.3709,0.016,0.0,0.0,29.8585,0.3709,0.016,0.0,0.0,3.3153,1.0
2021-04-01,19:00,HLHRBSC13,27183.0,27183_Sherkot Lahore-Z2 (3G-CI-1655),9.0,7183_Sherkot Lahore-Z2 (3G-CI-1655),LAHORE_CLUSTER_11_Urban,100%,0.0,67.0,0.0,151.0,0.0,290.0,181.0,181.0,0.0,84.0,2.2681,0.0,14086.0,14286.0,14218.0,14286.0,0.0,0.0,290.0,288.0,2.2681,100.0,217.0,217.0,0.0,288.0,67.0,67.0,0.0,0.0894,11.7369,0.165,0.0107,0.0,0.0,11.7369,0.165,0.0107,0.0,0.0,2.2681,0.0
2021-04-01,19:00,HLHRBSC13,33029.0,33029_Samanabad (Gold) Lahore-Z2 (3G-CI-4192),89.0,3029_Samanabad (Gold) Lahore-Z2 (3G-CI-4192),LAHORE_CLUSTER_11_Urban,100%,0.0,218.0,0.0,452.0,0.0,621.0,490.0,498.0,0.0,238.0,4.5542,0.0,23180.0,23288.0,22916.0,23288.0,0.0,0.0,621.0,614.0,4.5542,100.0,437.0,437.0,0.0,614.0,218.0,218.0,0.033,0.1846,39.5609,0.7316,0.0612,0.0133,0.0,39.5609,0.7316,0.0612,0.0133,0.0,4.5542,0.0
2021-04-01,19:00,HLHRBSC13,13052.0,13052_Sabzazar Lahore-Z2 (3G-CI-4205),88.0,3052_Sabzazar Lahore-Z2 (3G-CI-4205),LAHORE_CLUSTER_11_Urban,100%,0.0,94.0,0.0,169.0,0.0,1016.0,158.0,162.0,0.0,75.0,1.4472,0.0,7606.0,7606.0,7548.0,7606.0,9.0,9.0,1016.0,930.0,1.4472,100.0,146.0,154.0,9.0,930.0,94.0,94.0,0.6839,2.6217,0.504,13.1653,0.272,0.07200000000000001,0.024,0.504,13.1653,0.272,0.07200000000000001,0.024,1.4472,0.0
2021-04-01,19:00,HLHRBSC13,23052.0,23052_Sabzazar Lahore-Z2 (3G-CI-4205),87.0,3052_Sabzazar Lahore-Z2 (3G-CI-4205),LAHORE_CLUSTER_11_Urban,100%,0.0,134.0,0.0,216.0,0.0,549.0,181.0,181.0,0.0,83.0,2.5139,0.0,13444.0,13734.0,13576.0,13734.0,0.0,1.0,549.0,541.0,2.5139,100.0,261.0,267.0,0.0,541.0,133.0,134.0,0.0459,0.3212,11.3533,0.2322,0.032,0.0053,0.0,11.3533,0.2322,0.032,0.0053,0.0,2.5139,0.0
2021-04-01,19:00,HLHRBSC13,33052.0,33052_Sabzazar Lahore-Z2 (3G-CI-4205),86.0,3052_Sabzazar Lahore-Z2 (3G-CI-4205),LAHORE_CLUSTER_11_Urban,100%,0.0,38.0,0.0,99.0,0.0,557.0,119.0,123.0,0.0,62.0,1.6458,0.0,10082.0,10082.0,10078.0,10082.0,8.0,8.0,557.0,496.0,1.6458,100.0,80.0,88.0,8.0,496.0,38.0,38.0,0.2378,99.6826,0.0,0.0321,10.0485,0.0187,0.0053,0.0,0.0321,10.0485,0.0187,0.0053,1.6458,0.0
2021-04-01,19:00,HLHRBSC13,31559.0,CI-1559-3_Samnabad (Micro) Lahore-Z0 (3G-CI-1907),82.0,CI-1559_Samnabad (Micro) Lahore-Z0 (3G-CI-1907),LAHORE_CLUSTER_11_Urban,100%,0.0,66.0,0.0,109.0,0.0,247.0,96.0,99.0,0.0,44.0,0.8653,0.0,3992.0,4102.0,4092.0,4102.0,0.0,1.0,247.0,242.0,0.8653,100.0,128.0,128.0,0.0,242.0,65.0,66.0,0.3503,1.4489,14.6427,1.8613,0.184,0.04,0.0187,14.6427,1.8613,0.184,0.04,0.0187,0.8653,0.0
2021-04-01,19:00,HLHRBSC13,21559.0,CI-1559-2_Samnabad (Micro) Lahore-Z0 (3G-CI-1907),81.0,CI-1559_Samnabad (Micro) Lahore-Z0 (3G-CI-1907),LAHORE_CLUSTER_11_Urban,100%,0.0,51.0,0.0,144.0,0.0,190.0,181.0,183.0,0.0,95.0,1.8167,0.0,9878.0,9888.0,9806.0,9888.0,2.0,2.0,190.0,177.0,1.8167,100.0,101.0,101.0,2.0,177.0,51.0,51.0,0.0676,0.2252,11.472000000000001,0.3387,0.0187,0.008,0.0,11.472000000000001,0.3387,0.0187,0.008,0.0,1.8167,0.0
2021-04-01,19:00,HLHRBSC13,11559.0,CI-1559-1_Samnabad (Micro) Lahore-Z0 (3G-CI-1907),80.0,CI-1559_Samnabad (Micro) Lahore-Z0 (3G-CI-1907),LAHORE_CLUSTER_11_Urban,100%,0.0,77.0,0.0,177.0,0.0,346.0,182.0,282.0,0.0,100.0,4.4153,0.0,27226.0,27286.0,27210.0,27286.0,0.0,0.0,346.0,341.0,4.4153,100.0,151.0,156.0,0.0,341.0,77.0,77.0,0.0,48.816,2.1573,4.3512,6.2075,0.0,0.0,2.1573,4.3512,6.2075,0.0,0.0,4.4153,0.0
2021-04-01,19:00,HLHRBSC13,17080.0,17080_Shah Noor Studios Lahore-Z2 (3G-CI-1642),8.0,7080_Shah Noor Studios Lahore-Z2 (3G-CI-1642),LAHORE_CLUSTER_11_Urban,100%,0.0,71.0,0.0,149.0,0.0,194.0,165.0,165.0,0.0,78.0,1.075,0.0,4940.0,4952.0,4946.0,4952.0,0.0,0.0,194.0,189.0,1.075,100.0,125.0,127.0,0.0,189.0,71.0,71.0,0.0834,0.6397,7.1413,2.384,0.0533,0.0027,0.0053,7.1413,2.384,0.0533,0.0027,0.0053,1.075,0.0
2021-04-01,19:00,HLHRBSC13,23024.0,23024_Moon Market (Gold) Lahore-Z2 (3G-CI-4008),79.0,3024_Moon Market (Gold) Lahore-Z2 (3G-CI-4008),LAHORE_CLUSTER_11_Urban,100%,0.0,158.0,1.0,426.0,0.0,706.0,510.0,521.0,1.0,273.0,7.3625,1.0,45060.0,45164.0,45000.0,45164.0,2.0,2.0,706.0,693.0,7.3625,100.0,310.0,313.0,2.0,693.0,158.0,158.0,0.4962,1.3286,12.2949,5.7896,0.1526,0.0241,0.0669,12.2949,5.7896,0.1526,0.0241,0.0669,7.3625,1.0
2021-04-01,19:00,HLHRBSC13,13024.0,13024_Moon Market (Gold) Lahore-Z2 (3G-CI-4008),78.0,3024_Moon Market (Gold) Lahore-Z2 (3G-CI-4008),LAHORE_CLUSTER_11_Urban,100%,0.0,202.0,2.0,361.0,0.0,935.0,323.0,333.0,0.0,159.0,4.2167,2.0,21452.0,21556.0,21500.0,21556.0,5.0,5.0,935.0,907.0,4.2167,100.0,465.0,468.0,5.0,907.0,202.0,202.0,0.1451,0.6612,7.7477,8.7192,0.0856,0.008,0.016,7.7477,8.7192,0.0856,0.008,0.016,4.2167,2.0
2021-04-01,19:00,HLHRBSC13,33024.0,33024_Moon Market (Gold) Lahore-Z2 (3G-CI-4008),77.0,3024_Moon Market (Gold) Lahore-Z2 (3G-CI-4008),LAHORE_CLUSTER_11_Urban,100%,0.0,67.0,0.0,174.0,0.0,194.0,214.0,216.0,0.0,107.0,2.4125,0.0,13946.0,13994.0,13944.0,13994.0,0.0,0.0,194.0,193.0,2.4125,100.0,114.0,115.0,0.0,193.0,67.0,67.0,0.0,0.1826,17.2176,0.3206,0.0321,0.0,0.0,17.2176,0.3206,0.0321,0.0,0.0,2.4125,0.0
2021-04-01,19:00,HLHRBSC13,37185.0,37185_Bakar Mandi Lahore-Z2 (3G-CI-4382),71.0,7185_Bakar Mandi Lahore-Z2 (3G-CI-4382),LAHORE_CLUSTER_11_Urban,100%,0.0,63.0,0.0,173.0,0.0,473.0,214.0,219.0,0.0,110.0,3.3014,0.0,21472.0,21484.0,21482.0,21484.0,0.0,0.0,473.0,472.0,3.3014,100.0,168.0,168.0,0.0,472.0,63.0,63.0,0.0575,0.4028,9.0027,0.2513,0.0321,0.0027,0.0027,9.0027,0.2513,0.0321,0.0027,0.0027,3.3014,0.0
2021-04-01,19:00,HLHRBSC13,27185.0,27185_Bakar Mandi Lahore-Z2 (3G-CI-4382),70.0,7185_Bakar Mandi Lahore-Z2 (3G-CI-4382),LAHORE_CLUSTER_11_Urban,100%,0.0,73.0,0.0,105.0,0.0,219.0,67.0,69.0,0.0,32.0,1.1458,0.0,5854.0,5888.0,5886.0,5888.0,0.0,0.0,219.0,219.0,1.1458,100.0,118.0,118.0,0.0,219.0,73.0,73.0,0.0231,0.2539,11.2888,0.262,0.0267,0.0027,0.0,11.2888,0.262,0.0267,0.0027,0.0,1.1458,0.0
2021-04-01,19:00,HLHRBSC13,17185.0,17185_Bakar Mandi Lahore-Z2 (3G-CI-4382),69.0,7185_Bakar Mandi Lahore-Z2 (3G-CI-4382),LAHORE_CLUSTER_11_Urban,100%,0.0,22.0,0.0,47.0,0.0,31.0,46.0,47.0,0.0,25.0,0.5958,0.0,2842.0,2862.0,2862.0,2862.0,0.0,0.0,31.0,27.0,0.5958,100.0,24.0,27.0,0.0,27.0,22.0,22.0,2.8055,9.6634,2.9519,0.9225,0.2941,0.0882,0.0321,2.9519,0.9225,0.2941,0.0882,0.0321,0.5958,0.0
2021-04-01,19:00,HLHRBSC13,17029.0,17029_Urdu Nagar Road Gulshan Ravi Lahore-Z2 (3G-CI-4299),62.0,7029_Urdu Nagar Road Gulshan Ravi Lahore-Z2 (3G-CI-4299),LAHORE_CLUSTER_11_Urban,100%,0.0,128.0,0.0,199.0,0.0,292.0,164.0,164.0,0.0,71.0,3.2847,0.0,19566.0,19576.0,19550.0,19576.0,0.0,0.0,292.0,287.0,3.2847,100.0,224.0,225.0,0.0,287.0,128.0,128.0,0.0868,0.6506,10.117,2.0665,0.0692,0.008,0.0027,10.117,2.0665,0.0692,0.008,0.0027,3.2847,0.0
2021-04-01,19:00,HLHRBSC13,27029.0,27029_Urdu Nagar Road Gulshan Ravi Lahore-Z2 (3G-CI-4299),61.0,7029_Urdu Nagar Road Gulshan Ravi Lahore-Z2 (3G-CI-4299),LAHORE_CLUSTER_11_Urban,100%,0.0,88.0,0.0,222.0,0.0,229.0,274.0,275.0,0.0,134.0,2.1806,0.0,11298.0,11330.0,11296.0,11330.0,1.0,1.0,229.0,225.0,2.1806,100.0,173.0,177.0,1.0,225.0,88.0,88.0,0.0,0.0436,12.1342,0.0799,0.0053,0.0,0.0,12.1342,0.0799,0.0053,0.0,0.0,2.1806,0.0
2021-04-01,19:00,HLHRBSC13,37029.0,37029_Urdu Nagar Road Gulshan Ravi Lahore-Z2 (3G-CI-4299),60.0,7029_Urdu Nagar Road Gulshan Ravi Lahore-Z2 (3G-CI-4299),LAHORE_CLUSTER_11_Urban,100%,0.0,61.0,0.0,142.0,0.0,261.0,153.0,155.0,0.0,81.0,2.0528,0.0,12278.0,12378.0,12376.0,12378.0,0.0,0.0,261.0,261.0,2.0528,100.0,228.0,228.0,0.0,261.0,61.0,61.0,0.1133,0.4305,11.44,0.2773,0.0373,0.0133,0.0,11.44,0.2773,0.0373,0.0133,0.0,2.0528,0.0
2021-04-01,19:00,HLHRBSC13,37081.0,37081_Block N Samanabad Lahore-Z0 (3G-CI-4327),59.0,7081_Block N Samanabad Lahore-Z0 (3G-CI-4327),LAHORE_CLUSTER_11_Urban,100%,0.0,24.0,0.0,63.0,0.0,69.0,71.0,71.0,0.0,39.0,1.0208,0.0,6428.0,6446.0,6438.0,6446.0,0.0,0.0,69.0,64.0,1.0208,100.0,31.0,36.0,0.0,64.0,24.0,24.0,0.9068,100.0,0.0,0.0,6.7193,0.0374,0.0241,0.0,0.0,6.7193,0.0374,0.0241,1.0208,0.0
2021-04-01,19:00,HLHRBSC13,27073.0,27073_Sodiwal Multan Road Lahore-Z2 (3G-CI-4323),58.0,7073_Sodiwal Multan Road Lahore-Z2 (3G-CI-4323),LAHORE_CLUSTER_11_Urban,100%,0.0,74.0,0.0,155.0,0.0,165.0,159.0,160.0,0.0,81.0,1.8,0.0,9492.0,9590.0,9564.0,9590.0,1.0,1.0,165.0,164.0,1.8,100.0,119.0,120.0,1.0,164.0,74.0,74.0,0.0636,0.4874,12.304,0.2187,0.0533,0.0027,0.0053,12.304,0.2187,0.0533,0.0027,0.0053,1.8,0.0
2021-04-01,19:00,HLHRBSC13,17073.0,17073_Sodiwal Multan Road Lahore-Z2 (3G-CI-4323),57.0,7073_Sodiwal Multan Road Lahore-Z2 (3G-CI-4323),LAHORE_CLUSTER_11_Urban,100%,0.0,114.0,0.0,246.0,0.0,408.0,267.0,272.0,0.0,135.0,3.4417,0.0,20158.0,20168.0,20056.0,20168.0,0.0,0.0,408.0,391.0,3.4417,100.0,277.0,287.0,0.0,391.0,114.0,114.0,0.0754,0.4899,12.2794,1.8223,0.0587,0.0107,0.0,12.2794,1.8223,0.0587,0.0107,0.0,3.4417,0.0
2021-04-01,19:00,HLHRBSC13,37184.0,37184_Chowk Yatim Khana Lahore-Z2 (3G-CI-4381),55.0,7184_Chowk Yatim Khana Lahore-Z2 (3G-CI-4381),LAHORE_CLUSTER_11_Urban,100%,0.0,138.0,0.0,474.0,0.0,401.0,670.0,675.0,0.0,336.0,4.7167,0.0,25944.0,26048.0,25882.0,26048.0,0.0,0.0,401.0,394.0,4.7167,100.0,287.0,287.0,0.0,394.0,138.0,138.0,2.494,7.3158,7.893,2.5401,0.5428,0.1925,0.0882,7.893,2.5401,0.5428,0.1925,0.0882,4.7167,0.0
2021-04-01,19:00,HLHRBSC13,27184.0,27184_Chowk Yatim Khana Lahore-Z2 (3G-CI-4381),54.0,7184_Chowk Yatim Khana Lahore-Z2 (3G-CI-4381),LAHORE_CLUSTER_11_Urban,100%,0.0,203.0,2.0,456.0,0.0,798.0,499.0,506.0,0.0,253.0,6.4667,2.0,37222.0,37810.0,37704.0,37810.0,3.0,3.0,798.0,762.0,6.4667,100.0,437.0,443.0,3.0,762.0,203.0,203.0,0.3383,3.3835,10.3226,7.9999,0.5775,0.0561,0.008,10.3226,7.9999,0.5775,0.0561,0.008,6.4667,2.0
2021-04-01,19:00,HLHRBSC13,17184.0,17184_Chowk Yatim Khana Lahore-Z2 (3G-CI-4381),53.0,7184_Chowk Yatim Khana Lahore-Z2 (3G-CI-4381),LAHORE_CLUSTER_11_Urban,100%,0.0,190.0,1.0,427.0,0.0,656.0,466.0,472.0,0.0,238.0,5.6139,1.0,31464.0,31664.0,31262.0,31664.0,1.0,2.0,656.0,630.0,5.6139,100.0,387.0,401.0,1.0,630.0,189.0,190.0,0.2348,2.8653,9.0294,7.5148,0.44799999999999995,0.0373,0.0027,9.0294,7.5148,0.44799999999999995,0.0373,0.0027,5.6139,1.0
2021-04-01,19:00,HLHRBSC13,37073.0,37073_Sodiwal Multan Road Lahore-Z2 (3G-CI-4323),52.0,7073_Sodiwal Multan Road Lahore-Z2 (3G-CI-4323),LAHORE_CLUSTER_11_Urban,100%,0.0,139.0,3.0,226.0,0.0,326.0,176.0,179.0,0.0,88.0,2.9111,3.0,15910.0,16090.0,16040.0,16090.0,0.0,1.0,326.0,314.0,2.9111,100.0,225.0,235.0,0.0,314.0,138.0,139.0,0.0,0.0172,15.2274,0.3127,0.0027,0.0,0.0,15.2274,0.3127,0.0027,0.0,0.0,2.9111,3.0
2021-04-01,19:00,HLHRBSC13,31648.0,CI-1648-3_Shah Kamal Lahore-Z3 (3G-CI-1892),357.0,CI-1648_Shah Kamal Lahore-Z3 (3G-CI-1892),LAHORE_CLUSTER_11_Urban,100%,0.0,73.0,0.0,149.0,0.0,1370.0,146.0,154.0,0.0,77.0,1.8611,0.0,10366.0,10424.0,10230.0,10424.0,0.0,0.0,1370.0,1360.0,1.8611,100.0,1080.0,1087.0,0.0,1360.0,73.0,73.0,0.0,12.3084,9.7086,0.6925,1.4599,0.0,0.0,9.7086,0.6925,1.4599,0.0,0.0,1.8611,0.0
2021-04-01,19:00,HLHRBSC13,21648.0,CI-1648-2_Shah Kamal Lahore-Z3 (3G-CI-1892),356.0,CI-1648_Shah Kamal Lahore-Z3 (3G-CI-1892),LAHORE_CLUSTER_11_Urban,100%,0.0,47.0,0.0,70.0,0.0,392.0,44.0,45.0,0.0,23.0,0.8944,0.0,4264.0,4264.0,4262.0,4264.0,0.0,0.0,392.0,385.0,0.8944,100.0,187.0,187.0,0.0,385.0,47.0,47.0,0.0446,0.134,11.7707,0.1547,0.0107,0.0053,0.0,11.7707,0.1547,0.0107,0.0053,0.0,0.8944,0.0
2021-04-01,19:00,HLHRBSC13,11648.0,CI-1648-1_Shah Kamal Lahore-Z3 (3G-CI-1892),355.0,CI-1648_Shah Kamal Lahore-Z3 (3G-CI-1892),LAHORE_CLUSTER_11_Urban,100%,0.0,108.0,2.0,167.0,0.0,689.0,108.0,110.0,0.0,60.0,3.9917,2.0,25646.0,25714.0,25698.0,25714.0,0.0,1.0,689.0,685.0,3.9917,100.0,162.0,162.0,0.0,685.0,107.0,108.0,0.0,0.0,9.76,0.008,0.0,0.0,0.0,9.76,0.008,0.0,0.0,0.0,3.9917,2.0
2021-04-01,19:00,HLHRBSC13,21371.0,CI-1371-2_Shaheen Abad Lahore-Z2 (3G-CI-1795),35.0,CI-1371_Shaheen Abad Lahore-Z2 (3G-CI-1795),LAHORE_CLUSTER_11_Urban,100%,0.0,43.0,0.0,64.0,0.0,97.0,44.0,44.0,0.0,21.0,1.3139,0.0,7890.0,7894.0,7894.0,7894.0,0.0,0.0,97.0,92.0,1.3139,100.0,72.0,76.0,0.0,92.0,43.0,43.0,3.1123,9.2191,3.2053,0.9173,0.2773,0.1067,0.0347,3.2053,0.9173,0.2773,0.1067,0.0347,1.3139,0.0
2021-04-01,19:00,HLHRBSC13,31402.0,CI-1402-3_Samanabad Mor Lahore-Z2 (3G-CI-4813),345.0,CI-1402_Samanabad Mor Lahore-Z2 (3G-CI-4813),LAHORE_CLUSTER_11_Urban,100%,0.0,60.0,0.0,213.0,0.0,248.0,298.0,348.0,0.0,154.0,1.7528,0.0,7394.0,7466.0,7396.0,7466.0,0.0,0.0,248.0,244.0,1.7528,100.0,178.0,181.0,0.0,244.0,60.0,60.0,0.0,0.0237,11.1679,0.0882,0.0027,0.0,0.0,11.1679,0.0882,0.0027,0.0,0.0,1.7528,0.0
2021-04-01,19:00,HLHRBSC13,21402.0,CI-1402-2_Samanabad Mor Lahore-Z2 (3G-CI-4813),344.0,CI-1402_Samanabad Mor Lahore-Z2 (3G-CI-4813),LAHORE_CLUSTER_11_Urban,100%,0.0,83.0,0.0,123.0,0.0,296.0,80.0,117.0,0.0,78.0,2.6833,0.0,16508.0,16508.0,16502.0,16508.0,2.0,3.0,296.0,274.0,2.6833,100.0,182.0,188.0,2.0,274.0,82.0,83.0,0.0414,0.3312,12.5629,0.3126,0.0374,0.0054,0.0,12.5629,0.3126,0.0374,0.0054,0.0,2.6833,0.0
2021-04-01,19:00,HLHRBSC13,11402.0,CI-1402-1_Samanabad Mor Lahore-Z2 (3G-CI-4813),343.0,CI-1402_Samanabad Mor Lahore-Z2 (3G-CI-4813),LAHORE_CLUSTER_11_Urban,100%,0.0,75.0,0.0,186.0,0.0,279.0,224.0,238.0,0.0,121.0,2.9569,0.0,16792.0,16840.0,16834.0,16840.0,0.0,0.0,279.0,259.0,2.9569,100.0,178.0,186.0,0.0,259.0,75.0,75.0,0.055,0.3024,0.0,9.7005,0.0241,0.0054,0.0,0.0,9.7005,0.0241,0.0054,0.0,2.9569,0.0
2021-04-01,19:00,HLHRBSC13,31404.0,CI-1404-3_Baker Mandi Babu Sabu Lahore-Z0 (3G-CI-1800),342.0,CI-1404_Baker Mandi Babu Sabu Lahore-Z0 (3G-CI-1800),LAHORE_CLUSTER_11_Urban,100%,0.0,89.0,1.0,206.0,0.0,247.0,234.0,240.0,0.0,118.0,1.4264,1.0,6068.0,6134.0,6120.0,6134.0,0.0,0.0,247.0,236.0,1.4264,100.0,137.0,139.0,0.0,236.0,89.0,89.0,16.0654,33.6178,3.176,4.0853,1.92,0.9279999999999999,0.8293,3.176,4.0853,1.92,0.9279999999999999,0.8293,1.4264,1.0
2021-04-01,19:00,HLHRBSC13,27241.0,27241_Talat Town Lahore-Z2 (3G-CI-1661),34.0,7241_Talat Town Lahore-Z2 (3G-CI-1661),LAHORE_CLUSTER_11_Urban,100%,0.0,31.0,0.0,119.0,0.0,490.0,169.0,172.0,0.0,88.0,0.8889,0.0,4534.0,4654.0,4586.0,4654.0,2.0,2.0,490.0,474.0,0.8889,100.0,56.0,60.0,2.0,474.0,31.0,31.0,0.2993,2.0132,8.5877,1.0099,0.1679,0.0133,0.016,8.5877,1.0099,0.1679,0.0133,0.016,0.8889,0.0
2021-04-01,19:00,HLHRBSC13,33388.0,33388_Block A Sabzazar Lahore-Z2 (3G-CI-4273),339.0,3388_Block A Sabzazar Lahore-Z2 (3G-CI-4273),LAHORE_CLUSTER_11_Urban,100%,0.0,106.0,0.0,255.0,0.0,407.0,305.0,306.0,0.0,149.0,4.3681,0.0,27734.0,27742.0,27724.0,27742.0,1.0,1.0,407.0,401.0,4.3681,100.0,248.0,248.0,1.0,401.0,106.0,106.0,0.0714,0.767,13.9776,0.8811,0.1042,0.0107,0.0,13.9776,0.8811,0.1042,0.0107,0.0,4.3681,0.0
2021-04-01,19:00,HLHRBSC13,23388.0,23388_Block A Sabzazar Lahore-Z2 (3G-CI-4273),338.0,3388_Block A Sabzazar Lahore-Z2 (3G-CI-4273),LAHORE_CLUSTER_11_Urban,100%,0.0,70.0,0.0,179.0,0.0,1584.0,218.0,222.0,0.0,109.0,2.6569,0.0,16202.0,16280.0,16248.0,16280.0,0.0,0.0,1584.0,1583.0,2.6569,100.0,1522.0,1523.0,0.0,1583.0,70.0,70.0,0.015,0.0299,17.7947,0.048,0.0027,0.0027,0.0,17.7947,0.048,0.0027,0.0027,0.0,2.6569,0.0
2021-04-01,19:00,HLHRBSC13,13388.0,13388_Block A Sabzazar Lahore-Z2 (3G-CI-4273),337.0,3388_Block A Sabzazar Lahore-Z2 (3G-CI-4273),LAHORE_CLUSTER_11_Urban,100%,0.0,90.0,0.0,185.0,0.0,297.0,174.0,175.0,0.0,95.0,2.4292,0.0,14088.0,14112.0,14086.0,14112.0,2.0,2.0,297.0,287.0,2.4292,100.0,168.0,176.0,2.0,287.0,90.0,90.0,0.061,0.5491,0.0722,12.9796,0.0641,0.008,0.0,0.0722,12.9796,0.0641,0.008,0.0,2.4292,0.0
2021-04-01,19:00,HLHRBSC13,33199.0,33199_New Truck Adda Lahore-Z2 (3G-CI-1579),336.0,3199_New Truck Adda Lahore-Z2 (3G-CI-1579),LAHORE_CLUSTER_11_Urban,100%,0.0,83.0,0.0,186.0,0.0,313.0,198.0,201.0,0.0,102.0,2.1778,0.0,12136.0,12192.0,12192.0,12192.0,0.0,0.0,313.0,305.0,2.1778,100.0,130.0,130.0,0.0,305.0,83.0,83.0,0.2175,0.7249,10.6203,0.3663,0.0562,0.0241,0.0,10.6203,0.3663,0.0562,0.0241,0.0,2.1778,0.0
2021-04-01,19:00,HLHRBSC13,23199.0,23199_New Truck Adda Lahore-Z2 (3G-CI-1579),335.0,3199_New Truck Adda Lahore-Z2 (3G-CI-1579),LAHORE_CLUSTER_11_Urban,100%,0.0,88.0,0.0,152.0,0.0,271.0,120.0,120.0,0.0,64.0,1.8028,0.0,10024.0,10028.0,10028.0,10028.0,0.0,0.0,271.0,271.0,1.8028,100.0,220.0,220.0,0.0,271.0,88.0,88.0,0.0549,0.1645,4.7867,0.0693,0.0053,0.0027,0.0,4.7867,0.0693,0.0053,0.0027,0.0,1.8028,0.0
2021-04-01,19:00,HLHRBSC13,37247.0,37247_Tipu Sultan Road Lahore-Z2 (3G-CI-1662),333.0,7247_Tipu Sultan Road Lahore-Z2 (3G-CI-1662),LAHORE_CLUSTER_11_Urban,100%,0.0,142.0,3.0,391.0,0.0,651.0,504.0,508.0,0.0,250.0,4.6361,3.0,26878.0,26962.0,26856.0,26962.0,2.0,3.0,651.0,632.0,4.6361,100.0,280.0,285.0,2.0,632.0,141.0,142.0,0.0105,0.0523,25.1322,0.3251,0.0107,0.0027,0.0,25.1322,0.3251,0.0107,0.0027,0.0,4.6361,3.0
2021-04-01,19:00,HLHRBSC13,27247.0,27247_Tipu Sultan Road Lahore-Z2 (3G-CI-1662),332.0,7247_Tipu Sultan Road Lahore-Z2 (3G-CI-1662),LAHORE_CLUSTER_11_Urban,100%,0.0,167.0,0.0,468.0,0.0,1196.0,607.0,608.0,0.0,301.0,5.1486,0.0,29180.0,29262.0,29218.0,29262.0,4.0,4.0,1196.0,1127.0,5.1486,100.0,364.0,371.0,4.0,1127.0,167.0,167.0,0.0,0.1351,17.4213,0.32,0.024,0.0,0.0,17.4213,0.32,0.024,0.0,0.0,5.1486,0.0
2021-04-01,19:00,HLHRBSC13,17247.0,17247_Tipu Sultan Road Lahore-Z2 (3G-CI-1662),331.0,7247_Tipu Sultan Road Lahore-Z2 (3G-CI-1662),LAHORE_CLUSTER_11_Urban,100%,0.0,156.0,0.0,364.0,0.0,946.0,407.0,411.0,0.0,210.0,4.6556,0.0,25758.0,25846.0,25806.0,25846.0,5.0,6.0,946.0,908.0,4.6556,100.0,295.0,307.0,5.0,908.0,155.0,156.0,0.0,0.342,17.0118,2.3743,0.0665,0.0,0.0,17.0118,2.3743,0.0665,0.0,0.0,4.6556,0.0
2021-04-01,19:00,HLHRBSC13,33162.0,33162_Nargis Block Iqbal (Gold) Lahore-Z2 (3G-CI-4248),330.0,3162_Nargis Block Iqbal (Gold) Lahore-Z2 (3G-CI-4248),LAHORE_CLUSTER_11_Urban,100%,0.0,184.0,2.0,322.0,0.0,1595.0,274.0,277.0,0.0,141.0,7.6625,2.0,48208.0,48544.0,47966.0,48544.0,1.0,3.0,1595.0,1581.0,7.6625,100.0,1289.0,1299.0,1.0,1581.0,182.0,184.0,0.0841,0.5472,17.4798,1.4301,0.0881,0.0107,0.0053,17.4798,1.4301,0.0881,0.0107,0.0053,7.6625,2.0
2021-04-01,19:00,HLHRBSC13,17515.0,17515_Trade Center (Micro) Lahore-Z0 (3G-CI-4620),33.0,7515_Trade Center (Micro) Lahore-Z0 (3G-CI-4620),LAHORE_CLUSTER_11_Urban,100%,0.0,13.0,0.0,14.0,0.0,20.0,3.0,3.0,0.0,1.0,0.1542,0.0,608.0,608.0,608.0,608.0,0.0,0.0,20.0,20.0,0.1542,100.0,14.0,14.0,0.0,20.0,13.0,13.0,0.0,0.0,4.8032,0.0027,0.0,0.0,0.0,4.8032,0.0027,0.0,0.0,0.0,0.1542,0.0
2021-04-01,19:00,HLHRBSC13,23162.0,23162_Nargis Block Iqbal (Gold) Lahore-Z2 (3G-CI-4248),329.0,3162_Nargis Block Iqbal (Gold) Lahore-Z2 (3G-CI-4248),LAHORE_CLUSTER_11_Urban,100%,0.0,105.0,0.0,275.0,0.0,369.0,345.0,350.0,0.0,171.0,4.625,0.0,29508.0,29618.0,29606.0,29618.0,0.0,0.0,369.0,361.0,4.625,100.0,175.0,180.0,0.0,361.0,105.0,105.0,0.0457,0.7081,11.2423,0.3713,0.0775,0.0053,0.0,11.2423,0.3713,0.0775,0.0053,0.0,4.625,0.0
2021-04-01,19:00,HLHRBSC13,13162.0,13162_Nargis Block Iqbal (Gold) Lahore-Z2 (3G-CI-4248),328.0,3162_Nargis Block Iqbal (Gold) Lahore-Z2 (3G-CI-4248),LAHORE_CLUSTER_11_Urban,100%,0.0,136.0,0.0,330.0,0.0,405.0,387.0,390.0,0.0,194.0,2.8958,0.0,13612.0,13622.0,13588.0,13622.0,0.0,0.0,405.0,398.0,2.8958,100.0,261.0,265.0,0.0,398.0,136.0,136.0,0.0,0.2501,12.392000000000001,0.3733,0.032,0.0,0.0,12.392000000000001,0.3733,0.032,0.0,0.0,2.8958,0.0
2021-04-01,19:00,HLHRBSC13,21404.0,CI-1404-2_Baker Mandi Babu Sabu Lahore-Z0 (3G-CI-1800),324.0,CI-1404_Baker Mandi Babu Sabu Lahore-Z0 (3G-CI-1800),LAHORE_CLUSTER_11_Urban,100%,0.0,126.0,0.0,377.0,0.0,387.0,482.0,485.0,0.0,252.0,3.7569,0.0,19432.0,19444.0,19416.0,19444.0,0.0,1.0,387.0,383.0,3.7569,100.0,305.0,308.0,0.0,383.0,125.0,126.0,0.3464,0.6061,11.5367,0.7453,0.0321,0.0374,0.0054,11.5367,0.7453,0.0321,0.0374,0.0054,3.7569,0.0
2021-04-01,19:00,HLHRBSC13,27981.0,27981_Rafiaabad Lahore-Z2 (3G-CI-1769),322.0,7981_Rafiaabad Lahore-Z2 (3G-CI-1769),LAHORE_CLUSTER_11_Urban,100%,0.0,100.0,1.0,185.0,0.0,288.0,156.0,161.0,0.0,86.0,3.925,1.0,24734.0,24782.0,24748.0,24782.0,0.0,0.0,288.0,288.0,3.925,100.0,210.0,210.0,0.0,288.0,100.0,100.0,0.1478,0.1901,12.1739,0.3967,0.0053,0.0133,0.0053,12.1739,0.3967,0.0053,0.0133,0.0053,3.925,1.0
2021-04-01,19:00,HLHRBSC13,17981.0,17981_Rafiaabad Lahore-Z2 (3G-CI-1769),321.0,7981_Rafiaabad Lahore-Z2 (3G-CI-1769),LAHORE_CLUSTER_11_Urban,100%,0.0,168.0,1.0,286.0,0.0,1451.0,237.0,244.0,0.0,123.0,3.7917,1.0,20864.0,20918.0,20758.0,20918.0,0.0,2.0,1451.0,1345.0,3.7917,100.0,265.0,279.0,0.0,1345.0,166.0,168.0,0.037000000000000005,0.462,13.008,1.3192,0.0612,0.0053,0.0,13.008,1.3192,0.0612,0.0053,0.0,3.7917,1.0
2021-04-01,19:00,HLHRBSC13,37258.0,37258_Huma Block Lahore-Z2 (3G-CI-4429),32.0,7258_Huma Block Lahore-Z2 (3G-CI-4429),LAHORE_CLUSTER_11_Urban,100%,0.0,69.0,0.0,159.0,0.0,234.0,186.0,189.0,0.0,90.0,1.8625,0.0,10612.0,10632.0,10632.0,10632.0,0.0,0.0,234.0,232.0,1.8625,100.0,145.0,147.0,0.0,232.0,69.0,69.0,0.3172,1.4047,10.1862,1.3883,0.1277,0.0319,0.0053,10.1862,1.3883,0.1277,0.0319,0.0053,1.8625,0.0
2021-04-01,19:00,HLHRBSC13,37995.0,37995_Abdullah Travels Lahore-Z2 (3G-CI-4476),301.0,7995_Abdullah Travels Lahore-Z2 (3G-CI-4476),LAHORE_CLUSTER_11_Urban,100%,0.0,235.0,0.0,524.0,0.0,385.0,610.0,621.0,0.0,293.0,4.5486,0.0,23284.0,23328.0,23318.0,23328.0,0.0,1.0,385.0,381.0,4.5486,100.0,302.0,306.0,0.0,381.0,234.0,235.0,0.055999999999999994,0.7291,8.5856,0.877,0.0642,0.0027,0.0027,8.5856,0.877,0.0642,0.0027,0.0027,4.5486,0.0
2021-04-01,19:00,HLHRBSC13,27995.0,27995_Abdullah Travels Lahore-Z2 (3G-CI-4476),300.0,7995_Abdullah Travels Lahore-Z2 (3G-CI-4476),LAHORE_CLUSTER_11_Urban,100%,0.0,292.0,0.0,578.0,0.0,550.0,576.0,580.0,0.0,288.0,5.7458,0.0,30008.0,30088.0,29994.0,30088.0,0.0,1.0,550.0,541.0,5.7458,100.0,413.0,414.0,0.0,541.0,291.0,292.0,0.0664,0.1769,11.8315,0.2217,0.0133,0.0027,0.0054,11.8315,0.2217,0.0133,0.0027,0.0054,5.7458,0.0
2021-04-01,19:00,HLHRBSC13,17995.0,17995_Abdullah Travels Lahore-Z2 (3G-CI-4476),299.0,7995_Abdullah Travels Lahore-Z2 (3G-CI-4476),LAHORE_CLUSTER_11_Urban,100%,0.0,235.0,4.0,465.0,0.0,914.0,422.0,425.0,0.0,232.0,7.3111,4.0,42134.0,42226.0,41778.0,42226.0,1.0,2.0,914.0,883.0,7.3111,100.0,560.0,569.0,1.0,883.0,234.0,235.0,0.1072,0.7863,11.6693,10.5887,0.1523,0.016,0.008,11.6693,10.5887,0.1523,0.016,0.008,7.3111,4.0
2021-04-01,19:00,HLHRBSC13,31112.0,CI-1112-3_Scheme Morr Lahore-Z0 (3G-CI-4802),296.0,CI-1112_Scheme Morr Lahore-Z0 (3G-CI-4802),LAHORE_CLUSTER_11_Urban,100%,0.0,74.0,0.0,217.0,0.0,200.0,262.0,263.0,0.0,143.0,2.5986,0.0,15406.0,15406.0,15404.0,15406.0,0.0,0.0,200.0,200.0,2.5986,100.0,134.0,134.0,0.0,200.0,74.0,74.0,0.0897,0.4128,11.3449,3.492,0.0481,0.0134,0.0,11.3449,3.492,0.0481,0.0134,0.0,2.5986,0.0
2021-04-01,19:00,HLHRBSC13,11404.0,CI-1404-1_Baker Mandi Babu Sabu Lahore-Z0 (3G-CI-1800),295.0,CI-1404_Baker Mandi Babu Sabu Lahore-Z0 (3G-CI-1800),LAHORE_CLUSTER_11_Urban,100%,0.0,22.0,0.0,89.0,0.0,101.0,122.0,123.0,0.0,67.0,1.6931,0.0,11106.0,11124.0,11104.0,11124.0,0.0,0.0,101.0,95.0,1.6931,100.0,39.0,43.0,0.0,95.0,22.0,22.0,0.0241,0.7957,9.5714,1.4072,0.0854,0.0027,0.0,9.5714,1.4072,0.0854,0.0027,0.0,1.6931,0.0
2021-04-01,19:00,HLHRBSC13,23130.0,23130_Block E Sabzazar Colony Lahore-Z2 (3G-CI-4235),288.0,3130_Block E Sabzazar Colony Lahore-Z2 (3G-CI-4235),LAHORE_CLUSTER_11_Urban,100%,0.0,123.0,0.0,350.0,0.0,597.0,465.0,467.0,0.0,227.0,4.0764,0.0,23620.0,23686.0,23550.0,23686.0,0.0,0.0,597.0,591.0,4.0764,100.0,160.0,161.0,0.0,591.0,123.0,123.0,0.23199999999999998,0.9742,21.6211,1.2051,0.1711,0.0455,0.008,21.6211,1.2051,0.1711,0.0455,0.008,4.0764,0.0
2021-04-01,19:00,HLHRBSC13,13130.0,13130_Block E Sabzazar Colony Lahore-Z2 (3G-CI-4235),287.0,3130_Block E Sabzazar Colony Lahore-Z2 (3G-CI-4235),LAHORE_CLUSTER_11_Urban,100%,0.0,61.0,0.0,244.0,0.0,630.0,362.0,365.0,0.0,184.0,2.9931,0.0,17748.0,17770.0,17754.0,17770.0,0.0,0.0,630.0,620.0,2.9931,100.0,110.0,112.0,0.0,620.0,61.0,61.0,0.0,0.5652,9.0539,0.3445,0.0534,0.0,0.0,9.0539,0.3445,0.0534,0.0,0.0,2.9931,0.0
2021-04-01,19:00,HLHRBSC13,33188.0,33188_Sodhiwal Stop (Gold) Lahore-Z0 (3G-CI-4260),286.0,3188_Sodhiwal Stop (Gold) Lahore-Z0 (3G-CI-4260),LAHORE_CLUSTER_11_Urban,100%,0.0,128.0,0.0,256.0,0.0,280.0,254.0,254.0,0.0,128.0,3.8569,0.0,22766.0,22804.0,22732.0,22804.0,0.0,0.0,280.0,272.0,3.8569,100.0,183.0,185.0,0.0,272.0,128.0,128.0,0.0,0.1593,13.0218,0.374,0.0214,0.0,0.0,13.0218,0.374,0.0214,0.0,0.0,3.8569,0.0
2021-04-01,19:00,HLHRBSC13,23188.0,23188_Sodhiwal Stop (Gold) Lahore-Z0 (3G-CI-4260),285.0,3188_Sodhiwal Stop (Gold) Lahore-Z0 (3G-CI-4260),LAHORE_CLUSTER_11_Urban,100%,0.0,177.0,0.0,405.0,0.0,433.0,461.0,461.0,0.0,228.0,5.3236,0.0,31090.0,31156.0,30938.0,31156.0,3.0,3.0,433.0,419.0,5.3236,100.0,253.0,261.0,3.0,419.0,177.0,177.0,0.1128,26.4216,4.2398,8.1288,4.4225,0.0136,0.0054,4.2398,8.1288,4.4225,0.0136,0.0054,5.3236,0.0
2021-04-01,19:00,HLHRBSC13,13188.0,13188_Sodhiwal Stop (Gold) Lahore-Z0 (3G-CI-4260),284.0,3188_Sodhiwal Stop (Gold) Lahore-Z0 (3G-CI-4260),LAHORE_CLUSTER_11_Urban,100%,0.0,84.0,0.0,293.0,0.0,210.0,411.0,416.0,0.0,209.0,2.4444,0.0,14010.0,14016.0,13972.0,14016.0,0.0,0.0,210.0,206.0,2.4444,100.0,132.0,133.0,0.0,206.0,84.0,84.0,0.0,0.0833,15.4684,0.4841,0.0133,0.0,0.0,15.4684,0.4841,0.0133,0.0,0.0,2.4444,0.0
2021-04-01,19:00,HLHRBSC13,33198.0,33198_Block H Gulshan e Ravi Lahore-Z2 (3G-CI-4267),280.0,3198_Block H Gulshan e Ravi Lahore-Z2 (3G-CI-4267),LAHORE_CLUSTER_11_Urban,100%,0.0,68.0,1.0,238.0,0.0,460.0,338.0,338.0,0.0,170.0,2.2069,1.0,11776.0,12114.0,12104.0,12114.0,0.0,0.0,460.0,423.0,2.2069,100.0,121.0,121.0,0.0,423.0,68.0,68.0,0.1307,0.9677,9.3878,0.7094,0.0853,0.0133,0.0,9.3878,0.7094,0.0853,0.0133,0.0,2.2069,1.0
2021-04-01,19:00,HLHRBSC13,27258.0,27258_Huma Block Lahore-Z2 (3G-CI-4429),28.0,7258_Huma Block Lahore-Z2 (3G-CI-4429),LAHORE_CLUSTER_11_Urban,100%,0.0,115.0,0.0,283.0,0.0,578.0,328.0,334.0,0.0,170.0,3.9014,0.0,21734.0,21924.0,21630.0,21924.0,0.0,0.0,578.0,564.0,3.9014,100.0,209.0,219.0,0.0,564.0,115.0,115.0,0.2573,1.3258,11.6358,1.6316,0.1437,0.024,0.0106,11.6358,1.6316,0.1437,0.024,0.0106,3.9014,0.0
2021-04-01,19:00,HLHRBSC13,23198.0,23198_Block H Gulshan e Ravi Lahore-Z2 (3G-CI-4267),279.0,3198_Block H Gulshan e Ravi Lahore-Z2 (3G-CI-4267),LAHORE_CLUSTER_11_Urban,100%,0.0,126.0,1.0,223.0,0.0,467.0,196.0,197.0,0.0,99.0,10.6083,1.0,74018.0,74026.0,73966.0,74026.0,1.0,2.0,467.0,423.0,10.6083,100.0,236.0,250.0,1.0,423.0,125.0,126.0,0.033,0.7525,3.9113,4.1843,0.0587,0.0,0.0027,3.9113,4.1843,0.0587,0.0,0.0027,10.6083,1.0
2021-04-01,19:00,HLHRBSC13,13198.0,13198_Block H Gulshan e Ravi Lahore-Z2 (3G-CI-4267),278.0,3198_Block H Gulshan e Ravi Lahore-Z2 (3G-CI-4267),LAHORE_CLUSTER_11_Urban,100%,0.0,90.0,4.0,196.0,0.0,550.0,222.0,227.0,0.0,107.0,2.2847,4.0,11972.0,12184.0,11940.0,12184.0,3.0,4.0,550.0,434.0,2.2847,100.0,192.0,205.0,3.0,434.0,89.0,90.0,0.3063,1.5111,0.0,12.8957,0.1578,0.0267,0.0134,0.0,12.8957,0.1578,0.0267,0.0134,2.2847,4.0
2021-04-01,19:00,HLHRBSC13,33152.0,33152_Mahajirabad Lahore-Z2 (3G-CI-4245),274.0,3152_Mahajirabad Lahore-Z2 (3G-CI-4245),LAHORE_CLUSTER_11_Urban,100%,0.0,174.0,1.0,351.0,0.0,1922.0,365.0,366.0,0.0,178.0,2.9417,1.0,13422.0,13596.0,13246.0,13596.0,3.0,4.0,1922.0,1912.0,2.9417,100.0,1620.0,1623.0,3.0,1912.0,173.0,174.0,0.0135,0.0812,19.2005,0.5321,0.0134,0.0027,0.0,19.2005,0.5321,0.0134,0.0027,0.0,2.9417,1.0
2021-04-01,19:00,HLHRBSC13,23152.0,23152_Mahajirabad Lahore-Z2 (3G-CI-4245),273.0,3152_Mahajirabad Lahore-Z2 (3G-CI-4245),LAHORE_CLUSTER_11_Urban,100%,0.0,106.0,0.0,233.0,0.0,914.0,260.0,261.0,0.0,128.0,3.3528,0.0,19298.0,19424.0,19254.0,19424.0,2.0,3.0,914.0,881.0,3.3528,100.0,692.0,695.0,2.0,881.0,105.0,106.0,0.0984,0.337,17.2991,1.591,0.0452,0.016,0.0027,17.2991,1.591,0.0452,0.016,0.0027,3.3528,0.0
2021-04-01,19:00,HLHRBSC13,13152.0,13152_Mahajirabad Lahore-Z2 (3G-CI-4245),272.0,3152_Mahajirabad Lahore-Z2 (3G-CI-4245),LAHORE_CLUSTER_11_Urban,100%,0.0,71.0,0.0,342.0,0.0,212.0,524.0,527.0,0.0,271.0,3.375,0.0,19992.0,20000.0,19958.0,20000.0,0.0,0.0,212.0,200.0,3.375,100.0,126.0,133.0,0.0,200.0,71.0,71.0,0.045,0.2698,6.859,4.9519,0.0266,0.0053,0.0,6.859,4.9519,0.0266,0.0053,0.0,3.375,0.0
2021-04-01,19:00,HLHRBSC13,17258.0,17258_Huma Block Lahore-Z2 (3G-CI-4429),27.0,7258_Huma Block Lahore-Z2 (3G-CI-4429),LAHORE_CLUSTER_11_Urban,100%,0.0,67.0,0.0,236.0,0.0,457.0,338.0,338.0,0.0,169.0,2.6292,0.0,15284.0,15286.0,15194.0,15286.0,2.0,2.0,457.0,442.0,2.6292,100.0,118.0,124.0,2.0,442.0,67.0,67.0,0.0,0.1999,9.6512,1.024,0.0214,0.0,0.0,9.6512,1.024,0.0214,0.0,0.0,2.6292,0.0
2021-04-01,19:00,HLHRBSC13,21112.0,CI-1112-2_Scheme Morr Lahore-Z0 (3G-CI-4802),268.0,CI-1112_Scheme Morr Lahore-Z0 (3G-CI-4802),LAHORE_CLUSTER_11_Urban,100%,0.0,63.0,0.0,276.0,0.0,589.0,439.0,441.0,0.0,213.0,2.0236,0.0,10512.0,10566.0,10470.0,10566.0,0.0,0.0,589.0,583.0,2.0236,100.0,174.0,175.0,0.0,583.0,63.0,63.0,0.0252,0.4277,10.1449,0.41600000000000004,0.0427,0.0027,0.0,10.1449,0.41600000000000004,0.0427,0.0027,0.0,2.0236,0.0
2021-04-01,19:00,HLHRBSC13,11112.0,CI-1112-1_Scheme Morr Lahore-Z0 (3G-CI-4802),267.0,CI-1112_Scheme Morr Lahore-Z0 (3G-CI-4802),LAHORE_CLUSTER_11_Urban,100%,0.0,133.0,0.0,252.0,0.0,1595.0,228.0,229.0,0.0,120.0,3.2,0.0,18002.0,18136.0,18106.0,18136.0,0.0,1.0,1595.0,1590.0,3.2,100.0,269.0,270.0,0.0,1590.0,132.0,133.0,0.0708,0.1237,11.4436,3.6413,0.008,0.0027,0.008,11.4436,3.6413,0.008,0.0027,0.008,3.2,0.0
2021-04-01,19:00,HLHRBSC13,37287.0,37287_Samnabad Poonch Road Lahore-Z2 (3G-CI-4441),243.0,7287_Samnabad Poonch Road Lahore-Z2 (3G-CI-4441),LAHORE_CLUSTER_11_Urban,100%,0.0,58.0,0.0,134.0,0.0,195.0,152.0,155.0,0.0,78.0,1.7403,0.0,10258.0,10278.0,10278.0,10278.0,0.0,0.0,195.0,189.0,1.7403,100.0,96.0,96.0,0.0,189.0,58.0,58.0,0.423,1.3259,13.01,0.7048,0.1255,0.0534,0.0054,13.01,0.7048,0.1255,0.0534,0.0054,1.7403,0.0
2021-04-01,19:00,HLHRBSC13,27287.0,27287_Samnabad Poonch Road Lahore-Z2 (3G-CI-4441),242.0,7287_Samnabad Poonch Road Lahore-Z2 (3G-CI-4441),LAHORE_CLUSTER_11_Urban,100%,0.0,18.0,0.0,71.0,0.0,69.0,98.0,120.0,0.0,74.0,0.7833,0.0,4198.0,4198.0,4198.0,4198.0,0.0,0.0,69.0,69.0,0.7833,100.0,49.0,49.0,0.0,69.0,18.0,18.0,0.048,0.3841,10.6364,0.4572,0.0374,0.0054,0.0,10.6364,0.4572,0.0374,0.0054,0.0,0.7833,0.0
2021-04-01,19:00,HLHRBSC13,17287.0,17287_Samnabad Poonch Road Lahore-Z2 (3G-CI-4441),241.0,7287_Samnabad Poonch Road Lahore-Z2 (3G-CI-4441),LAHORE_CLUSTER_11_Urban,100%,0.0,81.0,0.0,144.0,0.0,263.0,108.0,111.0,0.0,58.0,2.3569,0.0,14198.0,14340.0,14336.0,14340.0,1.0,2.0,263.0,242.0,2.3569,100.0,113.0,114.0,1.0,242.0,80.0,81.0,0.4192,21.4714,2.8877,6.6261,2.5505,0.0374,0.0134,2.8877,6.6261,2.5505,0.0374,0.0134,2.3569,0.0
2021-04-01,19:00,HLHRBSC13,33147.0,33147_Block A Gulshan e Ravi Lahore-Z2 (3G-CI-4243),240.0,3147_Block A Gulshan e Ravi Lahore-Z2 (3G-CI-4243),LAHORE_CLUSTER_11_Urban,100%,0.0,204.0,2.0,519.0,0.0,710.0,638.0,643.0,0.0,317.0,6.825,2.0,39828.0,40290.0,39912.0,40290.0,4.0,6.0,710.0,672.0,6.825,100.0,302.0,310.0,4.0,672.0,202.0,204.0,0.0879,0.4248,15.8479,2.3166,0.0615,0.016,0.0,15.8479,2.3166,0.0615,0.016,0.0,6.825,2.0
2021-04-01,19:00,HLHRBSC13,23147.0,23147_Block A Gulshan e Ravi Lahore-Z2 (3G-CI-4243),239.0,3147_Block A Gulshan e Ravi Lahore-Z2 (3G-CI-4243),LAHORE_CLUSTER_11_Urban,100%,0.0,96.0,0.0,205.0,0.0,358.0,229.0,233.0,0.0,110.0,2.4028,0.0,13166.0,13192.0,13192.0,13192.0,1.0,2.0,358.0,312.0,2.4028,100.0,197.0,197.0,1.0,312.0,95.0,96.0,0.0265,0.1328,9.967,0.0802,0.0107,0.0027,0.0,9.967,0.0802,0.0107,0.0027,0.0,2.4028,0.0
2021-04-01,19:00,HLHRBSC13,13147.0,13147_Block A Gulshan e Ravi Lahore-Z2 (3G-CI-4243),238.0,3147_Block A Gulshan e Ravi Lahore-Z2 (3G-CI-4243),LAHORE_CLUSTER_11_Urban,100%,0.0,117.0,1.0,256.0,0.0,321.0,286.0,288.0,0.0,140.0,3.3778,1.0,18320.0,18356.0,17958.0,18356.0,0.0,1.0,321.0,300.0,3.3778,100.0,174.0,185.0,0.0,300.0,116.0,117.0,0.0,0.3574,0.0,11.9081,0.0427,0.0,0.0,0.0,11.9081,0.0427,0.0,0.0,3.3778,1.0
2021-04-01,19:00,HLHRBSC13,37329.0,37329_Allama Iqbal Town (Gold) Lahore-Z2 (3G-CI-4104),234.0,7329_Allama Iqbal Town (Gold) Lahore-Z2 (3G-CI-4104),LAHORE_CLUSTER_11_Urban,100%,0.0,214.0,0.0,510.0,0.0,1072.0,607.0,625.0,0.0,300.0,11.2778,0.0,71952.0,72026.0,71950.0,72026.0,0.0,3.0,1072.0,1065.0,11.2778,100.0,344.0,345.0,0.0,1065.0,211.0,214.0,0.1365,0.4915,19.0987,0.2932,0.0692,0.0213,0.0053,19.0987,0.2932,0.0692,0.0213,0.0053,11.2778,0.0
2021-04-01,19:00,HLHRBSC13,27329.0,27329_Allama Iqbal Town (Gold) Lahore-Z2 (3G-CI-4104),233.0,7329_Allama Iqbal Town (Gold) Lahore-Z2 (3G-CI-4104),LAHORE_CLUSTER_11_Urban,100%,0.0,92.0,0.0,252.0,0.0,537.0,318.0,318.0,0.0,162.0,2.5056,0.0,12940.0,12954.0,12914.0,12954.0,0.0,2.0,537.0,523.0,2.5056,100.0,151.0,156.0,0.0,523.0,90.0,92.0,0.0,0.0,15.6327,0.0613,0.0,0.0,0.0,15.6327,0.0613,0.0,0.0,0.0,2.5056,0.0
2021-04-01,19:00,HLHRBSC13,17329.0,17329_Allama Iqbal Town (Gold) Lahore-Z2 (3G-CI-4104),232.0,7329_Allama Iqbal Town (Gold) Lahore-Z2 (3G-CI-4104),LAHORE_CLUSTER_11_Urban,100%,0.0,165.0,0.0,479.0,0.0,1337.0,632.0,643.0,0.0,312.0,5.3222,0.0,29980.0,30154.0,30148.0,30154.0,10.0,10.0,1337.0,1318.0,5.3222,100.0,267.0,268.0,10.0,1318.0,165.0,165.0,0.2504,1.4759,19.1208,0.8124,0.2479,0.0507,0.0,19.1208,0.8124,0.2479,0.0507,0.0,5.3222,0.0
2021-04-01,19:00,HLHRBSC13,33524.0,33524_Jamil Town Sabzazar Lahore-Z2 (3G-CI-4801),192.0,3524_Jamil Town Sabzazar Lahore-Z2 (3G-CI-4801),LAHORE_CLUSTER_11_Urban,100%,0.0,176.0,1.0,298.0,0.0,535.0,245.0,250.0,0.0,125.0,4.1972,1.0,23304.0,23882.0,23806.0,23882.0,0.0,2.0,535.0,507.0,4.1972,100.0,332.0,358.0,0.0,507.0,174.0,176.0,0.389,2.9694,7.3877,5.2807,0.3369,0.0481,0.0027,7.3877,5.2807,0.3369,0.0481,0.0027,4.1972,1.0
2021-04-01,19:00,HLHRBSC13,23524.0,23524_Jamil Town Sabzazar Lahore-Z2 (3G-CI-4801),191.0,3524_Jamil Town Sabzazar Lahore-Z2 (3G-CI-4801),LAHORE_CLUSTER_11_Urban,100%,0.0,105.0,1.0,212.0,0.0,353.0,221.0,224.0,0.0,107.0,3.7111,1.0,22500.0,22636.0,22612.0,22636.0,0.0,0.0,353.0,353.0,3.7111,100.0,270.0,270.0,0.0,353.0,105.0,105.0,0.9554,5.5505,8.8021,2.2995,0.5401,0.0963,0.016,8.8021,2.2995,0.5401,0.0963,0.016,3.7111,1.0
2021-04-01,19:00,HLHRBSC13,13524.0,13524_Jamil Town Sabzazar Lahore-Z2 (3G-CI-4801),190.0,3524_Jamil Town Sabzazar Lahore-Z2 (3G-CI-4801),LAHORE_CLUSTER_11_Urban,100%,0.0,58.0,0.0,154.0,0.0,393.0,196.0,197.0,0.0,96.0,1.4167,0.0,6938.0,6952.0,6938.0,6952.0,0.0,0.0,393.0,208.0,1.4167,100.0,88.0,90.0,0.0,208.0,58.0,58.0,0.044000000000000004,0.4617,7.0909,5.0161,0.0508,0.0054,0.0,7.0909,5.0161,0.0508,0.0054,0.0,1.4167,0.0
2021-04-01,19:00,HLHRBSC13,31658.0,CI-1658-3_Qasr e Ziafat Bastami Lahore-Z2 (3G-CI-1902),172.0,CI-1658_Qasr e Ziafat Bastami Lahore-Z2 (3G-CI-1902),LAHORE_CLUSTER_11_Urban,100%,0.0,144.0,0.0,272.0,0.0,600.0,258.0,258.0,0.0,129.0,4.7986,0.0,28706.0,28852.0,28764.0,28852.0,0.0,1.0,600.0,591.0,4.7986,100.0,265.0,268.0,0.0,591.0,143.0,144.0,0.0,0.0,23.5333,0.2027,0.0,0.0,0.0,23.5333,0.2027,0.0,0.0,0.0,4.7986,0.0
2021-04-01,19:00,HLHRBSC13,21658.0,CI-1658-2_Qasr e Ziafat Bastami Lahore-Z2 (3G-CI-1902),171.0,CI-1658_Qasr e Ziafat Bastami Lahore-Z2 (3G-CI-1902),LAHORE_CLUSTER_11_Urban,100%,0.0,76.0,0.0,140.0,0.0,217.0,132.0,132.0,0.0,65.0,3.0069,0.0,18716.0,18728.0,18698.0,18728.0,0.0,1.0,217.0,213.0,3.0069,100.0,112.0,114.0,0.0,213.0,75.0,76.0,0.0,0.0534,9.7754,0.2406,0.0054,0.0,0.0,9.7754,0.2406,0.0054,0.0,0.0,3.0069,0.0
2021-04-01,19:00,HLHRBSC13,11658.0,CI-1658-1_Qasr e Ziafat Bastami Lahore-Z2 (3G-CI-1902),170.0,CI-1658_Qasr e Ziafat Bastami Lahore-Z2 (3G-CI-1902),LAHORE_CLUSTER_11_Urban,100%,0.0,78.0,0.0,119.0,0.0,202.0,79.0,80.0,0.0,41.0,3.4944,0.0,23066.0,23088.0,23088.0,23088.0,0.0,0.0,202.0,201.0,3.4944,100.0,128.0,129.0,0.0,201.0,78.0,78.0,0.0219,0.0437,12.1093,0.10400000000000001,0.0027,0.0027,0.0,12.1093,0.10400000000000001,0.0027,0.0027,0.0,3.4944,0.0
2021-04-01,19:00,HLHRBSC13,27212.0,27212_Iqbal Town Lahore-Z2 (3G-CI-4400),17.0,7212_Iqbal Town Lahore-Z2 (3G-CI-4400),LAHORE_CLUSTER_11_Urban,100%,0.0,136.0,0.0,245.0,0.0,742.0,209.0,214.0,0.0,111.0,4.3625,0.0,26112.0,26384.0,26354.0,26384.0,0.0,0.0,742.0,728.0,4.3625,100.0,187.0,188.0,0.0,728.0,136.0,136.0,0.019,0.34299999999999997,13.4233,0.5529999999999999,0.0454,0.0027,0.0,13.4233,0.5529999999999999,0.0454,0.0027,0.0,4.3625,0.0
2021-04-01,19:00,HLHRBSC13,37242.0,37242_Saed Pur Lahore-Z2 (3G-CI-4418),165.0,7242_Saed Pur Lahore-Z2 (3G-CI-4418),LAHORE_CLUSTER_11_Urban,100%,0.0,90.0,0.0,248.0,0.0,420.0,299.0,313.0,0.0,159.0,2.9903,0.0,16570.0,17246.0,17198.0,17246.0,0.0,1.0,420.0,417.0,2.9903,100.0,205.0,205.0,0.0,417.0,89.0,90.0,0.0771,0.7973,9.4813,0.8316,0.0749,0.008,0.0,9.4813,0.8316,0.0749,0.008,0.0,2.9903,0.0
2021-04-01,19:00,HLHRBSC13,27242.0,27242_Saed Pur Lahore-Z2 (3G-CI-4418),164.0,7242_Saed Pur Lahore-Z2 (3G-CI-4418),LAHORE_CLUSTER_11_Urban,100%,0.0,90.0,1.0,208.0,0.0,223.0,240.0,244.0,0.0,119.0,3.7806,1.0,23712.0,23900.0,23860.0,23900.0,0.0,0.0,223.0,221.0,3.7806,100.0,140.0,140.0,0.0,221.0,90.0,90.0,0.2261,1.6398,8.1787,1.0987,0.1333,0.0213,0.0,8.1787,1.0987,0.1333,0.0213,0.0,3.7806,1.0
2021-04-01,19:00,HLHRBSC13,17242.0,17242_Saed Pur Lahore-Z2 (3G-CI-4418),163.0,7242_Saed Pur Lahore-Z2 (3G-CI-4418),LAHORE_CLUSTER_11_Urban,100%,0.0,63.0,0.0,121.0,0.0,136.0,110.0,111.0,0.0,58.0,2.5333,0.0,16036.0,16042.0,16042.0,16042.0,0.0,0.0,136.0,131.0,2.5333,100.0,95.0,97.0,0.0,131.0,63.0,63.0,0.1321,0.528,10.5834,1.4746,0.048,0.0027,0.0133,10.5834,1.4746,0.048,0.0027,0.0133,2.5333,0.0
2021-04-01,19:00,HLHRBSC13,31699.0,CI-1699-3_Jhugian Nagra Lahore-Z2 (3G-CI-1946),160.0,CI-1699_Jhugian Nagra Lahore-Z2 (3G-CI-1946),LAHORE_CLUSTER_11_Urban,100%,0.0,129.0,2.0,175.0,0.0,796.0,81.0,85.0,0.0,47.0,3.7333,2.0,20376.0,20420.0,20164.0,20420.0,0.0,1.0,796.0,737.0,3.7333,100.0,195.0,215.0,0.0,737.0,128.0,129.0,0.0,0.2577,20.1524,1.5444,0.0561,0.0,0.0,20.1524,1.5444,0.0561,0.0,0.0,3.7333,2.0
2021-04-01,19:00,HLHRBSC13,17212.0,17212_Iqbal Town Lahore-Z2 (3G-CI-4400),16.0,7212_Iqbal Town Lahore-Z2 (3G-CI-4400),LAHORE_CLUSTER_11_Urban,100%,0.0,86.0,0.0,199.0,0.0,404.0,222.0,231.0,0.0,113.0,3.3931,0.0,20518.0,20526.0,20522.0,20526.0,0.0,0.0,404.0,400.0,3.3931,100.0,127.0,128.0,0.0,400.0,86.0,86.0,0.0,0.114,13.9866,0.0722,0.016,0.0,0.0,13.9866,0.0722,0.016,0.0,0.0,3.3931,0.0
2021-04-01,19:00,HLHRBSC13,21699.0,CI-1699-2_Jhugian Nagra Lahore-Z2 (3G-CI-1946),159.0,CI-1699_Jhugian Nagra Lahore-Z2 (3G-CI-1946),LAHORE_CLUSTER_11_Urban,100%,0.0,96.0,3.0,139.0,0.0,724.0,80.0,82.0,0.0,43.0,2.4417,3.0,13858.0,13926.0,13572.0,13926.0,0.0,0.0,724.0,712.0,2.4417,100.0,138.0,145.0,0.0,712.0,96.0,96.0,92.2026,99.6919,0.0,0.0374,0.9094,11.1957,0.0,0.0,0.0374,0.9094,11.1957,0.0,2.4417,3.0
2021-04-01,19:00,HLHRBSC13,11699.0,CI-1699-1_Jhugian Nagra Lahore-Z2 (3G-CI-1946),158.0,CI-1699_Jhugian Nagra Lahore-Z2 (3G-CI-1946),LAHORE_CLUSTER_11_Urban,100%,0.0,106.0,3.0,190.0,0.0,681.0,172.0,174.0,0.0,85.0,8.3931,3.0,56938.0,57006.0,56040.0,57006.0,0.0,1.0,681.0,666.0,8.3931,100.0,201.0,210.0,0.0,666.0,105.0,106.0,99.9007,99.9472,0.0,0.003,0.0027,2.5314,3.2053,0.0,0.003,0.0027,2.5314,3.2053,8.3931,3.0
2021-04-01,19:00,HLHRBSC13,31626.0,CI-1626-3_Chaudhry Colony Samanabad Lahore-Z2 (3G-CI-1870),154.0,CI-1626_Chaudhry Colony Samanabad Lahore-Z2 (3G-CI-1870),LAHORE_CLUSTER_11_Urban,100%,0.0,112.0,2.0,215.0,0.0,357.0,203.0,209.0,0.0,104.0,4.9542,2.0,29854.0,29894.0,29782.0,29894.0,0.0,0.0,357.0,343.0,4.9542,100.0,156.0,163.0,0.0,343.0,112.0,112.0,0.0,0.0407,13.0882,0.0615,0.0054,0.0,0.0,13.0882,0.0615,0.0054,0.0,0.0,4.9542,2.0
2021-04-01,19:00,HLHRBSC13,37212.0,37212_Iqbal Town Lahore-Z2 (3G-CI-4400),15.0,7212_Iqbal Town Lahore-Z2 (3G-CI-4400),LAHORE_CLUSTER_11_Urban,100%,0.0,129.0,1.0,260.0,0.0,483.0,243.0,248.0,0.0,133.0,4.3764,1.0,25662.0,25668.0,25626.0,25668.0,0.0,0.0,483.0,482.0,4.3764,100.0,234.0,234.0,0.0,482.0,129.0,129.0,0.3063,0.9566,13.2735,0.5582,0.0908,0.016,0.0267,13.2735,0.5582,0.0908,0.016,0.0267,4.3764,1.0
2021-04-01,19:00,HLHRBSC13,37186.0,37186_Sabzazar Scheme Lahore-Z2 (3G-CI-4383),147.0,7186_Sabzazar Scheme Lahore-Z2 (3G-CI-4383),LAHORE_CLUSTER_11_Urban,100%,0.0,96.0,0.0,235.0,0.0,402.0,266.0,271.0,0.0,140.0,4.8708,0.0,30688.0,31066.0,30438.0,31066.0,2.0,3.0,402.0,375.0,4.8708,100.0,146.0,154.0,2.0,375.0,95.0,96.0,0.0711,1.0337,0.2967,14.5455,0.1444,0.008,0.0027,0.2967,14.5455,0.1444,0.008,0.0027,4.8708,0.0
2021-04-01,19:00,HLHRBSC13,27186.0,27186_Sabzazar Scheme Lahore-Z2 (3G-CI-4383),146.0,7186_Sabzazar Scheme Lahore-Z2 (3G-CI-4383),LAHORE_CLUSTER_11_Urban,100%,0.0,47.0,0.0,106.0,0.0,201.0,120.0,120.0,0.0,59.0,1.2208,0.0,6922.0,6934.0,6922.0,6934.0,1.0,1.0,201.0,176.0,1.2208,100.0,78.0,80.0,1.0,176.0,47.0,47.0,0.1189,0.9716,8.527999999999999,4.8262,0.115,0.0134,0.0027,8.527999999999999,4.8262,0.115,0.0134,0.0027,1.2208,0.0
2021-04-01,19:00,HLHRBSC13,17186.0,17186_Sabzazar Scheme Lahore-Z2 (3G-CI-4383),145.0,7186_Sabzazar Scheme Lahore-Z2 (3G-CI-4383),LAHORE_CLUSTER_11_Urban,100%,0.0,66.0,2.0,131.0,0.0,823.0,126.0,128.0,0.0,65.0,2.6861,2.0,16384.0,16416.0,16284.0,16416.0,7.0,7.0,823.0,743.0,2.6861,100.0,123.0,128.0,7.0,743.0,66.0,66.0,0.2039,1.6926,0.4706,12.3953,0.1948,0.024,0.0027,0.4706,12.3953,0.1948,0.024,0.0027,2.6861,2.0
2021-04-01,19:00,HLHRBSC13,27177.0,27177_K Block Sabzazar (Gold) Lahore-Z2 (3G-CI-4379),143.0,7177_K Block Sabzazar (Gold) Lahore-Z2 (3G-CI-4379),LAHORE_CLUSTER_11_Urban,100%,0.0,125.0,0.0,241.0,0.0,564.0,243.0,249.0,0.0,116.0,4.3222,0.0,25436.0,25894.0,25340.0,25894.0,0.0,0.0,564.0,525.0,4.3222,100.0,193.0,208.0,0.0,525.0,125.0,125.0,0.6576,52.2517,0.0,8.9248,9.6436,0.0828,0.0401,0.0,8.9248,9.6436,0.0828,0.0401,4.3222,0.0
2021-04-01,19:00,HLHRBSC13,17177.0,17177_K Block Sabzazar (Gold) Lahore-Z2 (3G-CI-4379),142.0,7177_K Block Sabzazar (Gold) Lahore-Z2 (3G-CI-4379),LAHORE_CLUSTER_11_Urban,100%,0.0,58.0,1.0,181.0,0.0,272.0,242.0,246.0,0.0,125.0,3.1722,1.0,19068.0,19108.0,18926.0,19108.0,0.0,0.0,272.0,271.0,3.1722,100.0,102.0,102.0,0.0,271.0,58.0,58.0,0.0487,0.0487,10.838,0.096,0.0,0.0053,0.0,10.838,0.096,0.0,0.0053,0.0,3.1722,1.0
2021-04-01,19:00,HLHRBSC13,21626.0,CI-1626-2_Chaudhry Colony Samanabad Lahore-Z2 (3G-CI-1870),141.0,CI-1626_Chaudhry Colony Samanabad Lahore-Z2 (3G-CI-1870),LAHORE_CLUSTER_11_Urban,100%,0.0,144.0,0.0,222.0,0.0,789.0,165.0,167.0,0.0,81.0,4.6819,0.0,28454.0,28748.0,28722.0,28748.0,0.0,2.0,789.0,776.0,4.6819,100.0,271.0,274.0,0.0,776.0,142.0,144.0,0.0,0.0832,14.6948,1.713,0.0137,0.0,0.0,14.6948,1.713,0.0137,0.0,0.0,4.6819,0.0
2021-04-01,19:00,HLHRBSC13,11626.0,CI-1626-1_Chaudhry Colony Samanabad Lahore-Z2 (3G-CI-1870),140.0,CI-1626_Chaudhry Colony Samanabad Lahore-Z2 (3G-CI-1870),LAHORE_CLUSTER_11_Urban,100%,0.0,106.0,1.0,154.0,0.0,411.0,96.0,100.0,0.0,48.0,5.7597,1.0,38378.0,38514.0,38502.0,38514.0,0.0,0.0,411.0,400.0,5.7597,100.0,183.0,190.0,0.0,400.0,106.0,106.0,0.0,0.0,8.9385,3.8316,0.0,0.0,0.0,8.9385,3.8316,0.0,0.0,0.0,5.7597,1.0
2021-04-01,19:00,HLHRBSC13,27081.0,27081_Block N Samanabad Lahore-Z0 (3G-CI-4327),119.0,7081_Block N Samanabad Lahore-Z0 (3G-CI-4327),LAHORE_CLUSTER_11_Urban,100%,0.0,61.0,0.0,122.0,0.0,362.0,104.0,114.0,0.0,63.0,1.9431,0.0,11126.0,11250.0,10996.0,11250.0,9.0,9.0,362.0,346.0,1.9431,100.0,120.0,130.0,9.0,346.0,61.0,61.0,0.0629,0.6924,7.0882,5.5668,0.0802,0.008,0.0,7.0882,5.5668,0.0802,0.008,0.0,1.9431,0.0
2021-04-01,19:00,HLHRBSC13,17081.0,17081_Block N Samanabad Lahore-Z0 (3G-CI-4327),118.0,7081_Block N Samanabad Lahore-Z0 (3G-CI-4327),LAHORE_CLUSTER_11_Urban,100%,0.0,60.0,0.0,94.0,0.0,180.0,70.0,72.0,0.0,37.0,0.9194,0.0,4306.0,4344.0,4344.0,4344.0,0.0,1.0,180.0,172.0,0.9194,100.0,79.0,84.0,0.0,172.0,59.0,60.0,0.0817,1.6063,1.238,8.4251,0.1497,0.008,0.0,1.238,8.4251,0.1497,0.008,0.0,0.9194,0.0
2021-04-01,19:00,HLHRBSC13,37206.0,37206_Pakki Thathi Lahore-Z2 (3G-CI-4396),117.0,7206_Pakki Thathi Lahore-Z2 (3G-CI-4396),LAHORE_CLUSTER_11_Urban,100%,0.0,140.0,0.0,323.0,0.0,455.0,360.0,361.0,0.0,184.0,4.0014,0.0,21514.0,21716.0,21390.0,21716.0,1.0,2.0,455.0,449.0,4.0014,100.0,220.0,220.0,1.0,449.0,139.0,140.0,1.3165,7.175,10.1293,1.1520000000000001,0.7120000000000001,0.1387,0.0213,10.1293,1.1520000000000001,0.7120000000000001,0.1387,0.0213,4.0014,0.0
2021-04-01,19:00,HLHRBSC13,27206.0,27206_Pakki Thathi Lahore-Z2 (3G-CI-4396),116.0,7206_Pakki Thathi Lahore-Z2 (3G-CI-4396),LAHORE_CLUSTER_11_Urban,100%,0.0,131.0,0.0,261.0,0.0,539.0,247.0,251.0,0.0,131.0,5.975,0.0,37930.0,37938.0,37874.0,37938.0,1.0,1.0,539.0,535.0,5.975,100.0,210.0,211.0,1.0,535.0,131.0,131.0,0.2116,1.6459,10.192,0.9627,0.1627,0.016,0.008,10.192,0.9627,0.1627,0.016,0.008,5.975,0.0
2021-04-01,19:00,HLHRBSC13,33099.0,33099_New Shalimar Town (Gold) Lahore-Z2 (3G-CI-4225),112.0,3099_New Shalimar Town (Gold) Lahore-Z2 (3G-CI-4225),LAHORE_CLUSTER_11_Urban,100%,0.0,123.0,1.0,302.0,0.0,348.0,373.0,375.0,0.0,180.0,2.8125,1.0,14860.0,15086.0,14772.0,15086.0,0.0,1.0,348.0,345.0,2.8125,100.0,189.0,191.0,0.0,345.0,122.0,123.0,0.0689,0.1206,15.4107,0.055999999999999994,0.008,0.0107,0.0,15.4107,0.055999999999999994,0.008,0.0107,0.0,2.8125,1.0
2021-04-01,19:00,HLHRBSC13,23099.0,23099_New Shalimar Town (Gold) Lahore-Z2 (3G-CI-4225),111.0,3099_New Shalimar Town (Gold) Lahore-Z2 (3G-CI-4225),LAHORE_CLUSTER_11_Urban,100%,0.0,226.0,1.0,700.0,0.0,744.0,918.0,920.0,0.0,476.0,15.2236,1.0,99870.0,99944.0,99882.0,99944.0,1.0,3.0,744.0,729.0,15.2236,100.0,380.0,384.0,1.0,729.0,224.0,226.0,0.0342,0.7366,14.8054,0.7112,0.1098,0.0027,0.0027,14.8054,0.7112,0.1098,0.0027,0.0027,15.2236,1.0
2021-04-01,19:00,HLHRBSC13,13099.0,13099_New Shalimar Town (Gold) Lahore-Z2 (3G-CI-4225),110.0,3099_New Shalimar Town (Gold) Lahore-Z2 (3G-CI-4225),LAHORE_CLUSTER_11_Urban,100%,0.0,99.0,0.0,225.0,0.0,406.0,247.0,248.0,0.0,126.0,2.7667,0.0,15334.0,15434.0,15218.0,15434.0,0.0,2.0,406.0,350.0,2.7667,100.0,143.0,154.0,0.0,350.0,97.0,99.0,0.6678,64.4336,0.07200000000000001,4.1893,7.64,0.0747,0.0053,0.07200000000000001,4.1893,7.64,0.0747,0.0053,2.7667,0.0
2021-04-01,19:00,HLHRBSC13,13071.0,13071_New Islamia Samanabad Lahore-Z2 (3G-CI-4215),106.0,3071_New Islamia Samanabad Lahore-Z2 (3G-CI-4215),LAHORE_CLUSTER_11_Urban,100%,0.0,190.0,2.0,349.0,0.0,674.0,353.0,357.0,0.0,161.0,7.9306,2.0,51410.0,51430.0,51112.0,51430.0,0.0,2.0,674.0,630.0,7.9306,100.0,280.0,288.0,0.0,630.0,188.0,190.0,0.4013,4.0885,3.912,12.6595,0.6371,0.0667,0.0027,3.912,12.6595,0.6371,0.0667,0.0027,7.9306,2.0
2021-04-01,19:00,HLHRBSC13,23071.0,23071_New Islamia Samanabad Lahore-Z2 (3G-CI-4215),105.0,3071_New Islamia Samanabad Lahore-Z2 (3G-CI-4215),LAHORE_CLUSTER_11_Urban,100%,0.0,121.0,0.0,225.0,0.0,652.0,209.0,213.0,0.0,104.0,2.3042,0.0,11228.0,11252.0,11250.0,11252.0,0.0,0.0,652.0,646.0,2.3042,100.0,173.0,174.0,0.0,646.0,121.0,121.0,0.1553,0.9121,10.9282,2.6516,0.1037,0.016,0.0053,10.9282,2.6516,0.1037,0.016,0.0053,2.3042,0.0
2021-04-01,19:00,HLHRBSC13,33071.0,33071_New Islamia Samanabad Lahore-Z2 (3G-CI-4215),104.0,3071_New Islamia Samanabad Lahore-Z2 (3G-CI-4215),LAHORE_CLUSTER_11_Urban,100%,0.0,134.0,0.0,280.0,0.0,435.0,290.0,363.0,0.0,216.0,4.0333,0.0,22588.0,22588.0,22496.0,22588.0,0.0,0.0,435.0,425.0,4.0333,100.0,320.0,327.0,0.0,425.0,134.0,134.0,1.7613,4.6298,12.0653,2.647,0.4425,0.1731,0.0986,12.0653,2.647,0.4425,0.1731,0.0986,4.0333,0.0
2021-04-01,19:00,HLHRBSC13,17020.0,17020_Pakki Thathi Graveyard Lahore-Z2 (3G-CI-4295),103.0,7020_Pakki Thathi Graveyard Lahore-Z2 (3G-CI-4295),LAHORE_CLUSTER_11_Urban,100%,0.0,140.0,1.0,284.0,0.0,418.0,286.0,287.0,0.0,145.0,3.3306,1.0,17624.0,17782.0,17608.0,17782.0,0.0,1.0,418.0,395.0,3.3306,100.0,221.0,223.0,0.0,395.0,139.0,140.0,0.1364,0.7042,0.9813,10.7059,0.0668,0.0161,0.0,0.9813,10.7059,0.0668,0.0161,0.0,3.3306,1.0
2021-04-01,19:00,HLHRBSC13,27020.0,27020_Pakki Thathi Graveyard Lahore-Z2 (3G-CI-4295),102.0,7020_Pakki Thathi Graveyard Lahore-Z2 (3G-CI-4295),LAHORE_CLUSTER_11_Urban,100%,0.0,77.0,0.0,304.0,0.0,611.0,445.0,454.0,0.0,228.0,3.5833,0.0,21416.0,21432.0,21396.0,21432.0,1.0,1.0,611.0,602.0,3.5833,100.0,187.0,187.0,1.0,602.0,77.0,77.0,1.5819999999999999,5.5374,15.6059,1.9545,0.7353,0.2112,0.0829,15.6059,1.9545,0.7353,0.2112,0.0829,3.5833,0.0
2021-04-01,19:00,HLHRBSC13,37020.0,37020_Pakki Thathi Graveyard Lahore-Z2 (3G-CI-4295),101.0,7020_Pakki Thathi Graveyard Lahore-Z2 (3G-CI-4295),LAHORE_CLUSTER_11_Urban,100%,0.0,65.0,0.0,280.0,0.0,557.0,418.0,427.0,0.0,223.0,2.6208,0.0,14596.0,14662.0,14620.0,14662.0,0.0,1.0,557.0,549.0,2.6208,100.0,110.0,111.0,0.0,549.0,64.0,65.0,0.0,0.2281,12.5098,0.2954,0.0293,0.0,0.0,12.5098,0.2954,0.0293,0.0,0.0,2.6208,0.0
2021-04-01,19:00,HLHRBSC13,33051.0,33051_Neelam Block Samanbad (Gold) Lahore-Z2 (3G-CI-4204),100.0,3051_Neelam Block Samanbad (Gold) Lahore-Z2 (3G-CI-4204),LAHORE_CLUSTER_11_Urban,100%,0.0,155.0,2.0,347.0,0.0,1471.0,384.0,391.0,0.0,194.0,5.1236,2.0,28800.0,29356.0,29118.0,29356.0,3.0,4.0,1471.0,1454.0,5.1236,100.0,300.0,307.0,3.0,1454.0,154.0,155.0,0.1697,31.4145,9.0133,3.9519,5.9064,0.0241,0.008,9.0133,3.9519,5.9064,0.0241,0.008,5.1236,2.0
2021-04-01,19:00,HLHRBSC09,37006.0,37006_Miraj Din Shaheed Road Lahore-Z2 (3G-CI-4289),95.0,7006_Miraj Din Shaheed Road Lahore-Z2 (3G-CI-4289),LAHORE_CLUSTER_11_Urban,100%,0.0,85.0,0.0,124.0,0.0,512.0,70.0,71.0,0.0,40.0,3.5181,0.0,22586.0,22592.0,22544.0,22592.0,5.0,6.0,512.0,486.0,3.5181,100.0,187.0,202.0,5.0,486.0,84.0,85.0,0.0959,5.8273,0.0,10.5,0.639,0.0027,0.008,0.0,10.5,0.639,0.0027,0.008,3.5181,0.0
2021-04-01,19:00,HLHRBSC09,27006.0,27006_Miraj Din Shaheed Road Lahore-Z2 (3G-CI-4289),94.0,7006_Miraj Din Shaheed Road Lahore-Z2 (3G-CI-4289),LAHORE_CLUSTER_11_Urban,100%,0.0,80.0,2.0,144.0,0.0,268.0,113.0,115.0,0.0,65.0,2.1111,2.0,11218.0,11250.0,11220.0,11250.0,2.0,3.0,268.0,258.0,2.1111,100.0,145.0,149.0,2.0,258.0,79.0,80.0,0.1883,0.7767,2.7941,8.4786,0.0669,0.0134,0.008,2.7941,8.4786,0.0669,0.0134,0.008,2.1111,2.0
2021-04-01,19:00,HLHRBSC09,17006.0,17006_Miraj Din Shaheed Road Lahore-Z2 (3G-CI-4289),93.0,7006_Miraj Din Shaheed Road Lahore-Z2 (3G-CI-4289),LAHORE_CLUSTER_11_Urban,100%,0.0,147.0,1.0,242.0,0.0,591.0,184.0,198.0,0.0,95.0,4.9347,1.0,30078.0,30368.0,30258.0,30368.0,2.0,2.0,591.0,578.0,4.9347,100.0,202.0,205.0,2.0,578.0,147.0,147.0,0.0,0.1819,25.2853,1.0613,0.048,0.0,0.0,25.2853,1.0613,0.048,0.0,0.0,4.9347,1.0
2021-04-01,19:00,HLHRBSC09,27093.0,27093_Den Colony College Rd (Gold) Lahore-Z3 (3G-CI-4336),9.0,7093_Den Colony College Rd (Gold) Lahore-Z3 (3G-CI-4336),LAHORE_CLUSTER_11_Urban,100%,0.0,64.0,0.0,105.0,0.0,272.0,80.0,82.0,0.0,41.0,2.1472,0.0,12080.0,12144.0,12134.0,12144.0,1.0,1.0,272.0,249.0,2.1472,100.0,139.0,143.0,1.0,249.0,64.0,64.0,0.022000000000000002,0.5725,2.0749,9.9973,0.0668,0.0027,0.0,2.0749,9.9973,0.0668,0.0027,0.0,2.1472,0.0
2021-04-01,19:00,HLHRBSC09,33086.0,33086_Royal Park Hotel Lahore-Z2 (3G-CI-4027),89.0,3086_Royal Park Hotel Lahore-Z2 (3G-CI-4027),LAHORE_CLUSTER_11_Urban,100%,0.0,20.0,2.0,163.0,0.0,102.0,280.0,289.0,0.0,145.0,1.0667,2.0,4994.0,5232.0,5222.0,5232.0,1.0,2.0,102.0,88.0,1.0667,100.0,29.0,39.0,1.0,88.0,19.0,20.0,0.3355,14.6451,11.515999999999998,0.016,1.9333,0.032,0.0133,11.515999999999998,0.016,1.9333,0.032,0.0133,1.0667,2.0
2021-04-01,19:00,HLHRBSC09,23086.0,23086_Royal Park Hotel Lahore-Z2 (3G-CI-4027),88.0,3086_Royal Park Hotel Lahore-Z2 (3G-CI-4027),LAHORE_CLUSTER_11_Urban,100%,0.0,99.0,0.0,258.0,0.0,304.0,322.0,335.0,0.0,161.0,4.0944,0.0,25088.0,25094.0,25016.0,25094.0,0.0,0.0,304.0,291.0,4.0944,100.0,137.0,146.0,0.0,291.0,99.0,99.0,68.1164,68.1164,4.6364,0.0107,0.0,0.0,9.927999999999999,4.6364,0.0107,0.0,0.0,9.927999999999999,4.0944,0.0
2021-04-01,19:00,HLHRBSC09,13086.0,13086_Royal Park Hotel Lahore-Z2 (3G-CI-4027),87.0,3086_Royal Park Hotel Lahore-Z2 (3G-CI-4027),LAHORE_CLUSTER_11_Urban,100%,0.0,52.0,0.0,105.0,0.0,372.0,103.0,105.0,0.0,54.0,1.8986,0.0,12010.0,12042.0,12008.0,12042.0,1.0,2.0,372.0,340.0,1.8986,100.0,80.0,91.0,1.0,340.0,51.0,52.0,0.1568,100.0,0.0,0.0,10.2112,0.0134,0.0027,0.0,0.0,10.2112,0.0134,0.0027,1.8986,0.0
2021-04-01,19:00,HLHRBSC09,33075.0,33075_Clifton Colony Wahdat Road Lahore-Z2 (3G-CI-4023),86.0,3075_Clifton Colony Wahdat Road Lahore-Z2 (3G-CI-4023),LAHORE_CLUSTER_11_Urban,100%,0.0,71.0,0.0,189.0,0.0,547.0,230.0,234.0,0.0,118.0,2.375,0.0,13400.0,13472.0,13454.0,13472.0,1.0,1.0,547.0,547.0,2.375,100.0,156.0,156.0,1.0,547.0,71.0,71.0,0.23600000000000002,0.8657,9.5208,0.58,0.0642,0.016,0.008,9.5208,0.58,0.0642,0.016,0.008,2.375,0.0
2021-04-01,19:00,HLHRBSC09,23075.0,23075_Clifton Colony Wahdat Road Lahore-Z2 (3G-CI-4023),85.0,3075_Clifton Colony Wahdat Road Lahore-Z2 (3G-CI-4023),LAHORE_CLUSTER_11_Urban,100%,0.0,70.0,0.0,214.0,0.0,218.0,283.0,289.0,0.0,147.0,1.8236,0.0,8582.0,8592.0,8592.0,8592.0,0.0,0.0,218.0,214.0,1.8236,100.0,108.0,111.0,0.0,214.0,70.0,70.0,0.05,0.225,10.5,0.1738,0.0187,0.0054,0.0,10.5,0.1738,0.0187,0.0054,0.0,1.8236,0.0
2021-04-01,19:00,HLHRBSC09,13075.0,13075_Clifton Colony Wahdat Road Lahore-Z2 (3G-CI-4023),84.0,3075_Clifton Colony Wahdat Road Lahore-Z2 (3G-CI-4023),LAHORE_CLUSTER_11_Urban,100%,0.0,144.0,0.0,288.0,0.0,733.0,284.0,289.0,0.0,144.0,5.7472,0.0,34816.0,35066.0,34936.0,35066.0,0.0,0.0,733.0,700.0,5.7472,100.0,236.0,242.0,0.0,700.0,144.0,144.0,0.1947,0.8113,14.0027,2.296,0.1013,0.032,0.0,14.0027,2.296,0.1013,0.032,0.0,5.7472,0.0
2021-04-01,19:00,HLHRBSC09,33028.0,33028_Miraj Building Ichra Lahore-Z2 (3G-CI-4191),80.0,3028_Miraj Building Ichra Lahore-Z2 (3G-CI-4191),LAHORE_CLUSTER_11_Urban,100%,0.0,77.0,1.0,150.0,0.0,574.0,156.0,162.0,0.0,78.0,2.3986,1.0,13998.0,14018.0,13788.0,14018.0,0.0,1.0,574.0,560.0,2.3986,100.0,157.0,168.0,0.0,560.0,76.0,77.0,0.1837,1.2335,0.736,9.2987,0.1067,0.0187,0.0,0.736,9.2987,0.1067,0.0187,0.0,2.3986,1.0
2021-04-01,19:00,HLHRBSC09,17093.0,17093_Den Colony College Rd (Gold) Lahore-Z3 (3G-CI-4336),8.0,7093_Den Colony College Rd (Gold) Lahore-Z3 (3G-CI-4336),LAHORE_CLUSTER_11_Urban,100%,0.0,145.0,2.0,234.0,0.0,665.0,177.0,179.0,0.0,89.0,3.6347,2.0,18934.0,18984.0,18672.0,18984.0,2.0,2.0,665.0,637.0,3.6347,100.0,266.0,275.0,2.0,637.0,145.0,145.0,0.0735,0.3487,11.0639,3.4053,0.04,0.0107,0.0,11.0639,3.4053,0.04,0.0107,0.0,3.6347,2.0
2021-04-01,19:00,HLHRBSC09,23028.0,23028_Miraj Building Ichra Lahore-Z2 (3G-CI-4191),79.0,3028_Miraj Building Ichra Lahore-Z2 (3G-CI-4191),LAHORE_CLUSTER_11_Urban,100%,0.0,265.0,4.0,302.0,0.0,1395.0,91.0,95.0,0.0,36.0,7.7639,4.0,44738.0,46054.0,45334.0,46054.0,2.0,2.0,1395.0,1315.0,7.7639,100.0,389.0,400.0,2.0,1315.0,265.0,265.0,0.042,0.6443,11.072000000000001,7.8874,0.1149,0.0027,0.0053,11.072000000000001,7.8874,0.1149,0.0027,0.0053,7.7639,4.0
2021-04-01,19:00,HLHRBSC09,13028.0,13028_Miraj Building Ichra Lahore-Z2 (3G-CI-4191),78.0,3028_Miraj Building Ichra Lahore-Z2 (3G-CI-4191),LAHORE_CLUSTER_11_Urban,100%,0.0,56.0,1.0,78.0,0.0,338.0,52.0,55.0,0.0,23.0,2.6014,1.0,15594.0,16510.0,16478.0,16510.0,0.0,1.0,338.0,307.0,2.6014,100.0,78.0,103.0,0.0,307.0,55.0,56.0,0.1827,1.0134,14.4587,1.4293,0.1333,0.0213,0.008,14.4587,1.4293,0.1333,0.0213,0.008,2.6014,1.0
2021-04-01,19:00,HLHRBSC09,33004.0,33004_Bilal Manzil Lahore-Z3 (3G-CI-4002),77.0,3004_Bilal Manzil Lahore-Z3 (3G-CI-4002),LAHORE_CLUSTER_11_Urban,100%,0.0,63.0,0.0,131.0,0.0,109.0,134.0,135.0,0.0,68.0,2.4819,0.0,15500.0,15568.0,15500.0,15568.0,0.0,0.0,109.0,109.0,2.4819,100.0,85.0,85.0,0.0,109.0,63.0,63.0,0.1318,0.6152,17.5916,0.5014,0.08800000000000001,0.008,0.016,17.5916,0.5014,0.08800000000000001,0.008,0.016,2.4819,0.0
2021-04-01,19:00,HLHRBSC09,23004.0,23004_Bilal Manzil Lahore-Z3 (3G-CI-4002),76.0,3004_Bilal Manzil Lahore-Z3 (3G-CI-4002),LAHORE_CLUSTER_11_Urban,100%,0.0,43.0,0.0,145.0,0.0,133.0,204.0,204.0,0.0,102.0,0.9861,0.0,4586.0,4598.0,4560.0,4598.0,1.0,1.0,133.0,107.0,0.9861,100.0,53.0,56.0,1.0,107.0,43.0,43.0,0.0,0.2165,15.5775,0.4412,0.0348,0.0,0.0,15.5775,0.4412,0.0348,0.0,0.0,0.9861,0.0
2021-04-01,19:00,HLHRBSC09,13004.0,13004_Bilal Manzil Lahore-Z3 (3G-CI-4002),75.0,3004_Bilal Manzil Lahore-Z3 (3G-CI-4002),LAHORE_CLUSTER_11_Urban,100%,0.0,25.0,0.0,110.0,0.0,194.0,150.0,152.0,0.0,86.0,2.0,0.0,13074.0,13074.0,13044.0,13074.0,0.0,0.0,194.0,141.0,2.0,100.0,54.0,59.0,0.0,141.0,25.0,25.0,0.1656,1.7394,0.0,9.5161,0.1524,0.0107,0.0054,0.0,9.5161,0.1524,0.0107,0.0054,2.0,0.0
2021-04-01,19:00,HLHRBSC09,33003.0,33003_GOR II Lahore-Z3 (3G-CI-4179),74.0,3003_GOR II Lahore-Z3 (3G-CI-4179),LAHORE_CLUSTER_11_Urban,100%,0.0,5.0,0.0,50.0,0.0,292.0,75.0,76.0,0.0,45.0,0.4833,0.0,2708.0,2722.0,2624.0,2722.0,3.0,3.0,292.0,285.0,0.4833,100.0,71.0,75.0,3.0,285.0,5.0,5.0,0.3024,100.0,0.0,0.0,12.3089,0.0293,0.008,0.0,0.0,12.3089,0.0293,0.008,0.4833,0.0
2021-04-01,19:00,HLHRBSC09,23003.0,23003_GOR II Lahore-Z3 (3G-CI-4179),73.0,3003_GOR II Lahore-Z3 (3G-CI-4179),LAHORE_CLUSTER_11_Urban,100%,0.0,100.0,0.0,123.0,0.0,1106.0,67.0,67.0,0.0,23.0,2.6861,0.0,15702.0,16024.0,15990.0,16024.0,0.0,0.0,1106.0,976.0,2.6861,100.0,198.0,217.0,0.0,976.0,100.0,100.0,0.6603,2.0001,9.6433,3.0501,0.1735,0.0374,0.0481,9.6433,3.0501,0.1735,0.0374,0.0481,2.6861,0.0
2021-04-01,19:00,HLHRBSC09,13003.0,13003_GOR II Lahore-Z3 (3G-CI-4179),72.0,3003_GOR II Lahore-Z3 (3G-CI-4179),LAHORE_CLUSTER_11_Urban,100%,0.0,94.0,2.0,183.0,0.0,1333.0,181.0,182.0,0.0,91.0,2.9681,2.0,17262.0,17318.0,17002.0,17318.0,0.0,1.0,1333.0,1288.0,2.9681,100.0,230.0,241.0,0.0,1288.0,93.0,94.0,1.3656,100.0,0.0,0.0,9.4626,0.1016,0.0294,0.0,0.0,9.4626,0.1016,0.0294,2.9681,2.0
2021-04-01,19:00,HLHRBSC09,13205.0,13205_Rehamanpura Lahore-Z0 (3G-CI-4789),71.0,3205_Rehamanpura Lahore-Z0 (3G-CI-4789),LAHORE_CLUSTER_11_Urban,100%,0.0,100.0,0.0,176.0,0.0,337.0,158.0,158.0,0.0,77.0,2.2778,0.0,13048.0,13060.0,13046.0,13060.0,0.0,1.0,337.0,326.0,2.2778,100.0,205.0,216.0,0.0,326.0,99.0,100.0,0.0,0.0,12.2594,0.0534,0.0,0.0,0.0,12.2594,0.0534,0.0,0.0,0.0,2.2778,0.0
2021-04-01,19:00,HLHRBSC09,31137.0,CI-1137-3_Khaleej Tower Jail Road Lahore-Z0 (3G-CI-1788),298.0,CI-1137_Khaleej Tower Jail Road Lahore-Z0 (3G-CI-1788),LAHORE_CLUSTER_11_Urban,100%,0.0,89.0,2.0,189.0,0.0,1252.0,176.0,179.0,0.0,100.0,3.7917,2.0,21476.0,22238.0,22102.0,22238.0,0.0,0.0,1252.0,1201.0,3.7917,100.0,185.0,191.0,0.0,1201.0,89.0,89.0,0.124,0.6693,20.5978,0.7346,0.1171,0.0187,0.008,20.5978,0.7346,0.1171,0.0187,0.008,3.7917,2.0
2021-04-01,19:00,HLHRBSC09,21137.0,CI-1137-2_Khaleej Tower Jail Road Lahore-Z0 (3G-CI-1788),297.0,CI-1137_Khaleej Tower Jail Road Lahore-Z0 (3G-CI-1788),LAHORE_CLUSTER_11_Urban,100%,0.0,19.0,0.0,77.0,0.0,200.0,104.0,109.0,0.0,56.0,0.8583,0.0,4560.0,4692.0,4690.0,4692.0,0.0,0.0,200.0,198.0,0.8583,100.0,29.0,29.0,0.0,198.0,19.0,19.0,0.1805,0.7223,8.4943,0.2932,0.048,0.0133,0.0027,8.4943,0.2932,0.048,0.0133,0.0027,0.8583,0.0
2021-04-01,19:00,HLHRBSC09,11137.0,CI-1137-1_Khaleej Tower Jail Road Lahore-Z0 (3G-CI-1788),296.0,CI-1137_Khaleej Tower Jail Road Lahore-Z0 (3G-CI-1788),LAHORE_CLUSTER_11_Urban,100%,0.0,48.0,0.0,142.0,0.0,500.0,187.0,188.0,0.0,94.0,2.3889,0.0,14522.0,14522.0,14512.0,14522.0,0.0,0.0,500.0,485.0,2.3889,100.0,149.0,151.0,0.0,485.0,48.0,48.0,0.3655,1.0442,8.6755,1.4069,0.0692,0.0319,0.0053,8.6755,1.4069,0.0692,0.0319,0.0053,2.3889,0.0
2021-04-01,19:00,HLHRBSC09,33205.0,33205_Rehamanpura Lahore-Z0 (3G-CI-4789),288.0,3205_Rehamanpura Lahore-Z0 (3G-CI-4789),LAHORE_CLUSTER_11_Urban,100%,0.0,51.0,0.0,140.0,0.0,177.0,182.0,182.0,0.0,89.0,1.55,0.0,8520.0,8530.0,8522.0,8530.0,0.0,0.0,177.0,177.0,1.55,100.0,112.0,112.0,0.0,177.0,51.0,51.0,0.0,0.0342,7.7861,0.0241,0.0027,0.0,0.0,7.7861,0.0241,0.0027,0.0,0.0,1.55,0.0
2021-04-01,19:00,HLHRBSC09,23205.0,23205_Rehamanpura Lahore-Z0 (3G-CI-4789),287.0,3205_Rehamanpura Lahore-Z0 (3G-CI-4789),LAHORE_CLUSTER_11_Urban,100%,0.0,173.0,2.0,320.0,0.0,1143.0,308.0,321.0,0.0,151.0,5.0,2.0,29736.0,29896.0,29632.0,29896.0,0.0,0.0,1143.0,1139.0,5.0,100.0,900.0,900.0,0.0,1139.0,173.0,173.0,0.2846,1.1994,11.9305,1.0642,0.1203,0.0241,0.0134,11.9305,1.0642,0.1203,0.0241,0.0134,5.0,2.0
2021-04-01,19:00,HLHRBSC09,37082.0,37082_Rasul Park Ichra Lahore-Z3 (3G-CI-4328),28.0,7082_Rasul Park Ichra Lahore-Z3 (3G-CI-4328),LAHORE_CLUSTER_11_Urban,100%,0.0,40.0,0.0,135.0,0.0,444.0,190.0,191.0,0.0,96.0,1.5014,0.0,8570.0,8576.0,8576.0,8576.0,0.0,0.0,444.0,443.0,1.5014,100.0,128.0,129.0,0.0,443.0,40.0,40.0,0.0,0.5684,4.8797,0.2647,0.0294,0.0,0.0,4.8797,0.2647,0.0294,0.0,0.0,1.5014,0.0
2021-04-01,19:00,HLHRBSC09,27082.0,27082_Rasul Park Ichra Lahore-Z3 (3G-CI-4328),27.0,7082_Rasul Park Ichra Lahore-Z3 (3G-CI-4328),LAHORE_CLUSTER_11_Urban,100%,0.0,78.0,1.0,128.0,0.0,537.0,106.0,109.0,0.0,51.0,2.3125,1.0,12240.0,12718.0,12552.0,12718.0,0.0,1.0,537.0,470.0,2.3125,100.0,161.0,171.0,0.0,470.0,77.0,78.0,0.23399999999999999,0.687,8.2803,9.8639,0.0828,0.0134,0.0294,8.2803,9.8639,0.0828,0.0134,0.0294,2.3125,1.0
2021-04-01,19:00,HLHRBSC09,17082.0,17082_Rasul Park Ichra Lahore-Z3 (3G-CI-4328),26.0,7082_Rasul Park Ichra Lahore-Z3 (3G-CI-4328),LAHORE_CLUSTER_11_Urban,100%,0.0,79.0,2.0,158.0,0.0,559.0,153.0,155.0,0.0,81.0,2.1264,2.0,11574.0,11658.0,11384.0,11658.0,1.0,2.0,559.0,553.0,2.1264,100.0,120.0,122.0,1.0,553.0,78.0,79.0,0.4781,2.5889,7.4656,1.778,0.2003,0.0267,0.0187,7.4656,1.778,0.2003,0.0267,0.0187,2.1264,2.0
2021-04-01,19:00,HLHRBSC09,33124.0,33124_Bukhari Market Wahdat Road Lahore-Z3 (3G-CI-4036),253.0,3124_Bukhari Market Wahdat Road Lahore-Z3 (3G-CI-4036),LAHORE_CLUSTER_11_Urban,100%,0.0,205.0,0.0,439.0,0.0,901.0,483.0,487.0,0.0,235.0,5.4889,0.0,30278.0,30338.0,30284.0,30338.0,1.0,2.0,901.0,877.0,5.4889,100.0,406.0,411.0,1.0,877.0,204.0,205.0,0.0407,0.2239,12.4987,0.5706,0.024,0.0,0.0053,12.4987,0.5706,0.024,0.0,0.0053,5.4889,0.0
2021-04-01,19:00,HLHRBSC09,23124.0,23124_Bukhari Market Wahdat Road Lahore-Z3 (3G-CI-4036),252.0,3124_Bukhari Market Wahdat Road Lahore-Z3 (3G-CI-4036),LAHORE_CLUSTER_11_Urban,100%,0.0,102.0,1.0,224.0,0.0,903.0,249.0,252.0,0.0,122.0,4.1639,1.0,24866.0,24900.0,24870.0,24900.0,0.0,1.0,903.0,895.0,4.1639,100.0,211.0,214.0,0.0,895.0,101.0,102.0,0.0164,0.0981,15.918,0.3867,0.0133,0.0027,0.0,15.918,0.3867,0.0133,0.0027,0.0,4.1639,1.0
2021-04-01,19:00,HLHRBSC09,13124.0,13124_Bukhari Market Wahdat Road Lahore-Z3 (3G-CI-4036),251.0,3124_Bukhari Market Wahdat Road Lahore-Z3 (3G-CI-4036),LAHORE_CLUSTER_11_Urban,100%,0.0,102.0,0.0,317.0,0.0,621.0,403.0,412.0,0.0,217.0,3.3708,0.0,18150.0,18180.0,18072.0,18180.0,1.0,2.0,621.0,430.0,3.3708,100.0,225.0,233.0,1.0,430.0,101.0,102.0,0.1331,1.0351,12.5427,5.3039,0.1627,0.0213,0.0027,12.5427,5.3039,0.1627,0.0213,0.0027,3.3708,0.0
2021-04-01,19:00,HLHRBSC09,13164.0,13164_Shah Kabran Wala Lahore-Z2 (3G-CI-4797),220.0,3164_Shah Kabran Wala Lahore-Z2 (3G-CI-4797),LAHORE_CLUSTER_11_Urban,100%,0.0,51.0,0.0,253.0,0.0,277.0,403.0,409.0,0.0,204.0,3.2389,0.0,20192.0,20202.0,20186.0,20202.0,0.0,0.0,277.0,273.0,3.2389,100.0,60.0,61.0,0.0,273.0,51.0,51.0,0.0237,0.1188,11.0241,0.2112,0.0107,0.0027,0.0,11.0241,0.2112,0.0107,0.0027,0.0,3.2389,0.0
2021-04-01,19:00,HLHRBSC09,23164.0,23164_Shah Kabran Wala Lahore-Z2 (3G-CI-4797),219.0,3164_Shah Kabran Wala Lahore-Z2 (3G-CI-4797),LAHORE_CLUSTER_11_Urban,100%,0.0,103.0,0.0,196.0,0.0,517.0,196.0,198.0,0.0,93.0,7.9194,0.0,53184.0,53314.0,53282.0,53314.0,2.0,2.0,517.0,497.0,7.9194,100.0,211.0,213.0,2.0,497.0,103.0,103.0,0.018000000000000002,0.1264,14.4251,0.3636,0.0161,0.0027,0.0,14.4251,0.3636,0.0161,0.0027,0.0,7.9194,0.0
2021-04-01,19:00,HLHRBSC09,33164.0,33164_Shah Kabran Wala Lahore-Z2 (3G-CI-4797),218.0,3164_Shah Kabran Wala Lahore-Z2 (3G-CI-4797),LAHORE_CLUSTER_11_Urban,100%,0.0,44.0,0.0,163.0,0.0,135.0,240.0,241.0,0.0,119.0,2.1972,0.0,13664.0,13664.0,13664.0,13664.0,0.0,0.0,135.0,134.0,2.1972,100.0,71.0,72.0,0.0,134.0,44.0,44.0,0.1169,0.2485,18.0562,0.1925,0.0241,0.0187,0.0027,18.0562,0.1925,0.0241,0.0187,0.0027,2.1972,0.0
2021-04-01,19:00,HLHRBSC09,41621.0,CI-1621-4_Near Tayyabah Masjid Ichra Lahore-Z0 (3G-CI-1865),184.0,CI-1621_Near Tayyabah Masjid Ichra Lahore-Z0 (3G-CI-1865),LAHORE_CLUSTER_11_Urban,100%,0.0,9.0,0.0,19.0,0.0,11.0,16.0,16.0,0.0,10.0,0.1708,0.0,1012.0,1012.0,1012.0,1012.0,0.0,0.0,11.0,11.0,0.1708,100.0,11.0,11.0,0.0,11.0,9.0,9.0,0.0,0.0,4.7804,0.0,0.0,0.0,0.0,4.7804,0.0,0.0,0.0,0.0,0.1708,0.0
2021-04-01,19:00,HLHRBSC09,31621.0,CI-1621-3_Near Tayyabah Masjid Ichra Lahore-Z0 (3G-CI-1865),183.0,CI-1621_Near Tayyabah Masjid Ichra Lahore-Z0 (3G-CI-1865),LAHORE_CLUSTER_11_Urban,100%,0.0,137.0,2.0,178.0,0.0,638.0,76.0,76.0,0.0,36.0,2.6486,2.0,12786.0,12898.0,12822.0,12898.0,0.0,0.0,638.0,634.0,2.6486,100.0,238.0,240.0,0.0,634.0,137.0,137.0,0.0,0.0364,14.5348,0.1417,0.0053,0.0,0.0,14.5348,0.1417,0.0053,0.0,0.0,2.6486,2.0
2021-04-01,19:00,HLHRBSC09,21621.0,CI-1621-2_Near Tayyabah Masjid Ichra Lahore-Z0 (3G-CI-1865),182.0,CI-1621_Near Tayyabah Masjid Ichra Lahore-Z0 (3G-CI-1865),LAHORE_CLUSTER_11_Urban,100%,0.0,51.0,0.0,83.0,0.0,143.0,66.0,66.0,0.0,32.0,1.8347,0.0,11540.0,11626.0,11626.0,11626.0,0.0,0.0,143.0,137.0,1.8347,100.0,82.0,83.0,0.0,137.0,51.0,51.0,0.0,0.0806,9.7968,0.1417,0.008,0.0,0.0,9.7968,0.1417,0.008,0.0,0.0,1.8347,0.0
2021-04-01,19:00,HLHRBSC09,11621.0,CI-1621-1_Near Tayyabah Masjid Ichra Lahore-Z0 (3G-CI-1865),181.0,CI-1621_Near Tayyabah Masjid Ichra Lahore-Z0 (3G-CI-1865),LAHORE_CLUSTER_11_Urban,100%,0.0,49.0,0.0,76.0,0.0,187.0,63.0,63.0,0.0,27.0,1.5931,0.0,10324.0,10352.0,10346.0,10352.0,0.0,0.0,187.0,184.0,1.5931,100.0,115.0,115.0,0.0,184.0,49.0,49.0,0.0,0.026000000000000002,2.1711,8.0829,0.0027,0.0,0.0,2.1711,8.0829,0.0027,0.0,0.0,1.5931,0.0
2021-04-01,19:00,HLHRBSC09,41625.0,CI-1625-4_Usman Bazar Bilal Street Lahore-Z0 (3G-CI-1869),179.0,CI-1625_Usman Bazar Bilal Street Lahore-Z0 (3G-CI-1869),LAHORE_CLUSTER_11_Urban,100%,0.0,38.0,0.0,44.0,0.0,66.0,11.0,11.0,0.0,6.0,0.4347,0.0,1768.0,1768.0,1768.0,1768.0,0.0,0.0,66.0,66.0,0.4347,100.0,62.0,62.0,0.0,66.0,38.0,38.0,0.0,0.0,5.3877,0.0615,0.0,0.0,0.0,5.3877,0.0615,0.0,0.0,0.0,0.4347,0.0
2021-04-01,19:00,HLHRBSC09,31625.0,CI-1625-3_Usman Bazar Bilal Street Lahore-Z0 (3G-CI-1869),178.0,CI-1625_Usman Bazar Bilal Street Lahore-Z0 (3G-CI-1869),LAHORE_CLUSTER_11_Urban,100%,0.0,80.0,0.0,94.0,0.0,158.0,30.0,30.0,0.0,14.0,1.9,0.0,10760.0,10850.0,10818.0,10850.0,0.0,0.0,158.0,158.0,1.9,100.0,114.0,114.0,0.0,158.0,80.0,80.0,0.0,0.0,11.763,0.0053,0.0,0.0,0.0,11.763,0.0053,0.0,0.0,0.0,1.9,0.0
2021-04-01,19:00,HLHRBSC09,21625.0,CI-1625-2_Usman Bazar Bilal Street Lahore-Z0 (3G-CI-1869),177.0,CI-1625_Usman Bazar Bilal Street Lahore-Z0 (3G-CI-1869),LAHORE_CLUSTER_11_Urban,100%,0.0,148.0,1.0,177.0,0.0,362.0,62.0,62.0,0.0,29.0,3.6069,1.0,21352.0,21590.0,21440.0,21590.0,0.0,0.0,362.0,326.0,3.6069,100.0,229.0,251.0,0.0,326.0,148.0,148.0,0.0908,1.8154,0.0,11.5387,0.2027,0.008,0.0027,0.0,11.5387,0.2027,0.008,0.0027,3.6069,1.0
2021-04-01,19:00,HLHRBSC09,11625.0,CI-1625-1_Usman Bazar Bilal Street Lahore-Z0 (3G-CI-1869),176.0,CI-1625_Usman Bazar Bilal Street Lahore-Z0 (3G-CI-1869),LAHORE_CLUSTER_11_Urban,100%,0.0,76.0,0.0,189.0,0.0,718.0,231.0,234.0,0.0,113.0,2.6986,0.0,14938.0,15104.0,14980.0,15104.0,0.0,0.0,718.0,676.0,2.6986,100.0,175.0,185.0,0.0,676.0,76.0,76.0,0.0827,42.2987,0.0,9.3259,6.8231,0.0134,0.0,0.0,9.3259,6.8231,0.0134,0.0,2.6986,0.0
2021-04-01,19:00,HLHRBSC09,17339.0,17339_Aariya Samaj Bazar (Micro) Lahore-Z0 (3G-CI-1680),160.0,7339_Aariya Samaj Bazar (Micro) Lahore-Z0 (3G-CI-1680),LAHORE_CLUSTER_11_Urban,100%,0.0,6.0,0.0,11.0,0.0,26.0,9.0,9.0,0.0,5.0,0.1097,0.0,614.0,614.0,614.0,614.0,0.0,0.0,26.0,26.0,0.1097,100.0,7.0,7.0,0.0,26.0,6.0,6.0,0.0,0.0,4.8507,0.0,0.0,0.0,0.0,4.8507,0.0,0.0,0.0,0.0,0.1097,0.0
2021-04-01,19:00,HLHRBSC09,17599.0,17599_Farooq e Azam Bazar (Micro) Lahore-Z0 (3G-CI-1741),157.0,7599_Farooq e Azam Bazar (Micro) Lahore-Z0 (3G-CI-1741),LAHORE_CLUSTER_11_Urban,100%,0.0,5.0,0.0,8.0,0.0,17.0,5.0,5.0,0.0,3.0,0.1069,0.0,658.0,658.0,658.0,658.0,0.0,0.0,17.0,17.0,0.1069,100.0,5.0,5.0,0.0,17.0,5.0,5.0,0.0,0.0,4.864,0.0,0.0,0.0,0.0,4.864,0.0,0.0,0.0,0.0,0.1069,0.0
2021-04-01,19:00,HLHRBSC09,17428.0,17428_Latif Street (Micro) Lahore-Z0 (3G-CI-1690),156.0,7428_Latif Street (Micro) Lahore-Z0 (3G-CI-1690),LAHORE_CLUSTER_11_Urban,100%,0.0,17.0,0.0,17.0,0.0,26.0,1.0,1.0,0.0,0.0,0.1708,0.0,646.0,672.0,672.0,672.0,0.0,0.0,26.0,26.0,0.1708,100.0,17.0,17.0,0.0,26.0,17.0,17.0,0.0,0.1668,4.6356,0.141,0.008,0.0,0.0,4.6356,0.141,0.008,0.0,0.0,0.1708,0.0
2021-04-01,19:00,HLHRBSC09,17498.0,17498_Ichra (Micro) Lahore-Z0 (3G-CI-1705),153.0,7498_Ichra (Micro) Lahore-Z0 (3G-CI-1705),LAHORE_CLUSTER_11_Urban,100%,0.0,4.0,0.0,7.0,0.0,5.0,3.0,3.0,0.0,3.0,0.0486,0.0,240.0,240.0,240.0,240.0,0.0,0.0,5.0,5.0,0.0486,100.0,4.0,4.0,0.0,5.0,4.0,4.0,0.0,0.0,5.9307,0.0,0.0,0.0,0.0,5.9307,0.0,0.0,0.0,0.0,0.0486,0.0
2021-04-01,19:00,HLHRBSC09,31635.0,CI-1635-3_Shah Din Scheme Lahore-Z3 (3G-CI-1879),143.0,CI-1635_Shah Din Scheme Lahore-Z3 (3G-CI-1879),LAHORE_CLUSTER_11_Urban,100%,0.0,241.0,2.0,380.0,0.0,662.0,293.0,297.0,0.0,141.0,8.4417,2.0,50384.0,50688.0,50430.0,50688.0,1.0,3.0,662.0,647.0,8.4417,100.0,360.0,366.0,1.0,647.0,239.0,241.0,0.0504,0.1638,20.9385,0.1895,0.024,0.008,0.0027,20.9385,0.1895,0.024,0.008,0.0027,8.4417,2.0
2021-04-01,19:00,HLHRBSC09,27259.0,27259_Rehman Pura Lahore-Z2 (3G-CI-4092),138.0,7259_Rehman Pura Lahore-Z2 (3G-CI-4092),LAHORE_CLUSTER_11_Urban,100%,0.0,113.0,0.0,207.0,0.0,237.0,202.0,204.0,0.0,95.0,2.975,0.0,17310.0,17326.0,17304.0,17326.0,0.0,1.0,237.0,237.0,2.975,100.0,171.0,171.0,0.0,237.0,112.0,113.0,0.0427,0.1709,12.2822,0.1896,0.016,0.0053,0.0,12.2822,0.1896,0.016,0.0053,0.0,2.975,0.0
2021-04-01,19:00,HLHRBSC09,37259.0,37259_Rehman Pura Lahore-Z2 (3G-CI-4092),137.0,7259_Rehman Pura Lahore-Z2 (3G-CI-4092),LAHORE_CLUSTER_11_Urban,100%,0.0,54.0,0.0,106.0,0.0,236.0,97.0,98.0,0.0,52.0,1.5806,0.0,9336.0,9370.0,9350.0,9370.0,0.0,0.0,236.0,235.0,1.5806,100.0,113.0,114.0,0.0,235.0,54.0,54.0,0.0,0.19399999999999998,14.5882,0.5428,0.0294,0.0,0.0,14.5882,0.5428,0.0294,0.0,0.0,1.5806,0.0
2021-04-01,19:00,HLHRBSC09,17259.0,17259_Rehman Pura Lahore-Z2 (3G-CI-4092),136.0,7259_Rehman Pura Lahore-Z2 (3G-CI-4092),LAHORE_CLUSTER_11_Urban,100%,0.0,116.0,1.0,148.0,0.0,449.0,62.0,72.0,0.0,33.0,1.7194,1.0,8806.0,8892.0,8816.0,8892.0,1.0,2.0,449.0,437.0,1.7194,100.0,210.0,211.0,1.0,437.0,115.0,116.0,4.5977,10.5245,11.0695,2.2513,0.8824,0.3743,0.3102,11.0695,2.2513,0.8824,0.3743,0.3102,1.7194,1.0
2021-04-01,19:00,HLHRBSC09,21635.0,CI-1635-2_Shah Din Scheme Lahore-Z3 (3G-CI-1879),127.0,CI-1635_Shah Din Scheme Lahore-Z3 (3G-CI-1879),LAHORE_CLUSTER_11_Urban,100%,0.0,153.0,1.0,317.0,0.0,408.0,352.0,355.0,0.0,165.0,2.9042,1.0,15170.0,15182.0,15124.0,15182.0,0.0,1.0,408.0,402.0,2.9042,100.0,207.0,212.0,0.0,402.0,152.0,153.0,0.0,0.1405,14.9084,0.2833,0.0214,0.0,0.0,14.9084,0.2833,0.0214,0.0,0.0,2.9042,1.0
2021-04-01,19:00,HLHRBSC09,11635.0,CI-1635-1_Shah Din Scheme Lahore-Z3 (3G-CI-1879),117.0,CI-1635_Shah Din Scheme Lahore-Z3 (3G-CI-1879),LAHORE_CLUSTER_11_Urban,100%,0.0,211.0,1.0,376.0,0.0,496.0,337.0,338.0,0.0,165.0,5.3819,1.0,30148.0,30388.0,29996.0,30388.0,1.0,2.0,496.0,461.0,5.3819,100.0,299.0,311.0,1.0,461.0,210.0,211.0,0.0305,1.3792,0.0,8.6224,0.1179,0.0027,0.0,0.0,8.6224,0.1179,0.0027,0.0,5.3819,1.0
2021-04-01,19:00,HLHRBSC09,37223.0,37223_Ichra Bazaar Lahore-Z2 (3G-CI-4087),106.0,7223_Ichra Bazaar Lahore-Z2 (3G-CI-4087),LAHORE_CLUSTER_11_Urban,100%,0.0,88.0,1.0,171.0,0.0,273.0,146.0,146.0,0.0,84.0,2.8875,1.0,17880.0,17890.0,17768.0,17890.0,0.0,1.0,273.0,272.0,2.8875,100.0,201.0,202.0,0.0,272.0,87.0,88.0,0.0631,0.3155,12.3262,0.3422,0.0321,0.008,0.0,12.3262,0.3422,0.0321,0.008,0.0,2.8875,1.0
2021-04-01,19:00,HLHRBSC09,27223.0,27223_Ichra Bazaar Lahore-Z2 (3G-CI-4087),105.0,7223_Ichra Bazaar Lahore-Z2 (3G-CI-4087),LAHORE_CLUSTER_11_Urban,100%,0.0,104.0,0.0,221.0,0.0,409.0,229.0,230.0,0.0,118.0,2.3431,0.0,12464.0,12464.0,12440.0,12464.0,1.0,1.0,409.0,388.0,2.3431,100.0,229.0,238.0,1.0,388.0,104.0,104.0,0.3051,1.1391,7.9707,4.9893,0.1093,0.024,0.016,7.9707,4.9893,0.1093,0.024,0.016,2.3431,0.0
2021-04-01,19:00,HLHRBSC09,17223.0,17223_Ichra Bazaar Lahore-Z2 (3G-CI-4087),104.0,7223_Ichra Bazaar Lahore-Z2 (3G-CI-4087),LAHORE_CLUSTER_11_Urban,100%,0.0,167.0,0.0,274.0,0.0,692.0,206.0,209.0,0.0,107.0,3.3778,0.0,18558.0,18794.0,18598.0,18794.0,2.0,2.0,692.0,640.0,3.3778,100.0,447.0,470.0,2.0,640.0,167.0,167.0,0.4226,2.171,0.0,13.5787,0.2427,0.0347,0.024,0.0,13.5787,0.2427,0.0347,0.024,3.3778,0.0
2021-04-01,19:00,HLHRBSC09,37093.0,37093_Den Colony College Rd (Gold) Lahore-Z3 (3G-CI-4336),10.0,7093_Den Colony College Rd (Gold) Lahore-Z3 (3G-CI-4336),LAHORE_CLUSTER_11_Urban,100%,0.0,154.0,1.0,272.0,0.0,1033.0,243.0,248.0,0.0,118.0,2.8583,1.0,13954.0,13974.0,13874.0,13974.0,4.0,4.0,1033.0,1004.0,2.8583,100.0,291.0,301.0,4.0,1004.0,154.0,154.0,0.1225,0.9647,13.2034,4.0855,0.147,0.0187,0.0027,13.2034,4.0855,0.147,0.0187,0.0027,2.8583,1.0
