Date,Time,GBSC,Cell CI,Cell Name,CellIndex,Site Name,Location,Integrity,_CallSetup TCH GOS(%)_N,_CallSetup TCH GOS(%)_D,_DCR_N,_DCR_D,_GOS-SDCCH(%)_N,_GOS-SDCCH(%)_D,_HSR%_N,_HSR%_D,_Mobility TCH GOS(%)_N,_Mobility TCH GOS(%)_D,_MTBD (Mean Time between Drop)_N,_MTBD (Mean Time between Drop)_D,_RxQual Index DL_1,_RxQual Index DL_2,_RxQual Index UL_1,_RxQual Index UL_2,CSSR_Non Blocking_1_N,CSSR_Non Blocking_2_N,CSSR_Non Blocking_1_D,CSSR_Non Blocking_2_D,GlobelTraffic,TCH Availability Rate,_cssr_Call Setup Indications (Circuit Service)_N_1,_Cssr_Channel Requests (Circuit Service)_D_1,_CSSR_Call Drops on SDCCH_N_2,_CSSR_Successful SDCCH Seizures_D_2,_CSSR_Successful TCH Seizures (Traffic Channel)_N_3,_CSSR_TCH Seizure Requests (Traffic Channel)_D_3,Interference Band Proportion (4~5)(%),Interference Band 345,Mean Number of TCH in Interference Band 1,Mean Number of TCH in Interference Band 2,Mean Number of TCH in Interference Band 3,Mean Number of TCH in Interference Band 4,Mean Number of TCH in Interference Band 5,Mean Number of TCH in Interference Band 1.1,Mean Number of TCH in Interference Band 2.1,Mean Number of TCH in Interference Band 3.1,Mean Number of TCH in Interference Band 4.1,Mean Number of TCH in Interference Band 5.1,K3014:Traffic Volume on TCH(Erl),CM33:Call Drops on Traffic Channel
2021-04-01,11:00,HTTSBSC02,22566.0,CII-2566-2_Muhalla Quresian Jhang (3G-CII-4425),184.0,CII-2566_Muhalla Quresian Jhang (3G-CII-4425),JHUNG_CLUSTER_05_Urban,100%,0.0,528.0,2.0,875.0,0.0,2614.0,690.0,699.0,0.0,346.0,15.6681,2.0,97111.0,97921.0,97370.0,97921.0,0.0,1.0,2614.0,2608.0,15.6681,100.0,2268.0,2270.0,0.0,2608.0,527.0,528.0,0.2051,1.5994,11.7773,1.0057,0.1811,0.0213,0.0053,11.7773,1.0057,0.1811,0.0213,0.0053,15.6681,2.0
2021-04-01,11:00,HTTSBSC02,32563.0,CII-2563-3_Girls College Jhang (3G-CII-4245),182.0,CII-2563_Girls College Jhang (3G-CII-4245),JHUNG_CLUSTER_05_Urban,100%,0.0,344.0,0.0,781.0,0.0,652.0,841.0,848.0,0.0,437.0,10.9403,0.0,67813.0,68059.0,67893.0,68059.0,0.0,0.0,652.0,652.0,10.9403,100.0,507.0,507.0,0.0,652.0,344.0,344.0,0.3368,4.56,15.1523,3.9039,0.8432,0.0619,0.0054,15.1523,3.9039,0.8432,0.0619,0.0054,10.9403,0.0
2021-04-01,11:00,HTTSBSC02,22563.0,CII-2563-2_Girls College Jhang (3G-CII-4245),181.0,CII-2563_Girls College Jhang (3G-CII-4245),JHUNG_CLUSTER_05_Urban,100%,0.0,628.0,6.0,1231.0,0.0,1427.0,1261.0,1283.0,0.0,614.0,13.8431,6.0,81151.0,82606.0,82003.0,82606.0,0.0,7.0,1427.0,1414.0,13.8431,100.0,967.0,970.0,0.0,1414.0,621.0,628.0,1.3553,4.8772,8.532,1.8063,0.3828,0.1026,0.0447,8.532,1.8063,0.3828,0.1026,0.0447,13.8431,6.0
2021-04-01,11:00,HTTSBSC03,34202.0,34202_Muhammad Pura Toba Tek Singh (3G-CII-3599),99.0,4202_Muhammad Pura Toba Tek Singh (3G-CII-3599),JHUNG_CLUSTER_05_Urban,100%,0.0,311.0,2.0,805.0,0.0,874.0,1027.0,1038.0,0.0,500.0,10.0583,2.0,64711.0,65085.0,64805.0,65085.0,0.0,1.0,874.0,867.0,10.0583,100.0,474.0,475.0,0.0,867.0,310.0,311.0,1.3187,4.8023,10.3711,2.5583,0.4731,0.1176,0.0615,10.3711,2.5583,0.4731,0.1176,0.0615,10.0583,2.0
2021-04-01,11:00,HTTSBSC03,32044.0,CII-2044-3_Islampura (Gold) Toba Tek Singh (3G-CII-3610),298.0,CII-2044_Islampura (Gold) Toba Tek Singh (3G-CII-3610),JHUNG_CLUSTER_05_Urban,100%,0.0,420.0,2.0,1017.0,0.0,1318.0,1274.0,1281.0,0.0,601.0,12.7694,2.0,80368.0,80881.0,80403.0,80881.0,0.0,4.0,1318.0,1312.0,12.7694,100.0,737.0,740.0,0.0,1312.0,416.0,420.0,1.8352,7.0883,17.570999999999998,1.0993,1.0556,0.1835,0.1853,17.570999999999998,1.0993,1.0556,0.1835,0.1853,12.7694,2.0
2021-04-01,11:00,HTTSBSC03,24253.0,24253_Bilal Colony Cantt Jhang (3G-CII-4350),264.0,4253_Bilal Colony Cantt Jhang (3G-CII-4350),JHUNG_CLUSTER_05_Urban,100%,0.0,557.0,5.0,1470.0,0.0,1057.0,1915.0,1924.0,0.0,916.0,13.325,5.0,76976.0,77304.0,76907.0,77304.0,0.0,2.0,1057.0,1055.0,13.325,100.0,835.0,836.0,0.0,1055.0,555.0,557.0,0.0,0.2537,17.5424,0.3808,0.0456,0.0,0.0,17.5424,0.3808,0.0456,0.0,0.0,13.325,5.0
2021-04-01,11:00,HTTSBSC03,25531.0,25531_Shuja Colony Toba Tek Singh (3G-CII-3608),220.0,5531_Shuja Colony Toba Tek Singh (3G-CII-3608),JHUNG_CLUSTER_05_Urban,100%,0.0,183.0,1.0,390.0,0.0,466.0,399.0,410.0,0.0,214.0,3.7806,1.0,20476.0,20664.0,20502.0,20664.0,0.0,2.0,466.0,466.0,3.7806,100.0,293.0,293.0,0.0,466.0,181.0,183.0,0.0809,0.2159,19.4507,0.272,0.0267,0.008,0.008,19.4507,0.272,0.0267,0.008,0.008,3.7806,1.0
2021-04-01,11:00,HTTSBSC03,34204.0,34204_Civil Lines (Gold) Toba Tek Singh (3G-CII-3601),201.0,4204_Civil Lines (Gold) Toba Tek Singh (3G-CII-3601),JHUNG_CLUSTER_05_Urban,100%,0.0,1056.0,14.0,1318.0,0.0,3934.0,746.0,765.0,0.0,273.0,22.3389,14.0,128865.0,130563.0,129287.0,130563.0,1.0,12.0,3934.0,3772.0,22.3389,100.0,1685.0,1697.0,1.0,3772.0,1045.0,1056.0,0.4929,2.7186,14.3838,1.9178,0.373,0.0613,0.0213,14.3838,1.9178,0.373,0.0613,0.0213,22.3389,14.0
2021-04-01,11:00,HTTSBSC03,14204.0,14204_Civil Lines (Gold) Toba Tek Singh (3G-CII-3601),199.0,4204_Civil Lines (Gold) Toba Tek Singh (3G-CII-3601),JHUNG_CLUSTER_05_Urban,100%,0.0,479.0,0.0,1159.0,0.0,1241.0,1123.0,1140.0,0.0,685.0,14.3986,0.0,86176.0,86543.0,86095.0,86543.0,2.0,3.0,1241.0,1228.0,14.3986,100.0,813.0,818.0,2.0,1228.0,478.0,479.0,0.2401,1.1043,15.7194,0.7276,0.1437,0.0346,0.0053,15.7194,0.7276,0.1437,0.0346,0.0053,14.3986,0.0
2021-04-01,11:00,HTTSBSC03,15341.0,15341_Shorkot Road Toba Tek Singh (3G-CII-3607),145.0,5341_Shorkot Road Toba Tek Singh (3G-CII-3607),JHUNG_CLUSTER_05_Urban,100%,0.0,457.0,4.0,811.0,0.0,1287.0,717.0,739.0,0.0,355.0,12.0653,4.0,69719.0,70962.0,70522.0,70962.0,0.0,5.0,1287.0,1260.0,12.0653,100.0,762.0,770.0,0.0,1260.0,452.0,457.0,6.1491,16.8496,6.2518,2.5162,1.1283,0.4928,0.1556,6.2518,2.5162,1.1283,0.4928,0.1556,12.0653,4.0
2021-04-01,11:00,HTTSBSC03,24201.0,24201_Iqbal Nagar (Gold) Toba Tek Singh (3G-CII-3598),101.0,4201_Iqbal Nagar (Gold) Toba Tek Singh (3G-CII-3598),JHUNG_CLUSTER_05_Urban,100%,0.0,212.0,3.0,663.0,0.0,720.0,863.0,894.0,0.0,460.0,8.7653,3.0,54010.0,54760.0,54016.0,54760.0,0.0,2.0,720.0,682.0,8.7653,100.0,367.0,377.0,0.0,682.0,210.0,212.0,2.6259,8.2767,12.8013,4.7627,1.0821,0.3482,0.1547,12.8013,4.7627,1.0821,0.3482,0.1547,8.7653,3.0
