Date,Time,GBSC,Cell CI,Cell Name,CellIndex,Site Name,Location,Integrity,_CallSetup TCH GOS(%)_N,_CallSetup TCH GOS(%)_D,_DCR_N,_DCR_D,_GOS-SDCCH(%)_N,_GOS-SDCCH(%)_D,_HSR%_N,_HSR%_D,_Mobility TCH GOS(%)_N,_Mobility TCH GOS(%)_D,_MTBD (Mean Time between Drop)_N,_MTBD (Mean Time between Drop)_D,_RxQual Index DL_1,_RxQual Index DL_2,_RxQual Index UL_1,_RxQual Index UL_2,CSSR_Non Blocking_1_N,CSSR_Non Blocking_2_N,CSSR_Non Blocking_1_D,CSSR_Non Blocking_2_D,GlobelTraffic,TCH Availability Rate,_cssr_Call Setup Indications (Circuit Service)_N_1,_Cssr_Channel Requests (Circuit Service)_D_1,_CSSR_Call Drops on SDCCH_N_2,_CSSR_Successful SDCCH Seizures_D_2,_CSSR_Successful TCH Seizures (Traffic Channel)_N_3,_CSSR_TCH Seizure Requests (Traffic Channel)_D_3,Interference Band Proportion (4~5)(%),Interference Band 345,Mean Number of TCH in Interference Band 1,Mean Number of TCH in Interference Band 2,Mean Number of TCH in Interference Band 3,Mean Number of TCH in Interference Band 4,Mean Number of TCH in Interference Band 5,Mean Number of TCH in Interference Band 1.1,Mean Number of TCH in Interference Band 2.1,Mean Number of TCH in Interference Band 3.1,Mean Number of TCH in Interference Band 4.1,Mean Number of TCH in Interference Band 5.1,K3014:Traffic Volume on TCH(Erl),CM33:Call Drops on Traffic Channel
2021-04-01,19:00,HSWLBSC03,34696.0,34696_Mohallah Usmania Okara (3G-CII-4326),80.0,4696_Mohallah Usmania Okara (3G-CII-4326),SAHIWAL_CLUSTER_01_Urban,100%,0.0,896.0,7.0,1535.0,0.0,2574.0,1426.0,1470.0,116.0,772.0,17.3778,7.0,98725.0,99626.0,98775.0,99626.0,1.0,15.0,2574.0,2565.0,17.3778,100.0,2360.0,2366.0,1.0,2565.0,882.0,896.0,1.0502,6.4428,32.1043,10.2941,2.4439,0.3717,0.1043,32.1043,10.2941,2.4439,0.3717,0.1043,17.3778,7.0
2021-04-01,19:00,HSWLBSC03,34695.0,34695_PTCL Exchange Haveli (Gold) Okara (3G-CII-4336),41.0,4695_PTCL Exchange Haveli (Gold) Okara (3G-CII-4336),SAHIWAL_CLUSTER_01_Urban,100%,0.0,698.0,1.0,1117.0,0.0,1178.0,1002.0,1016.0,0.0,421.0,11.6167,1.0,63829.0,64395.0,63644.0,64395.0,0.0,3.0,1178.0,1174.0,11.6167,100.0,1060.0,1062.0,0.0,1174.0,695.0,698.0,6.5552,15.0349,11.4329,7.1058,1.8502,0.759,0.6713,11.4329,7.1058,1.8502,0.759,0.6713,11.6167,1.0
2021-04-01,19:00,HSWLBSC03,14695.0,14695_PTCL Exchange Haveli (Gold) Okara (3G-CII-4336),39.0,4695_PTCL Exchange Haveli (Gold) Okara (3G-CII-4336),SAHIWAL_CLUSTER_01_Urban,100%,0.0,773.0,4.0,1392.0,0.0,1511.0,1144.0,1176.0,0.0,629.0,20.1389,4.0,116938.0,117876.0,116849.0,117876.0,0.0,9.0,1511.0,1501.0,20.1389,100.0,1312.0,1316.0,0.0,1501.0,764.0,773.0,3.145,12.754000000000001,16.4755,8.7384,2.7769999999999997,0.7015,0.2075,16.4755,8.7384,2.7769999999999997,0.7015,0.2075,20.1389,4.0
2021-04-01,19:00,HSWLBSC03,12591.0,CII-2591-1_Alkaramat City Okara (3G-CII-4267),314.0,CII-2591_Alkaramat City Okara (3G-CII-4267),SAHIWAL_CLUSTER_01_Urban,100%,0.0,361.0,1.0,590.0,0.0,806.0,520.0,527.0,0.0,231.0,5.4556,1.0,28890.0,29352.0,29161.0,29352.0,3.0,3.0,806.0,794.0,5.4556,100.0,634.0,634.0,3.0,794.0,361.0,361.0,0.2586,1.3072,13.3546,0.9727,0.1522,0.0322,0.0054,13.3546,0.9727,0.1522,0.0322,0.0054,5.4556,1.0
2021-04-01,19:00,HSWLBSC03,32265.0,CII-2265-3_Mohallah Pir Islam Okara (3G-CII-4400),207.0,CII-2265_Mohallah Pir Islam Okara (3G-CII-4400),SAHIWAL_CLUSTER_01_Urban,100%,0.0,389.0,7.0,1138.0,0.0,701.0,1323.0,1367.0,2.0,763.0,11.1139,7.0,65762.0,66122.0,65448.0,66122.0,0.0,3.0,701.0,697.0,11.1139,100.0,556.0,558.0,0.0,697.0,386.0,389.0,0.9393,4.613,17.3138,4.0239,0.8218,0.1303,0.0798,17.3138,4.0239,0.8218,0.1303,0.0798,11.1139,7.0
2021-04-01,19:00,HSWLBSC03,35930.0,35930_Jandi Muhalla Okara (3G-CII-4383),203.0,5930_Jandi Muhalla Okara (3G-CII-4383),SAHIWAL_CLUSTER_01_Urban,100%,0.0,265.0,0.0,815.0,0.0,570.0,1045.0,1059.0,2.0,558.0,9.1111,0.0,56195.0,56537.0,55765.0,56537.0,0.0,2.0,570.0,570.0,9.1111,100.0,440.0,440.0,0.0,570.0,263.0,265.0,0.1373,0.9738,19.785,1.4731,0.1796,0.0268,0.0027,19.785,1.4731,0.1796,0.0268,0.0027,9.1111,0.0
2021-04-01,19:00,HSWLBSC03,25930.0,25930_Jandi Muhalla Okara (3G-CII-4383),202.0,5930_Jandi Muhalla Okara (3G-CII-4383),SAHIWAL_CLUSTER_01_Urban,100%,0.0,564.0,2.0,1243.0,0.0,1161.0,1163.0,1177.0,0.0,681.0,16.675,2.0,99637.0,99925.0,99252.0,99925.0,0.0,1.0,1161.0,1160.0,16.675,100.0,907.0,907.0,0.0,1160.0,563.0,564.0,0.2826,1.1722,23.5455,1.7032,0.2273,0.0294,0.0428,23.5455,1.7032,0.2273,0.0294,0.0428,16.675,2.0
2021-04-01,19:00,HSWLBSC03,15930.0,15930_Jandi Muhalla Okara (3G-CII-4383),201.0,5930_Jandi Muhalla Okara (3G-CII-4383),SAHIWAL_CLUSTER_01_Urban,100%,0.0,408.0,0.0,741.0,0.0,727.0,786.0,806.0,0.0,337.0,6.0819,0.0,32844.0,33608.0,33286.0,33608.0,0.0,1.0,727.0,726.0,6.0819,100.0,671.0,672.0,0.0,726.0,407.0,408.0,3.1844,11.1854,13.238,4.5107,1.5989,0.5348,0.1016,13.238,4.5107,1.5989,0.5348,0.1016,6.0819,0.0
2021-04-01,19:00,HSWLBSC03,25931.0,25931_Shelar Abadi Ghala Mandi Okara (3G-CII-4410),172.0,5931_Shelar Abadi Ghala Mandi Okara (3G-CII-4410),SAHIWAL_CLUSTER_01_Urban,100%,0.0,442.0,1.0,668.0,0.0,1001.0,485.0,493.0,0.0,228.0,8.8444,1.0,50374.0,50635.0,50381.0,50635.0,1.0,3.0,1001.0,976.0,8.8444,100.0,775.0,778.0,1.0,976.0,440.0,442.0,0.8551,4.4906,14.8818,5.2108,0.7648,0.1315,0.0484,14.8818,5.2108,0.7648,0.1315,0.0484,8.8444,1.0
2021-04-01,19:00,HSWLBSC03,34699.0,34699_Railway Station Haveli Okara (3G-CII-4180),143.0,4699_Railway Station Haveli Okara (3G-CII-4180),SAHIWAL_CLUSTER_01_Urban,100%,3.0,396.0,1.0,715.0,0.0,793.0,643.0,652.0,0.0,323.0,10.3847,1.0,64092.0,64457.0,64258.0,64457.0,1.0,2.0,793.0,776.0,10.3847,100.0,617.0,619.0,1.0,776.0,392.0,396.0,2.7593,14.1505,5.7148,4.3292,1.3327,0.2559,0.067,5.7148,4.3292,1.3327,0.2559,0.067,10.3847,1.0
2021-04-01,19:00,HSWLBSC03,25502.0,25502_Lari Ada Eid Gah Haveli Lakha Okara (3G-CII-4268),13.0,5502_Lari Ada Eid Gah Haveli Lakha Okara (3G-CII-4268),SAHIWAL_CLUSTER_01_Urban,100%,0.0,268.0,2.0,1198.0,0.0,629.0,1564.0,1603.0,0.0,935.0,13.5833,2.0,83610.0,84853.0,83855.0,84853.0,0.0,0.0,629.0,627.0,13.5833,100.0,445.0,445.0,0.0,627.0,268.0,268.0,2.0925,6.5182,14.4533,2.1067,0.784,0.24,0.1307,14.4533,2.1067,0.784,0.24,0.1307,13.5833,2.0
2021-04-01,19:00,HSWLBSC03,15502.0,15502_Lari Ada Eid Gah Haveli Lakha Okara (3G-CII-4268),12.0,5502_Lari Ada Eid Gah Haveli Lakha Okara (3G-CII-4268),SAHIWAL_CLUSTER_01_Urban,100%,0.0,366.0,2.0,693.0,0.0,725.0,713.0,719.0,0.0,327.0,9.025,2.0,55067.0,55187.0,54909.0,55187.0,0.0,0.0,725.0,721.0,9.025,100.0,631.0,635.0,0.0,721.0,366.0,366.0,6.028,23.1558,6.2766,5.4954,2.6239,0.7193,0.2041,6.2766,5.4954,2.6239,0.7193,0.2041,9.025,2.0
2021-04-01,19:00,HSWLBSC02,15820.0,15820_Fawara Chowk Okara (3G-CII-3555),94.0,5820_Fawara Chowk Okara (3G-CII-3555),SAHIWAL_CLUSTER_01_Urban,100%,0.0,134.0,2.0,208.0,0.0,327.0,169.0,172.0,0.0,76.0,2.2347,2.0,11735.0,12143.0,11996.0,12143.0,4.0,6.0,327.0,314.0,2.2347,100.0,206.0,208.0,4.0,314.0,132.0,134.0,0.1182,0.5323,12.6531,0.7973,0.055999999999999994,0.0133,0.0027,12.6531,0.7973,0.055999999999999994,0.0133,0.0027,2.2347,2.0
2021-04-01,19:00,HSWLBSC02,34504.0,34504_Chaudhary Metro Okara (3G-CII-3552),53.0,4504_Chaudhary Metro Okara (3G-CII-3552),SAHIWAL_CLUSTER_01_Urban,100%,0.0,98.0,0.0,175.0,0.0,238.0,146.0,148.0,0.0,77.0,2.5847,0.0,16147.0,16164.0,16011.0,16164.0,1.0,1.0,238.0,235.0,2.5847,100.0,140.0,141.0,1.0,235.0,98.0,98.0,0.0502,0.7863,14.192,1.624,0.1173,0.0053,0.0027,14.192,1.624,0.1173,0.0053,0.0027,2.5847,0.0
2021-04-01,19:00,HSWLBSC02,24504.0,24504_Chaudhary Metro Okara (3G-CII-3552),52.0,4504_Chaudhary Metro Okara (3G-CII-3552),SAHIWAL_CLUSTER_01_Urban,100%,0.0,137.0,2.0,221.0,0.0,321.0,170.0,175.0,0.0,84.0,4.1458,2.0,24777.0,25381.0,25343.0,25381.0,0.0,0.0,321.0,321.0,4.1458,100.0,192.0,192.0,0.0,321.0,137.0,137.0,0.0272,0.6724,9.4836,0.3875,0.0641,0.0027,0.0,9.4836,0.3875,0.0641,0.0027,0.0,4.1458,2.0
2021-04-01,19:00,HSWLBSC02,34507.0,34507_Malik House Okara (3G-CII-3694),35.0,4507_Malik House Okara (3G-CII-3694),SAHIWAL_CLUSTER_01_Urban,100%,0.0,46.0,0.0,96.0,0.0,105.0,96.0,96.0,0.0,50.0,1.6792,0.0,10852.0,10858.0,10851.0,10858.0,0.0,0.0,105.0,105.0,1.6792,100.0,69.0,69.0,0.0,105.0,46.0,46.0,0.1375,1.1285,9.015,0.5483,0.0959,0.0106,0.0027,9.015,0.5483,0.0959,0.0106,0.0027,1.6792,0.0
2021-04-01,19:00,HSWLBSC02,34502.0,34502_Samadpura Road Okara (3G-CII-3551),29.0,4502_Samadpura Road Okara (3G-CII-3551),SAHIWAL_CLUSTER_01_Urban,100%,0.0,61.0,1.0,87.0,0.0,167.0,62.0,63.0,0.0,26.0,2.4181,1.0,15796.0,15894.0,15891.0,15894.0,0.0,0.0,167.0,166.0,2.4181,100.0,97.0,97.0,0.0,166.0,61.0,61.0,0.162,1.0875,44.3303,1.3053,0.42700000000000005,0.0614,0.0133,44.3303,1.3053,0.42700000000000005,0.0614,0.0133,2.4181,1.0
2021-04-01,19:00,HSWLBSC02,32290.0,CII-2290-3_Shafeeq Town Okara (3G-CII-3725),274.0,CII-2290_Shafeeq Town Okara (3G-CII-3725),SAHIWAL_CLUSTER_01_Urban,100%,0.0,72.0,1.0,155.0,0.0,211.0,178.0,178.0,0.0,83.0,2.075,1.0,12936.0,13049.0,13012.0,13049.0,0.0,0.0,211.0,209.0,2.075,100.0,161.0,163.0,0.0,209.0,72.0,72.0,0.0174,0.1567,15.1467,0.1817,0.0214,0.0027,0.0,15.1467,0.1817,0.0214,0.0027,0.0,2.075,1.0
2021-04-01,19:00,HSWLBSC02,14502.0,14502_Samadpura Road Okara (3G-CII-3551),27.0,4502_Samadpura Road Okara (3G-CII-3551),SAHIWAL_CLUSTER_01_Urban,100%,0.0,27.0,1.0,52.0,0.0,114.0,44.0,45.0,0.0,25.0,1.1167,1.0,7149.0,7244.0,7244.0,7244.0,0.0,0.0,114.0,114.0,1.1167,100.0,85.0,85.0,0.0,114.0,27.0,27.0,0.0,0.0658,7.9564,0.1657,0.0054,0.0,0.0,7.9564,0.1657,0.0054,0.0,0.0,1.1167,1.0
2021-04-01,19:00,HSWLBSC02,34501.0,34501_Rehmad Colony Okara (3G-CII-3550),26.0,4501_Rehmad Colony Okara (3G-CII-3550),SAHIWAL_CLUSTER_01_Urban,100%,0.0,74.0,0.0,139.0,0.0,196.0,136.0,136.0,0.0,65.0,1.2736,0.0,6969.0,7055.0,6973.0,7055.0,0.0,0.0,196.0,195.0,1.2736,100.0,120.0,121.0,0.0,195.0,74.0,74.0,0.2232,0.9569,8.0148,0.2695,0.0614,0.0187,0.0,8.0148,0.2695,0.0614,0.0187,0.0,1.2736,0.0
2021-04-01,19:00,HSWLBSC02,32030.0,CII-2030-3_Raufabad Okara (3G-CII-3548),259.0,CII-2030_Raufabad Okara (3G-CII-3548),SAHIWAL_CLUSTER_01_Urban,100%,0.0,29.0,0.0,125.0,0.0,96.0,165.0,167.0,0.0,96.0,1.7583,0.0,12026.0,12113.0,12099.0,12113.0,0.0,0.0,96.0,94.0,1.7583,100.0,62.0,63.0,0.0,94.0,29.0,29.0,0.156,0.5617,25.1691,0.3605,0.1042,0.0374,0.0027,25.1691,0.3605,0.1042,0.0374,0.0027,1.7583,0.0
2021-04-01,19:00,HSWLBSC02,12030.0,CII-2030-1_Raufabad Okara (3G-CII-3548),257.0,CII-2030_Raufabad Okara (3G-CII-3548),SAHIWAL_CLUSTER_01_Urban,100%,0.0,54.0,2.0,103.0,0.0,202.0,92.0,93.0,0.0,49.0,3.3514,2.0,21991.0,22006.0,21790.0,22006.0,0.0,0.0,202.0,202.0,3.3514,100.0,124.0,124.0,0.0,202.0,54.0,54.0,0.0799,0.5991,19.3425,0.5822,0.1041,0.016,0.0,19.3425,0.5822,0.1041,0.016,0.0,3.3514,2.0
2021-04-01,19:00,HSWLBSC02,12031.0,CII-2031-1_Mehboob Town Okara (3G-CII-4082),242.0,CII-2031_Mehboob Town Okara (3G-CII-4082),SAHIWAL_CLUSTER_01_Urban,100%,0.0,13.0,0.0,28.0,0.0,50.0,27.0,27.0,0.0,15.0,1.0972,0.0,7668.0,7692.0,7691.0,7692.0,0.0,0.0,50.0,49.0,1.0972,100.0,19.0,20.0,0.0,49.0,13.0,13.0,0.0892,0.2081,8.4171,0.5588,0.0107,0.008,0.0,8.4171,0.5588,0.0107,0.008,0.0,1.0972,0.0
2021-04-01,19:00,HSWLBSC02,14501.0,14501_Rehmad Colony Okara (3G-CII-3550),24.0,4501_Rehmad Colony Okara (3G-CII-3550),SAHIWAL_CLUSTER_01_Urban,100%,0.0,43.0,0.0,86.0,0.0,209.0,82.0,83.0,0.0,43.0,1.9306,0.0,12697.0,13008.0,13001.0,13008.0,1.0,1.0,209.0,206.0,1.9306,100.0,168.0,169.0,1.0,206.0,43.0,43.0,0.0323,1.0674,7.7581,0.4197,0.0856,0.0027,0.0,7.7581,0.4197,0.0856,0.0027,0.0,1.9306,0.0
2021-04-01,19:00,HSWLBSC02,35825.0,35825_Mohalla Darapur Okara (3G-CII-4036),232.0,5825_Mohalla Darapur Okara (3G-CII-4036),SAHIWAL_CLUSTER_01_Urban,100%,0.0,61.0,0.0,102.0,0.0,129.0,89.0,89.0,0.0,41.0,0.3764,0.0,1706.0,1800.0,1797.0,1800.0,0.0,0.0,129.0,116.0,0.3764,100.0,91.0,96.0,0.0,116.0,61.0,61.0,0.0286,0.1711,9.2626,0.0719,0.0133,0.0027,0.0,9.2626,0.0719,0.0133,0.0027,0.0,0.3764,0.0
2021-04-01,19:00,HSWLBSC02,25825.0,25825_Mohalla Darapur Okara (3G-CII-4036),231.0,5825_Mohalla Darapur Okara (3G-CII-4036),SAHIWAL_CLUSTER_01_Urban,100%,0.0,41.0,1.0,69.0,0.0,97.0,54.0,55.0,0.0,29.0,1.4625,1.0,9210.0,9329.0,9282.0,9329.0,0.0,0.0,97.0,87.0,1.4625,100.0,62.0,71.0,0.0,87.0,41.0,41.0,0.1401,0.4378,14.8347,0.29,0.0452,0.0133,0.008,14.8347,0.29,0.0452,0.0133,0.008,1.4625,1.0
2021-04-01,19:00,HSWLBSC02,15825.0,15825_Mohalla Darapur Okara (3G-CII-4036),230.0,5825_Mohalla Darapur Okara (3G-CII-4036),SAHIWAL_CLUSTER_01_Urban,100%,0.0,43.0,0.0,63.0,0.0,83.0,42.0,44.0,0.0,20.0,1.1361,0.0,6715.0,6761.0,6757.0,6761.0,0.0,0.0,83.0,83.0,1.1361,100.0,58.0,58.0,0.0,83.0,43.0,43.0,0.1475,0.4429,15.7619,0.3938,0.0479,0.0186,0.0053,15.7619,0.3938,0.0479,0.0186,0.0053,1.1361,0.0
2021-04-01,19:00,HSWLBSC02,34500.0,34500_PTCL Exchange Okara (3G-CII-3549),23.0,4500_PTCL Exchange Okara (3G-CII-3549),SAHIWAL_CLUSTER_01_Urban,100%,0.0,154.0,0.0,204.0,0.0,383.0,132.0,134.0,0.0,51.0,3.0028,0.0,16994.0,17068.0,16934.0,17068.0,0.0,0.0,383.0,382.0,3.0028,100.0,317.0,317.0,0.0,382.0,154.0,154.0,0.0334,0.3004,39.3186,0.5931,0.1069,0.0107,0.0027,39.3186,0.5931,0.1069,0.0107,0.0027,3.0028,0.0
2021-04-01,19:00,HSWLBSC02,35824.0,35824_Shamsia Town Okara (3G-CII-3558),226.0,5824_Shamsia Town Okara (3G-CII-3558),SAHIWAL_CLUSTER_01_Urban,100%,0.0,28.0,0.0,100.0,0.0,97.0,129.0,130.0,0.0,72.0,1.2069,0.0,7727.0,7811.0,7794.0,7811.0,0.0,0.0,97.0,97.0,1.2069,100.0,52.0,52.0,0.0,97.0,28.0,28.0,0.0295,0.1917,17.8743,0.2219,0.0294,0.0027,0.0027,17.8743,0.2219,0.0294,0.0027,0.0027,1.2069,0.0
2021-04-01,19:00,HSWLBSC02,25824.0,25824_Shamsia Town Okara (3G-CII-3558),225.0,5824_Shamsia Town Okara (3G-CII-3558),SAHIWAL_CLUSTER_01_Urban,100%,0.0,34.0,0.0,121.0,0.0,80.0,164.0,164.0,0.0,87.0,0.9819,0.0,5807.0,5824.0,5820.0,5824.0,0.0,0.0,80.0,79.0,0.9819,100.0,47.0,47.0,0.0,79.0,34.0,34.0,0.0168,0.2528,15.546,0.2672,0.0374,0.0,0.0027,15.546,0.2672,0.0374,0.0,0.0027,0.9819,0.0
2021-04-01,19:00,HSWLBSC02,35827.0,35827_Block Z Government Colony Okara (3G-CII-3559),223.0,5827_Block Z Government Colony Okara (3G-CII-3559),SAHIWAL_CLUSTER_01_Urban,100%,0.0,62.0,1.0,145.0,0.0,139.0,165.0,165.0,0.0,83.0,2.5889,1.0,16720.0,16873.0,16868.0,16873.0,0.0,0.0,139.0,139.0,2.5889,100.0,95.0,95.0,0.0,139.0,62.0,62.0,0.0,0.0164,16.0438,0.1518,0.0027,0.0,0.0,16.0438,0.1518,0.0027,0.0,0.0,2.5889,1.0
2021-04-01,19:00,HSWLBSC02,24500.0,24500_PTCL Exchange Okara (3G-CII-3549),22.0,4500_PTCL Exchange Okara (3G-CII-3549),SAHIWAL_CLUSTER_01_Urban,100%,0.0,77.0,0.0,144.0,0.0,244.0,124.0,125.0,0.0,66.0,1.9153,0.0,11308.0,11468.0,11115.0,11468.0,1.0,2.0,244.0,236.0,1.9153,100.0,158.0,162.0,1.0,236.0,76.0,77.0,0.0585,6.8167,7.0187,5.7178,0.9237,0.008,0.0,7.0187,5.7178,0.9237,0.008,0.0,1.9153,0.0
2021-04-01,19:00,HSWLBSC02,25822.0,25822_Canal Bridge Okara (3G-CII-3557),217.0,5822_Canal Bridge Okara (3G-CII-3557),SAHIWAL_CLUSTER_01_Urban,100%,0.0,101.0,0.0,181.0,0.0,254.0,158.0,163.0,0.0,80.0,3.0403,0.0,18917.0,18950.0,18905.0,18950.0,0.0,0.0,254.0,254.0,3.0403,100.0,162.0,162.0,0.0,254.0,101.0,101.0,0.8663,2.3936,50.5744,2.7471,0.8343,0.2861,0.1872,50.5744,2.7471,0.8343,0.2861,0.1872,3.0403,0.0
2021-04-01,19:00,HSWLBSC02,35821.0,35821_Sindhi Mohalla Okara (3G-CII-3556),215.0,5821_Sindhi Mohalla Okara (3G-CII-3556),SAHIWAL_CLUSTER_01_Urban,100%,0.0,66.0,0.0,111.0,0.0,270.0,87.0,87.0,0.0,45.0,2.3056,0.0,14595.0,14643.0,14568.0,14643.0,0.0,0.0,270.0,270.0,2.3056,100.0,146.0,146.0,0.0,270.0,66.0,66.0,0.0,0.0644,20.6376,0.1203,0.0134,0.0,0.0,20.6376,0.1203,0.0134,0.0,0.0,2.3056,0.0
2021-04-01,19:00,HSWLBSC02,25821.0,25821_Sindhi Mohalla Okara (3G-CII-3556),214.0,5821_Sindhi Mohalla Okara (3G-CII-3556),SAHIWAL_CLUSTER_01_Urban,100%,0.0,73.0,0.0,111.0,0.0,136.0,75.0,76.0,0.0,38.0,1.7528,0.0,11069.0,11163.0,11136.0,11163.0,0.0,0.0,136.0,136.0,1.7528,100.0,107.0,107.0,0.0,136.0,73.0,73.0,0.0,0.0285,18.5787,0.1333,0.0053,0.0,0.0,18.5787,0.1333,0.0053,0.0,0.0,1.7528,0.0
2021-04-01,19:00,HSWLBSC02,15821.0,15821_Sindhi Mohalla Okara (3G-CII-3556),213.0,5821_Sindhi Mohalla Okara (3G-CII-3556),SAHIWAL_CLUSTER_01_Urban,100%,0.0,33.0,0.0,74.0,0.0,201.0,75.0,78.0,0.0,39.0,0.9167,0.0,5001.0,5433.0,5400.0,5433.0,0.0,0.0,201.0,199.0,0.9167,100.0,151.0,151.0,0.0,199.0,33.0,33.0,0.2349,0.5092,24.5639,2.5387,0.0747,0.0347,0.0293,24.5639,2.5387,0.0747,0.0347,0.0293,0.9167,0.0
2021-04-01,19:00,HSWLBSC02,15827.0,15827_Block Z Government Colony Okara (3G-CII-3559),212.0,5827_Block Z Government Colony Okara (3G-CII-3559),SAHIWAL_CLUSTER_01_Urban,100%,0.0,32.0,0.0,96.0,0.0,89.0,122.0,124.0,0.0,64.0,1.8958,0.0,12836.0,12909.0,12903.0,12909.0,0.0,0.0,89.0,88.0,1.8958,100.0,45.0,46.0,0.0,88.0,32.0,32.0,0.1626,0.6508,14.3567,0.3313,0.0722,0.0134,0.0107,14.3567,0.3313,0.0722,0.0134,0.0107,1.8958,0.0
2021-04-01,19:00,HSWLBSC02,14500.0,14500_PTCL Exchange Okara (3G-CII-3549),21.0,4500_PTCL Exchange Okara (3G-CII-3549),SAHIWAL_CLUSTER_01_Urban,100%,0.0,112.0,0.0,177.0,0.0,527.0,119.0,121.0,0.0,65.0,2.4542,0.0,14066.0,14219.0,14159.0,14219.0,0.0,0.0,527.0,234.0,2.4542,100.0,172.0,173.0,0.0,234.0,112.0,112.0,0.0,0.0806,6.4332,0.2032,0.0054,0.0,0.0,6.4332,0.2032,0.0054,0.0,0.0,2.4542,0.0
2021-04-01,19:00,HSWLBSC02,14517.0,14517_Chak No 5 Okara (3G-CII-3949),185.0,4517_Chak No 5 Okara (3G-CII-3949),SAHIWAL_CLUSTER_01_Urban,100%,0.0,72.0,0.0,106.0,0.0,169.0,89.0,90.0,0.0,39.0,1.2708,0.0,7485.0,7592.0,7568.0,7592.0,0.0,5.0,169.0,168.0,1.2708,100.0,119.0,119.0,0.0,168.0,67.0,72.0,0.1235,0.4264,22.8004,0.8333,0.0719,0.024,0.0053,22.8004,0.8333,0.0719,0.024,0.0053,1.2708,0.0
2021-04-01,19:00,HSWLBSC02,16881.0,16881_Goal Masjid Bazar 2 (Micro) Okara (3G-CII-4068),181.0,6881_Goal Masjid Bazar 2 (Micro) Okara (3G-CII-4068),SAHIWAL_CLUSTER_01_Urban,100%,0.0,87.0,0.0,104.0,0.0,154.0,60.0,60.0,0.0,18.0,1.0319,0.0,4569.0,4653.0,4645.0,4653.0,0.0,1.0,154.0,154.0,1.0319,100.0,135.0,135.0,0.0,154.0,86.0,87.0,0.0,0.1095,16.885,0.1653,0.0187,0.0,0.0,16.885,0.1653,0.0187,0.0,0.0,1.0319,0.0
2021-04-01,19:00,HSWLBSC02,16880.0,16880_Goal Masjid Bazar 1 (Micro) Okara (3G-CII-4067),180.0,6880_Goal Masjid Bazar 1 (Micro) Okara (3G-CII-4067),SAHIWAL_CLUSTER_01_Urban,100%,0.0,32.0,0.0,53.0,0.0,72.0,47.0,47.0,0.0,21.0,0.5736,0.0,3158.0,3237.0,3231.0,3237.0,0.0,0.0,72.0,72.0,0.5736,100.0,46.0,46.0,0.0,72.0,32.0,32.0,0.7013,1.7924,15.4284,1.4169,0.1871,0.0481,0.0722,15.4284,1.4169,0.1871,0.0481,0.0722,0.5736,0.0
2021-04-01,19:00,HSWLBSC02,35820.0,35820_Fawara Chowk Okara (3G-CII-3555),173.0,5820_Fawara Chowk Okara (3G-CII-3555),SAHIWAL_CLUSTER_01_Urban,100%,0.0,15.0,0.0,40.0,0.0,56.0,40.0,41.0,0.0,26.0,0.5986,0.0,3648.0,3663.0,3660.0,3663.0,1.0,1.0,56.0,56.0,0.5986,100.0,21.0,21.0,1.0,56.0,15.0,15.0,0.1446,0.3373,10.815999999999999,0.2133,0.0213,0.0133,0.0027,10.815999999999999,0.2133,0.0213,0.0133,0.0027,0.5986,0.0
2021-04-01,19:00,HSWLBSC02,25820.0,25820_Fawara Chowk Okara (3G-CII-3555),166.0,5820_Fawara Chowk Okara (3G-CII-3555),SAHIWAL_CLUSTER_01_Urban,100%,0.0,63.0,0.0,100.0,0.0,156.0,79.0,79.0,0.0,37.0,1.2083,0.0,7133.0,7189.0,7164.0,7189.0,0.0,0.0,156.0,155.0,1.2083,100.0,89.0,89.0,0.0,155.0,63.0,63.0,0.1784,0.4574,21.1546,2.6157,0.0666,0.0187,0.024,21.1546,2.6157,0.0666,0.0187,0.024,1.2083,0.0
2021-04-01,19:00,HSWLBSC02,24513.0,24513_Iqbal Nagar Akbar Road Okara (3G-CII-3554),120.0,4513_Iqbal Nagar Akbar Road Okara (3G-CII-3554),SAHIWAL_CLUSTER_01_Urban,100%,0.0,88.0,0.0,184.0,0.0,273.0,176.0,179.0,0.0,96.0,3.2764,0.0,20936.0,21013.0,20949.0,21013.0,0.0,0.0,273.0,273.0,3.2764,100.0,194.0,194.0,0.0,273.0,88.0,88.0,0.04,0.8081,12.3992,0.8031,0.1022,0.0053,0.0,12.3992,0.8031,0.1022,0.0053,0.0,3.2764,0.0
2021-04-01,19:00,HSWLBSC02,24512.0,24512_Gulshan e Iqbal Okara (3G-CII-3553),107.0,4512_Gulshan e Iqbal Okara (3G-CII-3553),SAHIWAL_CLUSTER_01_Urban,100%,0.0,43.0,0.0,81.0,0.0,128.0,68.0,68.0,0.0,38.0,1.0903,0.0,6282.0,6307.0,6300.0,6307.0,0.0,0.0,128.0,128.0,1.0903,100.0,83.0,83.0,0.0,128.0,43.0,43.0,0.0378,0.5675,6.8052,0.2108,0.0374,0.0027,0.0,6.8052,0.2108,0.0374,0.0027,0.0,1.0903,0.0
2021-04-01,19:00,HSWLBSC02,14514.0,14514_Waris Colony Depalpur Road Okara (3G-CII-3948),104.0,4514_Waris Colony Depalpur Road Okara (3G-CII-3948),SAHIWAL_CLUSTER_01_Urban,100%,0.0,95.0,2.0,146.0,0.0,574.0,84.0,87.0,0.0,51.0,4.6778,2.0,31104.0,31722.0,31550.0,31722.0,1.0,1.0,574.0,568.0,4.6778,100.0,245.0,245.0,1.0,568.0,95.0,95.0,0.0906,0.9968,11.2331,0.4431,0.1069,0.008,0.0027,11.2331,0.4431,0.1069,0.008,0.0027,4.6778,2.0
