Date,Time,GBSC,Cell CI,Cell Name,CellIndex,Site Name,Location,Integrity,_CallSetup TCH GOS(%)_N,_CallSetup TCH GOS(%)_D,_DCR_N,_DCR_D,_GOS-SDCCH(%)_N,_GOS-SDCCH(%)_D,_HSR%_N,_HSR%_D,_Mobility TCH GOS(%)_N,_Mobility TCH GOS(%)_D,_MTBD (Mean Time between Drop)_N,_MTBD (Mean Time between Drop)_D,_RxQual Index DL_1,_RxQual Index DL_2,_RxQual Index UL_1,_RxQual Index UL_2,CSSR_Non Blocking_1_N,CSSR_Non Blocking_2_N,CSSR_Non Blocking_1_D,CSSR_Non Blocking_2_D,GlobelTraffic,TCH Availability Rate,_cssr_Call Setup Indications (Circuit Service)_N_1,_Cssr_Channel Requests (Circuit Service)_D_1,_CSSR_Call Drops on SDCCH_N_2,_CSSR_Successful SDCCH Seizures_D_2,_CSSR_Successful TCH Seizures (Traffic Channel)_N_3,_CSSR_TCH Seizure Requests (Traffic Channel)_D_3,Interference Band Proportion (4~5)(%),Interference Band 345,Mean Number of TCH in Interference Band 1,Mean Number of TCH in Interference Band 2,Mean Number of TCH in Interference Band 3,Mean Number of TCH in Interference Band 4,Mean Number of TCH in Interference Band 5,Mean Number of TCH in Interference Band 1.1,Mean Number of TCH in Interference Band 2.1,Mean Number of TCH in Interference Band 3.1,Mean Number of TCH in Interference Band 4.1,Mean Number of TCH in Interference Band 5.1,K3014:Traffic Volume on TCH(Erl),CM33:Call Drops on Traffic Channel
2021-04-01,21:00,HSKTBSC04,31353.0,CI-1353-3_Kotli Loharan Sialkot (3G-CI-1086),8.0,CI-1353_Kotli Loharan Sialkot (3G-CI-1086),SIALKOT_CLUSTER_02_Rural,100%,0.0,55.0,0.0,132.0,0.0,429.0,159.0,167.0,0.0,77.0,1.875,0.0,10740.0,11066.0,11046.0,11066.0,0.0,0.0,429.0,424.0,1.875,100.0,150.0,151.0,0.0,424.0,55.0,55.0,0.0,0.0287,10.9971,0.086,0.0032,0.0,0.0,10.9971,0.086,0.0032,0.0,0.0,1.875,0.0
2021-04-01,21:00,HSKTBSC04,31341.0,CI-1341-3_Propi Arayan Sialkot (3G-CI-1079),70.0,CI-1341_Propi Arayan Sialkot (3G-CI-1079),SIALKOT_CLUSTER_02_Rural,100%,0.0,180.0,3.0,343.0,0.0,2312.0,328.0,348.0,0.0,169.0,6.8319,3.0,41586.0,41836.0,41012.0,41836.0,0.0,4.0,2312.0,2234.0,6.8319,100.0,392.0,402.0,0.0,2234.0,176.0,180.0,0.6455,0.8813,10.5423,0.1397,0.0254,0.0609,0.0087,10.5423,0.1397,0.0254,0.0609,0.0087,6.8319,3.0
2021-04-01,21:00,HSKTBSC04,21353.0,CI-1353-2_Kotli Loharan Sialkot (3G-CI-1086),7.0,CI-1353_Kotli Loharan Sialkot (3G-CI-1086),SIALKOT_CLUSTER_02_Rural,100%,0.0,33.0,1.0,84.0,0.0,347.0,103.0,105.0,0.0,51.0,1.3847,1.0,7836.0,7856.0,7672.0,7856.0,0.0,0.0,347.0,345.0,1.3847,100.0,54.0,54.0,0.0,345.0,33.0,33.0,0.0328,0.59,7.8277,0.2614,0.0453,0.0027,0.0,7.8277,0.2614,0.0453,0.0027,0.0,1.3847,1.0
2021-04-01,21:00,HSKTBSC04,21341.0,CI-1341-2_Propi Arayan Sialkot (3G-CI-1079),69.0,CI-1341_Propi Arayan Sialkot (3G-CI-1079),SIALKOT_CLUSTER_02_Rural,100%,0.0,242.0,0.0,393.0,0.0,1434.0,296.0,305.0,0.0,155.0,9.1931,0.0,57302.0,57654.0,57484.0,57654.0,0.0,4.0,1434.0,1418.0,9.1931,100.0,488.0,488.0,0.0,1418.0,238.0,242.0,0.2525,1.1766,10.7158,0.7731,0.1074,0.016,0.0134,10.7158,0.7731,0.1074,0.016,0.0134,9.1931,0.0
2021-04-01,21:00,HSKTBSC04,11341.0,CI-1341-1_Propi Arayan Sialkot (3G-CI-1079),68.0,CI-1341_Propi Arayan Sialkot (3G-CI-1079),SIALKOT_CLUSTER_02_Rural,100%,0.0,35.0,1.0,91.0,0.0,152.0,125.0,130.0,0.0,61.0,0.6458,1.0,3296.0,3324.0,3220.0,3324.0,0.0,3.0,152.0,151.0,0.6458,100.0,81.0,82.0,0.0,151.0,32.0,35.0,0.0583,0.0874,9.107000000000001,0.0455,0.0027,0.0053,0.0,9.107000000000001,0.0455,0.0027,0.0053,0.0,0.6458,1.0
2021-04-01,21:00,HSKTBSC04,11353.0,CI-1353-1_Kotli Loharan Sialkot (3G-CI-1086),6.0,CI-1353_Kotli Loharan Sialkot (3G-CI-1086),SIALKOT_CLUSTER_02_Rural,100%,0.0,68.0,2.0,128.0,0.0,1095.0,120.0,121.0,0.0,60.0,4.7861,2.0,30538.0,31030.0,30746.0,31030.0,0.0,0.0,1095.0,1084.0,4.7861,100.0,162.0,163.0,0.0,1084.0,68.0,68.0,0.057999999999999996,0.2611,8.984,0.1813,0.0187,0.0053,0.0,8.984,0.1813,0.0187,0.0053,0.0,4.7861,2.0
2021-04-01,21:00,HSKTBSC04,37879.0,37879_Jura Karnana Sialkot (3G-CI-1073),355.0,7879_Jura Karnana Sialkot (3G-CI-1073),SIALKOT_CLUSTER_02_Rural,100%,0.0,40.0,0.0,61.0,0.0,256.0,38.0,39.0,0.0,21.0,2.2833,0.0,14370.0,14776.0,14778.0,14778.0,0.0,0.0,256.0,256.0,2.2833,100.0,45.0,45.0,0.0,256.0,40.0,40.0,0.1983,1.0661,10.1173,0.5227,0.0933,0.0187,0.0027,10.1173,0.5227,0.0933,0.0187,0.0027,2.2833,0.0
2021-04-01,21:00,HSKTBSC04,27879.0,27879_Jura Karnana Sialkot (3G-CI-1073),354.0,7879_Jura Karnana Sialkot (3G-CI-1073),SIALKOT_CLUSTER_02_Rural,100%,0.0,133.0,1.0,175.0,0.0,1070.0,90.0,94.0,0.0,43.0,4.4917,1.0,27812.0,28142.0,27228.0,28142.0,1.0,1.0,1070.0,1065.0,4.4917,100.0,270.0,272.0,1.0,1065.0,133.0,133.0,0.7852,0.843,15.6665,0.2106,0.0093,0.049,0.0768,15.6665,0.2106,0.0093,0.049,0.0768,4.4917,1.0
2021-04-01,21:00,HSKTBSC04,17879.0,17879_Jura Karnana Sialkot (3G-CI-1073),353.0,7879_Jura Karnana Sialkot (3G-CI-1073),SIALKOT_CLUSTER_02_Rural,100%,0.0,289.0,6.0,351.0,0.0,2670.0,168.0,176.0,0.0,71.0,9.2861,6.0,55050.0,55762.0,54930.0,55762.0,0.0,9.0,2670.0,2663.0,9.2861,100.0,553.0,558.0,0.0,2663.0,280.0,289.0,0.0,0.0994,21.1893,0.3101,0.0214,0.0,0.0,21.1893,0.3101,0.0214,0.0,0.0,9.2861,6.0
2021-04-01,21:00,HSKTBSC04,37781.0,37781_Dalowali Sialkot (3G-CI-1069),346.0,7781_Dalowali Sialkot (3G-CI-1069),SIALKOT_CLUSTER_02_Rural,100%,0.0,85.0,0.0,182.0,0.0,638.0,194.0,209.0,0.0,102.0,4.7722,0.0,30760.0,31040.0,30974.0,31040.0,1.0,1.0,638.0,630.0,4.7722,100.0,120.0,122.0,1.0,630.0,85.0,85.0,0.0443,0.0896,12.2362,0.0666,0.0056,0.0055,0.0,12.2362,0.0666,0.0056,0.0055,0.0,4.7722,0.0
2021-04-01,21:00,HSKTBSC04,27781.0,27781_Dalowali Sialkot (3G-CI-1069),345.0,7781_Dalowali Sialkot (3G-CI-1069),SIALKOT_CLUSTER_02_Rural,100%,0.0,54.0,0.0,99.0,0.0,618.0,89.0,89.0,0.0,46.0,2.2181,0.0,13864.0,13886.0,13876.0,13886.0,0.0,1.0,618.0,609.0,2.2181,100.0,86.0,87.0,0.0,609.0,53.0,54.0,0.0,0.0591,13.8024,0.0976,0.0082,0.0,0.0,13.8024,0.0976,0.0082,0.0,0.0,2.2181,0.0
2021-04-01,21:00,HSKTBSC04,17781.0,17781_Dalowali Sialkot (3G-CI-1069),344.0,7781_Dalowali Sialkot (3G-CI-1069),SIALKOT_CLUSTER_02_Rural,100%,0.0,53.0,0.0,84.0,0.0,551.0,46.0,58.0,0.0,31.0,2.4194,0.0,15912.0,16038.0,16030.0,16038.0,0.0,0.0,551.0,545.0,2.4194,100.0,194.0,196.0,0.0,545.0,53.0,53.0,0.0,0.5725,10.0027,0.1867,0.0587,0.0,0.0,10.0027,0.1867,0.0587,0.0,0.0,2.4194,0.0
2021-04-01,21:00,HSKTBSC04,37779.0,37779_Khorta Syidain (Gold) Sialkot (3G-CI-1067),340.0,7779_Khorta Syidain (Gold) Sialkot (3G-CI-1067),SIALKOT_CLUSTER_02_Rural,100%,0.0,283.0,2.0,636.0,0.0,1391.0,624.0,674.0,0.0,361.0,13.8819,2.0,87240.0,87982.0,87614.0,87982.0,7.0,10.0,1391.0,1356.0,13.8819,100.0,473.0,475.0,7.0,1356.0,280.0,283.0,0.0903,0.396,14.5865,0.209,0.0454,0.0134,0.0,14.5865,0.209,0.0454,0.0134,0.0,13.8819,2.0
2021-04-01,21:00,HSKTBSC04,27779.0,27779_Khorta Syidain (Gold) Sialkot (3G-CI-1067),339.0,7779_Khorta Syidain (Gold) Sialkot (3G-CI-1067),SIALKOT_CLUSTER_02_Rural,100%,0.0,287.0,1.0,602.0,0.0,1603.0,600.0,630.0,0.0,317.0,12.8292,1.0,79428.0,79568.0,79262.0,79568.0,1.0,1.0,1603.0,1594.0,12.8292,100.0,699.0,699.0,1.0,1594.0,287.0,287.0,0.1024,0.1024,7.4503,0.49700000000000005,0.0,0.0027,0.0054,7.4503,0.49700000000000005,0.0,0.0027,0.0054,12.8292,1.0
2021-04-01,21:00,HSKTBSC04,17779.0,17779_Khorta Syidain (Gold) Sialkot (3G-CI-1067),338.0,7779_Khorta Syidain (Gold) Sialkot (3G-CI-1067),SIALKOT_CLUSTER_02_Rural,100%,0.0,280.0,1.0,687.0,0.0,2277.0,756.0,815.0,0.0,413.0,14.2111,1.0,87974.0,88988.0,88754.0,88988.0,1.0,2.0,2277.0,2254.0,14.2111,100.0,575.0,577.0,1.0,2254.0,279.0,280.0,0.1097,0.5939,16.4899,0.4063,0.0823,0.0107,0.008,16.4899,0.4063,0.0823,0.0107,0.008,14.2111,1.0
2021-04-01,21:00,HSKTBSC04,37778.0,37778_Khorta Syidain Sialkot (3G-CI-1066),337.0,7778_Khorta Syidain Sialkot (3G-CI-1066),SIALKOT_CLUSTER_02_Rural,100%,0.0,17.0,0.0,107.0,0.0,512.0,170.0,207.0,0.0,124.0,1.9861,0.0,12790.0,13072.0,13060.0,13072.0,0.0,0.0,512.0,508.0,1.9861,100.0,26.0,26.0,0.0,508.0,17.0,17.0,0.0,0.0584,9.0199,0.1038,0.0053,0.0,0.0,9.0199,0.1038,0.0053,0.0,0.0,1.9861,0.0
2021-04-01,21:00,HSKTBSC04,27778.0,27778_Khorta Syidain Sialkot (3G-CI-1066),336.0,7778_Khorta Syidain Sialkot (3G-CI-1066),SIALKOT_CLUSTER_02_Rural,100%,0.0,402.0,6.0,733.0,0.0,1724.0,787.0,809.0,0.0,331.0,12.0194,6.0,69240.0,70412.0,69788.0,70412.0,0.0,2.0,1724.0,1709.0,12.0194,100.0,674.0,681.0,0.0,1709.0,400.0,402.0,0.0253,0.2531,20.3511,0.617,0.0479,0.0053,0.0,20.3511,0.617,0.0479,0.0053,0.0,12.0194,6.0
2021-04-01,21:00,HSKTBSC04,17778.0,17778_Khorta Syidain Sialkot (3G-CI-1066),335.0,7778_Khorta Syidain Sialkot (3G-CI-1066),SIALKOT_CLUSTER_02_Rural,100%,0.0,28.0,0.0,177.0,0.0,704.0,266.0,269.0,0.0,150.0,4.1889,0.0,27762.0,27768.0,27728.0,27768.0,0.0,1.0,704.0,704.0,4.1889,100.0,41.0,41.0,0.0,704.0,27.0,28.0,0.0258,0.0258,10.2447,0.0585,0.0,0.0027,0.0,10.2447,0.0585,0.0,0.0027,0.0,4.1889,0.0
2021-04-01,21:00,HSKTBSC04,37768.0,37768_Bharth (Gold) Sialkot (3G-CI-4463),334.0,7768_Bharth (Gold) Sialkot (3G-CI-4463),SIALKOT_CLUSTER_02_Rural,100%,1.0,689.0,0.0,1176.0,0.0,6923.0,1083.0,1167.0,9.0,542.0,30.3972,0.0,182112.0,183858.0,181746.0,183858.0,6.0,49.0,6923.0,6861.0,30.3972,100.0,1288.0,1299.0,6.0,6861.0,645.0,689.0,0.0437,0.3042,12.0448,0.2329,0.0321,0.0,0.0054,12.0448,0.2329,0.0321,0.0,0.0054,30.3972,0.0
2021-04-01,21:00,HSKTBSC04,27768.0,27768_Bharth (Gold) Sialkot (3G-CI-4463),333.0,7768_Bharth (Gold) Sialkot (3G-CI-4463),SIALKOT_CLUSTER_02_Rural,100%,0.0,392.0,4.0,944.0,21.0,8147.0,987.0,1030.0,0.0,552.0,24.8847,4.0,157758.0,158778.0,158304.0,158778.0,3.0,6.0,8126.0,8093.0,24.8847,100.0,1358.0,1367.0,3.0,8093.0,389.0,392.0,0.2951,1.2341,12.8508,1.0469,0.1321,0.0362,0.0053,12.8508,1.0469,0.1321,0.0362,0.0053,24.8847,4.0
2021-04-01,21:00,HSKTBSC04,17768.0,17768_Bharth (Gold) Sialkot (3G-CI-4463),332.0,7768_Bharth (Gold) Sialkot (3G-CI-4463),SIALKOT_CLUSTER_02_Rural,100%,0.0,260.0,1.0,530.0,0.0,1428.0,567.0,578.0,0.0,272.0,10.7611,1.0,67950.0,68162.0,67920.0,68162.0,1.0,2.0,1428.0,1416.0,10.7611,100.0,546.0,550.0,1.0,1416.0,259.0,260.0,0.0,0.1187,4.6824,0.0194,0.0056,0.0,0.0,4.6824,0.0194,0.0056,0.0,0.0,10.7611,1.0
2021-04-01,21:00,HSKTBSC04,33667.0,33667_Marakhiwal (Gold) Sialkot (3G-CI-1052),325.0,3667_Marakhiwal (Gold) Sialkot (3G-CI-1052),SIALKOT_CLUSTER_02_Rural,100%,0.0,399.0,5.0,920.0,0.0,2514.0,1020.0,1057.0,0.0,526.0,20.075,5.0,123772.0,124390.0,123230.0,124390.0,0.0,1.0,2514.0,2498.0,20.075,100.0,722.0,723.0,0.0,2498.0,398.0,399.0,0.0,0.2845,3.9657,0.114,0.0116,0.0,0.0,3.9657,0.114,0.0116,0.0,0.0,20.075,5.0
2021-04-01,21:00,HSKTBSC04,23667.0,23667_Marakhiwal (Gold) Sialkot (3G-CI-1052),324.0,3667_Marakhiwal (Gold) Sialkot (3G-CI-1052),SIALKOT_CLUSTER_02_Rural,100%,0.0,182.0,3.0,605.0,0.0,1500.0,831.0,861.0,0.0,431.0,8.9653,3.0,54546.0,54782.0,54452.0,54782.0,1.0,3.0,1500.0,1493.0,8.9653,100.0,357.0,360.0,1.0,1493.0,180.0,182.0,0.0,0.3342,8.1476,0.1043,0.0277,0.0,0.0,8.1476,0.1043,0.0277,0.0,0.0,8.9653,3.0
2021-04-01,21:00,HSKTBSC04,13667.0,13667_Marakhiwal (Gold) Sialkot (3G-CI-1052),323.0,3667_Marakhiwal (Gold) Sialkot (3G-CI-1052),SIALKOT_CLUSTER_02_Rural,100%,0.0,348.0,3.0,614.0,0.0,5199.0,517.0,540.0,0.0,271.0,20.4931,3.0,127658.0,128028.0,127070.0,128028.0,2.0,2.0,5199.0,5178.0,20.4931,100.0,694.0,699.0,2.0,5178.0,348.0,348.0,0.0333,0.1998,31.8133,0.1653,0.0533,0.0053,0.0053,31.8133,0.1653,0.0533,0.0053,0.0053,20.4931,3.0
2021-04-01,21:00,HSKTBSC04,33436.0,33436_Gondal Road (Gold) Sialkot (3G-CI-1042),319.0,3436_Gondal Road (Gold) Sialkot (3G-CI-1042),SIALKOT_CLUSTER_02_Rural,100%,0.0,143.0,2.0,608.0,0.0,882.0,842.0,868.0,0.0,468.0,9.9292,2.0,58494.0,58768.0,58350.0,58768.0,3.0,3.0,882.0,856.0,9.9292,100.0,292.0,294.0,3.0,856.0,143.0,143.0,0.4511,2.1649,12.4962,5.5358,0.3159,0.0533,0.0298,12.4962,5.5358,0.3159,0.0533,0.0298,9.9292,2.0
2021-04-01,21:00,HSKTBSC04,23436.0,23436_Gondal Road (Gold) Sialkot (3G-CI-1042),318.0,3436_Gondal Road (Gold) Sialkot (3G-CI-1042),SIALKOT_CLUSTER_02_Rural,100%,0.0,123.0,1.0,325.0,0.0,582.0,422.0,434.0,0.0,204.0,2.9486,1.0,15378.0,15680.0,15672.0,15680.0,0.0,2.0,582.0,569.0,2.9486,100.0,235.0,241.0,0.0,569.0,121.0,123.0,2.0223,3.5192,5.5082,0.507,0.0933,0.0907,0.0354,5.5082,0.507,0.0933,0.0907,0.0354,2.9486,1.0
2021-04-01,21:00,HSKTBSC04,13436.0,13436_Gondal Road (Gold) Sialkot (3G-CI-1042),317.0,3436_Gondal Road (Gold) Sialkot (3G-CI-1042),SIALKOT_CLUSTER_02_Rural,100%,0.0,105.0,1.0,352.0,0.0,402.0,476.0,483.0,0.0,247.0,5.5028,1.0,33528.0,33808.0,33780.0,33808.0,0.0,0.0,402.0,401.0,5.5028,100.0,155.0,155.0,0.0,401.0,105.0,105.0,0.1721,1.1534,14.4315,0.9198,0.1524,0.0241,0.0027,14.4315,0.9198,0.1524,0.0241,0.0027,5.5028,1.0
2021-04-01,21:00,HSKTBSC04,33385.0,33385_Jhai Sialkot (3G-CI-1033),316.0,3385_Jhai Sialkot (3G-CI-1033),SIALKOT_CLUSTER_02_Rural,100%,0.0,305.0,1.0,554.0,0.0,3562.0,502.0,541.0,0.0,259.0,14.0194,1.0,87924.0,89036.0,88190.0,89036.0,2.0,13.0,3562.0,3535.0,14.0194,100.0,693.0,699.0,2.0,3535.0,294.0,305.0,0.0218,0.17600000000000002,23.9206,0.56,0.0378,0.0027,0.0027,23.9206,0.56,0.0378,0.0027,0.0027,14.0194,1.0
2021-04-01,21:00,HSKTBSC04,23385.0,23385_Jhai Sialkot (3G-CI-1033),315.0,3385_Jhai Sialkot (3G-CI-1033),SIALKOT_CLUSTER_02_Rural,100%,0.0,90.0,0.0,202.0,0.0,649.0,225.0,228.0,0.0,112.0,5.9597,0.0,40236.0,40252.0,40234.0,40252.0,0.0,0.0,649.0,640.0,5.9597,100.0,135.0,136.0,0.0,640.0,90.0,90.0,0.0,0.0236,11.2853,0.0221,0.0027,0.0,0.0,11.2853,0.0221,0.0027,0.0,0.0,5.9597,0.0
2021-04-01,21:00,HSKTBSC04,13385.0,13385_Jhai Sialkot (3G-CI-1033),314.0,3385_Jhai Sialkot (3G-CI-1033),SIALKOT_CLUSTER_02_Rural,100%,0.0,109.0,1.0,166.0,1.0,1987.0,111.0,115.0,0.0,58.0,3.7847,1.0,22180.0,22528.0,22336.0,22528.0,0.0,1.0,1986.0,1972.0,3.7847,100.0,276.0,278.0,0.0,1972.0,108.0,109.0,0.0,0.0,14.385,0.0374,0.0,0.0,0.0,14.385,0.0374,0.0,0.0,0.0,3.7847,1.0
2021-04-01,21:00,HSKTBSC04,31345.0,CI-1345-3_Shadi Wall Sialkot (3G-CI-1082),31.0,CI-1345_Shadi Wall Sialkot (3G-CI-1082),SIALKOT_CLUSTER_02_Rural,100%,0.0,68.0,0.0,91.0,0.0,451.0,43.0,43.0,0.0,23.0,2.4375,0.0,15780.0,15788.0,15776.0,15788.0,0.0,0.0,451.0,449.0,2.4375,100.0,172.0,172.0,0.0,449.0,68.0,68.0,0.1823,0.2679,21.5594,0.3189,0.0188,0.016,0.024,21.5594,0.3189,0.0188,0.016,0.024,2.4375,0.0
2021-04-01,21:00,HSKTBSC04,21345.0,CI-1345-2_Shadi Wall Sialkot (3G-CI-1082),30.0,CI-1345_Shadi Wall Sialkot (3G-CI-1082),SIALKOT_CLUSTER_02_Rural,100%,0.0,17.0,0.0,64.0,0.0,1554.0,87.0,90.0,0.0,47.0,2.0319,0.0,14108.0,14218.0,14194.0,14218.0,0.0,0.0,1554.0,1553.0,2.0319,100.0,44.0,44.0,0.0,1553.0,17.0,17.0,0.0,0.0,8.2453,0.024,0.0,0.0,0.0,8.2453,0.024,0.0,0.0,0.0,2.0319,0.0
2021-04-01,21:00,HSKTBSC04,11345.0,CI-1345-1_Shadi Wall Sialkot (3G-CI-1082),29.0,CI-1345_Shadi Wall Sialkot (3G-CI-1082),SIALKOT_CLUSTER_02_Rural,100%,0.0,74.0,0.0,145.0,0.0,1149.0,123.0,124.0,0.0,71.0,6.7306,0.0,46102.0,46248.0,46154.0,46248.0,0.0,0.0,1149.0,1145.0,6.7306,100.0,117.0,118.0,0.0,1145.0,74.0,74.0,0.1286,0.2249,8.2133,0.0909,0.008,0.0107,0.0,8.2133,0.0909,0.008,0.0107,0.0,6.7306,0.0
2021-04-01,21:00,HSKTBSC04,31190.0,CI-1190-3_Palora Kalan Sialkot (3G-CI-1077),25.0,CI-1190_Palora Kalan Sialkot (3G-CI-1077),SIALKOT_CLUSTER_02_Rural,100%,0.0,42.0,0.0,108.0,0.0,1452.0,122.0,126.0,0.0,67.0,3.2903,0.0,21774.0,22118.0,22016.0,22118.0,0.0,1.0,1452.0,1441.0,3.2903,100.0,185.0,186.0,0.0,1441.0,41.0,42.0,0.0,0.2315,8.7833,0.1033,0.0206,0.0,0.0,8.7833,0.1033,0.0206,0.0,0.0,3.2903,0.0
2021-04-01,21:00,HSKTBSC04,21190.0,CI-1190-2_Palora Kalan Sialkot (3G-CI-1077),24.0,CI-1190_Palora Kalan Sialkot (3G-CI-1077),SIALKOT_CLUSTER_02_Rural,100%,0.0,23.0,0.0,29.0,0.0,821.0,13.0,13.0,0.0,6.0,0.6125,0.0,3440.0,3440.0,3440.0,3440.0,0.0,0.0,821.0,818.0,0.6125,100.0,34.0,34.0,0.0,818.0,23.0,23.0,0.0,0.0291,18.2987,0.0882,0.0054,0.0,0.0,18.2987,0.0882,0.0054,0.0,0.0,0.6125,0.0
2021-04-01,21:00,HSKTBSC04,11190.0,CI-1190-1_Palora Kalan Sialkot (3G-CI-1077),23.0,CI-1190_Palora Kalan Sialkot (3G-CI-1077),SIALKOT_CLUSTER_02_Rural,100%,0.0,13.0,0.0,21.0,0.0,422.0,13.0,14.0,0.0,8.0,0.2556,0.0,1428.0,1428.0,1428.0,1428.0,0.0,0.0,422.0,420.0,0.2556,100.0,25.0,25.0,0.0,420.0,13.0,13.0,0.0,0.0,12.8894,0.0218,0.0,0.0,0.0,12.8894,0.0218,0.0,0.0,0.0,0.2556,0.0
2021-04-01,21:00,HSKTBSC04,31340.0,CI-1340-3_Patesar Sialkot (3G-CI-1078),19.0,CI-1340_Patesar Sialkot (3G-CI-1078),SIALKOT_CLUSTER_02_Rural,100%,0.0,137.0,1.0,250.0,0.0,1729.0,229.0,253.0,0.0,116.0,6.4306,1.0,41430.0,41848.0,41796.0,41848.0,1.0,2.0,1729.0,1717.0,6.4306,100.0,257.0,261.0,1.0,1717.0,136.0,137.0,0.2613,0.9145,13.8182,0.377,0.0936,0.0374,0.0,13.8182,0.377,0.0936,0.0374,0.0,6.4306,1.0
2021-04-01,21:00,HSKTBSC04,21340.0,CI-1340-2_Patesar Sialkot (3G-CI-1078),18.0,CI-1340_Patesar Sialkot (3G-CI-1078),SIALKOT_CLUSTER_02_Rural,100%,0.0,72.0,0.0,85.0,0.0,863.0,30.0,30.0,0.0,14.0,2.4111,0.0,15018.0,15046.0,15046.0,15046.0,0.0,1.0,863.0,857.0,2.4111,100.0,130.0,130.0,0.0,857.0,71.0,72.0,0.0322,0.1166,12.5202,0.1203,0.0107,0.0041,0.0,12.5202,0.1203,0.0107,0.0041,0.0,2.4111,0.0
2021-04-01,21:00,HSKTBSC04,11340.0,CI-1340-1_Patesar Sialkot (3G-CI-1078),17.0,CI-1340_Patesar Sialkot (3G-CI-1078),SIALKOT_CLUSTER_02_Rural,100%,0.0,27.0,0.0,64.0,0.0,1712.0,65.0,70.0,0.0,37.0,2.6556,0.0,18112.0,18206.0,17996.0,18206.0,1.0,1.0,1712.0,1702.0,2.6556,100.0,54.0,57.0,1.0,1702.0,27.0,27.0,0.0,0.0,16.546,0.0213,0.0,0.0,0.0,16.546,0.0213,0.0,0.0,0.0,2.6556,0.0
2021-04-01,21:00,HSKTBSC04,17775.0,17775_Kapoorwali Sialkot (3G-CI-1064),154.0,7775_Kapoorwali Sialkot (3G-CI-1064),SIALKOT_CLUSTER_02_Rural,100%,0.0,173.0,5.0,225.0,0.0,2508.0,132.0,137.0,0.0,66.0,8.425,5.0,54072.0,54688.0,53824.0,54688.0,1.0,15.0,2508.0,2411.0,8.425,100.0,295.0,299.0,1.0,2411.0,159.0,173.0,0.0,0.0118,22.5102,0.0454,0.0027,0.0,0.0,22.5102,0.0454,0.0027,0.0,0.0,8.425,5.0
2021-04-01,21:00,HSKTBSC04,27775.0,27775_Kapoorwali Sialkot (3G-CI-1064),153.0,7775_Kapoorwali Sialkot (3G-CI-1064),SIALKOT_CLUSTER_02_Rural,100%,0.0,75.0,2.0,110.0,0.0,1094.0,57.0,67.0,0.0,35.0,4.3764,2.0,28812.0,29230.0,29128.0,29230.0,2.0,2.0,1094.0,1062.0,4.3764,100.0,218.0,223.0,2.0,1062.0,75.0,75.0,0.0,0.0,14.2269,0.0222,0.0,0.0,0.0,14.2269,0.0222,0.0,0.0,0.0,4.3764,2.0
2021-04-01,21:00,HSKTBSC04,37775.0,37775_Kapoorwali Sialkot (3G-CI-1064),152.0,7775_Kapoorwali Sialkot (3G-CI-1064),SIALKOT_CLUSTER_02_Rural,100%,0.0,38.0,0.0,85.0,0.0,476.0,95.0,97.0,0.0,47.0,2.7347,0.0,17500.0,18010.0,17968.0,18010.0,0.0,0.0,476.0,467.0,2.7347,100.0,130.0,131.0,0.0,467.0,38.0,38.0,0.0,0.3359,10.8909,0.2146,0.0374,0.0,0.0,10.8909,0.2146,0.0374,0.0,0.0,2.7347,0.0
2021-04-01,21:00,HSKTBSC02,13405.0,13405_PTCL Exchange DTE Sialkot (3G-CI-4275),86.0,3405_PTCL Exchange DTE Sialkot (3G-CI-4275),SIALKOT_CLUSTER_02_Rural,100%,0.0,46.0,1.0,249.0,0.0,371.0,381.0,395.0,0.0,203.0,5.3222,1.0,35412.0,35900.0,35878.0,35900.0,0.0,0.0,371.0,365.0,5.3222,100.0,140.0,140.0,0.0,365.0,46.0,46.0,0.0421,1.0528,5.9508,0.3998,0.0649,0.0027,0.0,5.9508,0.3998,0.0649,0.0027,0.0,5.3222,1.0
2021-04-01,21:00,HSKTBSC02,37757.0,37757_Dal Dargah (Gold) Sialkot (3G-CI-1059),57.0,7757_Dal Dargah (Gold) Sialkot (3G-CI-1059),SIALKOT_CLUSTER_02_Rural,100%,0.0,268.0,2.0,358.0,0.0,2680.0,187.0,207.0,0.0,90.0,10.0125,2.0,60906.0,61314.0,61224.0,61314.0,15.0,15.0,2680.0,2601.0,10.0125,100.0,476.0,488.0,15.0,2601.0,268.0,268.0,0.1407,0.8553,18.2353,0.69,0.1364,0.017,0.0098,18.2353,0.69,0.1364,0.017,0.0098,10.0125,2.0
2021-04-01,21:00,HSKTBSC02,27757.0,27757_Dal Dargah (Gold) Sialkot (3G-CI-1059),56.0,7757_Dal Dargah (Gold) Sialkot (3G-CI-1059),SIALKOT_CLUSTER_02_Rural,100%,0.0,229.0,4.0,501.0,0.0,1466.0,535.0,560.0,0.0,283.0,7.875,4.0,45940.0,46220.0,46030.0,46220.0,4.0,7.0,1466.0,1451.0,7.875,100.0,344.0,347.0,4.0,1451.0,226.0,229.0,0.1066,0.9603,9.533999999999999,0.3775,0.0854,0.008,0.0027,9.533999999999999,0.3775,0.0854,0.008,0.0027,7.875,4.0
2021-04-01,21:00,HSKTBSC02,13437.0,13437_Tariq Road Cantt Sialkot (3G-CI-1043),54.0,3437_Tariq Road Cantt Sialkot (3G-CI-1043),SIALKOT_CLUSTER_02_Rural,100%,0.0,168.0,0.0,355.0,0.0,1119.0,352.0,359.0,0.0,187.0,5.6153,0.0,31442.0,31636.0,31578.0,31636.0,0.0,0.0,1119.0,1115.0,5.6153,100.0,298.0,298.0,0.0,1115.0,168.0,168.0,0.0739,0.41600000000000004,20.0051,1.5658,0.0741,0.0133,0.0027,20.0051,1.5658,0.0741,0.0133,0.0027,5.6153,0.0
2021-04-01,21:00,HSKTBSC02,17751.0,17751_Godhpur Sialkot (3G-CI-4461),41.0,7751_Godhpur Sialkot (3G-CI-4461),SIALKOT_CLUSTER_02_Rural,100%,0.0,47.0,0.0,290.0,0.0,658.0,457.0,464.0,0.0,243.0,3.8708,0.0,22884.0,23048.0,23034.0,23048.0,0.0,1.0,658.0,625.0,3.8708,100.0,68.0,68.0,0.0,625.0,46.0,47.0,0.7984,4.0062,11.2485,1.0517,0.41100000000000003,0.0663,0.036000000000000004,11.2485,1.0517,0.41100000000000003,0.0663,0.036000000000000004,3.8708,0.0
2021-04-01,21:00,HSKTBSC02,31354.0,CI-1354-3_Chitti Sheikhan Sialkot (3G-CI-1087),211.0,CI-1354_Chitti Sheikhan Sialkot (3G-CI-1087),SIALKOT_CLUSTER_02_Rural,100%,0.0,238.0,5.0,381.0,0.0,2753.0,290.0,299.0,0.0,137.0,9.9778,5.0,57058.0,58330.0,57124.0,58330.0,0.0,0.0,2753.0,2678.0,9.9778,100.0,349.0,403.0,0.0,2678.0,238.0,238.0,0.0,0.0,15.2683,0.131,0.0,0.0,0.0,15.2683,0.131,0.0,0.0,0.0,9.9778,5.0
2021-04-01,21:00,HSKTBSC02,21354.0,CI-1354-2_Chitti Sheikhan Sialkot (3G-CI-1087),210.0,CI-1354_Chitti Sheikhan Sialkot (3G-CI-1087),SIALKOT_CLUSTER_02_Rural,100%,0.0,299.0,0.0,420.0,0.0,1682.0,297.0,306.0,0.0,127.0,7.3083,0.0,42620.0,42944.0,42414.0,42944.0,1.0,6.0,1682.0,1661.0,7.3083,100.0,512.0,519.0,1.0,1661.0,294.0,299.0,0.0,0.0246,10.7383,0.1254,0.0027,0.0,0.0,10.7383,0.1254,0.0027,0.0,0.0,7.3083,0.0
2021-04-01,21:00,HSKTBSC02,11354.0,CI-1354-1_Chitti Sheikhan Sialkot (3G-CI-1087),209.0,CI-1354_Chitti Sheikhan Sialkot (3G-CI-1087),SIALKOT_CLUSTER_02_Rural,100%,0.0,118.0,4.0,107.0,0.0,2610.0,99.0,103.0,0.0,47.0,2.3,4.0,12888.0,13188.0,12884.0,13188.0,0.0,56.0,2610.0,2475.0,2.3,100.0,257.0,262.0,0.0,2475.0,62.0,118.0,0.0,0.0,13.7592,0.0507,0.0,0.0,0.0,13.7592,0.0507,0.0,0.0,0.0,2.3,4.0
2021-04-01,21:00,HSKTBSC02,17774.0,17774_Khayaban e Iqbal Park Cantt Sialkot (3G-CI-1063),193.0,7774_Khayaban e Iqbal Park Cantt Sialkot (3G-CI-1063),SIALKOT_CLUSTER_02_Rural,100%,0.0,412.0,1.0,669.0,0.0,1724.0,511.0,517.0,0.0,258.0,20.3083,1.0,133504.0,133676.0,133660.0,133676.0,0.0,1.0,1724.0,1720.0,20.3083,100.0,848.0,849.0,0.0,1720.0,411.0,412.0,0.3383,0.9375,13.294,0.9294,0.086,0.0486,0.0,13.294,0.9294,0.086,0.0486,0.0,20.3083,1.0
2021-04-01,21:00,HSKTBSC02,23439.0,23439_Ghazi Road Cantt Sialkot (3G-CI-4282),173.0,3439_Ghazi Road Cantt Sialkot (3G-CI-4282),SIALKOT_CLUSTER_02_Rural,100%,0.0,50.0,0.0,132.0,0.0,147.0,173.0,182.0,0.0,86.0,2.0542,0.0,11884.0,12486.0,12404.0,12486.0,0.0,1.0,147.0,146.0,2.0542,100.0,92.0,92.0,0.0,146.0,49.0,50.0,0.0329,0.1806,15.9528,0.2856,0.024,0.0054,0.0,15.9528,0.2856,0.024,0.0054,0.0,2.0542,0.0
2021-04-01,21:00,HSKTBSC02,23437.0,23437_Tariq Road Cantt Sialkot (3G-CI-1043),168.0,3437_Tariq Road Cantt Sialkot (3G-CI-1043),SIALKOT_CLUSTER_02_Rural,100%,0.0,514.0,2.0,1190.0,0.0,2036.0,1357.0,1389.0,2.0,679.0,23.8472,2.0,147586.0,148888.0,148682.0,148888.0,3.0,4.0,2036.0,2015.0,23.8472,100.0,975.0,984.0,3.0,2015.0,513.0,514.0,0.0,0.3007,5.4737,0.1457,0.017,0.0,0.0,5.4737,0.1457,0.017,0.0,0.0,23.8472,2.0
2021-04-01,21:00,HSKTBSC02,13488.0,13488_Muslim Colony Sialkot (3G-CI-1049),160.0,3488_Muslim Colony Sialkot (3G-CI-1049),SIALKOT_CLUSTER_02_Rural,100%,0.0,220.0,4.0,607.0,0.0,2620.0,791.0,813.0,0.0,387.0,9.4153,4.0,55272.0,55936.0,55352.0,55936.0,0.0,0.0,2620.0,2571.0,9.4153,100.0,395.0,403.0,0.0,2571.0,220.0,220.0,0.6346,1.9903,8.6653,0.3516,0.1247,0.0557,0.0027,8.6653,0.3516,0.1247,0.0557,0.0027,9.4153,4.0
2021-04-01,21:00,HSKTBSC02,13417.0,13417_Muslim Town (Gold) Sialkot (3G-CI-4276),152.0,3417_Muslim Town (Gold) Sialkot (3G-CI-4276),SIALKOT_CLUSTER_02_Rural,100%,0.0,51.0,3.0,157.0,0.0,1215.0,191.0,206.0,0.0,107.0,4.5083,3.0,26708.0,27922.0,27732.0,27922.0,2.0,2.0,1215.0,1145.0,4.5083,100.0,65.0,69.0,2.0,1145.0,51.0,51.0,0.6996,2.9495,11.7721,2.3022,0.3263,0.063,0.0384,11.7721,2.3022,0.3263,0.063,0.0384,4.5083,3.0
2021-04-01,21:00,HSKTBSC02,37759.0,37759_Ugoki Road Sialkot (3G-CI-1060),142.0,7759_Ugoki Road Sialkot (3G-CI-1060),SIALKOT_CLUSTER_02_Rural,100%,0.0,172.0,0.0,301.0,0.0,1276.0,235.0,267.0,1.0,131.0,8.0833,0.0,49346.0,50436.0,50164.0,50436.0,6.0,9.0,1276.0,1224.0,8.0833,100.0,240.0,247.0,6.0,1224.0,169.0,172.0,0.2914,0.8743,8.0183,0.1446,0.048,0.0107,0.0133,8.0183,0.1446,0.048,0.0107,0.0133,8.0833,0.0
2021-04-01,21:00,HSKTBSC02,17759.0,17759_Ugoki Road Sialkot (3G-CI-1060),140.0,7759_Ugoki Road Sialkot (3G-CI-1060),SIALKOT_CLUSTER_02_Rural,100%,0.0,90.0,0.0,282.0,0.0,1254.0,324.0,335.0,0.0,193.0,7.9542,0.0,50354.0,50630.0,50514.0,50630.0,1.0,1.0,1254.0,1240.0,7.9542,100.0,141.0,142.0,1.0,1240.0,90.0,90.0,0.3753,1.359,13.9013,0.8183,0.1468,0.0427,0.0133,13.9013,0.8183,0.1468,0.0427,0.0133,7.9542,0.0
2021-04-01,21:00,HSKTBSC02,23419.0,23419_Sindbad Playland Sialkot (3G-CI-4277),135.0,3419_Sindbad Playland Sialkot (3G-CI-4277),SIALKOT_CLUSTER_02_Rural,100%,0.0,47.0,0.0,335.0,0.0,440.0,548.0,556.0,0.0,291.0,5.4167,0.0,33820.0,34058.0,33924.0,34058.0,0.0,1.0,440.0,434.0,5.4167,100.0,98.0,99.0,0.0,434.0,46.0,47.0,0.3701,0.9179,17.6987,0.1493,0.0987,0.0667,0.0,17.6987,0.1493,0.0987,0.0667,0.0,5.4167,0.0
2021-04-01,21:00,HSKTBSC02,13419.0,13419_Sindbad Playland Sialkot (3G-CI-4277),134.0,3419_Sindbad Playland Sialkot (3G-CI-4277),SIALKOT_CLUSTER_02_Rural,100%,0.0,153.0,1.0,352.0,0.0,592.0,455.0,460.0,0.0,199.0,4.5486,1.0,27122.0,27448.0,27342.0,27448.0,3.0,3.0,592.0,547.0,4.5486,100.0,306.0,318.0,3.0,547.0,153.0,153.0,31.523000000000003,49.1187,6.225,0.7103,2.3984,2.4615,1.8352,6.225,0.7103,2.3984,2.4615,1.8352,4.5486,1.0
2021-04-01,21:00,HSKTBSC02,37758.0,37758_Chah Bagwana (Gold) Sialkot (3G-CI-4170),130.0,7758_Chah Bagwana (Gold) Sialkot (3G-CI-4170),SIALKOT_CLUSTER_02_Rural,100%,0.0,372.0,5.0,637.0,0.0,4384.0,498.0,519.0,0.0,267.0,19.3444,5.0,119962.0,121066.0,120430.0,121066.0,4.0,7.0,4384.0,4334.0,19.3444,100.0,776.0,780.0,4.0,4334.0,369.0,372.0,0.0327,0.1769,16.962,0.2737,0.0249,0.0056,0.0,16.962,0.2737,0.0249,0.0056,0.0,19.3444,5.0
2021-04-01,21:00,HSKTBSC02,17750.0,17750_Rauf Tower Hotel (Gold) Sialkot (3G-CI-1055),125.0,7750_Rauf Tower Hotel (Gold) Sialkot (3G-CI-1055),SIALKOT_CLUSTER_02_Rural,100%,0.0,309.0,9.0,561.0,0.0,2001.0,487.0,514.0,0.0,259.0,7.7028,9.0,39770.0,40302.0,39654.0,40302.0,11.0,15.0,2001.0,1937.0,7.7028,100.0,510.0,521.0,11.0,1937.0,305.0,309.0,0.8801,2.0299,26.4508,1.5252,0.3283,0.1096,0.1417,26.4508,1.5252,0.3283,0.1096,0.1417,7.7028,9.0
2021-04-01,21:00,HSKTBSC02,33416.0,33416_Koti Loharan Sialkot (3G-CI-1039),109.0,3416_Koti Loharan Sialkot (3G-CI-1039),SIALKOT_CLUSTER_02_Rural,100%,0.0,143.0,0.0,227.0,0.0,623.0,198.0,201.0,0.0,84.0,2.6097,0.0,11972.0,12110.0,12028.0,12110.0,1.0,1.0,623.0,610.0,2.6097,100.0,202.0,208.0,1.0,610.0,143.0,143.0,0.1321,4.1378,5.6802,0.1117,0.242,0.008,0.0,5.6802,0.1117,0.242,0.008,0.0,2.6097,0.0
2021-04-01,21:00,HSKTBSC02,13416.0,13416_Koti Loharan Sialkot (3G-CI-1039),107.0,3416_Koti Loharan Sialkot (3G-CI-1039),SIALKOT_CLUSTER_02_Rural,100%,0.0,200.0,1.0,344.0,0.0,2994.0,247.0,256.0,0.0,148.0,9.0847,1.0,56962.0,57034.0,57006.0,57034.0,0.0,3.0,2994.0,2960.0,9.0847,100.0,321.0,322.0,0.0,2960.0,197.0,200.0,0.1545,0.7432,18.2279,0.6065,0.1117,0.0213,0.008,18.2279,0.6065,0.1117,0.0213,0.008,9.0847,1.0
2021-04-01,21:00,HSKTBSC02,17758.0,17758_Chah Bagwana (Gold) Sialkot (3G-CI-4170),103.0,7758_Chah Bagwana (Gold) Sialkot (3G-CI-4170),SIALKOT_CLUSTER_02_Rural,100%,0.0,186.0,4.0,489.0,0.0,2522.0,512.0,546.0,0.0,306.0,13.1444,4.0,79310.0,81212.0,80056.0,81212.0,9.0,12.0,2522.0,2498.0,13.1444,100.0,319.0,319.0,9.0,2498.0,183.0,186.0,0.2557,0.5754,8.136000000000001,0.1573,0.0267,0.0107,0.0107,8.136000000000001,0.1573,0.0267,0.0107,0.0107,13.1444,4.0
2021-04-01,21:00,HLHRBSC14,11714.0,CI-1714-1_Laser Sports Residence_(Pico),233.0,CI-1714_Laser Sports Residence_(Pico),SIALKOT_CLUSTER_02_Rural,100%,0.0,0.0,0.0,0.0,0.0,0.0,0.0,0.0,0.0,0.0,0.0,0.0,0.0,0.0,0.0,0.0,0.0,0.0,0.0,0.0,0.0,0.0,0.0,0.0,0.0,0.0,0.0,0.0,,,,,,,,,,,,,0.0,0.0
