Date,Time,GBSC,Cell CI,Cell Name,CellIndex,Site Name,Location,Integrity,_CallSetup TCH GOS(%)_N,_CallSetup TCH GOS(%)_D,_DCR_N,_DCR_D,_GOS-SDCCH(%)_N,_GOS-SDCCH(%)_D,_HSR%_N,_HSR%_D,_Mobility TCH GOS(%)_N,_Mobility TCH GOS(%)_D,_MTBD (Mean Time between Drop)_N,_MTBD (Mean Time between Drop)_D,_RxQual Index DL_1,_RxQual Index DL_2,_RxQual Index UL_1,_RxQual Index UL_2,CSSR_Non Blocking_1_N,CSSR_Non Blocking_2_N,CSSR_Non Blocking_1_D,CSSR_Non Blocking_2_D,GlobelTraffic,TCH Availability Rate,_cssr_Call Setup Indications (Circuit Service)_N_1,_Cssr_Channel Requests (Circuit Service)_D_1,_CSSR_Call Drops on SDCCH_N_2,_CSSR_Successful SDCCH Seizures_D_2,_CSSR_Successful TCH Seizures (Traffic Channel)_N_3,_CSSR_TCH Seizure Requests (Traffic Channel)_D_3,Interference Band Proportion (4~5)(%),Interference Band 345,Mean Number of TCH in Interference Band 1,Mean Number of TCH in Interference Band 2,Mean Number of TCH in Interference Band 3,Mean Number of TCH in Interference Band 4,Mean Number of TCH in Interference Band 5,Mean Number of TCH in Interference Band 1.1,Mean Number of TCH in Interference Band 2.1,Mean Number of TCH in Interference Band 3.1,Mean Number of TCH in Interference Band 4.1,Mean Number of TCH in Interference Band 5.1,K3014:Traffic Volume on TCH(Erl),CM33:Call Drops on Traffic Channel
2021-04-01,21:00,HFSDBSC05,32624.0,CII-2624-3_Rafeeq Colony Faisalabad-Z1 (3G-CII-4536),253.0,CII-2624_Rafeeq Colony Faisalabad-Z1 (3G-CII-4536),FAISALABAD_CLUSTER_05_Rural,100%,0.0,94.0,2.0,209.0,0.0,765.0,254.0,259.0,0.0,126.0,4.8778,2.0,31776.0,31974.0,31022.0,31974.0,0.0,9.0,765.0,760.0,4.8778,83.1274,190.0,191.0,0.0,760.0,85.0,94.0,0.0,0.2046,17.6065,0.1083,0.0363,0.0,0.0,17.6065,0.1083,0.0363,0.0,0.0,4.8778,2.0
2021-04-01,21:00,HFSDBSC05,32323.0,CII-2323-3_Chak No 61 JB Dharoran Faisalabad-Z1 (3G-CII-4530),252.0,CII-2323_Chak No 61 JB Dharoran Faisalabad-Z1 (3G-CII-4530),FAISALABAD_CLUSTER_05_Rural,100%,0.0,57.0,0.0,124.0,0.0,716.0,137.0,138.0,0.0,68.0,1.5556,0.0,9406.0,9509.0,9385.0,9509.0,3.0,4.0,716.0,688.0,1.5556,100.0,126.0,129.0,3.0,688.0,56.0,57.0,0.0244,0.4624,20.958000000000002,1.0318,0.0968,0.0054,0.0,20.958000000000002,1.0318,0.0968,0.0054,0.0,1.5556,0.0
2021-04-01,21:00,HFSDBSC05,22323.0,CII-2323-2_Chak No 61 JB Dharoran Faisalabad-Z1 (3G-CII-4530),251.0,CII-2323_Chak No 61 JB Dharoran Faisalabad-Z1 (3G-CII-4530),FAISALABAD_CLUSTER_05_Rural,100%,0.0,56.0,0.0,132.0,0.0,291.0,148.0,155.0,0.0,76.0,4.6417,0.0,32031.0,32176.0,31886.0,32176.0,0.0,0.0,291.0,285.0,4.6417,100.0,100.0,100.0,0.0,285.0,56.0,56.0,0.0,0.1121,9.2249,0.1984,0.0106,0.0,0.0,9.2249,0.1984,0.0106,0.0,0.0,4.6417,0.0
2021-04-01,21:00,HFSDBSC05,12323.0,CII-2323-1_Chak No 61 JB Dharoran Faisalabad-Z1 (3G-CII-4530),250.0,CII-2323_Chak No 61 JB Dharoran Faisalabad-Z1 (3G-CII-4530),FAISALABAD_CLUSTER_05_Rural,100%,0.0,67.0,0.0,131.0,0.0,621.0,123.0,128.0,0.0,64.0,2.925,0.0,18895.0,19091.0,18946.0,19091.0,0.0,0.0,621.0,606.0,2.925,100.0,171.0,177.0,0.0,606.0,67.0,67.0,0.0407,0.2034,19.346,0.1748,0.0318,0.008,0.0,19.346,0.1748,0.0318,0.008,0.0,2.925,0.0
2021-04-01,21:00,HFSDBSC05,34096.0,34096_Narwala Road Faisalabad-Z1 (3G-CII-4474),187.0,4096_Narwala Road Faisalabad-Z1 (3G-CII-4474),FAISALABAD_CLUSTER_05_Rural,100%,0.0,67.0,0.0,114.0,0.0,457.0,101.0,107.0,0.0,48.0,4.3903,0.0,29581.0,29803.0,29549.0,29803.0,0.0,0.0,457.0,451.0,4.3903,100.0,146.0,151.0,0.0,451.0,67.0,67.0,0.071,0.1183,11.0428,0.2406,0.0053,0.0027,0.0054,11.0428,0.2406,0.0053,0.0027,0.0054,4.3903,0.0
2021-04-01,21:00,HFSDBSC05,24096.0,24096_Narwala Road Faisalabad-Z1 (3G-CII-4474),186.0,4096_Narwala Road Faisalabad-Z1 (3G-CII-4474),FAISALABAD_CLUSTER_05_Rural,100%,0.0,44.0,0.0,75.0,0.0,502.0,55.0,57.0,0.0,31.0,3.4542,0.0,23336.0,23575.0,23399.0,23575.0,1.0,1.0,502.0,501.0,3.4542,100.0,143.0,168.0,1.0,501.0,44.0,44.0,0.0,0.4721,10.6016,0.6711,0.0535,0.0,0.0,10.6016,0.6711,0.0535,0.0,0.0,3.4542,0.0
2021-04-01,21:00,HFSDBSC05,14096.0,14096_Narwala Road Faisalabad-Z1 (3G-CII-4474),185.0,4096_Narwala Road Faisalabad-Z1 (3G-CII-4474),FAISALABAD_CLUSTER_05_Rural,100%,0.0,87.0,1.0,161.0,0.0,691.0,150.0,161.0,0.0,75.0,3.6556,1.0,22399.0,22850.0,22229.0,22850.0,2.0,2.0,691.0,663.0,3.6556,100.0,152.0,163.0,2.0,663.0,87.0,87.0,0.069,0.5384,18.5896,0.6493,0.0908,0.0107,0.0027,18.5896,0.6493,0.0908,0.0107,0.0027,3.6556,1.0
2021-04-01,21:00,HFSDBSC05,34810.0,34810_Zenat Town Faisalabad-Z1 (3G-CII-2007),178.0,4810_Zenat Town Faisalabad-Z1 (3G-CII-2007),FAISALABAD_CLUSTER_05_Rural,100%,0.0,54.0,2.0,171.0,0.0,419.0,231.0,234.0,0.0,117.0,3.7861,2.0,25672.0,25932.0,25440.0,25932.0,0.0,1.0,419.0,413.0,3.7861,100.0,127.0,130.0,0.0,413.0,53.0,54.0,0.0,0.9361,19.4345,0.6055,0.1894,0.0,0.0,19.4345,0.6055,0.1894,0.0,0.0,3.7861,2.0
2021-04-01,21:00,HFSDBSC05,14810.0,14810_Zenat Town Faisalabad-Z1 (3G-CII-2007),176.0,4810_Zenat Town Faisalabad-Z1 (3G-CII-2007),FAISALABAD_CLUSTER_05_Rural,100%,0.0,174.0,1.0,303.0,0.0,787.0,246.0,246.0,0.0,130.0,12.2083,1.0,84772.0,85133.0,84721.0,85133.0,0.0,2.0,787.0,766.0,12.2083,100.0,448.0,457.0,0.0,766.0,172.0,174.0,0.4967,1.5909,8.8268,0.6544,0.1054,0.036000000000000004,0.0118,8.8268,0.6544,0.1054,0.036000000000000004,0.0118,12.2083,1.0
2021-04-01,21:00,HFSDBSC05,34062.0,34062_Ideal Town Sargodha Road Faisalabad-Z2 (3G-CII-3682),175.0,4062_Ideal Town Sargodha Road Faisalabad-Z2 (3G-CII-3682),FAISALABAD_CLUSTER_05_Rural,100%,0.0,46.0,0.0,184.0,0.0,301.0,271.0,272.0,0.0,139.0,3.1292,0.0,21908.0,21933.0,21844.0,21933.0,0.0,0.0,301.0,300.0,3.1292,100.0,152.0,153.0,0.0,300.0,46.0,46.0,0.249,0.3013,19.8357,0.475,0.0107,0.0,0.0507,19.8357,0.475,0.0107,0.0,0.0507,3.1292,0.0
2021-04-01,21:00,HFSDBSC05,24062.0,24062_Ideal Town Sargodha Road Faisalabad-Z2 (3G-CII-3682),174.0,4062_Ideal Town Sargodha Road Faisalabad-Z2 (3G-CII-3682),FAISALABAD_CLUSTER_05_Rural,100%,0.0,74.0,0.0,257.0,0.0,948.0,357.0,359.0,0.0,183.0,7.9986,0.0,55922.0,56078.0,55906.0,56078.0,2.0,2.0,948.0,940.0,7.9986,100.0,143.0,143.0,2.0,940.0,74.0,74.0,0.1473,0.5642,10.6074,0.5899,0.0469,0.0082,0.0084,10.6074,0.5899,0.0469,0.0082,0.0084,7.9986,0.0
2021-04-01,21:00,HFSDBSC05,14062.0,14062_Ideal Town Sargodha Road Faisalabad-Z2 (3G-CII-3682),173.0,4062_Ideal Town Sargodha Road Faisalabad-Z2 (3G-CII-3682),FAISALABAD_CLUSTER_05_Rural,100%,0.0,292.0,3.0,622.0,0.0,2448.0,645.0,669.0,0.0,335.0,12.5347,3.0,79900.0,82314.0,81114.0,82314.0,1.0,4.0,2448.0,2412.0,12.5347,100.0,667.0,668.0,1.0,2412.0,289.0,292.0,0.6433,1.9304,19.4449,1.3719999999999999,0.2732,0.083,0.0536,19.4449,1.3719999999999999,0.2732,0.083,0.0536,12.5347,3.0
2021-04-01,21:00,HFSDBSC05,32225.0,CII-2225-3_Small Industrial State Faisalabad-Z1 (3G-CII-3685),172.0,CII-2225_Small Industrial State Faisalabad-Z1 (3G-CII-3685),FAISALABAD_CLUSTER_05_Rural,100%,0.0,191.0,0.0,258.0,0.0,741.0,120.0,124.0,0.0,68.0,8.2278,0.0,55729.0,55984.0,55360.0,55984.0,1.0,1.0,741.0,718.0,8.2278,100.0,285.0,293.0,1.0,718.0,191.0,191.0,0.0735,0.7346,10.3523,0.4591,0.07200000000000001,0.0027,0.0053,10.3523,0.4591,0.07200000000000001,0.0027,0.0053,8.2278,0.0
2021-04-01,21:00,HFSDBSC05,12225.0,CII-2225-1_Small Industrial State Faisalabad-Z1 (3G-CII-3685),170.0,CII-2225_Small Industrial State Faisalabad-Z1 (3G-CII-3685),FAISALABAD_CLUSTER_05_Rural,100%,0.0,67.0,0.0,127.0,0.0,583.0,129.0,131.0,0.0,61.0,3.6069,0.0,24884.0,24954.0,24934.0,24954.0,0.0,0.0,583.0,572.0,3.6069,100.0,110.0,110.0,0.0,572.0,67.0,67.0,0.14300000000000002,0.4574,9.16,0.128,0.0293,0.0107,0.0027,9.16,0.128,0.0293,0.0107,0.0027,3.6069,0.0
2021-04-01,21:00,HFSDBSC05,34022.0,34022_Jhung Road Lalazar Colony Faisalabad-Z1 (3G-CII-2001),157.0,4022_Jhung Road Lalazar Colony Faisalabad-Z1 (3G-CII-2001),FAISALABAD_CLUSTER_05_Rural,100%,0.0,127.0,2.0,247.0,0.0,1240.0,240.0,247.0,0.0,124.0,8.65,2.0,59228.0,59459.0,59175.0,59459.0,2.0,4.0,1240.0,1198.0,8.65,100.0,189.0,198.0,2.0,1198.0,125.0,127.0,0.0843,0.6838,27.3202,0.9603,0.1707,0.024,0.0,27.3202,0.9603,0.1707,0.024,0.0,8.65,2.0
2021-04-01,21:00,HFSDBSC05,34093.0,34093_Habib Town Faisalabad-Z1 (3G-CII-3079),101.0,4093_Habib Town Faisalabad-Z1 (3G-CII-3079),FAISALABAD_CLUSTER_05_Rural,100%,0.0,20.0,0.0,32.0,0.0,103.0,25.0,25.0,0.0,12.0,0.2597,0.0,1432.0,1434.0,1432.0,1434.0,0.0,0.0,103.0,102.0,0.2597,100.0,29.0,29.0,0.0,102.0,20.0,20.0,0.0,0.0,8.2762,0.0634,0.0,0.0,0.0,8.2762,0.0634,0.0,0.0,0.0,0.2597,0.0
2021-04-01,21:00,HFSDBSC05,14093.0,14093_Habib Town Faisalabad-Z1 (3G-CII-3079),99.0,4093_Habib Town Faisalabad-Z1 (3G-CII-3079),FAISALABAD_CLUSTER_05_Rural,100%,0.0,50.0,0.0,78.0,0.0,376.0,50.0,50.0,0.0,28.0,1.3625,0.0,7931.0,7940.0,7903.0,7940.0,0.0,0.0,376.0,376.0,1.3625,100.0,76.0,76.0,0.0,376.0,50.0,50.0,0.0,0.0,16.0926,0.0265,0.0,0.0,0.0,16.0926,0.0265,0.0,0.0,0.0,1.3625,0.0
2021-04-01,21:00,HFSDBSC05,34095.0,34095_Truck Ada Jhang Road Faisalabad-Z1 (3G-CII-3081),88.0,4095_Truck Ada Jhang Road Faisalabad-Z1 (3G-CII-3081),FAISALABAD_CLUSTER_05_Rural,100%,0.0,76.0,3.0,148.0,0.0,960.0,143.0,145.0,0.0,73.0,2.6333,3.0,16046.0,16112.0,15622.0,16112.0,3.0,4.0,960.0,934.0,2.6333,100.0,243.0,243.0,3.0,934.0,75.0,76.0,0.013999999999999999,0.8938,6.9471,11.8281,0.1667,0.0027,0.0,6.9471,11.8281,0.1667,0.0027,0.0,2.6333,3.0
2021-04-01,21:00,HFSDBSC05,15753.0,15753_Sitara Sapna Faisalabad-Z1 (3G-CII-4504),75.0,5753_Sitara Sapna Faisalabad-Z1 (3G-CII-4504),FAISALABAD_CLUSTER_05_Rural,100%,0.0,97.0,2.0,292.0,0.0,413.0,393.0,403.0,0.0,204.0,4.3125,2.0,27379.0,27518.0,27006.0,27518.0,0.0,1.0,413.0,409.0,4.3125,100.0,132.0,133.0,0.0,409.0,96.0,97.0,0.0485,0.1617,11.9146,4.467,0.0186,0.008,0.0,11.9146,4.467,0.0186,0.008,0.0,4.3125,2.0
2021-04-01,21:00,HFSDBSC05,34003.0,34003_Agricultural Institute Faisalabad-Z2 (3G-CII-3681),74.0,4003_Agricultural Institute Faisalabad-Z2 (3G-CII-3681),FAISALABAD_CLUSTER_05_Rural,100%,0.0,52.0,0.0,176.0,0.0,1203.0,238.0,242.0,0.0,126.0,3.1639,0.0,21337.0,21498.0,21188.0,21498.0,3.0,3.0,1203.0,1167.0,3.1639,100.0,222.0,224.0,3.0,1167.0,52.0,52.0,0.0873,0.4046,32.2857,0.9445,0.1059,0.0159,0.0132,32.2857,0.9445,0.1059,0.0159,0.0132,3.1639,0.0
2021-04-01,21:00,HFSDBSC05,34058.0,34058_Kalim Shaheed Park Faisalabad-Z1 (3G-CII-3062),59.0,4058_Kalim Shaheed Park Faisalabad-Z1 (3G-CII-3062),FAISALABAD_CLUSTER_05_Rural,100%,0.0,66.0,1.0,219.0,0.0,709.0,305.0,307.0,0.0,154.0,4.4042,1.0,29959.0,30214.0,30086.0,30214.0,1.0,2.0,709.0,702.0,4.4042,100.0,173.0,175.0,1.0,702.0,65.0,66.0,0.0567,0.1702,18.3937,0.4221,0.0214,0.0053,0.0054,18.3937,0.4221,0.0214,0.0053,0.0054,4.4042,1.0
2021-04-01,21:00,HFSDBSC05,34009.0,34009_Goal Masjid Gmabad Faisalabad-Z1 (3G-CII-3022),44.0,4009_Goal Masjid Gmabad Faisalabad-Z1 (3G-CII-3022),FAISALABAD_CLUSTER_05_Rural,100%,0.0,132.0,2.0,249.0,0.0,3135.0,237.0,243.0,0.0,120.0,7.1097,2.0,46476.0,47264.0,46424.0,47264.0,0.0,2.0,3135.0,3124.0,7.1097,100.0,334.0,337.0,0.0,3124.0,130.0,132.0,0.0479,0.6817,19.3867,2.76,0.1413,0.0107,0.0,19.3867,2.76,0.1413,0.0107,0.0,7.1097,2.0
2021-04-01,21:00,HFSDBSC05,14009.0,14009_Goal Masjid Gmabad Faisalabad-Z1 (3G-CII-3022),42.0,4009_Goal Masjid Gmabad Faisalabad-Z1 (3G-CII-3022),FAISALABAD_CLUSTER_05_Rural,100%,0.0,170.0,2.0,350.0,0.0,1610.0,356.0,361.0,0.0,181.0,8.9014,2.0,55059.0,56352.0,55226.0,56352.0,2.0,3.0,1610.0,1597.0,8.9014,100.0,331.0,345.0,2.0,1597.0,169.0,170.0,0.0646,0.7104,11.8566,0.4756,0.0802,0.008,0.0,11.8566,0.4756,0.0802,0.008,0.0,8.9014,2.0
2021-04-01,21:00,HFSDBSC05,34055.0,34055_Rehmat Town Faisalabad-Z1 (3G-CII-3059),41.0,4055_Rehmat Town Faisalabad-Z1 (3G-CII-3059),FAISALABAD_CLUSTER_05_Rural,100%,0.0,32.0,0.0,50.0,0.0,303.0,41.0,41.0,0.0,18.0,1.1208,0.0,7173.0,7182.0,7008.0,7182.0,0.0,0.0,303.0,302.0,1.1208,100.0,64.0,64.0,0.0,302.0,32.0,32.0,0.078,0.8690000000000001,22.7155,0.7623,0.1873,0.0185,0.0,22.7155,0.7623,0.1873,0.0185,0.0,1.1208,0.0
2021-04-01,21:00,HFSDBSC05,14055.0,14055_Rehmat Town Faisalabad-Z1 (3G-CII-3059),39.0,4055_Rehmat Town Faisalabad-Z1 (3G-CII-3059),FAISALABAD_CLUSTER_05_Rural,100%,0.0,39.0,0.0,105.0,0.0,539.0,124.0,125.0,0.0,66.0,1.7986,0.0,11937.0,12001.0,11971.0,12001.0,1.0,1.0,539.0,524.0,1.7986,100.0,137.0,138.0,1.0,524.0,39.0,39.0,0.1584,0.4046,14.6562,0.3119,0.037000000000000005,0.0185,0.0053,14.6562,0.3119,0.037000000000000005,0.0185,0.0053,1.7986,0.0
2021-04-01,21:00,HFSDBSC05,34099.0,34099_Block A Ghulamabad Faisalabad-Z1 (3G-CII-3083),28.0,4099_Block A Ghulamabad Faisalabad-Z1 (3G-CII-3083),FAISALABAD_CLUSTER_05_Rural,100%,0.0,124.0,0.0,152.0,0.0,1546.0,56.0,57.0,0.0,28.0,5.3583,0.0,35262.0,35414.0,35205.0,35414.0,0.0,0.0,1546.0,1542.0,5.3583,100.0,196.0,199.0,0.0,1542.0,124.0,124.0,0.0487,0.1946,16.059,0.1767,0.0237,0.0053,0.0026,16.059,0.1767,0.0237,0.0053,0.0026,5.3583,0.0
2021-04-01,21:00,HFSDBSC05,14099.0,14099_Block A Ghulamabad Faisalabad-Z1 (3G-CII-3083),26.0,4099_Block A Ghulamabad Faisalabad-Z1 (3G-CII-3083),FAISALABAD_CLUSTER_05_Rural,100%,0.0,46.0,0.0,77.0,0.0,691.0,66.0,70.0,0.0,31.0,2.0708,0.0,13620.0,13735.0,13612.0,13735.0,0.0,0.0,691.0,687.0,2.0708,100.0,306.0,308.0,0.0,687.0,46.0,46.0,0.7354,3.6948,13.1298,1.0369,0.4353,0.1029,0.0053,13.1298,1.0369,0.4353,0.1029,0.0053,2.0708,0.0
2021-04-01,21:00,HFSDBSC05,34042.0,34042_Gulzar Colony Faisalabad-Z1 (3G-CII-3048),20.0,4042_Gulzar Colony Faisalabad-Z1 (3G-CII-3048),FAISALABAD_CLUSTER_05_Rural,100%,0.0,11.0,0.0,50.0,0.0,192.0,82.0,82.0,0.0,39.0,1.0069,0.0,6926.0,6932.0,6927.0,6932.0,0.0,0.0,192.0,191.0,1.0069,100.0,34.0,34.0,0.0,191.0,11.0,11.0,4.5457,12.0477,17.3173,3.6739,1.7905,0.7268,0.3581,17.3173,3.6739,1.7905,0.7268,0.3581,1.0069,0.0
2021-04-01,21:00,HFSDBSC05,34802.0,34802_Agha Town Faisalabad-Z1 (3G-CII-4489),8.0,4802_Agha Town Faisalabad-Z1 (3G-CII-4489),FAISALABAD_CLUSTER_05_Rural,100%,0.0,85.0,2.0,196.0,0.0,1207.0,207.0,220.0,0.0,116.0,4.6056,2.0,30477.0,30610.0,30339.0,30610.0,1.0,1.0,1207.0,1184.0,4.6056,100.0,140.0,140.0,1.0,1184.0,85.0,85.0,0.0,0.0962,16.381,0.1005,0.0159,0.0,0.0,16.381,0.1005,0.0159,0.0,0.0,4.6056,2.0
2021-04-01,21:00,HFSDBSC05,14802.0,14802_Agha Town Faisalabad-Z1 (3G-CII-4489),6.0,4802_Agha Town Faisalabad-Z1 (3G-CII-4489),FAISALABAD_CLUSTER_05_Rural,100%,0.0,107.0,1.0,202.0,0.0,1044.0,189.0,191.0,0.0,95.0,3.7875,1.0,23721.0,24070.0,23529.0,24070.0,2.0,2.0,1044.0,1037.0,3.7875,100.0,221.0,223.0,2.0,1037.0,107.0,107.0,0.0,0.0394,12.2781,8.0801,0.008,0.0,0.0,12.2781,8.0801,0.008,0.0,0.0,3.7875,1.0
2021-04-01,21:00,HFSDBSC05,14095.0,14095_Truck Ada Jhang Road Faisalabad-Z1 (3G-CII-3081),1.0,4095_Truck Ada Jhang Road Faisalabad-Z1 (3G-CII-3081),FAISALABAD_CLUSTER_05_Rural,100%,0.0,40.0,2.0,106.0,0.0,435.0,134.0,137.0,0.0,66.0,1.4903,2.0,8840.0,9063.0,8785.0,9063.0,0.0,0.0,435.0,424.0,1.4903,100.0,111.0,111.0,0.0,424.0,40.0,40.0,0.0223,0.1228,15.8386,7.766,0.0238,0.0053,0.0,15.8386,7.766,0.0238,0.0053,0.0,1.4903,2.0
2021-04-01,21:00,HFSDBSC05,22734.0,CII-2734-2_Panjwar Faisalabad (3G-CII-2052),227.0,CII-2734_Panjwar Faisalabad (3G-CII-2052),FAISALABAD_CLUSTER_05_Rural,100%,0.0,227.0,1.0,496.0,0.0,916.0,525.0,540.0,0.0,273.0,12.5389,1.0,84979.0,85369.0,84851.0,85369.0,0.0,2.0,916.0,912.0,12.5389,100.0,354.0,358.0,0.0,912.0,225.0,227.0,0.0,0.2898,11.298,0.6429,0.0347,0.0,0.0,11.298,0.6429,0.0347,0.0,0.0,12.5389,1.0
2021-04-01,21:00,HFSDBSC05,32734.0,CII-2734-3_Panjwar Faisalabad (3G-CII-2052),257.0,CII-2734_Panjwar Faisalabad (3G-CII-2052),FAISALABAD_CLUSTER_05_Rural,100%,0.0,73.0,4.0,216.0,0.0,776.0,279.0,285.0,0.0,146.0,6.3111,4.0,43691.0,44025.0,43706.0,44025.0,0.0,3.0,776.0,769.0,6.3111,100.0,127.0,131.0,0.0,769.0,70.0,73.0,0.0148,0.1332,17.5914,0.4836,0.0214,0.0,0.0027,17.5914,0.4836,0.0214,0.0,0.0027,6.3111,4.0
2021-04-01,21:00,HFSDBSC05,12734.0,CII-2734-1_Panjwar Faisalabad (3G-CII-2052),218.0,CII-2734_Panjwar Faisalabad (3G-CII-2052),FAISALABAD_CLUSTER_05_Rural,100%,0.0,81.0,1.0,251.0,0.0,646.0,343.0,344.0,0.0,171.0,4.6639,1.0,31606.0,31934.0,31405.0,31934.0,4.0,5.0,646.0,628.0,4.6639,100.0,207.0,208.0,4.0,628.0,80.0,81.0,0.0,0.0813,19.5504,0.5629,0.0164,0.0,0.0,19.5504,0.5629,0.0164,0.0,0.0,4.6639,1.0
