Date,Time,GBSC,Cell CI,Cell Name,CellIndex,Site Name,Location,Integrity,_CallSetup TCH GOS(%)_N,_CallSetup TCH GOS(%)_D,_DCR_N,_DCR_D,_GOS-SDCCH(%)_N,_GOS-SDCCH(%)_D,_HSR%_N,_HSR%_D,_Mobility TCH GOS(%)_N,_Mobility TCH GOS(%)_D,_MTBD (Mean Time between Drop)_N,_MTBD (Mean Time between Drop)_D,_RxQual Index DL_1,_RxQual Index DL_2,_RxQual Index UL_1,_RxQual Index UL_2,CSSR_Non Blocking_1_N,CSSR_Non Blocking_2_N,CSSR_Non Blocking_1_D,CSSR_Non Blocking_2_D,GlobelTraffic,TCH Availability Rate,_cssr_Call Setup Indications (Circuit Service)_N_1,_Cssr_Channel Requests (Circuit Service)_D_1,_CSSR_Call Drops on SDCCH_N_2,_CSSR_Successful SDCCH Seizures_D_2,_CSSR_Successful TCH Seizures (Traffic Channel)_N_3,_CSSR_TCH Seizure Requests (Traffic Channel)_D_3,Interference Band Proportion (4~5)(%),Interference Band 345,Mean Number of TCH in Interference Band 1,Mean Number of TCH in Interference Band 2,Mean Number of TCH in Interference Band 3,Mean Number of TCH in Interference Band 4,Mean Number of TCH in Interference Band 5,Mean Number of TCH in Interference Band 1.1,Mean Number of TCH in Interference Band 2.1,Mean Number of TCH in Interference Band 3.1,Mean Number of TCH in Interference Band 4.1,Mean Number of TCH in Interference Band 5.1,K3014:Traffic Volume on TCH(Erl),CM33:Call Drops on Traffic Channel
2021-04-01,20:00,HBRWBSC03,35298.0,35298_Chowk Marie Pakpattan Pakpattan,92.0,5298_Chowk Marie Pakpattan Pakpattan,SAHIWAL_CLUSTER_05_Rural,100%,0.0,32.0,0.0,38.0,0.0,107.0,12.0,12.0,0.0,6.0,1.2569,0.0,8293.0,8386.0,8038.0,8386.0,0.0,0.0,107.0,103.0,1.2569,100.0,58.0,61.0,0.0,103.0,32.0,32.0,0.1004,0.5689,7.5745,0.3271,0.0372,0.008,0.0,0.3271,0.0372,7.5745,0.008,0.0,1.2569,0.0
2021-04-01,20:00,HBRWBSC03,25298.0,25298_Chowk Marie Pakpattan Pakpattan,91.0,5298_Chowk Marie Pakpattan Pakpattan,SAHIWAL_CLUSTER_05_Rural,100%,0.0,15.0,0.0,29.0,0.0,279.0,25.0,27.0,0.0,14.0,0.7056,0.0,4618.0,4641.0,4619.0,4641.0,1.0,1.0,279.0,273.0,0.7056,100.0,26.0,27.0,1.0,273.0,15.0,15.0,0.0,0.0258,10.2737,0.0266,0.0027,0.0,0.0,0.0266,0.0027,10.2737,0.0,0.0,0.7056,0.0
2021-04-01,20:00,HBRWBSC03,15298.0,15298_Chowk Marie Pakpattan Pakpattan,90.0,5298_Chowk Marie Pakpattan Pakpattan,SAHIWAL_CLUSTER_05_Rural,100%,0.0,31.0,0.0,41.0,0.0,378.0,20.0,20.0,0.0,11.0,0.8611,0.0,5685.0,5715.0,5660.0,5715.0,0.0,1.0,378.0,302.0,0.8611,100.0,104.0,174.0,0.0,302.0,30.0,31.0,0.4708,0.5297,8.9096,0.0825,0.0053,0.0213,0.0213,0.0825,0.0053,8.9096,0.0213,0.0213,0.8611,0.0
2021-04-01,20:00,HBRWBSC03,35237.0,35237_Jamlaira Chak Vehari,82.0,5237_Jamlaira Chak Vehari,SAHIWAL_CLUSTER_05_Rural,100%,0.0,42.0,0.0,70.0,0.0,674.0,47.0,48.0,0.0,28.0,1.7597,0.0,11738.0,11843.0,11822.0,11843.0,1.0,1.0,674.0,631.0,1.7597,100.0,86.0,86.0,1.0,631.0,42.0,42.0,0.0,0.0,5.0483,0.0134,0.0,0.0,0.0,0.0134,0.0,5.0483,0.0,0.0,1.7597,0.0
2021-04-01,20:00,HBRWBSC03,25237.0,25237_Jamlaira Chak Vehari,81.0,5237_Jamlaira Chak Vehari,SAHIWAL_CLUSTER_05_Rural,100%,0.0,14.0,0.0,16.0,0.0,121.0,5.0,5.0,0.0,2.0,0.7347,0.0,4781.0,5158.0,5115.0,5158.0,0.0,0.0,121.0,116.0,0.7347,100.0,35.0,38.0,0.0,116.0,14.0,14.0,0.0,0.028999999999999998,9.2139,0.0053,0.0027,0.0,0.0,0.0053,0.0027,9.2139,0.0,0.0,0.7347,0.0
2021-04-01,20:00,HBRWBSC03,15237.0,15237_Jamlaira Chak Vehari,80.0,5237_Jamlaira Chak Vehari,SAHIWAL_CLUSTER_05_Rural,100%,0.0,29.0,0.0,44.0,0.0,138.0,27.0,30.0,0.0,15.0,2.4847,0.0,17867.0,17968.0,17960.0,17968.0,0.0,0.0,138.0,137.0,2.4847,100.0,45.0,45.0,0.0,137.0,29.0,29.0,0.0,0.0,7.3839999999999995,0.0107,0.0,0.0,0.0,0.0107,0.0,7.3839999999999995,0.0,0.0,2.4847,0.0
2021-04-01,20:00,HBWNBSC02,35254.0,35254_Chak Abdullah Bahawalnagar,147.0,5254_Chak Abdullah Bahawalnagar,SAHIWAL_CLUSTER_05_Rural,100%,0.0,77.0,1.0,112.0,0.0,975.0,69.0,75.0,0.0,36.0,3.5764,1.0,23137.0,24176.0,23580.0,24176.0,5.0,5.0,975.0,932.0,3.5764,100.0,259.0,266.0,5.0,932.0,77.0,77.0,0.0524,0.0874,15.0334,0.1679,0.0053,0.0,0.008,0.1679,0.0053,15.0334,0.0,0.008,3.5764,1.0
2021-04-01,20:00,HBWNBSC02,25254.0,25254_Chak Abdullah Bahawalnagar,146.0,5254_Chak Abdullah Bahawalnagar,SAHIWAL_CLUSTER_05_Rural,100%,0.0,66.0,3.0,81.0,0.0,426.0,23.0,26.0,0.0,15.0,2.6431,3.0,16525.0,17343.0,17102.0,17343.0,0.0,0.0,426.0,416.0,2.6431,100.0,161.0,164.0,0.0,416.0,66.0,66.0,0.044000000000000004,0.044000000000000004,18.1308,0.0,0.0,0.0,0.008,0.0,0.0,18.1308,0.0,0.008,2.6431,3.0
2021-04-01,20:00,HBWNBSC02,15254.0,15254_Chak Abdullah Bahawalnagar,145.0,5254_Chak Abdullah Bahawalnagar,SAHIWAL_CLUSTER_05_Rural,100%,0.0,37.0,0.0,60.0,0.0,792.0,46.0,48.0,0.0,25.0,0.8056,0.0,4719.0,4768.0,4724.0,4768.0,2.0,4.0,792.0,771.0,0.8056,100.0,176.0,178.0,2.0,771.0,35.0,37.0,0.0,0.2273,8.1012,0.07200000000000001,0.0186,0.0,0.0,0.07200000000000001,0.0186,8.1012,0.0,0.0,0.8056,0.0
2021-04-01,20:00,HBWNBSC02,35251.0,35251_Noorsar Bahawalnagar,135.0,5251_Noorsar Bahawalnagar,SAHIWAL_CLUSTER_05_Rural,100%,0.0,31.0,1.0,44.0,0.0,477.0,28.0,29.0,0.0,15.0,1.4347,1.0,8986.0,9545.0,9422.0,9545.0,1.0,2.0,477.0,458.0,1.4347,100.0,108.0,110.0,1.0,458.0,30.0,31.0,0.0422,2.3876,16.0092,2.5536,0.446,0.0027,0.0054,2.5536,0.446,16.0092,0.0027,0.0054,1.4347,1.0
2021-04-01,20:00,HBWNBSC02,25251.0,25251_Noorsar Bahawalnagar,134.0,5251_Noorsar Bahawalnagar,SAHIWAL_CLUSTER_05_Rural,100%,0.0,23.0,1.0,31.0,0.0,865.0,16.0,16.0,0.0,8.0,0.7236,1.0,4528.0,4664.0,4610.0,4664.0,10.0,10.0,865.0,789.0,0.7236,100.0,135.0,142.0,10.0,789.0,23.0,23.0,0.1196,0.8384,12.165,3.3082,0.1122,0.0187,0.0,3.3082,0.1122,12.165,0.0187,0.0,0.7236,1.0
2021-04-01,20:00,HBWNBSC02,15251.0,15251_Noorsar Bahawalnagar,127.0,5251_Noorsar Bahawalnagar,SAHIWAL_CLUSTER_05_Rural,100%,0.0,20.0,0.0,40.0,0.0,367.0,39.0,40.0,0.0,20.0,0.7486,0.0,4761.0,4870.0,4826.0,4870.0,0.0,0.0,367.0,357.0,0.7486,100.0,48.0,48.0,0.0,357.0,20.0,20.0,0.1355,0.8131,10.5187,3.1801,0.0936,0.0187,0.0,3.1801,0.0936,10.5187,0.0187,0.0,0.7486,0.0
2021-04-01,20:00,HBWNBSC02,34625.0,34625_Adda Ghani Bahawalnagar,126.0,4625_Adda Ghani Bahawalnagar,SAHIWAL_CLUSTER_05_Rural,100%,0.0,13.0,0.0,18.0,0.0,161.0,9.0,9.0,0.0,5.0,0.7292,0.0,4842.0,5080.0,5076.0,5080.0,2.0,2.0,161.0,158.0,0.7292,100.0,26.0,26.0,2.0,158.0,13.0,13.0,0.0568,0.0568,9.3973,0.0027,0.0,0.0027,0.0027,0.0027,0.0,9.3973,0.0027,0.0027,0.7292,0.0
2021-04-01,20:00,HBWNBSC02,24625.0,24625_Adda Ghani Bahawalnagar,125.0,4625_Adda Ghani Bahawalnagar,SAHIWAL_CLUSTER_05_Rural,100%,0.0,62.0,0.0,67.0,0.0,339.0,8.0,8.0,0.0,5.0,1.4028,0.0,8371.0,8733.0,8665.0,8733.0,0.0,0.0,339.0,329.0,1.4028,100.0,110.0,116.0,0.0,329.0,62.0,62.0,0.0197,0.0197,13.5215,0.0,0.0,0.0,0.0027,0.0,0.0,13.5215,0.0,0.0027,1.4028,0.0
2021-04-01,20:00,HBWNBSC02,14625.0,14625_Adda Ghani Bahawalnagar,124.0,4625_Adda Ghani Bahawalnagar,SAHIWAL_CLUSTER_05_Rural,100%,0.0,26.0,1.0,30.0,0.0,494.0,6.0,6.0,0.0,4.0,0.4722,1.0,2533.0,2692.0,2638.0,2692.0,2.0,2.0,494.0,449.0,0.4722,100.0,61.0,68.0,2.0,449.0,26.0,26.0,5.2921,6.4257,15.0416,0.1224,0.1837,0.3329,0.5247,0.1224,0.1837,15.0416,0.3329,0.5247,0.4722,1.0
2021-04-01,20:00,HBWNBSC02,35227.0,35227_Jandawala Bahawalnagar,105.0,5227_Jandawala Bahawalnagar,SAHIWAL_CLUSTER_05_Rural,100%,0.0,35.0,0.0,46.0,0.0,203.0,24.0,26.0,0.0,14.0,3.1764,0.0,20418.0,21282.0,20875.0,21282.0,0.0,2.0,203.0,184.0,3.1764,100.0,107.0,124.0,0.0,184.0,33.0,35.0,0.0185,0.037000000000000005,14.3857,0.055999999999999994,0.0027,0.0027,0.0,0.055999999999999994,0.0027,14.3857,0.0027,0.0,3.1764,0.0
2021-04-01,20:00,HBWNBSC02,25227.0,25227_Jandawala Bahawalnagar,104.0,5227_Jandawala Bahawalnagar,SAHIWAL_CLUSTER_05_Rural,100%,0.0,20.0,0.0,28.0,0.0,115.0,20.0,21.0,0.0,9.0,0.7875,0.0,4715.0,5097.0,5019.0,5097.0,0.0,1.0,115.0,111.0,0.7875,100.0,60.0,63.0,0.0,111.0,19.0,20.0,0.0,0.0,17.9176,0.008,0.0,0.0,0.0,0.008,0.0,17.9176,0.0,0.0,0.7875,0.0
2021-04-01,20:00,HBWNBSC02,15227.0,15227_Jandawala Bahawalnagar,103.0,5227_Jandawala Bahawalnagar,SAHIWAL_CLUSTER_05_Rural,100%,0.0,31.0,0.0,37.0,0.0,143.0,13.0,17.0,0.0,7.0,0.3944,0.0,2301.0,2342.0,2337.0,2342.0,1.0,2.0,143.0,133.0,0.3944,100.0,54.0,57.0,1.0,133.0,30.0,31.0,0.0,0.0,17.6738,0.1864,0.0,0.0,0.0,0.1864,0.0,17.6738,0.0,0.0,0.3944,0.0
2021-04-01,20:00,HBWNBSC02,34634.0,34634_Gulab Ali Road Bahawalnagar,36.0,4634_Gulab Ali Road Bahawalnagar,SAHIWAL_CLUSTER_05_Rural,100%,0.0,37.0,0.0,161.0,0.0,116.0,242.0,244.0,0.0,124.0,2.1597,0.0,14621.0,14636.0,14632.0,14636.0,0.0,0.0,116.0,116.0,2.1597,100.0,63.0,63.0,0.0,116.0,37.0,37.0,0.0,0.0657,8.037,0.0053,0.0053,0.0,0.0,0.0053,0.0053,8.037,0.0,0.0,2.1597,0.0
2021-04-01,20:00,HBWNBSC02,24634.0,24634_Gulab Ali Road Bahawalnagar,35.0,4634_Gulab Ali Road Bahawalnagar,SAHIWAL_CLUSTER_05_Rural,100%,0.0,4.0,0.0,14.0,0.0,24.0,22.0,22.0,0.0,10.0,0.7153,0.0,5157.0,5187.0,5175.0,5187.0,0.0,0.0,24.0,24.0,0.7153,100.0,15.0,15.0,0.0,24.0,4.0,4.0,0.0,0.0,10.0529,0.127,0.0,0.0,0.0,0.127,0.0,10.0529,0.0,0.0,0.7153,0.0
2021-04-01,20:00,HBWNBSC02,14634.0,14634_Gulab Ali Road Bahawalnagar,34.0,4634_Gulab Ali Road Bahawalnagar,SAHIWAL_CLUSTER_05_Rural,100%,0.0,16.0,0.0,34.0,0.0,81.0,32.0,32.0,0.0,18.0,0.5319,0.0,3609.0,3625.0,3603.0,3625.0,0.0,0.0,81.0,73.0,0.5319,100.0,33.0,35.0,0.0,73.0,16.0,16.0,0.0,0.0,8.4596,0.08199999999999999,0.0,0.0,0.0,0.08199999999999999,0.0,8.4596,0.0,0.0,0.5319,0.0
2021-04-01,20:00,HBWNBSC02,35225.0,35225_Donga Bonga Bahawalnagar (3G-CII-4655),33.0,5225_Donga Bonga Bahawalnagar (3G-CII-4655),SAHIWAL_CLUSTER_05_Rural,100%,0.0,32.0,1.0,92.0,0.0,151.0,123.0,124.0,0.0,60.0,1.2014,1.0,8028.0,8277.0,8269.0,8277.0,0.0,0.0,151.0,138.0,1.2014,100.0,67.0,68.0,0.0,138.0,32.0,32.0,0.0,0.0,8.4118,0.1283,0.0,0.0,0.0,0.1283,0.0,8.4118,0.0,0.0,1.2014,1.0
2021-04-01,20:00,HBWNBSC02,25225.0,25225_Donga Bonga Bahawalnagar (3G-CII-4655),32.0,5225_Donga Bonga Bahawalnagar (3G-CII-4655),SAHIWAL_CLUSTER_05_Rural,100%,0.0,121.0,1.0,313.0,0.0,439.0,377.0,379.0,0.0,192.0,4.2667,1.0,27861.0,27993.0,27752.0,27993.0,0.0,0.0,439.0,435.0,4.2667,100.0,244.0,245.0,0.0,435.0,121.0,121.0,0.0214,0.0214,12.4207,0.0326,0.0,0.0,0.0027,0.0326,0.0,12.4207,0.0,0.0027,4.2667,1.0
2021-04-01,20:00,HBWNBSC02,15225.0,15225_Donga Bonga Bahawalnagar (3G-CII-4655),28.0,5225_Donga Bonga Bahawalnagar (3G-CII-4655),SAHIWAL_CLUSTER_05_Rural,100%,0.0,41.0,0.0,66.0,0.0,373.0,52.0,53.0,0.0,26.0,0.9444,0.0,5318.0,5730.0,5658.0,5730.0,1.0,2.0,373.0,352.0,0.9444,100.0,117.0,121.0,1.0,352.0,40.0,41.0,0.0,0.0,9.1484,0.0187,0.0,0.0,0.0,0.0187,0.0,9.1484,0.0,0.0,0.9444,0.0
2021-04-01,20:00,HBRWBSC02,34259.0,34259_Sahooka Vehari,68.0,4259_Sahooka Vehari,SAHIWAL_CLUSTER_05_Rural,100%,0.0,14.0,0.0,19.0,0.0,177.0,8.0,8.0,0.0,5.0,0.5,0.0,3165.0,3278.0,3267.0,3278.0,1.0,1.0,177.0,167.0,0.5,100.0,44.0,49.0,1.0,167.0,14.0,14.0,0.8963,5.6406,3.7995,0.9866,0.2406,0.0455,0.0,0.9866,0.2406,3.7995,0.0455,0.0,0.5,0.0
2021-04-01,20:00,HBRWBSC02,24259.0,24259_Sahooka Vehari,67.0,4259_Sahooka Vehari,SAHIWAL_CLUSTER_05_Rural,100%,0.0,48.0,0.0,81.0,0.0,806.0,59.0,65.0,0.0,34.0,1.6889,0.0,10985.0,11180.0,11142.0,11180.0,0.0,0.0,806.0,783.0,1.6889,100.0,70.0,73.0,0.0,783.0,48.0,48.0,0.0,0.3692,6.5802,0.6364,0.0267,0.0,0.0,0.6364,0.0267,6.5802,0.0,0.0,1.6889,0.0
2021-04-01,20:00,HBRWBSC02,14259.0,14259_Sahooka Vehari,66.0,4259_Sahooka Vehari,SAHIWAL_CLUSTER_05_Rural,100%,0.0,31.0,0.0,55.0,0.0,465.0,47.0,49.0,0.0,24.0,1.3514,0.0,8127.0,8871.0,8668.0,8871.0,4.0,4.0,465.0,442.0,1.3514,100.0,89.0,90.0,4.0,442.0,31.0,31.0,0.0988,1.9255,4.4769,0.8217,0.0987,0.0,0.0053,0.8217,0.0987,4.4769,0.0,0.0053,1.3514,0.0
2021-04-01,20:00,HBRWBSC02,35236.0,35236_Deewan Sahib Vehari,36.0,5236_Deewan Sahib Vehari,SAHIWAL_CLUSTER_05_Rural,100%,0.0,41.0,1.0,52.0,0.0,174.0,23.0,23.0,0.0,12.0,1.0333,1.0,6153.0,6250.0,6238.0,6250.0,0.0,1.0,174.0,166.0,1.0333,100.0,104.0,111.0,0.0,166.0,40.0,41.0,1.4305,7.6665,7.4828,3.4748,0.7401,0.1485,0.0212,3.4748,0.7401,7.4828,0.1485,0.0212,1.0333,1.0
2021-04-01,20:00,HBRWBSC02,25236.0,25236_Deewan Sahib Vehari,35.0,5236_Deewan Sahib Vehari,SAHIWAL_CLUSTER_05_Rural,100%,0.0,26.0,2.0,32.0,0.0,233.0,14.0,15.0,0.0,7.0,0.3111,2.0,1367.0,1382.0,1190.0,1382.0,0.0,1.0,233.0,233.0,0.3111,100.0,50.0,50.0,0.0,233.0,25.0,26.0,0.0,0.0,13.5296,0.0,0.0,0.0,0.0,0.0,0.0,13.5296,0.0,0.0,0.3111,2.0
2021-04-01,20:00,HBRWBSC02,15236.0,15236_Deewan Sahib Vehari,34.0,5236_Deewan Sahib Vehari,SAHIWAL_CLUSTER_05_Rural,100%,0.0,13.0,0.0,32.0,0.0,224.0,39.0,40.0,0.0,19.0,0.7792,0.0,5099.0,5356.0,5193.0,5356.0,0.0,0.0,224.0,217.0,0.7792,100.0,109.0,112.0,0.0,217.0,13.0,13.0,0.0,0.0,7.6422,0.0293,0.0,0.0,0.0,0.0293,0.0,7.6422,0.0,0.0,0.7792,0.0
2021-04-01,20:00,HBWNBSC01,32552.0,CII-2552-3_Lala Amar Singh Bahawalnagar (3G-CII-4397),487.0,CII-2552_Lala Amar Singh Bahawalnagar (3G-CII-4397),SAHIWAL_CLUSTER_05_Rural,100%,0.0,549.0,2.0,1156.0,0.0,1804.0,1209.0,1276.0,0.0,625.0,17.2153,2.0,107888.0,110644.0,110170.0,110644.0,1.0,8.0,1804.0,1729.0,17.2153,100.0,1006.0,1061.0,1.0,1729.0,542.0,549.0,0.0,0.1131,25.447,0.1247,0.028999999999999998,0.0,0.0,0.1247,0.028999999999999998,25.447,0.0,0.0,17.2153,2.0
2021-04-01,20:00,HBWNBSC01,22552.0,CII-2552-2_Lala Amar Singh Bahawalnagar (3G-CII-4397),486.0,CII-2552_Lala Amar Singh Bahawalnagar (3G-CII-4397),SAHIWAL_CLUSTER_05_Rural,100%,0.0,603.0,13.0,915.0,0.0,2181.0,604.0,646.0,0.0,313.0,18.1736,13.0,111159.0,116144.0,114648.0,116144.0,3.0,8.0,2181.0,2109.0,18.1736,100.0,998.0,1032.0,3.0,2109.0,598.0,603.0,0.1761,0.4622,22.8617,0.3986,0.0668,0.0028,0.0384,0.3986,0.0668,22.8617,0.0028,0.0384,18.1736,13.0
2021-04-01,20:00,HBWNBSC01,12552.0,CII-2552-1_Lala Amar Singh Bahawalnagar (3G-CII-4397),485.0,CII-2552_Lala Amar Singh Bahawalnagar (3G-CII-4397),SAHIWAL_CLUSTER_05_Rural,100%,0.0,460.0,2.0,711.0,0.0,1648.0,468.0,475.0,0.0,258.0,18.3042,2.0,124370.0,125042.0,124608.0,125042.0,5.0,10.0,1648.0,1599.0,18.3042,100.0,724.0,730.0,5.0,1599.0,455.0,460.0,0.0,0.2931,20.8065,1.0127,0.0642,0.0,0.0,1.0127,0.0642,20.8065,0.0,0.0,18.3042,2.0
2021-04-01,20:00,HBWNBSC01,35590.0,35590_Meclod Gunj Bahawalnagar (3G-CII-4172),164.0,5590_Meclod Gunj Bahawalnagar (3G-CII-4172),SAHIWAL_CLUSTER_05_Rural,100%,0.0,285.0,1.0,526.0,0.0,993.0,469.0,489.0,0.0,242.0,9.7083,1.0,58390.0,62141.0,61580.0,62141.0,3.0,7.0,993.0,975.0,9.7083,100.0,521.0,533.0,3.0,975.0,281.0,285.0,3.7541,4.8379,16.4243,0.4346,0.192,0.6017,0.0634,0.4346,0.192,16.4243,0.6017,0.0634,9.7083,1.0
2021-04-01,20:00,HBWNBSC01,25590.0,25590_Meclod Gunj Bahawalnagar (3G-CII-4172),163.0,5590_Meclod Gunj Bahawalnagar (3G-CII-4172),SAHIWAL_CLUSTER_05_Rural,100%,0.0,148.0,0.0,463.0,0.0,441.0,629.0,658.0,0.0,318.0,4.0792,0.0,24562.0,24965.0,24868.0,24965.0,0.0,0.0,441.0,432.0,4.0792,100.0,235.0,238.0,0.0,432.0,148.0,148.0,0.4491,2.0243,19.1317,1.5077,0.3318,0.073,0.0216,1.5077,0.3318,19.1317,0.073,0.0216,4.0792,0.0
2021-04-01,20:00,HBWNBSC01,32310.0,CII-2310-3_Gereia Abad Bahawalnagar (3G-CII-4214),162.0,CII-2310_Gereia Abad Bahawalnagar (3G-CII-4214),SAHIWAL_CLUSTER_05_Rural,100%,0.0,827.0,4.0,1181.0,0.0,1984.0,715.0,738.0,0.0,364.0,21.0056,4.0,129562.0,131619.0,131257.0,131619.0,0.0,8.0,1984.0,1969.0,21.0056,100.0,1403.0,1411.0,0.0,1969.0,819.0,827.0,0.0814,0.6068,25.815,1.0458,0.142,0.022000000000000002,0.0,1.0458,0.142,25.815,0.022000000000000002,0.0,21.0056,4.0
2021-04-01,20:00,HBWNBSC01,22310.0,CII-2310-2_Gereia Abad Bahawalnagar (3G-CII-4214),161.0,CII-2310_Gereia Abad Bahawalnagar (3G-CII-4214),SAHIWAL_CLUSTER_05_Rural,100%,0.0,583.0,3.0,765.0,0.0,1416.0,355.0,384.0,0.0,183.0,12.8986,3.0,77697.0,78465.0,78351.0,78465.0,0.0,2.0,1416.0,1386.0,12.8986,100.0,943.0,944.0,0.0,1386.0,581.0,583.0,0.0905,0.499,16.7818,1.0442,0.0732,0.0108,0.0054,1.0442,0.0732,16.7818,0.0108,0.0054,12.8986,3.0
2021-04-01,20:00,HBWNBSC01,12310.0,CII-2310-1_Gereia Abad Bahawalnagar (3G-CII-4214),160.0,CII-2310_Gereia Abad Bahawalnagar (3G-CII-4214),SAHIWAL_CLUSTER_05_Rural,100%,0.0,380.0,7.0,1263.0,0.0,1413.0,1590.0,1659.0,1.0,902.0,20.375,7.0,129948.0,134286.0,133003.0,134286.0,0.0,7.0,1413.0,1383.0,20.375,100.0,615.0,621.0,0.0,1383.0,373.0,380.0,0.0178,0.1879,35.8494,2.5734,0.0655,0.0069,0.0,2.5734,0.0655,35.8494,0.0069,0.0,20.375,7.0
2021-04-01,20:00,HBWNBSC01,32153.0,CII-2153-3_Toba Qalandar Shah Bahawalnagar,149.0,CII-2153_Toba Qalandar Shah Bahawalnagar,SAHIWAL_CLUSTER_05_Rural,100%,0.0,211.0,2.0,307.0,0.0,1057.0,200.0,204.0,0.0,96.0,7.7264,2.0,46221.0,49730.0,47791.0,49730.0,0.0,0.0,1057.0,981.0,7.7264,100.0,374.0,427.0,0.0,981.0,211.0,211.0,0.021,0.0635,12.6134,0.2592,0.0055,0.0027,0.0,0.2592,0.0055,12.6134,0.0027,0.0,7.7264,2.0
2021-04-01,20:00,HBWNBSC01,22153.0,CII-2153-2_Toba Qalandar Shah Bahawalnagar,148.0,CII-2153_Toba Qalandar Shah Bahawalnagar,SAHIWAL_CLUSTER_05_Rural,100%,0.0,36.0,2.0,59.0,0.0,212.0,39.0,42.0,0.0,24.0,1.8972,2.0,11467.0,12551.0,12311.0,12551.0,0.0,1.0,212.0,196.0,1.8972,100.0,105.0,112.0,0.0,196.0,35.0,36.0,0.0,0.0,13.9602,0.0159,0.0,0.0,0.0,0.0159,0.0,13.9602,0.0,0.0,1.8972,2.0
2021-04-01,20:00,HBWNBSC01,12153.0,CII-2153-1_Toba Qalandar Shah Bahawalnagar,147.0,CII-2153_Toba Qalandar Shah Bahawalnagar,SAHIWAL_CLUSTER_05_Rural,100%,0.0,38.0,0.0,42.0,0.0,272.0,10.0,10.0,0.0,5.0,0.5986,0.0,3061.0,3381.0,3314.0,3381.0,0.0,1.0,272.0,261.0,0.5986,100.0,57.0,62.0,0.0,261.0,37.0,38.0,0.0,0.0,14.5057,0.0186,0.0,0.0,0.0,0.0186,0.0,14.5057,0.0,0.0,0.5986,0.0
2021-04-01,20:00,HBWNBSC01,35198.0,35198_Mubarak Gate Bahawalnagar (3G-CII-3621),143.0,5198_Mubarak Gate Bahawalnagar (3G-CII-3621),SAHIWAL_CLUSTER_05_Rural,100%,0.0,313.0,0.0,600.0,0.0,1991.0,662.0,662.0,0.0,289.0,10.1833,0.0,65101.0,65739.0,64862.0,65739.0,0.0,2.0,1991.0,1979.0,10.1833,100.0,1410.0,1421.0,0.0,1979.0,311.0,313.0,0.1177,0.6119,21.9954,0.5265,0.11199999999999999,0.0267,0.0,0.5265,0.11199999999999999,21.9954,0.0267,0.0,10.1833,0.0
2021-04-01,20:00,HBWNBSC01,35196.0,35196_Model Town Bahawalnagar (3G-CII-3620),140.0,5196_Model Town Bahawalnagar (3G-CII-3620),SAHIWAL_CLUSTER_05_Rural,100%,0.0,133.0,0.0,362.0,0.0,1163.0,467.0,468.0,0.0,229.0,8.7361,0.0,58942.0,59912.0,59832.0,59912.0,1.0,1.0,1163.0,1151.0,8.7361,100.0,318.0,333.0,1.0,1151.0,133.0,133.0,0.0216,0.2393,13.1321,0.2282,0.0292,0.0,0.0029,0.2282,0.0292,13.1321,0.0,0.0029,8.7361,0.0
2021-04-01,20:00,HBWNBSC01,25196.0,25196_Model Town Bahawalnagar (3G-CII-3620),139.0,5196_Model Town Bahawalnagar (3G-CII-3620),SAHIWAL_CLUSTER_05_Rural,100%,0.0,187.0,1.0,431.0,0.0,1212.0,472.0,475.0,0.0,250.0,10.3833,1.0,69748.0,70789.0,70539.0,70789.0,4.0,8.0,1212.0,1146.0,10.3833,100.0,344.0,357.0,4.0,1146.0,183.0,187.0,2.562,6.8125,8.6255,1.2572,0.4508,0.1558,0.1159,1.2572,0.4508,8.6255,0.1558,0.1159,10.3833,1.0
2021-04-01,20:00,HBWNBSC01,34629.0,34629_Qureshi Abadi Bahawalnagar,137.0,4629_Qureshi Abadi Bahawalnagar,SAHIWAL_CLUSTER_05_Rural,100%,0.0,4.0,0.0,7.0,0.0,46.0,6.0,6.0,0.0,3.0,0.1361,0.0,897.0,898.0,836.0,898.0,0.0,0.0,46.0,46.0,0.1361,100.0,9.0,9.0,0.0,46.0,4.0,4.0,0.0,0.028999999999999998,27.2296,0.0317,0.0079,0.0,0.0,0.0317,0.0079,27.2296,0.0,0.0,0.1361,0.0
2021-04-01,20:00,HBWNBSC01,35334.0,35334_Ghalian Bahawalnagar,136.0,5334_Ghalian Bahawalnagar,SAHIWAL_CLUSTER_05_Rural,100%,0.0,56.0,0.0,96.0,0.0,625.0,86.0,91.0,0.0,41.0,2.8264,0.0,16544.0,18382.0,17501.0,18382.0,3.0,4.0,625.0,606.0,2.8264,100.0,199.0,203.0,3.0,606.0,55.0,56.0,0.2501,0.7378,20.2527,0.8590000000000001,0.1037,0.0479,0.0053,0.8590000000000001,0.1037,20.2527,0.0479,0.0053,2.8264,0.0
2021-04-01,20:00,HBWNBSC01,25334.0,25334_Ghalian Bahawalnagar,135.0,5334_Ghalian Bahawalnagar,SAHIWAL_CLUSTER_05_Rural,100%,0.0,515.0,3.0,530.0,0.0,2275.0,31.0,36.0,0.0,16.0,19.4806,3.0,123700.0,128319.0,124936.0,128319.0,5.0,6.0,2275.0,2207.0,19.4806,100.0,991.0,1014.0,5.0,2207.0,514.0,515.0,0.0,0.0,39.8232,0.1841,0.0,0.0,0.0,0.1841,0.0,39.8232,0.0,0.0,19.4806,3.0
2021-04-01,20:00,HBWNBSC01,15334.0,15334_Ghalian Bahawalnagar,134.0,5334_Ghalian Bahawalnagar,SAHIWAL_CLUSTER_05_Rural,100%,0.0,43.0,1.0,94.0,0.0,343.0,82.0,98.0,0.0,58.0,0.7514,1.0,3979.0,4263.0,4239.0,4263.0,0.0,1.0,343.0,325.0,0.7514,100.0,115.0,121.0,0.0,325.0,42.0,43.0,0.0,0.0,14.9958,0.016,0.0,0.0,0.0,0.016,0.0,14.9958,0.0,0.0,0.7514,1.0
2021-04-01,20:00,HBWNBSC01,35480.0,35480_Akuke Pakpattan,133.0,5480_Akuke Pakpattan,SAHIWAL_CLUSTER_05_Rural,100%,0.0,10.0,0.0,22.0,0.0,208.0,23.0,23.0,0.0,12.0,2.2569,0.0,15475.0,16608.0,16579.0,16608.0,0.0,0.0,208.0,196.0,2.2569,100.0,23.0,29.0,0.0,196.0,10.0,10.0,0.0,0.0,6.6835,0.0027,0.0,0.0,0.0,0.0027,0.0,6.6835,0.0,0.0,2.2569,0.0
2021-04-01,20:00,HBWNBSC01,25480.0,25480_Akuke Pakpattan,132.0,5480_Akuke Pakpattan,SAHIWAL_CLUSTER_05_Rural,100%,0.0,20.0,0.0,43.0,0.0,301.0,45.0,46.0,0.0,23.0,1.2736,0.0,8712.0,8731.0,8726.0,8731.0,0.0,0.0,301.0,268.0,1.2736,100.0,42.0,65.0,0.0,268.0,20.0,20.0,0.0,0.0351,7.4853,0.1093,0.0027,0.0,0.0,0.1093,0.0027,7.4853,0.0,0.0,1.2736,0.0
2021-04-01,20:00,HBWNBSC01,15480.0,15480_Akuke Pakpattan,131.0,5480_Akuke Pakpattan,SAHIWAL_CLUSTER_05_Rural,100%,0.0,14.0,0.0,34.0,0.0,265.0,39.0,40.0,0.0,20.0,0.475,0.0,2970.0,3072.0,3072.0,3072.0,2.0,2.0,265.0,254.0,0.475,100.0,64.0,68.0,2.0,254.0,14.0,14.0,0.2521,0.7562,8.1409,0.2367,0.0426,0.0213,0.0,0.2367,0.0426,8.1409,0.0213,0.0,0.475,0.0
2021-04-01,20:00,HBWNBSC01,35295.0,35295_Qadirabad Bahawalnagar,130.0,5295_Qadirabad Bahawalnagar,SAHIWAL_CLUSTER_05_Rural,100%,0.0,18.0,0.0,20.0,0.0,57.0,5.0,5.0,0.0,2.0,0.1556,0.0,888.0,963.0,940.0,963.0,0.0,0.0,57.0,55.0,0.1556,100.0,36.0,37.0,0.0,55.0,18.0,18.0,0.0546,0.0546,9.7386,0.0213,0.0,0.0,0.0053,0.0213,0.0,9.7386,0.0,0.0053,0.1556,0.0
2021-04-01,20:00,HBWNBSC01,25295.0,25295_Qadirabad Bahawalnagar,129.0,5295_Qadirabad Bahawalnagar,SAHIWAL_CLUSTER_05_Rural,100%,0.0,43.0,1.0,69.0,0.0,285.0,49.0,50.0,0.0,27.0,2.25,1.0,14168.0,14629.0,14547.0,14629.0,1.0,2.0,285.0,282.0,2.25,100.0,153.0,153.0,1.0,282.0,42.0,43.0,0.8709,3.5551,12.1704,2.3017,0.4028,0.1227,0.008,2.3017,0.4028,12.1704,0.1227,0.008,2.25,1.0
2021-04-01,20:00,HBWNBSC01,15295.0,15295_Qadirabad Bahawalnagar,128.0,5295_Qadirabad Bahawalnagar,SAHIWAL_CLUSTER_05_Rural,100%,0.0,46.0,0.0,63.0,0.0,231.0,38.0,44.0,0.0,22.0,0.7458,0.0,4682.0,4730.0,4538.0,4730.0,1.0,1.0,231.0,230.0,0.7458,100.0,55.0,55.0,1.0,230.0,46.0,46.0,0.0309,0.0309,8.609,0.0027,0.0,0.0027,0.0,0.0027,0.0,8.609,0.0027,0.0,0.7458,0.0
2021-04-01,20:00,HBWNBSC01,34624.0,34624_Firdos Masjid Bahawalnagar (3G-CII-3625),123.0,4624_Firdos Masjid Bahawalnagar (3G-CII-3625),SAHIWAL_CLUSTER_05_Rural,100%,0.0,153.0,0.0,555.0,0.0,1779.0,766.0,768.0,0.0,402.0,10.8792,0.0,74812.0,75162.0,74448.0,75162.0,1.0,1.0,1779.0,1772.0,10.8792,100.0,482.0,482.0,1.0,1772.0,153.0,153.0,0.3692,1.4455,15.7134,0.6933,0.1792,0.0455,0.016,0.6933,0.1792,15.7134,0.0455,0.016,10.8792,0.0
2021-04-01,20:00,HBWNBSC01,24623.0,24623_Degree College Road Bahawalnagar (3G-CII-3624),119.0,4623_Degree College Road Bahawalnagar (3G-CII-3624),SAHIWAL_CLUSTER_05_Rural,100%,0.0,216.0,0.0,431.0,0.0,1160.0,419.0,429.0,0.0,217.0,9.2014,0.0,58044.0,58623.0,58288.0,58623.0,1.0,2.0,1160.0,1146.0,9.2014,100.0,466.0,472.0,1.0,1146.0,215.0,216.0,0.0656,0.4031,25.3499,3.0557,0.0963,0.016,0.0027,3.0557,0.0963,25.3499,0.016,0.0027,9.2014,0.0
2021-04-01,20:00,HBWNBSC01,14638.0,14638_Meclod Gunj Bahawalnagar (3G-CII-4407),114.0,4638_Meclod Gunj Bahawalnagar (3G-CII-4407),SAHIWAL_CLUSTER_05_Rural,100%,0.0,614.0,8.0,1159.0,0.0,2125.0,1058.0,1095.0,0.0,555.0,18.1278,8.0,109310.0,112529.0,110981.0,112529.0,10.0,17.0,2125.0,2047.0,18.1278,100.0,1225.0,1241.0,10.0,2047.0,607.0,614.0,1.7436,6.1698,26.0587,3.4241,1.3908,0.3849,0.163,3.4241,1.3908,26.0587,0.3849,0.163,18.1278,8.0
2021-04-01,20:00,HBWNBSC01,34638.0,34638_Meclod Gunj Bahawalnagar (3G-CII-4407),113.0,4638_Meclod Gunj Bahawalnagar (3G-CII-4407),SAHIWAL_CLUSTER_05_Rural,100%,0.0,265.0,3.0,550.0,0.0,707.0,582.0,594.0,0.0,287.0,6.2944,3.0,37028.0,38030.0,37891.0,38030.0,1.0,1.0,707.0,697.0,6.2944,100.0,587.0,587.0,1.0,697.0,265.0,265.0,2.2317,10.2089,18.7879,4.8621,2.1011,0.375,0.2128,4.8621,2.1011,18.7879,0.375,0.2128,6.2944,3.0
2021-04-01,20:00,HBWNBSC01,24638.0,24638_Meclod Gunj Bahawalnagar (3G-CII-4407),112.0,4638_Meclod Gunj Bahawalnagar (3G-CII-4407),SAHIWAL_CLUSTER_05_Rural,100%,0.0,516.0,4.0,1098.0,0.0,1963.0,1147.0,1254.0,0.0,600.0,18.0361,4.0,107831.0,111722.0,109524.0,111722.0,10.0,17.0,1963.0,1842.0,18.0361,100.0,976.0,993.0,10.0,1842.0,509.0,516.0,0.1231,0.4262,23.2789,0.6059,0.0727,0.0161,0.0134,0.6059,0.0727,23.2789,0.0161,0.0134,18.0361,4.0
2021-04-01,20:00,HBWNBSC01,35333.0,35333_Fidai Shah Bahawalnagar,109.0,5333_Fidai Shah Bahawalnagar,SAHIWAL_CLUSTER_05_Rural,100%,0.0,251.0,0.0,343.0,0.0,578.0,194.0,194.0,0.0,94.0,12.0806,0.0,82536.0,83020.0,82930.0,83020.0,0.0,2.0,578.0,574.0,12.0806,100.0,472.0,476.0,0.0,574.0,249.0,251.0,0.0,0.0,10.8362,0.0075,0.0,0.0,0.0,0.0075,0.0,10.8362,0.0,0.0,12.0806,0.0
2021-04-01,20:00,HBWNBSC01,25333.0,25333_Fidai Shah Bahawalnagar,108.0,5333_Fidai Shah Bahawalnagar,SAHIWAL_CLUSTER_05_Rural,100%,0.0,214.0,4.0,264.0,0.0,795.0,113.0,117.0,0.0,54.0,4.2194,4.0,23959.0,24965.0,24445.0,24965.0,1.0,4.0,795.0,771.0,4.2194,100.0,415.0,430.0,1.0,771.0,211.0,214.0,0.0,0.0,18.8439,0.0265,0.0,0.0,0.0,0.0265,0.0,18.8439,0.0,0.0,4.2194,4.0
2021-04-01,20:00,HBWNBSC01,15304.0,15304_Minchina Abad Bahawalnagar (3G-CII-4123),107.0,5304_Minchina Abad Bahawalnagar (3G-CII-4123),SAHIWAL_CLUSTER_05_Rural,100%,0.0,128.0,0.0,230.0,0.0,676.0,207.0,212.0,0.0,103.0,2.7319,0.0,15727.0,15759.0,15725.0,15759.0,0.0,1.0,676.0,675.0,2.7319,100.0,250.0,250.0,0.0,675.0,127.0,128.0,0.0,0.0,25.4309,0.0,0.0,0.0,0.0,0.0,0.0,25.4309,0.0,0.0,2.7319,0.0
2021-04-01,20:00,HBWNBSC01,25304.0,25304_Minchina Abad Bahawalnagar (3G-CII-4123),106.0,5304_Minchina Abad Bahawalnagar (3G-CII-4123),SAHIWAL_CLUSTER_05_Rural,100%,0.0,85.0,3.0,176.0,0.0,408.0,168.0,177.0,0.0,92.0,3.1708,3.0,18978.0,19607.0,19260.0,19607.0,1.0,2.0,408.0,401.0,3.1708,100.0,146.0,150.0,1.0,401.0,84.0,85.0,0.0739,0.0739,19.4848,0.0113,0.0,0.0144,0.0,0.0113,0.0,19.4848,0.0144,0.0,3.1708,3.0
2021-04-01,20:00,HBWNBSC01,35304.0,35304_Minchina Abad Bahawalnagar (3G-CII-4123),105.0,5304_Minchina Abad Bahawalnagar (3G-CII-4123),SAHIWAL_CLUSTER_05_Rural,100%,0.0,161.0,2.0,333.0,0.0,1007.0,336.0,361.0,0.0,175.0,6.9056,2.0,40202.0,43326.0,41465.0,43326.0,2.0,6.0,1007.0,974.0,6.9056,100.0,380.0,394.0,2.0,974.0,157.0,161.0,0.0,0.0,13.9574,0.0499,0.0,0.0,0.0,0.0499,0.0,13.9574,0.0,0.0,6.9056,2.0
2021-04-01,20:00,HBWNBSC01,15333.0,15333_Fidai Shah Bahawalnagar,103.0,5333_Fidai Shah Bahawalnagar,SAHIWAL_CLUSTER_05_Rural,100%,0.0,95.0,1.0,129.0,0.0,343.0,64.0,65.0,0.0,34.0,5.0542,1.0,34816.0,34967.0,34940.0,34967.0,0.0,0.0,343.0,324.0,5.0542,100.0,187.0,203.0,0.0,324.0,95.0,95.0,0.0,0.0,18.2433,0.1243,0.0,0.0,0.0,0.1243,0.0,18.2433,0.0,0.0,5.0542,1.0
2021-04-01,20:00,HBWNBSC01,34627.0,34627_Kuchehry Road Bahawalnagar (3G-CII-3627),102.0,4627_Kuchehry Road Bahawalnagar (3G-CII-3627),SAHIWAL_CLUSTER_05_Rural,100%,0.0,68.0,0.0,172.0,0.0,515.0,201.0,202.0,0.0,104.0,6.6569,0.0,46528.0,46616.0,46543.0,46616.0,0.0,0.0,515.0,471.0,6.6569,100.0,128.0,172.0,0.0,471.0,68.0,68.0,0.2637,0.3897,23.1491,0.0827,0.0294,0.0294,0.0321,0.0827,0.0294,23.1491,0.0294,0.0321,6.6569,0.0
2021-04-01,20:00,HBWNBSC01,24627.0,24627_Kuchehry Road Bahawalnagar (3G-CII-3627),101.0,4627_Kuchehry Road Bahawalnagar (3G-CII-3627),SAHIWAL_CLUSTER_05_Rural,100%,2.0,86.0,0.0,219.0,0.0,365.0,290.0,294.0,0.0,135.0,7.3444,0.0,52858.0,52995.0,52592.0,52995.0,0.0,0.0,365.0,362.0,7.3444,100.0,192.0,194.0,0.0,362.0,84.0,86.0,0.0885,0.1433,19.86,0.0571,0.0109,0.0,0.0177,0.0571,0.0109,19.86,0.0,0.0177,7.3444,0.0
2021-04-01,20:00,HBWNBSC01,14627.0,14627_Kuchehry Road Bahawalnagar (3G-CII-3627),100.0,4627_Kuchehry Road Bahawalnagar (3G-CII-3627),SAHIWAL_CLUSTER_05_Rural,100%,0.0,67.0,0.0,113.0,0.0,338.0,92.0,92.0,0.0,46.0,3.0611,0.0,19793.0,19840.0,19822.0,19840.0,1.0,1.0,338.0,336.0,3.0611,100.0,127.0,127.0,1.0,336.0,67.0,67.0,0.0,0.0257,20.9514,0.0538,0.0054,0.0,0.0,0.0538,0.0054,20.9514,0.0,0.0,3.0611,0.0
2021-04-01,20:00,HBWNBSC01,34635.0,34635_Main Bazar Bahawalnagar (3G-CII-4363),99.0,4635_Main Bazar Bahawalnagar (3G-CII-4363),SAHIWAL_CLUSTER_05_Rural,100%,0.0,509.0,1.0,1175.0,0.0,1132.0,1290.0,1306.0,0.0,671.0,12.5125,1.0,78686.0,78799.0,78517.0,78799.0,0.0,3.0,1132.0,1124.0,12.5125,100.0,940.0,942.0,0.0,1124.0,506.0,509.0,0.4062,2.255,17.8241,0.9008,0.3542,0.0537,0.0241,0.9008,0.3542,17.8241,0.0537,0.0241,12.5125,1.0
2021-04-01,20:00,HBWNBSC01,24635.0,24635_Main Bazar Bahawalnagar (3G-CII-4363),95.0,4635_Main Bazar Bahawalnagar (3G-CII-4363),SAHIWAL_CLUSTER_05_Rural,100%,0.0,167.0,3.0,699.0,0.0,734.0,955.0,1038.0,0.0,561.0,7.4681,3.0,44361.0,46472.0,45463.0,46472.0,0.0,3.0,734.0,694.0,7.4681,100.0,371.0,380.0,0.0,694.0,164.0,167.0,4.6905,16.6191,5.6884,3.2279,1.2756,0.35700000000000004,0.1446,3.2279,1.2756,5.6884,0.35700000000000004,0.1446,7.4681,3.0
2021-04-01,20:00,HBWNBSC01,14635.0,14635_Main Bazar Bahawalnagar (3G-CII-4363),94.0,4635_Main Bazar Bahawalnagar (3G-CII-4363),SAHIWAL_CLUSTER_05_Rural,100%,0.0,787.0,2.0,1191.0,0.0,2288.0,816.0,834.0,0.0,409.0,19.9111,2.0,126141.0,128349.0,127429.0,128349.0,3.0,8.0,2288.0,2240.0,19.9111,100.0,1521.0,1538.0,3.0,2240.0,782.0,787.0,0.2284,1.0222,36.4697,1.7932,0.3069,0.0614,0.0269,1.7932,0.3069,36.4697,0.0614,0.0269,19.9111,2.0
2021-04-01,20:00,HBWNBSC01,14629.0,14629_Qureshi Abadi Bahawalnagar,93.0,4629_Qureshi Abadi Bahawalnagar,SAHIWAL_CLUSTER_05_Rural,100%,0.0,77.0,0.0,169.0,0.0,1064.0,181.0,187.0,0.0,96.0,3.8917,0.0,25909.0,26000.0,25913.0,26000.0,0.0,1.0,1064.0,1062.0,3.8917,100.0,241.0,242.0,0.0,1062.0,76.0,77.0,0.0,0.0388,20.3285,0.1353,0.0079,0.0,0.0,0.1353,0.0079,20.3285,0.0,0.0,3.8917,0.0
2021-04-01,20:00,HBWNBSC01,35250.0,35250_Madrassa Bahawalnagar,92.0,5250_Madrassa Bahawalnagar,SAHIWAL_CLUSTER_05_Rural,100%,0.0,177.0,0.0,254.0,0.0,544.0,162.0,162.0,0.0,78.0,6.125,0.0,40143.0,40280.0,39763.0,40280.0,0.0,1.0,544.0,544.0,6.125,100.0,365.0,365.0,0.0,544.0,176.0,177.0,0.0185,0.1008,29.2414,0.009000000000000001,0.0241,0.0027,0.0028,0.009000000000000001,0.0241,29.2414,0.0027,0.0028,6.125,0.0
2021-04-01,20:00,HBWNBSC01,25250.0,25250_Madrassa Bahawalnagar,91.0,5250_Madrassa Bahawalnagar,SAHIWAL_CLUSTER_05_Rural,100%,0.0,13.0,0.0,71.0,0.0,368.0,110.0,112.0,0.0,58.0,0.7153,0.0,4760.0,4863.0,4720.0,4863.0,0.0,0.0,368.0,367.0,0.7153,100.0,153.0,153.0,0.0,367.0,13.0,13.0,0.0,0.0362,14.7759,0.008,0.0054,0.0,0.0,0.008,0.0054,14.7759,0.0,0.0,0.7153,0.0
2021-04-01,20:00,HBWNBSC01,15250.0,15250_Madrassa Bahawalnagar,90.0,5250_Madrassa Bahawalnagar,SAHIWAL_CLUSTER_05_Rural,100%,0.0,46.0,0.0,103.0,0.0,122.0,115.0,117.0,0.0,57.0,2.2833,0.0,15486.0,15534.0,15404.0,15534.0,0.0,0.0,122.0,122.0,2.2833,100.0,78.0,78.0,0.0,122.0,46.0,46.0,0.0133,0.0401,19.9758,0.0214,0.0054,0.0027,0.0,0.0214,0.0054,19.9758,0.0027,0.0,2.2833,0.0
2021-04-01,20:00,HBWNBSC01,35300.0,35300_Minchiniabad Bahawalnagar (3G-CII-4200),89.0,5300_Minchiniabad Bahawalnagar (3G-CII-4200),SAHIWAL_CLUSTER_05_Rural,100%,0.0,55.0,1.0,93.0,0.0,377.0,70.0,73.0,0.0,38.0,1.9569,1.0,11707.0,12347.0,11922.0,12347.0,1.0,1.0,377.0,359.0,1.9569,100.0,124.0,134.0,1.0,359.0,55.0,55.0,0.0,0.0128,20.8131,0.1096,0.0027,0.0,0.0,0.1096,0.0027,20.8131,0.0,0.0,1.9569,1.0
2021-04-01,20:00,HBWNBSC01,25300.0,25300_Minchiniabad Bahawalnagar (3G-CII-4200),88.0,5300_Minchiniabad Bahawalnagar (3G-CII-4200),SAHIWAL_CLUSTER_05_Rural,100%,0.0,181.0,4.0,323.0,0.0,1295.0,265.0,273.0,0.0,143.0,7.9819,4.0,52241.0,52395.0,51965.0,52395.0,2.0,2.0,1295.0,1290.0,7.9819,100.0,415.0,416.0,2.0,1290.0,181.0,181.0,0.027999999999999997,0.2481,64.8828,1.7367,0.147,0.008,0.0107,1.7367,0.147,64.8828,0.008,0.0107,7.9819,4.0
2021-04-01,20:00,HBWNBSC01,15300.0,15300_Minchiniabad Bahawalnagar (3G-CII-4200),87.0,5300_Minchiniabad Bahawalnagar (3G-CII-4200),SAHIWAL_CLUSTER_05_Rural,100%,0.0,94.0,0.0,165.0,0.0,851.0,136.0,138.0,0.0,74.0,2.6958,0.0,16801.0,17088.0,16991.0,17088.0,1.0,3.0,851.0,834.0,2.6958,100.0,408.0,415.0,1.0,834.0,92.0,94.0,0.0547,0.0684,19.4353,0.1258,0.0027,0.0054,0.0054,0.1258,0.0027,19.4353,0.0054,0.0054,2.6958,0.0
2021-04-01,20:00,HBWNBSC01,35297.0,35297_Pir Khalis Bahawalnagar,83.0,5297_Pir Khalis Bahawalnagar,SAHIWAL_CLUSTER_05_Rural,100%,0.0,21.0,0.0,39.0,0.0,276.0,36.0,36.0,0.0,18.0,1.0986,0.0,7032.0,7365.0,7289.0,7365.0,3.0,3.0,276.0,258.0,1.0986,100.0,58.0,73.0,3.0,258.0,21.0,21.0,0.0,0.1863,13.6646,0.5132,0.0265,0.0,0.0,0.5132,0.0265,13.6646,0.0,0.0,1.0986,0.0
2021-04-01,20:00,HBWNBSC01,25297.0,25297_Pir Khalis Bahawalnagar,82.0,5297_Pir Khalis Bahawalnagar,SAHIWAL_CLUSTER_05_Rural,100%,0.0,221.0,5.0,411.0,0.0,1477.0,379.0,411.0,0.0,195.0,5.5708,5.0,31254.0,33353.0,32454.0,33353.0,0.0,5.0,1477.0,1406.0,5.5708,100.0,450.0,508.0,0.0,1406.0,216.0,221.0,0.0,0.0,10.1071,0.1748,0.0,0.0,0.0,0.1748,0.0,10.1071,0.0,0.0,5.5708,5.0
2021-04-01,20:00,HBWNBSC01,15297.0,15297_Pir Khalis Bahawalnagar,81.0,5297_Pir Khalis Bahawalnagar,SAHIWAL_CLUSTER_05_Rural,100%,0.0,46.0,2.0,92.0,0.0,348.0,72.0,91.0,0.0,46.0,1.6306,2.0,9734.0,10537.0,10506.0,10537.0,0.0,0.0,348.0,337.0,1.6306,100.0,71.0,74.0,0.0,337.0,46.0,46.0,0.0,0.4077,6.9415,0.1857,0.0292,0.0,0.0,0.1857,0.0292,6.9415,0.0,0.0,1.6306,2.0
2021-04-01,20:00,HBWNBSC01,35484.0,35484_Adda Thakat Mahalk Bahawalnagar,77.0,5484_Adda Thakat Mahalk Bahawalnagar,SAHIWAL_CLUSTER_05_Rural,100%,0.0,32.0,0.0,67.0,0.0,223.0,64.0,66.0,0.0,35.0,1.7917,0.0,11990.0,12096.0,12052.0,12096.0,0.0,0.0,223.0,222.0,1.7917,100.0,69.0,70.0,0.0,222.0,32.0,32.0,0.0,0.0,14.0108,0.1117,0.0,0.0,0.0,0.1117,0.0,14.0108,0.0,0.0,1.7917,0.0
2021-04-01,20:00,HBWNBSC01,25484.0,25484_Adda Thakat Mahalk Bahawalnagar,76.0,5484_Adda Thakat Mahalk Bahawalnagar,SAHIWAL_CLUSTER_05_Rural,100%,0.0,6.0,0.0,24.0,0.0,231.0,35.0,37.0,0.0,18.0,0.2542,0.0,1712.0,1768.0,1746.0,1768.0,0.0,0.0,231.0,219.0,0.2542,100.0,17.0,23.0,0.0,219.0,6.0,6.0,0.0,0.0,10.4701,0.0027,0.0,0.0,0.0,0.0027,0.0,10.4701,0.0,0.0,0.2542,0.0
2021-04-01,20:00,HBWNBSC01,15484.0,15484_Adda Thakat Mahalk Bahawalnagar,75.0,5484_Adda Thakat Mahalk Bahawalnagar,SAHIWAL_CLUSTER_05_Rural,100%,0.0,21.0,0.0,39.0,0.0,183.0,37.0,37.0,0.0,18.0,0.9139,0.0,5898.0,6001.0,5865.0,6001.0,1.0,1.0,183.0,173.0,0.9139,100.0,72.0,77.0,1.0,173.0,21.0,21.0,0.0179,0.0718,14.6344,0.1755,0.008,0.0,0.0027,0.1755,0.008,14.6344,0.0,0.0027,0.9139,0.0
2021-04-01,20:00,HBWNBSC01,35299.0,35299_Marri Chakkuka Pakpattan,74.0,5299_Marri Chakkuka Pakpattan,SAHIWAL_CLUSTER_05_Rural,100%,0.0,17.0,0.0,31.0,0.0,107.0,29.0,30.0,0.0,14.0,0.1806,0.0,671.0,678.0,656.0,678.0,1.0,1.0,107.0,97.0,0.1806,100.0,32.0,39.0,1.0,97.0,17.0,17.0,0.0,0.0,10.9787,0.0667,0.0,0.0,0.0,0.0667,0.0,10.9787,0.0,0.0,0.1806,0.0
2021-04-01,20:00,HBWNBSC01,25299.0,25299_Marri Chakkuka Pakpattan,73.0,5299_Marri Chakkuka Pakpattan,SAHIWAL_CLUSTER_05_Rural,100%,0.0,44.0,0.0,59.0,0.0,294.0,28.0,33.0,0.0,16.0,1.3694,0.0,8496.0,8674.0,8571.0,8674.0,0.0,0.0,294.0,280.0,1.3694,100.0,118.0,122.0,0.0,280.0,44.0,44.0,0.0213,0.0213,12.4786,0.0535,0.0,0.0027,0.0,0.0535,0.0,12.4786,0.0027,0.0,1.3694,0.0
2021-04-01,20:00,HBWNBSC01,15299.0,15299_Marri Chakkuka Pakpattan,72.0,5299_Marri Chakkuka Pakpattan,SAHIWAL_CLUSTER_05_Rural,100%,0.0,15.0,0.0,34.0,0.0,390.0,33.0,36.0,0.0,19.0,0.4611,0.0,2745.0,2984.0,2926.0,2984.0,1.0,1.0,390.0,343.0,0.4611,100.0,32.0,63.0,1.0,343.0,15.0,15.0,0.0315,0.0315,8.2352,0.2273,0.0,0.0,0.0027,0.2273,0.0,8.2352,0.0,0.0027,0.4611,0.0
2021-04-01,20:00,HBWNBSC01,24621.0,24621_Madni Colony Bahawalnagar (3G-CII-3623),69.0,4621_Madni Colony Bahawalnagar (3G-CII-3623),SAHIWAL_CLUSTER_05_Rural,100%,0.0,124.0,1.0,332.0,0.0,1016.0,425.0,426.0,0.0,208.0,5.1542,1.0,32636.0,32796.0,32029.0,32796.0,0.0,0.0,1016.0,995.0,5.1542,100.0,299.0,309.0,0.0,995.0,124.0,124.0,0.2503,0.9034,21.3825,1.1062,0.1482,0.0352,0.0216,1.1062,0.1482,21.3825,0.0352,0.0216,5.1542,1.0
2021-04-01,20:00,HBWNBSC01,24622.0,24622_Gulshan e Zatoon Bahawalnagar (3G-CII-4330),67.0,4622_Gulshan e Zatoon Bahawalnagar (3G-CII-4330),SAHIWAL_CLUSTER_05_Rural,100%,0.0,233.0,5.0,348.0,0.0,1388.0,238.0,248.0,0.0,117.0,8.7625,5.0,51188.0,53779.0,51177.0,53779.0,6.0,8.0,1388.0,1341.0,8.7625,100.0,489.0,501.0,6.0,1341.0,231.0,233.0,0.0,23.1246,0.0,8.2193,2.4724,0.0,0.0,8.2193,2.4724,0.0,0.0,0.0,8.7625,5.0
2021-04-01,20:00,HBWNBSC01,14622.0,14622_Gulshan e Zatoon Bahawalnagar (3G-CII-4330),66.0,4622_Gulshan e Zatoon Bahawalnagar (3G-CII-4330),SAHIWAL_CLUSTER_05_Rural,100%,0.0,225.0,1.0,501.0,0.0,1274.0,551.0,556.0,0.0,278.0,9.8153,1.0,63343.0,64416.0,63352.0,64416.0,1.0,1.0,1274.0,1247.0,9.8153,100.0,584.0,608.0,1.0,1247.0,225.0,225.0,0.0,0.0303,9.0488,0.1445,0.0028,0.0,0.0,0.1445,0.0028,9.0488,0.0,0.0,9.8153,1.0
2021-04-01,20:00,HBWNBSC01,34938.0,34938_Mandi Sadiq Gunj Bahawalnagar,64.0,4938_Mandi Sadiq Gunj Bahawalnagar,SAHIWAL_CLUSTER_05_Rural,100%,0.0,37.0,0.0,45.0,0.0,320.0,21.0,27.0,0.0,12.0,0.7097,0.0,2913.0,3825.0,3809.0,3825.0,1.0,4.0,320.0,294.0,0.7097,100.0,66.0,70.0,1.0,294.0,34.0,37.0,0.0161,0.4182,15.7852,0.6366,0.0663,0.0027,0.0,0.6366,0.0663,15.7852,0.0027,0.0,0.7097,0.0
2021-04-01,20:00,HBWNBSC01,24938.0,24938_Mandi Sadiq Gunj Bahawalnagar,63.0,4938_Mandi Sadiq Gunj Bahawalnagar,SAHIWAL_CLUSTER_05_Rural,100%,0.0,225.0,0.0,243.0,0.0,1240.0,37.0,40.0,0.0,21.0,7.1583,0.0,45150.0,46163.0,45828.0,46163.0,1.0,2.0,1240.0,1205.0,7.1583,100.0,346.0,356.0,1.0,1205.0,224.0,225.0,0.0,0.0,7.8457,0.0416,0.0,0.0,0.0,0.0416,0.0,7.8457,0.0,0.0,7.1583,0.0
2021-04-01,20:00,HBWNBSC01,14938.0,14938_Mandi Sadiq Gunj Bahawalnagar,62.0,4938_Mandi Sadiq Gunj Bahawalnagar,SAHIWAL_CLUSTER_05_Rural,100%,0.0,57.0,1.0,133.0,0.0,435.0,138.0,147.0,0.0,76.0,3.3,1.0,21439.0,22247.0,21997.0,22247.0,0.0,0.0,435.0,397.0,3.3,100.0,111.0,138.0,0.0,397.0,57.0,57.0,0.0133,0.1197,19.748,0.1671,0.0212,0.0027,0.0,0.1671,0.0212,19.748,0.0027,0.0,3.3,1.0
2021-04-01,20:00,HBWNBSC01,34637.0,34637_Suniarewali Bahawalnagar,61.0,4637_Suniarewali Bahawalnagar,SAHIWAL_CLUSTER_05_Rural,100%,0.0,714.0,6.0,1227.0,0.0,2045.0,1097.0,1127.0,0.0,523.0,16.8486,6.0,96089.0,98882.0,98157.0,98882.0,5.0,11.0,2045.0,2010.0,16.8486,100.0,1126.0,1140.0,5.0,2010.0,708.0,714.0,0.9659,3.3318,17.0274,1.3867,0.4507,0.1707,0.0133,1.3867,0.4507,17.0274,0.1707,0.0133,16.8486,6.0
2021-04-01,20:00,HBWNBSC01,24637.0,24637_Suniarewali Bahawalnagar,60.0,4637_Suniarewali Bahawalnagar,SAHIWAL_CLUSTER_05_Rural,100%,0.0,427.0,2.0,708.0,0.0,1948.0,593.0,605.0,0.0,286.0,12.3875,2.0,75775.0,77944.0,76944.0,77944.0,5.0,7.0,1948.0,1881.0,12.3875,100.0,770.0,794.0,5.0,1881.0,425.0,427.0,0.0386,0.5789,23.0434,0.5921,0.1284,0.0061,0.0031,0.5921,0.1284,23.0434,0.0061,0.0031,12.3875,2.0
2021-04-01,20:00,HBWNBSC01,14637.0,14637_Suniarewali Bahawalnagar,59.0,4637_Suniarewali Bahawalnagar,SAHIWAL_CLUSTER_05_Rural,100%,0.0,549.0,12.0,1089.0,0.0,2332.0,1056.0,1120.0,0.0,550.0,14.8819,12.0,85417.0,89442.0,87222.0,89442.0,10.0,21.0,2332.0,2216.0,14.8819,100.0,852.0,877.0,10.0,2216.0,538.0,549.0,0.0449,0.1122,11.5718,0.3279,0.008,0.0054,0.0,0.3279,0.008,11.5718,0.0054,0.0,14.8819,12.0
2021-04-01,20:00,HBWNBSC01,35296.0,35296_Marzeekay Bahawalnagar,52.0,5296_Marzeekay Bahawalnagar,SAHIWAL_CLUSTER_05_Rural,100%,0.0,94.0,1.0,123.0,0.0,292.0,63.0,66.0,0.0,30.0,2.9153,1.0,18145.0,18234.0,18213.0,18234.0,0.0,0.0,292.0,283.0,2.9153,100.0,132.0,137.0,0.0,283.0,94.0,94.0,0.015,0.1353,17.4198,0.3369,0.0214,0.0027,0.0,0.3369,0.0214,17.4198,0.0027,0.0,2.9153,1.0
2021-04-01,20:00,HBWNBSC01,25296.0,25296_Marzeekay Bahawalnagar,51.0,5296_Marzeekay Bahawalnagar,SAHIWAL_CLUSTER_05_Rural,100%,0.0,40.0,2.0,92.0,0.0,248.0,95.0,100.0,0.0,52.0,0.9722,2.0,5373.0,5694.0,5664.0,5694.0,0.0,0.0,248.0,223.0,0.9722,100.0,74.0,87.0,0.0,223.0,40.0,40.0,0.0425,0.2765,24.754,0.3155,0.0588,0.0107,0.0,0.3155,0.0588,24.754,0.0107,0.0,0.9722,2.0
2021-04-01,20:00,HBWNBSC01,15296.0,15296_Marzeekay Bahawalnagar,50.0,5296_Marzeekay Bahawalnagar,SAHIWAL_CLUSTER_05_Rural,100%,0.0,27.0,0.0,93.0,0.0,226.0,131.0,132.0,0.0,66.0,2.2847,0.0,15526.0,16042.0,15987.0,16042.0,1.0,1.0,226.0,217.0,2.2847,100.0,65.0,66.0,1.0,217.0,27.0,27.0,0.0542,0.1445,14.3353,0.408,0.0133,0.008,0.0,0.408,0.0133,14.3353,0.008,0.0,2.2847,0.0
2021-04-01,20:00,HBWNBSC01,35253.0,35253_Jodhayka Bahawalnagar (3G-CII-4657),40.0,5253_Jodhayka Bahawalnagar (3G-CII-4657),SAHIWAL_CLUSTER_05_Rural,100%,0.0,256.0,0.0,335.0,0.0,783.0,155.0,164.0,0.0,81.0,7.0681,0.0,44086.0,44372.0,44345.0,44372.0,0.0,1.0,783.0,780.0,7.0681,100.0,373.0,373.0,0.0,780.0,255.0,256.0,0.0281,0.0704,18.7699,0.1896,0.008,0.0027,0.0027,0.1896,0.008,18.7699,0.0027,0.0027,7.0681,0.0
2021-04-01,20:00,HBWNBSC01,25253.0,25253_Jodhayka Bahawalnagar (3G-CII-4657),39.0,5253_Jodhayka Bahawalnagar (3G-CII-4657),SAHIWAL_CLUSTER_05_Rural,100%,0.0,57.0,1.0,112.0,0.0,444.0,111.0,113.0,0.0,55.0,2.2069,1.0,14225.0,14369.0,14302.0,14369.0,0.0,0.0,444.0,378.0,2.2069,100.0,140.0,198.0,0.0,378.0,57.0,57.0,0.0,0.0,9.5387,0.0053,0.0,0.0,0.0,0.0053,0.0,9.5387,0.0,0.0,2.2069,1.0
2021-04-01,20:00,HBWNBSC01,15253.0,15253_Jodhayka Bahawalnagar (3G-CII-4657),38.0,5253_Jodhayka Bahawalnagar (3G-CII-4657),SAHIWAL_CLUSTER_05_Rural,100%,0.0,44.0,0.0,65.0,0.0,253.0,44.0,44.0,0.0,21.0,1.1944,0.0,8050.0,8078.0,8073.0,8078.0,0.0,0.0,253.0,247.0,1.1944,100.0,96.0,100.0,0.0,247.0,44.0,44.0,0.0,0.0,9.8477,0.8021,0.0,0.0,0.0,0.8021,0.0,9.8477,0.0,0.0,1.1944,0.0
2021-04-01,20:00,HBWNBSC01,34939.0,34939_Police Station Ghumand Pura Bahawalnagar,25.0,4939_Police Station Ghumand Pura Bahawalnagar,SAHIWAL_CLUSTER_05_Rural,100%,0.0,56.0,0.0,71.0,0.0,413.0,29.0,29.0,0.0,16.0,1.5333,0.0,9035.0,9809.0,9679.0,9809.0,0.0,1.0,413.0,375.0,1.5333,100.0,108.0,125.0,0.0,375.0,55.0,56.0,0.1503,0.691,8.3573,0.4587,0.048,0.0107,0.0027,0.4587,0.048,8.3573,0.0107,0.0027,1.5333,0.0
2021-04-01,20:00,HBWNBSC01,24939.0,24939_Police Station Ghumand Pura Bahawalnagar,24.0,4939_Police Station Ghumand Pura Bahawalnagar,SAHIWAL_CLUSTER_05_Rural,100%,0.0,216.0,2.0,251.0,0.0,858.0,72.0,76.0,0.0,35.0,7.6694,2.0,46137.0,48039.0,47253.0,48039.0,1.0,1.0,858.0,827.0,7.6694,100.0,478.0,495.0,1.0,827.0,216.0,216.0,0.0,0.0,14.8808,0.1421,0.0,0.0,0.0,0.1421,0.0,14.8808,0.0,0.0,7.6694,2.0
2021-04-01,20:00,HBWNBSC01,14939.0,14939_Police Station Ghumand Pura Bahawalnagar,23.0,4939_Police Station Ghumand Pura Bahawalnagar,SAHIWAL_CLUSTER_05_Rural,100%,0.0,96.0,0.0,153.0,0.0,382.0,116.0,116.0,0.0,57.0,3.7208,0.0,22869.0,23429.0,23183.0,23429.0,1.0,1.0,382.0,355.0,3.7208,100.0,270.0,284.0,1.0,355.0,96.0,96.0,0.0,0.0,15.7519,0.2567,0.0,0.0,0.0,0.2567,0.0,15.7519,0.0,0.0,3.7208,0.0
2021-04-01,20:00,HBWNBSC01,34626.0,34626_Farooqabad Bahawalnagar (3G-CII-4483),10.0,4626_Farooqabad Bahawalnagar (3G-CII-4483),SAHIWAL_CLUSTER_05_Rural,100%,0.0,109.0,0.0,433.0,0.0,935.0,624.0,627.0,0.0,325.0,8.0972,0.0,56295.0,56536.0,56025.0,56536.0,1.0,1.0,935.0,921.0,8.0972,100.0,183.0,185.0,1.0,921.0,109.0,109.0,1.3885,2.112,12.9085,0.4759,0.0989,0.0936,0.0963,0.4759,0.0989,12.9085,0.0936,0.0963,8.0972,0.0
2021-04-01,20:00,HBWNBSC01,35252.0,35252_Chak Sarkari Bahawalnagar,7.0,5252_Chak Sarkari Bahawalnagar,SAHIWAL_CLUSTER_05_Rural,100%,0.0,54.0,1.0,80.0,0.0,510.0,39.0,44.0,0.0,26.0,1.3514,1.0,7963.0,8100.0,8058.0,8100.0,1.0,1.0,510.0,470.0,1.3514,100.0,122.0,156.0,1.0,470.0,54.0,54.0,59.5455,71.5191,2.6039999999999996,0.4533,1.2853,2.4587,3.9333,0.4533,1.2853,2.6039999999999996,2.4587,3.9333,1.3514,1.0
2021-04-01,20:00,HBWNBSC01,25252.0,25252_Chak Sarkari Bahawalnagar,6.0,5252_Chak Sarkari Bahawalnagar,SAHIWAL_CLUSTER_05_Rural,100%,0.0,25.0,0.0,36.0,0.0,217.0,25.0,26.0,0.0,13.0,0.4042,0.0,2302.0,2353.0,2348.0,2353.0,0.0,2.0,217.0,211.0,0.4042,100.0,49.0,53.0,0.0,211.0,23.0,25.0,0.0291,0.0582,9.1586,0.016,0.0027,0.0,0.0027,0.016,0.0027,9.1586,0.0,0.0027,0.4042,0.0
2021-04-01,20:00,HBWNBSC01,15252.0,15252_Chak Sarkari Bahawalnagar,5.0,5252_Chak Sarkari Bahawalnagar,SAHIWAL_CLUSTER_05_Rural,100%,0.0,8.0,0.0,18.0,0.0,162.0,21.0,23.0,0.0,10.0,0.2278,0.0,1371.0,1426.0,1421.0,1426.0,0.0,0.0,162.0,159.0,0.2278,100.0,35.0,36.0,0.0,159.0,8.0,8.0,0.0,0.0,8.9767,0.0027,0.0,0.0,0.0,0.0027,0.0,8.9767,0.0,0.0,0.2278,0.0
2021-04-01,20:00,HBWNBSC01,34673.0,34673_Chak Lalika Bahawalnagar,4.0,4673_Chak Lalika Bahawalnagar,SAHIWAL_CLUSTER_05_Rural,100%,0.0,7.0,0.0,15.0,0.0,53.0,17.0,20.0,0.0,11.0,0.1528,0.0,809.0,931.0,927.0,931.0,0.0,1.0,53.0,51.0,0.1528,100.0,21.0,21.0,0.0,51.0,6.0,7.0,0.0,0.0,11.4027,0.07200000000000001,0.0,0.0,0.0,0.07200000000000001,0.0,11.4027,0.0,0.0,0.1528,0.0
2021-04-01,20:00,HBWNBSC01,24673.0,24673_Chak Lalika Bahawalnagar,3.0,4673_Chak Lalika Bahawalnagar,SAHIWAL_CLUSTER_05_Rural,100%,0.0,71.0,3.0,220.0,0.0,538.0,282.0,293.0,0.0,149.0,3.475,3.0,21379.0,23038.0,22239.0,23038.0,1.0,1.0,538.0,524.0,3.475,100.0,163.0,166.0,1.0,524.0,71.0,71.0,0.0947,0.1895,3.0766,0.0,0.0029,0.0029,0.0,0.0,0.0029,3.0766,0.0029,0.0,3.475,3.0
2021-04-01,20:00,HBWNBSC01,14673.0,14673_Chak Lalika Bahawalnagar,1.0,4673_Chak Lalika Bahawalnagar,SAHIWAL_CLUSTER_05_Rural,100%,0.0,50.0,0.0,71.0,0.0,159.0,42.0,44.0,0.0,22.0,0.7972,0.0,4028.0,4064.0,4064.0,4064.0,1.0,1.0,159.0,149.0,0.7972,100.0,74.0,81.0,1.0,149.0,50.0,50.0,0.0,0.0,9.8773,0.1707,0.0,0.0,0.0,0.1707,0.0,9.8773,0.0,0.0,0.7972,0.0
