Date,Time,GBSC,Cell CI,Cell Name,CellIndex,Site Name,Location,Integrity,_CallSetup TCH GOS(%)_N,_CallSetup TCH GOS(%)_D,_DCR_N,_DCR_D,_GOS-SDCCH(%)_N,_GOS-SDCCH(%)_D,_HSR%_N,_HSR%_D,_Mobility TCH GOS(%)_N,_Mobility TCH GOS(%)_D,_MTBD (Mean Time between Drop)_N,_MTBD (Mean Time between Drop)_D,_RxQual Index DL_1,_RxQual Index DL_2,_RxQual Index UL_1,_RxQual Index UL_2,CSSR_Non Blocking_1_N,CSSR_Non Blocking_2_N,CSSR_Non Blocking_1_D,CSSR_Non Blocking_2_D,GlobelTraffic,TCH Availability Rate,_cssr_Call Setup Indications (Circuit Service)_N_1,_Cssr_Channel Requests (Circuit Service)_D_1,_CSSR_Call Drops on SDCCH_N_2,_CSSR_Successful SDCCH Seizures_D_2,_CSSR_Successful TCH Seizures (Traffic Channel)_N_3,_CSSR_TCH Seizure Requests (Traffic Channel)_D_3,Interference Band Proportion (4~5)(%),Interference Band 345,Mean Number of TCH in Interference Band 1,Mean Number of TCH in Interference Band 2,Mean Number of TCH in Interference Band 3,Mean Number of TCH in Interference Band 4,Mean Number of TCH in Interference Band 5,Mean Number of TCH in Interference Band 1.1,Mean Number of TCH in Interference Band 2.1,Mean Number of TCH in Interference Band 3.1,Mean Number of TCH in Interference Band 4.1,Mean Number of TCH in Interference Band 5.1,K3014:Traffic Volume on TCH(Erl),CM33:Call Drops on Traffic Channel
2021-04-01,20:00,HGJWBSC03,33315.0,33315_Preston University Gujranwala (3G-CI-4760),75.0,3315_Preston University Gujranwala (3G-CI-4760),GUJRANWALA_CLUSTER_03_Rural,100%,0.0,38.0,0.0,57.0,0.0,104.0,43.0,46.0,0.0,19.0,0.6375,0.0,3202.0,3307.0,3288.0,3307.0,0.0,0.0,104.0,104.0,0.6375,100.0,64.0,64.0,0.0,104.0,38.0,38.0,0.0,0.0499,15.9094,0.1578,0.008,0.0,0.0,15.9094,0.1578,0.008,0.0,0.0,0.6375,0.0
2021-04-01,20:00,HGJWBSC03,23315.0,23315_Preston University Gujranwala (3G-CI-4760),74.0,3315_Preston University Gujranwala (3G-CI-4760),GUJRANWALA_CLUSTER_03_Rural,100%,0.0,137.0,0.0,251.0,0.0,1034.0,223.0,236.0,0.0,116.0,2.9181,0.0,16814.0,17023.0,16965.0,17023.0,4.0,4.0,1034.0,990.0,2.9181,100.0,251.0,258.0,4.0,990.0,137.0,137.0,0.0301,0.9028,8.4224,0.3794,0.0775,0.0027,0.0,8.4224,0.3794,0.0775,0.0027,0.0,2.9181,0.0
2021-04-01,20:00,HGJWBSC03,13315.0,13315_Preston University Gujranwala (3G-CI-4760),73.0,3315_Preston University Gujranwala (3G-CI-4760),GUJRANWALA_CLUSTER_03_Rural,100%,0.0,315.0,1.0,521.0,0.0,1955.0,394.0,410.0,0.0,213.0,7.4403,1.0,43530.0,44579.0,44338.0,44579.0,3.0,6.0,1955.0,1927.0,7.4403,100.0,402.0,409.0,3.0,1927.0,312.0,315.0,0.0297,0.4607,17.4933,0.3653,0.0773,0.0053,0.0,17.4933,0.3653,0.0773,0.0053,0.0,7.4403,1.0
2021-04-01,20:00,HGJWBSC03,33314.0,33314_Sadiq Town Gujranwala (3G-CI-4632),72.0,3314_Sadiq Town Gujranwala (3G-CI-4632),GUJRANWALA_CLUSTER_03_Rural,100%,0.0,167.0,0.0,282.0,0.0,290.0,246.0,249.0,0.0,117.0,4.5236,0.0,28796.0,28928.0,28908.0,28928.0,0.0,1.0,290.0,289.0,4.5236,100.0,239.0,241.0,0.0,289.0,166.0,167.0,0.7061,3.7377,4.456,1.7253,0.1947,0.0453,0.0,4.456,1.7253,0.1947,0.0453,0.0,4.5236,0.0
2021-04-01,20:00,HGJWBSC03,33322.0,33322_Syed Park Dhulla Gujranwala (3G-CI-4497),65.0,3322_Syed Park Dhulla Gujranwala (3G-CI-4497),GUJRANWALA_CLUSTER_03_Rural,100%,0.0,82.0,0.0,158.0,0.0,336.0,154.0,156.0,0.0,77.0,3.2958,0.0,20819.0,21114.0,20877.0,21114.0,0.0,1.0,336.0,333.0,3.2958,100.0,208.0,210.0,0.0,333.0,81.0,82.0,0.1247,2.4932,10.9307,1.584,0.304,0.016,0.0,10.9307,1.584,0.304,0.016,0.0,3.2958,0.0
2021-04-01,20:00,HGJWBSC03,23902.0,23902_Gulzar Colony Gujranwala (3G-CI-4768),6.0,3902_Gulzar Colony Gujranwala (3G-CI-4768),GUJRANWALA_CLUSTER_03_Rural,100%,0.0,61.0,0.0,165.0,0.0,158.0,211.0,216.0,0.0,104.0,1.5153,0.0,9059.0,9294.0,9285.0,9294.0,0.0,0.0,158.0,152.0,1.5153,100.0,106.0,111.0,0.0,152.0,61.0,61.0,0.0333,0.1993,7.9093,0.1013,0.0133,0.0027,0.0,7.9093,0.1013,0.0133,0.0027,0.0,1.5153,0.0
2021-04-01,20:00,HGJWBSC03,13902.0,13902_Gulzar Colony Gujranwala (3G-CI-4768),5.0,3902_Gulzar Colony Gujranwala (3G-CI-4768),GUJRANWALA_CLUSTER_03_Rural,100%,0.0,139.0,3.0,280.0,0.0,524.0,236.0,247.0,0.0,143.0,6.2042,3.0,40801.0,41166.0,41100.0,41166.0,2.0,2.0,524.0,509.0,6.2042,100.0,277.0,281.0,2.0,509.0,139.0,139.0,0.1562,0.6611,20.6243,1.4434,0.1122,0.032,0.0027,20.6243,1.4434,0.1122,0.032,0.0027,6.2042,3.0
2021-04-01,20:00,HGJWBSC03,33894.0,33894_Mohallah Kashmirian Gujranwala (3G-CI-2151),44.0,3894_Mohallah Kashmirian Gujranwala (3G-CI-2151),GUJRANWALA_CLUSTER_03_Rural,100%,0.0,187.0,0.0,262.0,0.0,878.0,144.0,154.0,0.0,77.0,3.1792,0.0,17187.0,17415.0,17357.0,17415.0,2.0,3.0,878.0,853.0,3.1792,100.0,351.0,354.0,2.0,853.0,186.0,187.0,0.4563,1.6385,12.4233,0.2569,0.1524,0.0481,0.0107,12.4233,0.2569,0.1524,0.0481,0.0107,3.1792,0.0
2021-04-01,20:00,HGJWBSC03,23894.0,23894_Mohallah Kashmirian Gujranwala (3G-CI-2151),43.0,3894_Mohallah Kashmirian Gujranwala (3G-CI-2151),GUJRANWALA_CLUSTER_03_Rural,100%,0.0,122.0,0.0,158.0,0.0,527.0,68.0,74.0,0.0,36.0,2.7042,0.0,15783.0,16050.0,15972.0,16050.0,2.0,2.0,527.0,523.0,2.7042,100.0,296.0,297.0,2.0,523.0,122.0,122.0,0.2065,0.5359,12.6203,0.2858,0.0427,0.0188,0.008,12.6203,0.2858,0.0427,0.0188,0.008,2.7042,0.0
2021-04-01,20:00,HGJWBSC03,33912.0,33912_Aroop Gujranwala (3G-CI-1957),41.0,3912_Aroop Gujranwala (3G-CI-1957),GUJRANWALA_CLUSTER_03_Rural,100%,0.0,75.0,0.0,130.0,0.0,651.0,126.0,128.0,0.0,56.0,1.2236,0.0,5370.0,5552.0,5403.0,5552.0,0.0,2.0,651.0,624.0,1.2236,100.0,167.0,173.0,0.0,624.0,73.0,75.0,0.1501,0.4003,10.0077,0.608,0.0267,0.016,0.0,10.0077,0.608,0.0267,0.016,0.0,1.2236,0.0
2021-04-01,20:00,HGJWBSC03,23912.0,23912_Aroop Gujranwala (3G-CI-1957),40.0,3912_Aroop Gujranwala (3G-CI-1957),GUJRANWALA_CLUSTER_03_Rural,100%,0.0,32.0,0.0,104.0,0.0,141.0,137.0,139.0,0.0,72.0,1.7583,0.0,11387.0,11686.0,11684.0,11686.0,0.0,0.0,141.0,141.0,1.7583,100.0,50.0,50.0,0.0,141.0,32.0,32.0,0.0369,0.1846,7.1736,0.0561,0.0107,0.0027,0.0,7.1736,0.0561,0.0107,0.0027,0.0,1.7583,0.0
2021-04-01,20:00,HGJWBSC03,13912.0,13912_Aroop Gujranwala (3G-CI-1957),39.0,3912_Aroop Gujranwala (3G-CI-1957),GUJRANWALA_CLUSTER_03_Rural,100%,0.0,34.0,0.0,75.0,0.0,232.0,88.0,89.0,0.0,41.0,1.3972,0.0,9092.0,9211.0,9191.0,9211.0,0.0,0.0,232.0,222.0,1.3972,100.0,91.0,92.0,0.0,222.0,34.0,34.0,0.0,0.2418,6.4871,0.0985,0.016,0.0,0.0,6.4871,0.0985,0.016,0.0,0.0,1.3972,0.0
2021-04-01,20:00,HGJWBSC03,23306.0,23306_Sialkot Road Gujranwala (3G-CI-4489),29.0,3306_Sialkot Road Gujranwala (3G-CI-4489),GUJRANWALA_CLUSTER_03_Rural,100%,0.0,69.0,0.0,168.0,0.0,322.0,145.0,149.0,0.0,99.0,3.6083,0.0,23954.0,24016.0,23971.0,24016.0,0.0,0.0,322.0,320.0,3.6083,100.0,183.0,183.0,0.0,320.0,69.0,69.0,0.6413,3.7844,10.5764,1.4375,0.3925,0.0534,0.0267,10.5764,1.4375,0.3925,0.0534,0.0267,3.6083,0.0
2021-04-01,20:00,HGJWBSC03,31320.0,CI-1320-3_Hassan Park Gujranwala (3G-CI-1986),286.0,CI-1320_Hassan Park Gujranwala (3G-CI-1986),GUJRANWALA_CLUSTER_03_Rural,100%,0.0,57.0,0.0,150.0,0.0,407.0,183.0,187.0,0.0,93.0,1.6903,0.0,10185.0,10242.0,10181.0,10242.0,0.0,0.0,407.0,401.0,1.6903,100.0,156.0,160.0,0.0,401.0,57.0,57.0,0.0679,0.3222,15.1692,0.4817,0.0399,0.008,0.0027,15.1692,0.4817,0.0399,0.008,0.0027,1.6903,0.0
2021-04-01,20:00,HGJWBSC03,11320.0,CI-1320-1_Hassan Park Gujranwala (3G-CI-1986),284.0,CI-1320_Hassan Park Gujranwala (3G-CI-1986),GUJRANWALA_CLUSTER_03_Rural,100%,0.0,47.0,0.0,131.0,0.0,575.0,174.0,179.0,0.0,86.0,1.1389,0.0,6400.0,6560.0,6468.0,6560.0,1.0,2.0,575.0,553.0,1.1389,100.0,90.0,92.0,1.0,553.0,46.0,47.0,0.0325,0.7787,6.9294,1.2296,0.0614,0.0027,0.0,6.9294,1.2296,0.0614,0.0027,0.0,1.1389,0.0
2021-04-01,20:00,HGJWBSC03,33720.0,33720_Butt Colony Gujranwala (3G-CI-1952),271.0,3720_Butt Colony Gujranwala (3G-CI-1952),GUJRANWALA_CLUSTER_03_Rural,100%,0.0,75.0,0.0,144.0,0.0,1339.0,149.0,155.0,0.0,71.0,2.1833,0.0,13195.0,13476.0,13407.0,13476.0,3.0,4.0,1339.0,1327.0,2.1833,100.0,765.0,765.0,3.0,1327.0,74.0,75.0,0.2771,1.1924,9.2474,0.2589,0.0881,0.0213,0.0053,9.2474,0.2589,0.0881,0.0213,0.0053,2.1833,0.0
2021-04-01,20:00,HGJWBSC03,23720.0,23720_Butt Colony Gujranwala (3G-CI-1952),270.0,3720_Butt Colony Gujranwala (3G-CI-1952),GUJRANWALA_CLUSTER_03_Rural,100%,0.0,57.0,1.0,143.0,0.0,287.0,175.0,176.0,0.0,86.0,2.2153,1.0,14571.0,14756.0,14707.0,14756.0,0.0,0.0,287.0,284.0,2.2153,100.0,210.0,210.0,0.0,284.0,57.0,57.0,0.0,0.0348,15.2607,0.0907,0.0053,0.0,0.0,15.2607,0.0907,0.0053,0.0,0.0,2.2153,1.0
2021-04-01,20:00,HGJWBSC03,13720.0,13720_Butt Colony Gujranwala (3G-CI-1952),269.0,3720_Butt Colony Gujranwala (3G-CI-1952),GUJRANWALA_CLUSTER_03_Rural,100%,0.0,182.0,1.0,400.0,0.0,822.0,441.0,456.0,0.0,220.0,5.3958,1.0,34121.0,34385.0,34059.0,34385.0,2.0,2.0,822.0,810.0,5.3958,100.0,436.0,442.0,2.0,810.0,182.0,182.0,0.3484,1.2951,11.0355,0.2964,0.1087,0.04,0.0,11.0355,0.2964,0.1087,0.04,0.0,5.3958,1.0
2021-04-01,20:00,HGJWBSC03,31280.0,CI-1280-3_Rajkot Gujranwala (3G-CI-4997),255.0,CI-1280_Rajkot Gujranwala (3G-CI-4997),GUJRANWALA_CLUSTER_03_Rural,100%,0.0,147.0,1.0,328.0,0.0,537.0,350.0,359.0,0.0,182.0,4.7361,1.0,28984.0,29862.0,29684.0,29862.0,1.0,1.0,537.0,515.0,4.7361,100.0,246.0,251.0,1.0,515.0,147.0,147.0,0.33799999999999997,1.9388,10.5793,1.01,0.1892,0.04,0.0,10.5793,1.01,0.1892,0.04,0.0,4.7361,1.0
2021-04-01,20:00,HGJWBSC03,21280.0,CI-1280-2_Rajkot Gujranwala (3G-CI-4997),254.0,CI-1280_Rajkot Gujranwala (3G-CI-4997),GUJRANWALA_CLUSTER_03_Rural,100%,0.0,132.0,0.0,297.0,0.0,372.0,334.0,343.0,0.0,165.0,2.9556,0.0,16829.0,17221.0,17130.0,17221.0,1.0,1.0,372.0,369.0,2.9556,100.0,252.0,253.0,1.0,369.0,132.0,132.0,0.0387,0.2127,13.5889,0.1411,0.0239,0.0053,0.0,13.5889,0.1411,0.0239,0.0053,0.0,2.9556,0.0
2021-04-01,20:00,HGJWBSC03,11280.0,CI-1280-1_Rajkot Gujranwala (3G-CI-4997),253.0,CI-1280_Rajkot Gujranwala (3G-CI-4997),GUJRANWALA_CLUSTER_03_Rural,100%,0.0,56.0,1.0,157.0,0.0,197.0,203.0,209.0,0.0,103.0,2.8889,1.0,18550.0,18850.0,18743.0,18850.0,0.0,1.0,197.0,195.0,2.8889,100.0,115.0,116.0,0.0,195.0,55.0,56.0,3.9556,7.1664,5.0372,0.2822,0.184,0.1467,0.08,5.0372,0.2822,0.184,0.1467,0.08,2.8889,1.0
2021-04-01,20:00,HGJWBSC03,31172.0,CI-1172-3_Butranwali Mandi Bahauddin (3G-CI-1124),249.0,CI-1172_Butranwali Mandi Bahauddin (3G-CI-1124),GUJRANWALA_CLUSTER_03_Rural,100%,0.0,69.0,1.0,126.0,0.0,438.0,113.0,114.0,0.0,57.0,2.3806,1.0,15281.0,15528.0,15410.0,15528.0,1.0,1.0,438.0,429.0,2.3806,100.0,120.0,122.0,1.0,429.0,69.0,69.0,0.0,0.2633,12.7631,0.365,0.0347,0.0,0.0,12.7631,0.365,0.0347,0.0,0.0,2.3806,1.0
2021-04-01,20:00,HGJWBSC03,21172.0,CI-1172-2_Butranwali Mandi Bahauddin (3G-CI-1124),248.0,CI-1172_Butranwali Mandi Bahauddin (3G-CI-1124),GUJRANWALA_CLUSTER_03_Rural,100%,0.0,32.0,1.0,47.0,0.0,819.0,31.0,35.0,0.0,16.0,1.7319,1.0,10948.0,11327.0,11116.0,11327.0,2.0,2.0,819.0,795.0,1.7319,100.0,118.0,121.0,2.0,795.0,32.0,32.0,0.2691,0.6558,15.4349,0.3201,0.0613,0.0347,0.008,15.4349,0.3201,0.0613,0.0347,0.008,1.7319,1.0
2021-04-01,20:00,HGJWBSC03,11172.0,CI-1172-1_Butranwali Mandi Bahauddin (3G-CI-1124),247.0,CI-1172_Butranwali Mandi Bahauddin (3G-CI-1124),GUJRANWALA_CLUSTER_03_Rural,100%,0.0,49.0,0.0,81.0,0.0,732.0,66.0,70.0,0.0,33.0,1.5069,0.0,8904.0,9179.0,8997.0,9179.0,0.0,0.0,732.0,722.0,1.5069,100.0,114.0,114.0,0.0,722.0,49.0,49.0,0.29100000000000004,1.0023,8.0053,0.16,0.0587,0.0133,0.0107,8.0053,0.16,0.0587,0.0133,0.0107,1.5069,0.0
2021-04-01,20:00,HGJWBSC03,21278.0,CI-1278-2_Vania Gujranwala (3G-CI-1983),245.0,CI-1278_Vania Gujranwala (3G-CI-1983),GUJRANWALA_CLUSTER_03_Rural,100%,0.0,129.0,0.0,294.0,0.0,804.0,323.0,327.0,0.0,165.0,3.9139,0.0,24857.0,25142.0,25074.0,25142.0,2.0,2.0,804.0,785.0,3.9139,100.0,315.0,322.0,2.0,785.0,129.0,129.0,0.0,0.2356,11.4231,0.15,0.0273,0.0,0.0,11.4231,0.15,0.0273,0.0,0.0,3.9139,0.0
2021-04-01,20:00,HGJWBSC03,11278.0,CI-1278-1_Vania Gujranwala (3G-CI-1983),244.0,CI-1278_Vania Gujranwala (3G-CI-1983),GUJRANWALA_CLUSTER_03_Rural,100%,0.0,163.0,1.0,289.0,0.0,926.0,265.0,271.0,0.0,126.0,3.8708,1.0,23667.0,24035.0,23961.0,24035.0,0.0,0.0,926.0,914.0,3.8708,100.0,334.0,338.0,0.0,914.0,163.0,163.0,0.0214,0.128,12.5058,0.121,0.0135,0.0027,0.0,12.5058,0.121,0.0135,0.0027,0.0,3.8708,1.0
2021-04-01,20:00,HGJWBSC03,31277.0,CI-1277-3_Mohalla Chemiyan Gujranwala (3G-CI-1982),243.0,CI-1277_Mohalla Chemiyan Gujranwala (3G-CI-1982),GUJRANWALA_CLUSTER_03_Rural,100%,0.0,84.0,1.0,135.0,0.0,1798.0,99.0,99.0,0.0,51.0,2.9653,1.0,18998.0,19205.0,19111.0,19205.0,1.0,1.0,1798.0,1790.0,2.9653,100.0,1019.0,1022.0,1.0,1790.0,84.0,84.0,0.0413,0.1032,12.8172,0.1014,0.008,0.0027,0.0027,12.8172,0.1014,0.008,0.0027,0.0027,2.9653,1.0
2021-04-01,20:00,HGJWBSC03,21277.0,CI-1277-2_Mohalla Chemiyan Gujranwala (3G-CI-1982),242.0,CI-1277_Mohalla Chemiyan Gujranwala (3G-CI-1982),GUJRANWALA_CLUSTER_03_Rural,100%,0.0,40.0,1.0,100.0,0.0,121.0,119.0,119.0,0.0,61.0,0.9264,1.0,5600.0,5736.0,5733.0,5736.0,0.0,1.0,121.0,121.0,0.9264,100.0,55.0,55.0,0.0,121.0,39.0,40.0,0.0343,0.0343,7.7597,0.0267,0.0,0.0027,0.0,7.7597,0.0267,0.0,0.0027,0.0,0.9264,1.0
2021-04-01,20:00,HGJWBSC03,11277.0,CI-1277-1_Mohalla Chemiyan Gujranwala (3G-CI-1982),241.0,CI-1277_Mohalla Chemiyan Gujranwala (3G-CI-1982),GUJRANWALA_CLUSTER_03_Rural,100%,0.0,43.0,0.0,85.0,0.0,250.0,87.0,90.0,0.0,43.0,0.9486,0.0,5326.0,5463.0,5435.0,5463.0,0.0,0.0,250.0,243.0,0.9486,100.0,73.0,74.0,0.0,243.0,43.0,43.0,0.0,0.0,8.9063,0.048,0.0,0.0,0.0,8.9063,0.048,0.0,0.0,0.0,0.9486,0.0
2021-04-01,20:00,HGJWBSC03,21279.0,CI-1279-2_Jagna Gujranwala (3G-CI-1984),239.0,CI-1279_Jagna Gujranwala (3G-CI-1984),GUJRANWALA_CLUSTER_03_Rural,100%,0.0,54.0,0.0,94.0,0.0,294.0,83.0,83.0,0.0,40.0,1.2944,0.0,7286.0,7443.0,7441.0,7443.0,0.0,0.0,294.0,273.0,1.2944,100.0,108.0,108.0,0.0,273.0,54.0,54.0,0.0,0.0841,15.7394,0.139,0.0134,0.0,0.0,15.7394,0.139,0.0134,0.0,0.0,1.2944,0.0
2021-04-01,20:00,HGJWBSC03,11023.0,CI-1023-1_Near Malik Park Gujranwala (3G-CI-4800),222.0,CI-1023_Near Malik Park Gujranwala (3G-CI-4800),GUJRANWALA_CLUSTER_03_Rural,100%,0.0,212.0,0.0,255.0,0.0,494.0,106.0,108.0,0.0,48.0,3.6486,0.0,20932.0,21392.0,21226.0,21392.0,0.0,5.0,494.0,491.0,3.6486,100.0,351.0,354.0,0.0,491.0,207.0,212.0,0.0185,0.2407,14.1872,0.184,0.032,0.0027,0.0,14.1872,0.184,0.032,0.0027,0.0,3.6486,0.0
2021-04-01,20:00,HGJWBSC03,33934.0,33934_Mustafa Colony Gujranwala (3G-CI-4504),190.0,3934_Mustafa Colony Gujranwala (3G-CI-4504),GUJRANWALA_CLUSTER_03_Rural,100%,0.0,66.0,0.0,111.0,0.0,115.0,97.0,97.0,0.0,45.0,1.9292,0.0,11853.0,11891.0,11869.0,11891.0,0.0,0.0,115.0,115.0,1.9292,100.0,88.0,89.0,0.0,115.0,66.0,66.0,0.1276,0.4784,15.5802,1.1043,0.0588,0.0134,0.008,15.5802,1.1043,0.0588,0.0134,0.008,1.9292,0.0
2021-04-01,20:00,HGJWBSC03,23918.0,23918_Shahzad Town Gujranwala (3G-CI-1958),186.0,3918_Shahzad Town Gujranwala (3G-CI-1958),GUJRANWALA_CLUSTER_03_Rural,100%,0.0,43.0,0.0,109.0,0.0,293.0,127.0,133.0,0.0,66.0,1.7361,0.0,10983.0,11357.0,11304.0,11357.0,0.0,0.0,293.0,283.0,1.7361,100.0,65.0,66.0,0.0,283.0,43.0,43.0,0.0472,0.18899999999999997,11.2341,0.2155,0.0163,0.0054,0.0,11.2341,0.2155,0.0163,0.0054,0.0,1.7361,0.0
2021-04-01,20:00,HGJWBSC03,33909.0,33909_Alam Chowk Gujranwala (3G-CI-4975),146.0,3909_Alam Chowk Gujranwala (3G-CI-4975),GUJRANWALA_CLUSTER_03_Rural,100%,0.0,109.0,0.0,186.0,0.0,219.0,146.0,154.0,0.0,78.0,3.4,0.0,21675.0,21857.0,21851.0,21857.0,1.0,1.0,219.0,216.0,3.4,100.0,176.0,176.0,1.0,216.0,109.0,109.0,0.038,0.1902,13.662,0.3528,0.0214,0.0027,0.0027,13.662,0.3528,0.0214,0.0027,0.0027,3.4,0.0
2021-04-01,20:00,HGJWBSC03,13909.0,13909_Alam Chowk Gujranwala (3G-CI-4975),144.0,3909_Alam Chowk Gujranwala (3G-CI-4975),GUJRANWALA_CLUSTER_03_Rural,100%,0.0,124.0,0.0,337.0,0.0,376.0,418.0,432.0,0.0,213.0,3.5333,0.0,21342.0,21815.0,21704.0,21815.0,0.0,0.0,376.0,370.0,3.5333,100.0,233.0,236.0,0.0,370.0,124.0,124.0,1.6054,8.7513,11.1591,8.0892,1.5074,0.2853,0.0533,11.1591,8.0892,1.5074,0.2853,0.0533,3.5333,0.0
2021-04-01,20:00,HGJWBSC03,13894.0,13894_Mohallah Kashmirian Gujranwala (3G-CI-2151),143.0,3894_Mohallah Kashmirian Gujranwala (3G-CI-2151),GUJRANWALA_CLUSTER_03_Rural,100%,0.0,84.0,0.0,202.0,0.0,501.0,243.0,249.0,0.0,121.0,1.4958,0.0,7893.0,8082.0,8044.0,8082.0,0.0,2.0,501.0,479.0,1.4958,100.0,120.0,123.0,0.0,479.0,82.0,84.0,0.0,0.0,7.5093,0.0267,0.0,0.0,0.0,7.5093,0.0267,0.0,0.0,0.0,1.4958,0.0
2021-04-01,20:00,HGJWBSC03,13940.0,13940_Imran Colony Suigas Road Gujranwala (3G-CI-1964),122.0,3940_Imran Colony Suigas Road Gujranwala (3G-CI-1964),GUJRANWALA_CLUSTER_03_Rural,100%,0.0,125.0,0.0,160.0,0.0,1622.0,86.0,94.0,0.0,42.0,3.1333,0.0,18904.0,19532.0,19363.0,19532.0,2.0,9.0,1622.0,1605.0,3.1333,100.0,845.0,850.0,2.0,1605.0,118.0,125.0,0.0,0.0284,9.3842,0.0294,0.0027,0.0,0.0,9.3842,0.0294,0.0027,0.0,0.0,3.1333,0.0
2021-04-01,20:00,HGJWBSC03,37861.0,37861_Pindi Bypass Gujranwala (3G-CI-4781),118.0,7861_Pindi Bypass Gujranwala (3G-CI-4781),GUJRANWALA_CLUSTER_03_Rural,100%,0.0,43.0,0.0,83.0,0.0,302.0,72.0,77.0,0.0,41.0,1.3528,0.0,8590.0,8717.0,8714.0,8717.0,0.0,1.0,302.0,284.0,1.3528,100.0,76.0,76.0,0.0,284.0,42.0,43.0,0.7812,1.2648,6.9097,0.1871,0.0348,0.0374,0.0187,6.9097,0.1871,0.0348,0.0374,0.0187,1.3528,0.0
2021-04-01,20:00,HGJWBSC03,17861.0,17861_Pindi Bypass Gujranwala (3G-CI-4781),116.0,7861_Pindi Bypass Gujranwala (3G-CI-4781),GUJRANWALA_CLUSTER_03_Rural,100%,0.0,90.0,2.0,195.0,0.0,334.0,208.0,212.0,0.0,106.0,2.3792,2.0,13618.0,13964.0,13873.0,13964.0,0.0,0.0,334.0,329.0,2.3792,100.0,124.0,125.0,0.0,329.0,90.0,90.0,0.1134,0.5291,6.8044,0.2133,0.0293,0.0053,0.0027,6.8044,0.2133,0.0293,0.0053,0.0027,2.3792,2.0
2021-04-01,20:00,HGJWBSC03,13900.0,13900_Purani Eid Gah Gujranwala (3G-CI-4767),109.0,3900_Purani Eid Gah Gujranwala (3G-CI-4767),GUJRANWALA_CLUSTER_03_Rural,100%,0.0,67.0,0.0,147.0,0.0,509.0,160.0,165.0,0.0,83.0,1.3361,0.0,7369.0,7569.0,7557.0,7569.0,3.0,5.0,509.0,476.0,1.3361,100.0,177.0,184.0,3.0,476.0,65.0,67.0,0.0172,0.2235,15.3194,0.1304,0.0319,0.0027,0.0,15.3194,0.1304,0.0319,0.0027,0.0,1.3361,0.0
2021-04-01,20:00,HGJWBSC04,33966.0,33966_Mandiala Warriach Gujranwala (3G-CI-4787),347.0,3966_Mandiala Warriach Gujranwala (3G-CI-4787),GUJRANWALA_CLUSTER_03_Rural,100%,0.0,66.0,0.0,174.0,0.0,376.0,214.0,221.0,0.0,110.0,1.9486,0.0,10672.0,11016.0,11006.0,11016.0,0.0,1.0,376.0,365.0,1.9486,100.0,109.0,110.0,0.0,365.0,65.0,66.0,0.0314,0.2513,8.32,0.1493,0.0187,0.0,0.0027,8.32,0.1493,0.0187,0.0,0.0027,1.9486,0.0
2021-04-01,20:00,HGJWBSC04,23966.0,23966_Mandiala Warriach Gujranwala (3G-CI-4787),346.0,3966_Mandiala Warriach Gujranwala (3G-CI-4787),GUJRANWALA_CLUSTER_03_Rural,100%,0.0,49.0,0.0,149.0,0.0,638.0,196.0,200.0,0.0,100.0,2.5792,0.0,16424.0,16576.0,16419.0,16576.0,2.0,2.0,638.0,616.0,2.5792,100.0,94.0,94.0,2.0,616.0,49.0,49.0,0.092,3.2922,6.2164,2.1958,0.2784,0.008,0.0,6.2164,2.1958,0.2784,0.008,0.0,2.5792,0.0
2021-04-01,20:00,HGJWBSC04,13966.0,13966_Mandiala Warriach Gujranwala (3G-CI-4787),345.0,3966_Mandiala Warriach Gujranwala (3G-CI-4787),GUJRANWALA_CLUSTER_03_Rural,100%,0.0,71.0,1.0,166.0,0.0,919.0,170.0,173.0,0.0,98.0,3.7583,1.0,23491.0,24223.0,23980.0,24223.0,0.0,0.0,919.0,910.0,3.7583,100.0,122.0,123.0,0.0,910.0,71.0,71.0,0.3475,0.8899,15.5199,0.4957,0.0877,0.0508,0.0054,15.5199,0.4957,0.0877,0.0508,0.0054,3.7583,1.0
2021-04-01,20:00,HGJWBSC04,31319.0,CI-1319-3_Lamba Wali Gujrawala Gujranwala (3G-CI-2009),340.0,CI-1319_Lamba Wali Gujrawala Gujranwala (3G-CI-2009),GUJRANWALA_CLUSTER_03_Rural,100%,1.0,221.0,1.0,367.0,0.0,1914.0,317.0,331.0,1.0,159.0,6.5833,1.0,41910.0,42386.0,41949.0,42386.0,3.0,10.0,1914.0,1894.0,6.5833,100.0,471.0,474.0,3.0,1894.0,213.0,221.0,0.0,0.0,2.5532,0.0195,0.0,0.0,0.0,2.5532,0.0195,0.0,0.0,0.0,6.5833,1.0
2021-04-01,20:00,HGJWBSC04,21319.0,CI-1319-2_Lamba Wali Gujrawala Gujranwala (3G-CI-2009),339.0,CI-1319_Lamba Wali Gujrawala Gujranwala (3G-CI-2009),GUJRANWALA_CLUSTER_03_Rural,100%,0.0,294.0,2.0,467.0,0.0,1293.0,343.0,347.0,0.0,172.0,11.55,2.0,78360.0,78717.0,78365.0,78717.0,3.0,3.0,1293.0,1283.0,11.55,100.0,444.0,444.0,3.0,1283.0,294.0,294.0,0.0229,0.4564,11.4398,0.532,0.0521,0.0028,0.0,11.4398,0.532,0.0521,0.0028,0.0,11.55,2.0
2021-04-01,20:00,HGJWBSC04,11319.0,CI-1319-1_Lamba Wali Gujrawala Gujranwala (3G-CI-2009),338.0,CI-1319_Lamba Wali Gujrawala Gujranwala (3G-CI-2009),GUJRANWALA_CLUSTER_03_Rural,100%,0.0,286.0,4.0,442.0,0.0,1422.0,326.0,331.0,0.0,165.0,8.9653,4.0,57248.0,58342.0,57990.0,58342.0,1.0,9.0,1422.0,1421.0,8.9653,100.0,554.0,554.0,1.0,1421.0,278.0,286.0,0.0,0.2262,5.0526,0.0775,0.0116,0.0,0.0,5.0526,0.0775,0.0116,0.0,0.0,8.9653,4.0
2021-04-01,20:00,HGJWBSC04,31022.0,CI-1022-3_Afzal Town Gujranwala (3G-CI-1977),307.0,CI-1022_Afzal Town Gujranwala (3G-CI-1977),GUJRANWALA_CLUSTER_03_Rural,100%,0.0,41.0,4.0,104.0,0.0,472.0,118.0,121.0,0.0,63.0,1.1333,4.0,6505.0,6943.0,6928.0,6943.0,1.0,1.0,472.0,457.0,1.1333,100.0,144.0,145.0,1.0,457.0,41.0,41.0,0.0,0.0322,16.5046,0.0642,0.0053,0.0,0.0,16.5046,0.0642,0.0053,0.0,0.0,1.1333,4.0
2021-04-01,20:00,HGJWBSC04,21022.0,CI-1022-2_Afzal Town Gujranwala (3G-CI-1977),306.0,CI-1022_Afzal Town Gujranwala (3G-CI-1977),GUJRANWALA_CLUSTER_03_Rural,100%,0.0,21.0,0.0,122.0,0.0,711.0,183.0,193.0,0.0,105.0,1.7,0.0,9688.0,11132.0,11108.0,11132.0,0.0,1.0,711.0,685.0,1.7,100.0,239.0,242.0,0.0,685.0,20.0,21.0,0.0234,0.0234,11.2987,0.0933,0.0,0.0,0.0027,11.2987,0.0933,0.0,0.0,0.0027,1.7,0.0
2021-04-01,20:00,HGJWBSC04,11022.0,CI-1022-1_Afzal Town Gujranwala (3G-CI-1977),305.0,CI-1022_Afzal Town Gujranwala (3G-CI-1977),GUJRANWALA_CLUSTER_03_Rural,100%,0.0,34.0,0.0,171.0,0.0,961.0,239.0,259.0,0.0,138.0,1.6917,0.0,10991.0,11120.0,11036.0,11120.0,0.0,0.0,961.0,945.0,1.6917,100.0,127.0,127.0,0.0,945.0,34.0,34.0,0.0147,0.5887,16.8968,1.1603,0.1043,0.0027,0.0,16.8968,1.1603,0.1043,0.0027,0.0,1.6917,0.0
2021-04-01,20:00,HGJWBSC04,31187.0,CI-1187-3_Bhatti Bangoo Gujranwala (3G-CI-2221),242.0,CI-1187_Bhatti Bangoo Gujranwala (3G-CI-2221),GUJRANWALA_CLUSTER_03_Rural,100%,0.0,14.0,0.0,26.0,0.0,383.0,21.0,22.0,0.0,12.0,0.1861,0.0,935.0,1024.0,991.0,1024.0,2.0,2.0,383.0,368.0,0.1861,100.0,28.0,31.0,2.0,368.0,14.0,14.0,0.032,0.032,8.3289,0.016,0.0,0.0027,0.0,8.3289,0.016,0.0,0.0027,0.0,0.1861,0.0
2021-04-01,20:00,HGJWBSC04,21187.0,CI-1187-2_Bhatti Bangoo Gujranwala (3G-CI-2221),241.0,CI-1187_Bhatti Bangoo Gujranwala (3G-CI-2221),GUJRANWALA_CLUSTER_03_Rural,100%,0.0,27.0,0.0,34.0,0.0,455.0,19.0,19.0,0.0,7.0,0.5764,0.0,3144.0,3272.0,3268.0,3272.0,0.0,0.0,455.0,434.0,0.5764,100.0,70.0,73.0,0.0,434.0,27.0,27.0,0.0,0.0,9.705,0.0241,0.0,0.0,0.0,9.705,0.0241,0.0,0.0,0.0,0.5764,0.0
2021-04-01,20:00,HGJWBSC04,11187.0,CI-1187-1_Bhatti Bangoo Gujranwala (3G-CI-2221),240.0,CI-1187_Bhatti Bangoo Gujranwala (3G-CI-2221),GUJRANWALA_CLUSTER_03_Rural,100%,0.0,45.0,0.0,73.0,0.0,621.0,50.0,50.0,0.0,28.0,1.0417,0.0,5988.0,6065.0,5981.0,6065.0,0.0,0.0,621.0,615.0,1.0417,100.0,97.0,97.0,0.0,615.0,45.0,45.0,95.8845,99.2692,0.0,0.0507,0.2347,6.648,0.0,0.0,0.0507,0.2347,6.648,0.0,1.0417,0.0
2021-04-01,20:00,HGJWBSC04,13913.0,13913_Rahwali Gujranwala (3G-CI-4507),236.0,3913_Rahwali Gujranwala (3G-CI-4507),GUJRANWALA_CLUSTER_03_Rural,100%,0.0,241.0,0.0,446.0,0.0,924.0,375.0,378.0,0.0,206.0,8.0028,0.0,50872.0,51164.0,50941.0,51164.0,1.0,2.0,924.0,917.0,8.0028,100.0,355.0,356.0,1.0,917.0,240.0,241.0,0.0995,0.3978,20.4684,0.9121,0.064,0.016,0.0054,20.4684,0.9121,0.064,0.016,0.0054,8.0028,0.0
2021-04-01,20:00,HGJWBSC04,23913.0,23913_Rahwali Gujranwala (3G-CI-4507),235.0,3913_Rahwali Gujranwala (3G-CI-4507),GUJRANWALA_CLUSTER_03_Rural,100%,0.0,84.0,0.0,171.0,0.0,1137.0,170.0,174.0,0.0,87.0,2.0819,0.0,12579.0,12767.0,12728.0,12767.0,2.0,2.0,1137.0,1123.0,2.0819,100.0,193.0,194.0,2.0,1123.0,84.0,84.0,0.0157,0.3461,16.3931,0.5401,0.0561,0.0027,0.0,16.3931,0.5401,0.0561,0.0027,0.0,2.0819,0.0
2021-04-01,20:00,HGJWBSC04,33913.0,33913_Rahwali Gujranwala (3G-CI-4507),234.0,3913_Rahwali Gujranwala (3G-CI-4507),GUJRANWALA_CLUSTER_03_Rural,100%,0.0,60.0,0.0,126.0,0.0,521.0,141.0,147.0,0.0,66.0,1.4639,0.0,8068.0,8330.0,8305.0,8330.0,0.0,0.0,521.0,504.0,1.4639,100.0,168.0,182.0,0.0,504.0,60.0,60.0,0.1868,0.9857,16.8073,0.8993,0.1429,0.0334,0.0,16.8073,0.8993,0.1429,0.0334,0.0,1.4639,0.0
2021-04-01,20:00,HGJWBSC04,33758.0,33758_Talwandi Musa Khan Gujranwala (3G-CI-2122),203.0,3758_Talwandi Musa Khan Gujranwala (3G-CI-2122),GUJRANWALA_CLUSTER_03_Rural,100%,0.0,114.0,1.0,202.0,0.0,942.0,167.0,168.0,0.0,89.0,3.2444,1.0,19470.0,19675.0,19600.0,19675.0,1.0,2.0,942.0,934.0,3.2444,100.0,221.0,221.0,1.0,934.0,113.0,114.0,0.1812,0.4077,5.7011,0.2689,0.0136,0.0054,0.0054,5.7011,0.2689,0.0136,0.0054,0.0054,3.2444,1.0
2021-04-01,20:00,HGJWBSC04,23758.0,23758_Talwandi Musa Khan Gujranwala (3G-CI-2122),202.0,3758_Talwandi Musa Khan Gujranwala (3G-CI-2122),GUJRANWALA_CLUSTER_03_Rural,100%,0.0,149.0,0.0,203.0,0.0,2780.0,110.0,110.0,0.0,54.0,2.2486,0.0,10965.0,11083.0,10879.0,11083.0,0.0,0.0,2780.0,2774.0,2.2486,100.0,274.0,274.0,0.0,2774.0,149.0,149.0,0.0,0.0667,10.0576,0.1346,0.0068,0.0,0.0,10.0576,0.1346,0.0068,0.0,0.0,2.2486,0.0
2021-04-01,20:00,HGJWBSC04,13758.0,13758_Talwandi Musa Khan Gujranwala (3G-CI-2122),201.0,3758_Talwandi Musa Khan Gujranwala (3G-CI-2122),GUJRANWALA_CLUSTER_03_Rural,100%,0.0,53.0,0.0,95.0,0.0,784.0,95.0,97.0,0.0,44.0,1.9667,0.0,12992.0,13048.0,13033.0,13048.0,0.0,2.0,784.0,720.0,1.9667,100.0,122.0,124.0,0.0,720.0,51.0,53.0,0.0,0.0,6.4103,0.016,0.0,0.0,0.0,6.4103,0.016,0.0,0.0,0.0,1.9667,0.0
2021-04-01,20:00,HGJWBSC04,33751.0,33751_Nizampur Daska Road Gujranwala (3G-CI-1118),200.0,3751_Nizampur Daska Road Gujranwala (3G-CI-1118),GUJRANWALA_CLUSTER_03_Rural,100%,0.0,87.0,0.0,140.0,0.0,772.0,104.0,107.0,0.0,56.0,3.3903,0.0,22282.0,22374.0,22327.0,22374.0,0.0,2.0,772.0,759.0,3.3903,100.0,278.0,278.0,0.0,759.0,85.0,87.0,0.0,0.0335,7.8660000000000005,0.0981,0.0027,0.0,0.0,7.8660000000000005,0.0981,0.0027,0.0,0.0,3.3903,0.0
2021-04-01,20:00,HGJWBSC04,23751.0,23751_Nizampur Daska Road Gujranwala (3G-CI-1118),199.0,3751_Nizampur Daska Road Gujranwala (3G-CI-1118),GUJRANWALA_CLUSTER_03_Rural,100%,0.0,88.0,0.0,123.0,0.0,585.0,72.0,75.0,0.0,36.0,3.8528,0.0,25516.0,25576.0,25564.0,25576.0,6.0,6.0,585.0,561.0,3.8528,100.0,326.0,326.0,6.0,561.0,88.0,88.0,0.059000000000000004,0.059000000000000004,8.8469,0.1939,0.0,0.0027,0.0027,8.8469,0.1939,0.0,0.0027,0.0027,3.8528,0.0
2021-04-01,20:00,HGJWBSC04,13751.0,13751_Nizampur Daska Road Gujranwala (3G-CI-1118),198.0,3751_Nizampur Daska Road Gujranwala (3G-CI-1118),GUJRANWALA_CLUSTER_03_Rural,100%,0.0,38.0,1.0,97.0,0.0,381.0,102.0,103.0,0.0,60.0,1.3417,1.0,8627.0,8682.0,8521.0,8682.0,0.0,1.0,381.0,375.0,1.3417,100.0,80.0,80.0,0.0,375.0,37.0,38.0,0.0,0.31,7.5321,0.2059,0.0241,0.0,0.0,7.5321,0.2059,0.0241,0.0,0.0,1.3417,1.0
2021-04-01,20:00,HGJWBSC04,33896.0,33896_Budha Wala Gujranwala (3G-CI-1953),122.0,3896_Budha Wala Gujranwala (3G-CI-1953),GUJRANWALA_CLUSTER_03_Rural,100%,0.0,27.0,0.0,103.0,0.0,185.0,158.0,161.0,0.0,77.0,1.2708,0.0,8337.0,8550.0,8468.0,8550.0,0.0,1.0,185.0,171.0,1.2708,100.0,42.0,42.0,0.0,171.0,26.0,27.0,2.0882,5.3236,7.2834,1.3235,0.2941,0.0562,0.1337,7.2834,1.3235,0.2941,0.0562,0.1337,1.2708,0.0
2021-04-01,20:00,HGJWBSC04,23896.0,23896_Budha Wala Gujranwala (3G-CI-1953),121.0,3896_Budha Wala Gujranwala (3G-CI-1953),GUJRANWALA_CLUSTER_03_Rural,100%,0.0,3.0,0.0,17.0,0.0,53.0,21.0,24.0,0.0,14.0,0.1097,0.0,616.0,628.0,626.0,628.0,0.0,0.0,53.0,44.0,0.1097,100.0,8.0,12.0,0.0,44.0,3.0,3.0,0.0,0.0449,5.874,0.0758,0.0027,0.0,0.0,5.874,0.0758,0.0027,0.0,0.0,0.1097,0.0
2021-04-01,20:00,HGJWBSC04,13896.0,13896_Budha Wala Gujranwala (3G-CI-1953),120.0,3896_Budha Wala Gujranwala (3G-CI-1953),GUJRANWALA_CLUSTER_03_Rural,100%,0.0,82.0,0.0,108.0,0.0,501.0,51.0,51.0,0.0,26.0,0.8722,0.0,3797.0,3927.0,3926.0,3927.0,0.0,0.0,501.0,490.0,0.8722,100.0,257.0,257.0,0.0,490.0,82.0,82.0,0.0,0.2098,7.4091,0.2246,0.0161,0.0,0.0,7.4091,0.2246,0.0161,0.0,0.0,0.8722,0.0
