Date,Time,GBSC,Cell CI,Cell Name,CellIndex,Site Name,Location,Integrity,_CallSetup TCH GOS(%)_N,_CallSetup TCH GOS(%)_D,_DCR_N,_DCR_D,_GOS-SDCCH(%)_N,_GOS-SDCCH(%)_D,_HSR%_N,_HSR%_D,_Mobility TCH GOS(%)_N,_Mobility TCH GOS(%)_D,_MTBD (Mean Time between Drop)_N,_MTBD (Mean Time between Drop)_D,_RxQual Index DL_1,_RxQual Index DL_2,_RxQual Index UL_1,_RxQual Index UL_2,CSSR_Non Blocking_1_N,CSSR_Non Blocking_2_N,CSSR_Non Blocking_1_D,CSSR_Non Blocking_2_D,GlobelTraffic,TCH Availability Rate,_cssr_Call Setup Indications (Circuit Service)_N_1,_Cssr_Channel Requests (Circuit Service)_D_1,_CSSR_Call Drops on SDCCH_N_2,_CSSR_Successful SDCCH Seizures_D_2,_CSSR_Successful TCH Seizures (Traffic Channel)_N_3,_CSSR_TCH Seizure Requests (Traffic Channel)_D_3,Interference Band Proportion (4~5)(%),Interference Band 345,Mean Number of TCH in Interference Band 1,Mean Number of TCH in Interference Band 2,Mean Number of TCH in Interference Band 3,Mean Number of TCH in Interference Band 4,Mean Number of TCH in Interference Band 5,Mean Number of TCH in Interference Band 1.1,Mean Number of TCH in Interference Band 2.1,Mean Number of TCH in Interference Band 3.1,Mean Number of TCH in Interference Band 4.1,Mean Number of TCH in Interference Band 5.1,K3014:Traffic Volume on TCH(Erl),CM33:Call Drops on Traffic Channel
2021-04-01,11:00,HGJWBSC04,13351.0,13351_Nisbet Road Daska City Sialkot (3G-CI-4916),95.0,3351_Nisbet Road Daska City Sialkot (3G-CI-4916),SIALKOT_CLUSTER_05_Urban,100%,0.0,91.0,0.0,290.0,0.0,320.0,342.0,346.0,0.0,200.0,2.5722,0.0,14060.0,14168.0,14064.0,14168.0,0.0,0.0,320.0,319.0,2.5722,100.0,200.0,200.0,0.0,319.0,91.0,91.0,0.8979,3.0382,6.9366,0.5608,0.1655,0.0507,0.0187,6.9366,0.5608,0.1655,0.0507,0.0187,2.5722,0.0
2021-04-01,11:00,HGJWBSC04,23475.0,23475_Haqpura Sialkot (3G-CI-4925),83.0,3475_Haqpura Sialkot (3G-CI-4925),SIALKOT_CLUSTER_05_Urban,100%,0.0,145.0,0.0,258.0,0.0,582.0,245.0,247.0,0.0,116.0,2.9083,0.0,13750.0,13918.0,13734.0,13918.0,0.0,2.0,582.0,578.0,2.9083,100.0,436.0,439.0,0.0,578.0,143.0,145.0,4.4277,14.0584,8.7653,2.4667,1.2587,0.4267,0.152,8.7653,2.4667,1.2587,0.4267,0.152,2.9083,0.0
2021-04-01,11:00,HGJWBSC04,33482.0,33482_Nisbet Road Sialkot (3G-CI-4928),69.0,3482_Nisbet Road Sialkot (3G-CI-4928),SIALKOT_CLUSTER_05_Urban,100%,0.0,62.0,0.0,120.0,0.0,220.0,113.0,117.0,0.0,58.0,1.6736,0.0,9656.0,9668.0,9610.0,9668.0,0.0,0.0,220.0,215.0,1.6736,100.0,128.0,129.0,0.0,215.0,62.0,62.0,0.0554,0.9414,13.380999999999998,0.9288,0.128,0.008,0.0,13.380999999999998,0.9288,0.128,0.008,0.0,1.6736,0.0
2021-04-01,11:00,HGJWBSC04,31073.0,CI-1073-3_Muhala Haji Pura Sialkot (3G-CI-4992),313.0,CI-1073_Muhala Haji Pura Sialkot (3G-CI-4992),SIALKOT_CLUSTER_05_Urban,100%,0.0,73.0,1.0,171.0,0.0,411.0,214.0,216.0,0.0,100.0,1.8167,1.0,10578.0,10666.0,10556.0,10666.0,0.0,1.0,411.0,391.0,1.8167,100.0,280.0,286.0,0.0,391.0,72.0,73.0,0.0,0.2207,7.5998,7.0109,0.0323,0.0,0.0,7.5998,7.0109,0.0323,0.0,0.0,1.8167,1.0
2021-04-01,11:00,HGJWBSC04,23477.0,23477_Kainchi Chowk Sialkot (3G-CI-4926),184.0,3477_Kainchi Chowk Sialkot (3G-CI-4926),SIALKOT_CLUSTER_05_Urban,100%,0.0,35.0,0.0,71.0,0.0,82.0,63.0,63.0,0.0,37.0,1.1653,0.0,7182.0,7182.0,7180.0,7182.0,0.0,1.0,82.0,82.0,1.1653,100.0,61.0,61.0,0.0,82.0,34.0,35.0,0.0,0.0,8.3431,0.1868,0.0,0.0,0.0,8.3431,0.1868,0.0,0.0,0.0,1.1653,0.0
2021-04-01,11:00,HGJWBSC04,33353.0,33353_Tanki No 2 Sialkot (3G-CI-4918),179.0,3353_Tanki No 2 Sialkot (3G-CI-4918),SIALKOT_CLUSTER_05_Urban,100%,0.0,130.0,0.0,187.0,0.0,478.0,111.0,113.0,0.0,59.0,5.0403,0.0,31084.0,31218.0,31064.0,31218.0,0.0,1.0,478.0,469.0,5.0403,100.0,258.0,260.0,0.0,469.0,129.0,130.0,0.4679,1.4063,10.985999999999999,1.2197,0.1162,0.0358,0.0221,10.985999999999999,1.2197,0.1162,0.0358,0.0221,5.0403,0.0
2021-04-01,11:00,HGJWBSC04,23482.0,23482_Nisbet Road Sialkot (3G-CI-4928),17.0,3482_Nisbet Road Sialkot (3G-CI-4928),SIALKOT_CLUSTER_05_Urban,100%,0.0,98.0,0.0,117.0,0.0,328.0,51.0,51.0,0.0,19.0,1.9153,0.0,10960.0,10966.0,10966.0,10966.0,0.0,0.0,328.0,326.0,1.9153,100.0,228.0,229.0,0.0,326.0,98.0,98.0,0.2735,1.1203,18.4598,0.9216,0.166,0.0268,0.0268,18.4598,0.9216,0.166,0.0268,0.0268,1.9153,0.0
2021-04-01,11:00,HGJWBSC04,13482.0,13482_Nisbet Road Sialkot (3G-CI-4928),16.0,3482_Nisbet Road Sialkot (3G-CI-4928),SIALKOT_CLUSTER_05_Urban,100%,0.0,55.0,0.0,124.0,0.0,212.0,129.0,130.0,0.0,70.0,2.1306,0.0,13296.0,13394.0,13248.0,13394.0,0.0,1.0,212.0,204.0,2.1306,100.0,145.0,148.0,0.0,204.0,54.0,55.0,0.0,0.0,13.5562,0.2433,0.0,0.0,0.0,13.5562,0.2433,0.0,0.0,0.0,2.1306,0.0
