Date,Time,GBSC,Cell CI,Cell Name,CellIndex,Site Name,Location,Integrity,_CallSetup TCH GOS(%)_N,_CallSetup TCH GOS(%)_D,_DCR_N,_DCR_D,_GOS-SDCCH(%)_N,_GOS-SDCCH(%)_D,_HSR%_N,_HSR%_D,_Mobility TCH GOS(%)_N,_Mobility TCH GOS(%)_D,_MTBD (Mean Time between Drop)_N,_MTBD (Mean Time between Drop)_D,_RxQual Index DL_1,_RxQual Index DL_2,_RxQual Index UL_1,_RxQual Index UL_2,CSSR_Non Blocking_1_N,CSSR_Non Blocking_2_N,CSSR_Non Blocking_1_D,CSSR_Non Blocking_2_D,GlobelTraffic,TCH Availability Rate,_cssr_Call Setup Indications (Circuit Service)_N_1,_Cssr_Channel Requests (Circuit Service)_D_1,_CSSR_Call Drops on SDCCH_N_2,_CSSR_Successful SDCCH Seizures_D_2,_CSSR_Successful TCH Seizures (Traffic Channel)_N_3,_CSSR_TCH Seizure Requests (Traffic Channel)_D_3,Interference Band Proportion (4~5)(%),Interference Band 345,Mean Number of TCH in Interference Band 1,Mean Number of TCH in Interference Band 2,Mean Number of TCH in Interference Band 3,Mean Number of TCH in Interference Band 4,Mean Number of TCH in Interference Band 5,Mean Number of TCH in Interference Band 1.1,Mean Number of TCH in Interference Band 2.1,Mean Number of TCH in Interference Band 3.1,Mean Number of TCH in Interference Band 4.1,Mean Number of TCH in Interference Band 5.1,K3014:Traffic Volume on TCH(Erl),CM33:Call Drops on Traffic Channel
2021-04-01,21:00,HSGDBSC03,34711.0,34711_Faisalabad Road Sargodha (3G-CII-4608),9.0,4711_Faisalabad Road Sargodha (3G-CII-4608),JHUNG_CLUSTER_01_Rural,100%,0.0,30.0,1.0,46.0,0.0,287.0,36.0,36.0,0.0,16.0,1.5,1.0,9671.0,9919.0,9801.0,9919.0,0.0,0.0,287.0,286.0,1.5,100.0,66.0,67.0,0.0,286.0,30.0,30.0,0.0,0.0306,17.3077,0.0827,0.0053,0.0,0.0,17.3077,0.0827,0.0053,0.0,0.0,1.5,1.0
2021-04-01,21:00,HSGDBSC03,34718.0,34718_Lawyer Housing Colony Sargodha (3G-CII-3955),88.0,4718_Lawyer Housing Colony Sargodha (3G-CII-3955),JHUNG_CLUSTER_01_Rural,100%,0.0,143.0,5.0,178.0,2.0,6075.0,52.0,59.0,0.0,39.0,6.3875,5.0,39434.0,40648.0,39235.0,40648.0,1.0,1.0,6073.0,5856.0,6.3875,100.0,970.0,974.0,1.0,5856.0,143.0,143.0,0.0122,0.0666,2.7301,42.3021,0.0245,0.0028,0.0028,2.7301,42.3021,0.0245,0.0028,0.0028,6.3875,5.0
2021-04-01,21:00,HSGDBSC03,24718.0,24718_Lawyer Housing Colony Sargodha (3G-CII-3955),87.0,4718_Lawyer Housing Colony Sargodha (3G-CII-3955),JHUNG_CLUSTER_01_Rural,100%,0.0,40.0,2.0,91.0,0.0,257.0,100.0,100.0,0.0,52.0,4.7861,2.0,33527.0,34035.0,33738.0,34035.0,0.0,1.0,257.0,251.0,4.7861,100.0,94.0,98.0,0.0,251.0,39.0,40.0,0.0,0.0,3.2786,0.0,0.0,0.0,0.0,3.2786,0.0,0.0,0.0,0.0,4.7861,2.0
2021-04-01,21:00,HSGDBSC03,14718.0,14718_Lawyer Housing Colony Sargodha (3G-CII-3955),86.0,4718_Lawyer Housing Colony Sargodha (3G-CII-3955),JHUNG_CLUSTER_01_Rural,100%,0.0,80.0,0.0,122.0,0.0,951.0,85.0,85.0,0.0,43.0,3.6833,0.0,23818.0,24107.0,23938.0,24107.0,0.0,1.0,951.0,947.0,3.6833,100.0,186.0,187.0,0.0,947.0,79.0,80.0,0.0,0.0265,10.1974,0.0405,0.0027,0.0,0.0,10.1974,0.0405,0.0027,0.0,0.0,3.6833,0.0
2021-04-01,21:00,HSGDBSC03,34706.0,34706_PAF Base Sargodha (3G-CII-1021),85.0,4706_PAF Base Sargodha (3G-CII-1021),JHUNG_CLUSTER_01_Rural,100%,0.0,170.0,4.0,304.0,0.0,1078.0,266.0,285.0,4.0,152.0,15.8069,4.0,106740.0,109722.0,107763.0,109722.0,1.0,12.0,1078.0,1063.0,15.8069,100.0,538.0,542.0,1.0,1063.0,159.0,170.0,0.27399999999999997,0.6389,8.5276,0.2075,0.0321,0.0107,0.0134,8.5276,0.2075,0.0321,0.0107,0.0134,15.8069,4.0
2021-04-01,21:00,HSGDBSC03,24706.0,24706_PAF Base Sargodha (3G-CII-1021),84.0,4706_PAF Base Sargodha (3G-CII-1021),JHUNG_CLUSTER_01_Rural,100%,0.0,155.0,2.0,176.0,0.0,1371.0,62.0,62.0,0.0,26.0,10.6764,2.0,66933.0,71733.0,70402.0,71733.0,0.0,5.0,1371.0,1347.0,10.6764,100.0,366.0,367.0,0.0,1347.0,150.0,155.0,0.0,0.0325,17.6037,0.0909,0.0058,0.0,0.0,17.6037,0.0909,0.0058,0.0,0.0,10.6764,2.0
2021-04-01,21:00,HSGDBSC03,14706.0,14706_PAF Base Sargodha (3G-CII-1021),83.0,4706_PAF Base Sargodha (3G-CII-1021),JHUNG_CLUSTER_01_Rural,100%,0.0,37.0,0.0,101.0,0.0,461.0,119.0,119.0,0.0,64.0,3.2222,0.0,21804.0,22428.0,22392.0,22428.0,0.0,0.0,461.0,461.0,3.2222,100.0,89.0,89.0,0.0,461.0,37.0,37.0,0.0127,0.2165,20.2533,0.6453,0.0427,0.0027,0.0,20.2533,0.6453,0.0427,0.0027,0.0,3.2222,0.0
2021-04-01,21:00,HSGDBSC03,24711.0,24711_Faisalabad Road Sargodha (3G-CII-4608),8.0,4711_Faisalabad Road Sargodha (3G-CII-4608),JHUNG_CLUSTER_01_Rural,100%,0.0,33.0,0.0,65.0,0.0,47.0,66.0,70.0,0.0,34.0,1.8278,0.0,12543.0,12616.0,12613.0,12616.0,0.0,1.0,47.0,46.0,1.8278,100.0,34.0,35.0,0.0,46.0,32.0,33.0,0.0,0.1484,7.1578,0.0213,0.0107,0.0,0.0,7.1578,0.0213,0.0107,0.0,0.0,1.8278,0.0
2021-04-01,21:00,HSGDBSC03,14707.0,14707_Zafar Colony Sargodha (3G-CII-3359),71.0,4707_Zafar Colony Sargodha (3G-CII-3359),JHUNG_CLUSTER_01_Rural,100%,0.0,65.0,0.0,127.0,0.0,360.0,115.0,118.0,0.0,63.0,3.4847,0.0,21815.0,22676.0,21769.0,22676.0,0.0,1.0,360.0,359.0,3.4847,100.0,124.0,124.0,0.0,359.0,64.0,65.0,0.1015,37.286,13.1952,0.0267,7.8396,0.0214,0.0,13.1952,0.0267,7.8396,0.0214,0.0,3.4847,0.0
2021-04-01,21:00,HSGDBSC03,34716.0,34716_Shabeer Town Bhalwal Road Sargodha (3G-CII-3954),7.0,4716_Shabeer Town Bhalwal Road Sargodha (3G-CII-3954),JHUNG_CLUSTER_01_Rural,100%,0.0,97.0,0.0,150.0,0.0,1101.0,105.0,107.0,0.0,54.0,4.9042,0.0,31716.0,32484.0,31885.0,32484.0,0.0,1.0,1101.0,1091.0,4.9042,100.0,225.0,226.0,0.0,1091.0,96.0,97.0,0.0,0.0309,8.6035,0.0241,0.0027,0.0,0.0,8.6035,0.0241,0.0027,0.0,0.0,4.9042,0.0
2021-04-01,21:00,HSGDBSC03,25611.0,25611_Block Z Development Scheme Sargodha (3G-CII-3367),66.0,5611_Block Z Development Scheme Sargodha (3G-CII-3367),JHUNG_CLUSTER_01_Rural,100%,0.0,75.0,1.0,118.0,0.0,237.0,85.0,86.0,0.0,44.0,3.9889,1.0,27162.0,27370.0,27349.0,27370.0,0.0,1.0,237.0,237.0,3.9889,100.0,132.0,132.0,0.0,237.0,74.0,75.0,0.0,0.0306,8.7254,0.0027,0.0027,0.0,0.0,8.7254,0.0027,0.0027,0.0,0.0,3.9889,1.0
2021-04-01,21:00,HSGDBSC03,15611.0,15611_Block Z Development Scheme Sargodha (3G-CII-3367),65.0,5611_Block Z Development Scheme Sargodha (3G-CII-3367),JHUNG_CLUSTER_01_Rural,100%,0.0,38.0,0.0,79.0,0.0,174.0,80.0,80.0,0.0,42.0,2.3083,0.0,15977.0,16034.0,15985.0,16034.0,0.0,1.0,174.0,165.0,2.3083,100.0,50.0,50.0,0.0,165.0,37.0,38.0,0.0234,0.11699999999999999,22.3155,0.5054,0.0214,0.0053,0.0,22.3155,0.5054,0.0214,0.0053,0.0,2.3083,0.0
2021-04-01,21:00,HSGDBSC03,24361.0,24361_Shabeer Town Bhalwal Road Sargodha (3G-CII-3352),63.0,4361_Shabeer Town Bhalwal Road Sargodha (3G-CII-3352),JHUNG_CLUSTER_01_Rural,100%,0.0,94.0,0.0,187.0,0.0,396.0,178.0,181.0,0.0,93.0,4.1597,0.0,26796.0,27356.0,26957.0,27356.0,2.0,2.0,396.0,390.0,4.1597,100.0,148.0,150.0,2.0,390.0,94.0,94.0,4.532,11.3618,8.036,3.0231,0.8521,0.478,0.0874,8.036,3.0231,0.8521,0.478,0.0874,4.1597,0.0
2021-04-01,21:00,HSGDBSC03,14361.0,14361_Shabeer Town Bhalwal Road Sargodha (3G-CII-3352),62.0,4361_Shabeer Town Bhalwal Road Sargodha (3G-CII-3352),JHUNG_CLUSTER_01_Rural,100%,0.0,74.0,0.0,154.0,0.0,342.0,144.0,149.0,0.0,80.0,5.4597,0.0,35814.0,37756.0,37167.0,37756.0,1.0,2.0,342.0,328.0,5.4597,100.0,169.0,177.0,1.0,328.0,73.0,74.0,0.047,0.0705,11.2396,0.134,0.0027,0.0054,0.0,11.2396,0.134,0.0027,0.0054,0.0,5.4597,0.0
2021-04-01,21:00,HSGDBSC03,24716.0,24716_Shabeer Town Bhalwal Road Sargodha (3G-CII-3954),6.0,4716_Shabeer Town Bhalwal Road Sargodha (3G-CII-3954),JHUNG_CLUSTER_01_Rural,100%,0.0,83.0,2.0,98.0,0.0,1679.0,29.0,32.0,0.0,15.0,5.8097,2.0,38444.0,38955.0,37957.0,38955.0,0.0,0.0,1679.0,1673.0,5.8097,100.0,150.0,154.0,0.0,1673.0,83.0,83.0,0.0,0.3691,10.6925,0.1337,0.0401,0.0,0.0,10.6925,0.1337,0.0401,0.0,0.0,5.8097,2.0
2021-04-01,21:00,HSGDBSC03,24704.0,24704_Bashir Colony Sargodha (3G-CII-3357),54.0,4704_Bashir Colony Sargodha (3G-CII-3357),JHUNG_CLUSTER_01_Rural,100%,0.0,100.0,0.0,214.0,0.0,378.0,221.0,224.0,0.0,114.0,6.3056,0.0,43033.0,43786.0,43586.0,43786.0,1.0,1.0,378.0,374.0,6.3056,100.0,196.0,197.0,1.0,374.0,100.0,100.0,0.0,0.0264,9.7619,0.3611,0.0027,0.0,0.0,9.7619,0.3611,0.0027,0.0,0.0,6.3056,0.0
2021-04-01,21:00,HSGDBSC03,14716.0,14716_Shabeer Town Bhalwal Road Sargodha (3G-CII-3954),5.0,4716_Shabeer Town Bhalwal Road Sargodha (3G-CII-3954),JHUNG_CLUSTER_01_Rural,100%,0.0,29.0,0.0,40.0,0.0,462.0,15.0,15.0,0.0,11.0,2.0903,0.0,14428.0,14445.0,13575.0,14445.0,0.0,0.0,462.0,460.0,2.0903,100.0,32.0,32.0,0.0,460.0,29.0,29.0,0.0,0.0783,6.7307,0.0747,0.0053,0.0,0.0,6.7307,0.0747,0.0053,0.0,0.0,2.0903,0.0
2021-04-01,21:00,HSGDBSC03,35581.0,35581_Chak No 88 Lahore Road Sargodha (3G-CII-4022),40.0,5581_Chak No 88 Lahore Road Sargodha (3G-CII-4022),JHUNG_CLUSTER_01_Rural,100%,0.0,62.0,4.0,105.0,0.0,1098.0,99.0,101.0,1.0,44.0,4.0181,4.0,25410.0,26212.0,24688.0,26212.0,0.0,1.0,1098.0,1097.0,4.0181,100.0,106.0,107.0,0.0,1097.0,61.0,62.0,0.0,0.0949,8.4064,0.0374,0.008,0.0,0.0,8.4064,0.0374,0.008,0.0,0.0,4.0181,4.0
2021-04-01,21:00,HSGDBSC03,35405.0,35405_Bhagtanwala Sargodha (3G-CII-4010),4.0,5405_Bhagtanwala Sargodha (3G-CII-4010),JHUNG_CLUSTER_01_Rural,100%,0.0,139.0,5.0,133.0,0.0,3801.0,28.0,28.0,0.0,11.0,4.3944,5.0,26749.0,27300.0,26445.0,27300.0,0.0,17.0,3801.0,3793.0,4.3944,100.0,343.0,345.0,0.0,3793.0,122.0,139.0,0.0,0.0,13.6507,0.0,0.0,0.0,0.0,13.6507,0.0,0.0,0.0,0.0,4.3944,5.0
2021-04-01,21:00,HSGDBSC03,25581.0,25581_Chak No 88 Lahore Road Sargodha (3G-CII-4022),39.0,5581_Chak No 88 Lahore Road Sargodha (3G-CII-4022),JHUNG_CLUSTER_01_Rural,100%,0.0,63.0,0.0,107.0,0.0,1527.0,90.0,91.0,0.0,45.0,5.1208,0.0,34264.0,35207.0,33901.0,35207.0,0.0,1.0,1527.0,1524.0,5.1208,100.0,140.0,140.0,0.0,1524.0,62.0,63.0,0.0,0.0,7.3753,0.0,0.0,0.0,0.0,7.3753,0.0,0.0,0.0,0.0,5.1208,0.0
2021-04-01,21:00,HSGDBSC03,15581.0,15581_Chak No 88 Lahore Road Sargodha (3G-CII-4022),38.0,5581_Chak No 88 Lahore Road Sargodha (3G-CII-4022),JHUNG_CLUSTER_01_Rural,100%,0.0,29.0,1.0,35.0,0.0,319.0,15.0,15.0,0.0,6.0,2.3306,1.0,16007.0,16434.0,16311.0,16434.0,0.0,0.0,319.0,317.0,2.3306,100.0,39.0,40.0,0.0,317.0,29.0,29.0,0.0,0.0801,6.6176,0.0535,0.0054,0.0,0.0,6.6176,0.0535,0.0054,0.0,0.0,2.3306,1.0
2021-04-01,21:00,HSGDBSC03,34710.0,34710_Factory Area Silanwali Road Sargodha (3G-CII-3953),34.0,4710_Factory Area Silanwali Road Sargodha (3G-CII-3953),JHUNG_CLUSTER_01_Rural,100%,0.0,917.0,12.0,1887.0,0.0,2715.0,2141.0,2183.0,0.0,992.0,29.3125,12.0,168391.0,173891.0,172003.0,173891.0,0.0,21.0,2715.0,2690.0,29.3125,100.0,2093.0,2108.0,0.0,2690.0,896.0,917.0,0.0921,0.3171,25.9455,0.1514,0.0589,0.0241,0.0,25.9455,0.1514,0.0589,0.0241,0.0,29.3125,12.0
2021-04-01,21:00,HSGDBSC03,25405.0,25405_Bhagtanwala Sargodha (3G-CII-4010),3.0,5405_Bhagtanwala Sargodha (3G-CII-4010),JHUNG_CLUSTER_01_Rural,100%,0.0,141.0,3.0,153.0,0.0,5069.0,48.0,54.0,0.0,25.0,9.0694,3.0,60503.0,61684.0,60961.0,61684.0,0.0,9.0,5069.0,5052.0,9.0694,100.0,567.0,571.0,0.0,5052.0,132.0,141.0,0.0,0.0,9.173,0.0096,0.0,0.0,0.0,9.173,0.0096,0.0,0.0,0.0,9.0694,3.0
2021-04-01,21:00,HSGDBSC03,34700.0,34700_PTCL Exchange Iqbal Town Sargodha (3G-CII-3353),25.0,4700_PTCL Exchange Iqbal Town Sargodha (3G-CII-3353),JHUNG_CLUSTER_01_Rural,100%,0.0,311.0,6.0,411.0,2.0,4051.0,375.0,399.0,0.0,186.0,13.6292,6.0,83559.0,87569.0,85159.0,87569.0,34.0,123.0,4049.0,3907.0,13.6292,100.0,677.0,691.0,34.0,3907.0,222.0,311.0,0.0845,0.2997,17.5748,0.8844,0.0398,0.0157,0.0,17.5748,0.8844,0.0398,0.0157,0.0,13.6292,6.0
2021-04-01,21:00,HSGDBSC03,32306.0,CII-2306-3_Superior Coloney Sargodha (3G-CII-3775),222.0,CII-2306_Superior Coloney Sargodha (3G-CII-3775),JHUNG_CLUSTER_01_Rural,100%,0.0,64.0,7.0,253.0,0.0,3605.0,358.0,369.0,0.0,195.0,7.8833,7.0,53559.0,54313.0,52749.0,54313.0,6.0,10.0,3605.0,3527.0,7.8833,100.0,115.0,119.0,6.0,3527.0,60.0,64.0,0.0182,0.0364,14.607999999999999,0.0747,0.0027,0.0,0.0027,14.607999999999999,0.0747,0.0027,0.0,0.0027,7.8833,7.0
2021-04-01,21:00,HSGDBSC03,22306.0,CII-2306-2_Superior Coloney Sargodha (3G-CII-3775),221.0,CII-2306_Superior Coloney Sargodha (3G-CII-3775),JHUNG_CLUSTER_01_Rural,100%,0.0,116.0,1.0,162.0,0.0,1473.0,93.0,93.0,0.0,46.0,7.0986,1.0,47507.0,48209.0,47866.0,48209.0,0.0,0.0,1473.0,1466.0,7.0986,100.0,241.0,241.0,0.0,1466.0,116.0,116.0,0.0662,0.2511,20.455,0.11199999999999999,0.0381,0.0137,0.0,20.455,0.11199999999999999,0.0381,0.0137,0.0,7.0986,1.0
2021-04-01,21:00,HSGDBSC03,35620.0,35620_Chak No 34 NB Sargodha,215.0,5620_Chak No 34 NB Sargodha,JHUNG_CLUSTER_01_Rural,100%,0.0,38.0,3.0,44.0,0.0,118.0,11.0,12.0,0.0,6.0,1.0681,3.0,6150.0,6620.0,6400.0,6620.0,0.0,1.0,118.0,117.0,1.0681,100.0,51.0,51.0,0.0,117.0,37.0,38.0,0.0,0.2404,9.8158,0.0663,0.0238,0.0,0.0,9.8158,0.0663,0.0238,0.0,0.0,1.0681,3.0
2021-04-01,21:00,HSGDBSC03,25620.0,25620_Chak No 34 NB Sargodha,214.0,5620_Chak No 34 NB Sargodha,JHUNG_CLUSTER_01_Rural,100%,0.0,61.0,6.0,68.0,0.0,424.0,14.0,16.0,0.0,9.0,3.1583,6.0,19436.0,19589.0,18921.0,19589.0,0.0,1.0,424.0,423.0,3.1583,100.0,148.0,149.0,0.0,423.0,60.0,61.0,0.0,0.3904,11.4718,0.4448,0.0467,0.0,0.0,11.4718,0.4448,0.0467,0.0,0.0,3.1583,6.0
2021-04-01,21:00,HSGDBSC03,15620.0,15620_Chak No 34 NB Sargodha,213.0,5620_Chak No 34 NB Sargodha,JHUNG_CLUSTER_01_Rural,100%,0.0,98.0,0.0,112.0,0.0,1537.0,26.0,26.0,0.0,14.0,4.7361,0.0,29195.0,30464.0,29836.0,30464.0,0.0,0.0,1537.0,1524.0,4.7361,100.0,810.0,813.0,0.0,1524.0,98.0,98.0,0.1851,0.3701,1.7152,0.0291,0.0032,0.0032,0.0,1.7152,0.0291,0.0032,0.0032,0.0,4.7361,0.0
2021-04-01,21:00,HSGDBSC03,35587.0,35587_Muazamabad Sargodha,212.0,5587_Muazamabad Sargodha,JHUNG_CLUSTER_01_Rural,100%,0.0,23.0,0.0,25.0,0.0,239.0,8.0,10.0,0.0,2.0,1.5083,0.0,9831.0,9993.0,9918.0,9993.0,0.0,0.0,239.0,236.0,1.5083,100.0,55.0,57.0,0.0,236.0,23.0,23.0,0.0,0.0316,8.3931,0.0027,0.0027,0.0,0.0,8.3931,0.0027,0.0027,0.0,0.0,1.5083,0.0
2021-04-01,21:00,HSGDBSC03,25587.0,25587_Muazamabad Sargodha,211.0,5587_Muazamabad Sargodha,JHUNG_CLUSTER_01_Rural,100%,0.0,39.0,2.0,56.0,0.0,269.0,31.0,31.0,0.0,17.0,3.4875,2.0,22744.0,23519.0,23328.0,23519.0,0.0,0.0,269.0,266.0,3.4875,100.0,129.0,130.0,0.0,266.0,39.0,39.0,0.0,0.0,6.0201,0.0027,0.0,0.0,0.0,6.0201,0.0027,0.0,0.0,0.0,3.4875,2.0
2021-04-01,21:00,HSGDBSC03,15587.0,15587_Muazamabad Sargodha,210.0,5587_Muazamabad Sargodha,JHUNG_CLUSTER_01_Rural,100%,0.0,37.0,2.0,71.0,0.0,240.0,72.0,76.0,0.0,34.0,2.5375,2.0,17114.0,17354.0,17172.0,17354.0,0.0,0.0,240.0,237.0,2.5375,100.0,76.0,77.0,0.0,237.0,37.0,37.0,0.0,0.0392,6.6121,0.1267,0.0026,0.0,0.0,6.6121,0.1267,0.0026,0.0,0.0,2.5375,2.0
2021-04-01,21:00,HSGDBSC03,35585.0,35585_Lilliani Kot Momin Sargodha (3G-CII-4682),209.0,5585_Lilliani Kot Momin Sargodha (3G-CII-4682),JHUNG_CLUSTER_01_Rural,100%,0.0,50.0,2.0,67.0,0.0,231.0,23.0,25.0,0.0,17.0,3.7708,2.0,25893.0,26715.0,26494.0,26715.0,0.0,0.0,231.0,228.0,3.7708,100.0,176.0,177.0,0.0,228.0,50.0,50.0,0.0,0.0,8.4827,0.0027,0.0,0.0,0.0,8.4827,0.0027,0.0,0.0,0.0,3.7708,2.0
2021-04-01,21:00,HSGDBSC03,25585.0,25585_Lilliani Kot Momin Sargodha (3G-CII-4682),208.0,5585_Lilliani Kot Momin Sargodha (3G-CII-4682),JHUNG_CLUSTER_01_Rural,100%,0.0,49.0,0.0,90.0,0.0,262.0,80.0,84.0,0.0,41.0,1.3028,0.0,7680.0,7851.0,7672.0,7851.0,0.0,0.0,262.0,255.0,1.3028,100.0,84.0,85.0,0.0,255.0,49.0,49.0,0.0,0.0,9.5774,0.0053,0.0,0.0,0.0,9.5774,0.0053,0.0,0.0,0.0,1.3028,0.0
2021-04-01,21:00,HSGDBSC03,15585.0,15585_Lilliani Kot Momin Sargodha (3G-CII-4682),207.0,5585_Lilliani Kot Momin Sargodha (3G-CII-4682),JHUNG_CLUSTER_01_Rural,100%,0.0,30.0,1.0,40.0,0.0,174.0,21.0,21.0,0.0,10.0,1.4319,1.0,8828.0,9344.0,9125.0,9344.0,0.0,0.0,174.0,164.0,1.4319,100.0,46.0,46.0,0.0,164.0,30.0,30.0,0.0316,0.095,6.4118,2.0241,0.0054,0.0,0.0027,6.4118,2.0241,0.0054,0.0,0.0027,1.4319,1.0
2021-04-01,21:00,HSGDBSC03,35583.0,35583_Jhaal Chakian Sargodha (3G-CII-4681),206.0,5583_Jhaal Chakian Sargodha (3G-CII-4681),JHUNG_CLUSTER_01_Rural,100%,0.0,65.0,0.0,140.0,0.0,253.0,109.0,114.0,0.0,75.0,4.5778,0.0,31037.0,31435.0,31413.0,31435.0,0.0,0.0,253.0,249.0,4.5778,100.0,96.0,96.0,0.0,249.0,65.0,65.0,0.0,0.0145,18.3245,0.0106,0.0027,0.0,0.0,18.3245,0.0106,0.0027,0.0,0.0,4.5778,0.0
2021-04-01,21:00,HSGDBSC03,25583.0,25583_Jhaal Chakian Sargodha (3G-CII-4681),205.0,5583_Jhaal Chakian Sargodha (3G-CII-4681),JHUNG_CLUSTER_01_Rural,100%,0.0,98.0,0.0,132.0,0.0,375.0,72.0,75.0,0.0,33.0,3.8903,0.0,26532.0,26680.0,26619.0,26680.0,0.0,0.0,375.0,362.0,3.8903,100.0,239.0,241.0,0.0,362.0,98.0,98.0,0.3662,3.4174,4.3883,4.0303,0.266,0.0319,0.0,4.3883,4.0303,0.266,0.0319,0.0,3.8903,0.0
2021-04-01,21:00,HSGDBSC03,15583.0,15583_Jhaal Chakian Sargodha (3G-CII-4681),204.0,5583_Jhaal Chakian Sargodha (3G-CII-4681),JHUNG_CLUSTER_01_Rural,100%,0.0,56.0,2.0,72.0,0.0,427.0,40.0,41.0,0.0,16.0,3.0361,2.0,20032.0,20572.0,20528.0,20572.0,0.0,0.0,427.0,423.0,3.0361,100.0,322.0,322.0,0.0,423.0,56.0,56.0,1.6057,6.7304,5.9681,1.2926,0.3989,0.1144,0.0106,5.9681,1.2926,0.3989,0.1144,0.0106,3.0361,2.0
2021-04-01,21:00,HSGDBSC03,35576.0,35576_Chak Mari Sargodha,203.0,5576_Chak Mari Sargodha,JHUNG_CLUSTER_01_Rural,100%,0.0,50.0,1.0,57.0,0.0,352.0,16.0,19.0,0.0,8.0,4.8139,1.0,31337.0,33339.0,31908.0,33339.0,0.0,0.0,352.0,343.0,4.8139,100.0,76.0,77.0,0.0,343.0,50.0,50.0,0.0,0.0501,10.484000000000002,0.1845,0.0054,0.0,0.0,10.484000000000002,0.1845,0.0054,0.0,0.0,4.8139,1.0
2021-04-01,21:00,HSGDBSC03,25576.0,25576_Chak Mari Sargodha,202.0,5576_Chak Mari Sargodha,JHUNG_CLUSTER_01_Rural,100%,0.0,33.0,0.0,35.0,0.0,218.0,6.0,6.0,0.0,2.0,2.6,0.0,17389.0,17973.0,17719.0,17973.0,0.0,0.0,218.0,218.0,2.6,100.0,70.0,70.0,0.0,218.0,33.0,33.0,0.0352,0.0352,7.2594,0.3155,0.0,0.0,0.0027,7.2594,0.3155,0.0,0.0,0.0027,2.6,0.0
2021-04-01,21:00,HSGDBSC03,15576.0,15576_Chak Mari Sargodha,201.0,5576_Chak Mari Sargodha,JHUNG_CLUSTER_01_Rural,100%,0.0,44.0,0.0,50.0,0.0,223.0,12.0,13.0,0.0,6.0,1.4125,0.0,9000.0,9183.0,8895.0,9183.0,0.0,0.0,223.0,222.0,1.4125,100.0,130.0,131.0,0.0,222.0,44.0,44.0,0.0945,0.7563,8.1287,0.2914,0.0562,0.0027,0.0054,8.1287,0.2914,0.0562,0.0027,0.0054,1.4125,0.0
2021-04-01,21:00,HSGDBSC03,35575.0,35575_Adda Dhrema Sargodha,200.0,5575_Adda Dhrema Sargodha,JHUNG_CLUSTER_01_Rural,100%,0.0,42.0,0.0,74.0,0.0,450.0,58.0,62.0,0.0,33.0,2.0958,0.0,13306.0,13786.0,13658.0,13786.0,0.0,0.0,450.0,441.0,2.0958,100.0,88.0,88.0,0.0,441.0,42.0,42.0,0.0,0.0,6.7037,0.0079,0.0,0.0,0.0,6.7037,0.0079,0.0,0.0,0.0,2.0958,0.0
2021-04-01,21:00,HSGDBSC03,15405.0,15405_Bhagtanwala Sargodha (3G-CII-4010),2.0,5405_Bhagtanwala Sargodha (3G-CII-4010),JHUNG_CLUSTER_01_Rural,100%,0.0,65.0,2.0,91.0,0.0,2139.0,45.0,47.0,0.0,26.0,2.7264,2.0,17616.0,17875.0,17778.0,17875.0,0.0,0.0,2139.0,2115.0,2.7264,100.0,279.0,293.0,0.0,2115.0,65.0,65.0,0.0,0.0,6.9813,0.0187,0.0,0.0,0.0,6.9813,0.0187,0.0,0.0,0.0,2.7264,2.0
2021-04-01,21:00,HSGDBSC03,25575.0,25575_Adda Dhrema Sargodha,199.0,5575_Adda Dhrema Sargodha,JHUNG_CLUSTER_01_Rural,100%,0.0,139.0,0.0,163.0,0.0,471.0,74.0,75.0,0.0,26.0,6.0417,0.0,39847.0,40205.0,39936.0,40205.0,0.0,2.0,471.0,466.0,6.0417,100.0,225.0,229.0,0.0,466.0,137.0,139.0,0.1385,0.1385,1.8998,0.0039,0.0,0.0,0.0026,1.8998,0.0039,0.0,0.0,0.0026,6.0417,0.0
2021-04-01,21:00,HSGDBSC03,15575.0,15575_Adda Dhrema Sargodha,198.0,5575_Adda Dhrema Sargodha,JHUNG_CLUSTER_01_Rural,100%,0.0,66.0,1.0,125.0,0.0,665.0,109.0,110.0,0.0,59.0,4.4069,1.0,27956.0,29600.0,28369.0,29600.0,0.0,0.0,665.0,655.0,4.4069,100.0,125.0,125.0,0.0,655.0,66.0,66.0,0.1459,0.1943,10.9087,0.0562,0.0053,0.016,0.0,10.9087,0.0562,0.0053,0.016,0.0,4.4069,1.0
2021-04-01,21:00,HSGDBSC03,34392.0,34392_Zahoor Hayat Colony Sargodha (3G-CII-4574),197.0,4392_Zahoor Hayat Colony Sargodha (3G-CII-4574),JHUNG_CLUSTER_01_Rural,100%,0.0,95.0,3.0,191.0,0.0,386.0,213.0,218.0,0.0,97.0,4.9,3.0,32539.0,34049.0,33890.0,34049.0,0.0,1.0,386.0,378.0,4.9,100.0,197.0,201.0,0.0,378.0,94.0,95.0,0.0,0.3209,5.7481,0.0946,0.0188,0.0,0.0,5.7481,0.0946,0.0188,0.0,0.0,4.9,3.0
2021-04-01,21:00,HSGDBSC03,14392.0,14392_Zahoor Hayat Colony Sargodha (3G-CII-4574),195.0,4392_Zahoor Hayat Colony Sargodha (3G-CII-4574),JHUNG_CLUSTER_01_Rural,100%,0.0,32.0,2.0,199.0,0.0,324.0,274.0,276.0,0.0,168.0,6.3083,2.0,43948.0,45361.0,45181.0,45361.0,0.0,1.0,324.0,316.0,6.3083,100.0,50.0,50.0,0.0,316.0,31.0,32.0,0.0,0.2483,9.4267,0.2133,0.024,0.0,0.0,9.4267,0.2133,0.024,0.0,0.0,6.3083,2.0
2021-04-01,21:00,HSGDBSC03,34391.0,34391_Ashraf Colony Bhalwal Sargodha (3G-CII-4209),194.0,4391_Ashraf Colony Bhalwal Sargodha (3G-CII-4209),JHUNG_CLUSTER_01_Rural,100%,0.0,62.0,0.0,208.0,0.0,526.0,254.0,263.0,0.0,142.0,7.2208,0.0,49773.0,50006.0,48542.0,50006.0,0.0,3.0,526.0,524.0,7.2208,100.0,93.0,93.0,0.0,524.0,59.0,62.0,0.0653,0.1552,32.4548,0.0612,0.0293,0.0133,0.008,32.4548,0.0612,0.0293,0.0133,0.008,7.2208,0.0
2021-04-01,21:00,HSGDBSC03,24391.0,24391_Ashraf Colony Bhalwal Sargodha (3G-CII-4209),193.0,4391_Ashraf Colony Bhalwal Sargodha (3G-CII-4209),JHUNG_CLUSTER_01_Rural,100%,0.0,107.0,3.0,163.0,0.0,659.0,116.0,121.0,0.0,58.0,3.9389,3.0,24500.0,24672.0,24160.0,24672.0,1.0,5.0,659.0,657.0,3.9389,100.0,183.0,184.0,1.0,657.0,103.0,107.0,0.0,0.0244,32.6498,0.008,0.008,0.0,0.0,32.6498,0.008,0.008,0.0,0.0,3.9389,3.0
2021-04-01,21:00,HSGDBSC03,34373.0,34373_Ajnala Road Sargodha,185.0,4373_Ajnala Road Sargodha,JHUNG_CLUSTER_01_Rural,100%,0.0,245.0,2.0,246.0,0.0,794.0,5.0,5.0,0.0,3.0,7.6347,2.0,49182.0,49892.0,49192.0,49892.0,0.0,2.0,794.0,792.0,7.6347,100.0,650.0,652.0,0.0,792.0,243.0,245.0,0.0,0.0,23.4461,0.0802,0.0,0.0,0.0,23.4461,0.0802,0.0,0.0,0.0,7.6347,2.0
2021-04-01,21:00,HSGDBSC03,24373.0,24373_Ajnala Road Sargodha,184.0,4373_Ajnala Road Sargodha,JHUNG_CLUSTER_01_Rural,100%,0.0,44.0,0.0,57.0,0.0,179.0,27.0,28.0,0.0,13.0,2.5653,0.0,16465.0,17005.0,16739.0,17005.0,0.0,0.0,179.0,176.0,2.5653,100.0,72.0,74.0,0.0,176.0,44.0,44.0,6.098,13.0058,3.9947,0.3155,0.3423,0.2567,0.0455,3.9947,0.3155,0.3423,0.2567,0.0455,2.5653,0.0
2021-04-01,21:00,HSGDBSC03,14373.0,14373_Ajnala Road Sargodha,183.0,4373_Ajnala Road Sargodha,JHUNG_CLUSTER_01_Rural,100%,0.0,65.0,0.0,69.0,0.0,250.0,12.0,12.0,0.0,4.0,1.1792,0.0,5892.0,6249.0,6143.0,6249.0,0.0,0.0,250.0,247.0,1.1792,100.0,100.0,102.0,0.0,247.0,65.0,65.0,0.0,0.0,12.2742,0.064,0.0,0.0,0.0,12.2742,0.064,0.0,0.0,0.0,1.1792,0.0
2021-04-01,21:00,HSGDBSC03,34372.0,34372_Jaghoni Sargodha,182.0,4372_Jaghoni Sargodha,JHUNG_CLUSTER_01_Rural,100%,0.0,75.0,0.0,82.0,0.0,639.0,13.0,14.0,0.0,7.0,3.3028,0.0,20786.0,22071.0,21614.0,22071.0,1.0,1.0,639.0,635.0,3.3028,100.0,176.0,177.0,1.0,635.0,75.0,75.0,0.0,0.0,6.4866,0.0,0.0,0.0,0.0,6.4866,0.0,0.0,0.0,0.0,3.3028,0.0
2021-04-01,21:00,HSGDBSC03,24372.0,24372_Jaghoni Sargodha,181.0,4372_Jaghoni Sargodha,JHUNG_CLUSTER_01_Rural,100%,0.0,115.0,2.0,124.0,0.0,659.0,17.0,18.0,0.0,9.0,5.9611,2.0,39707.0,40383.0,39477.0,40383.0,2.0,2.0,659.0,647.0,5.9611,100.0,179.0,180.0,2.0,647.0,115.0,115.0,0.0,0.0929,5.7067,0.0267,0.0053,0.0,0.0,5.7067,0.0267,0.0053,0.0,0.0,5.9611,2.0
2021-04-01,21:00,HSGDBSC03,14372.0,14372_Jaghoni Sargodha,180.0,4372_Jaghoni Sargodha,JHUNG_CLUSTER_01_Rural,100%,0.0,14.0,0.0,38.0,0.0,225.0,45.0,47.0,0.0,24.0,0.825,0.0,5490.0,5712.0,5705.0,5712.0,2.0,2.0,225.0,216.0,0.825,100.0,30.0,30.0,2.0,216.0,14.0,14.0,0.0,0.0388,6.8093,0.0722,0.0027,0.0,0.0,6.8093,0.0722,0.0027,0.0,0.0,0.825,0.0
2021-04-01,21:00,HSGDBSC03,34371.0,34371_Tariq Abad Sargodha,179.0,4371_Tariq Abad Sargodha,JHUNG_CLUSTER_01_Rural,100%,0.0,144.0,0.0,202.0,0.0,697.0,151.0,154.0,0.0,59.0,3.0361,0.0,19010.0,19201.0,19037.0,19201.0,1.0,1.0,697.0,689.0,3.0361,100.0,512.0,512.0,1.0,689.0,144.0,144.0,0.1796,0.2396,4.6761,0.0169,0.0028,0.0,0.0085,4.6761,0.0169,0.0028,0.0,0.0085,3.0361,0.0
2021-04-01,21:00,HSGDBSC03,14371.0,14371_Tariq Abad Sargodha,177.0,4371_Tariq Abad Sargodha,JHUNG_CLUSTER_01_Rural,100%,0.0,65.0,0.0,95.0,0.0,424.0,60.0,60.0,0.0,30.0,1.9333,0.0,11876.0,12069.0,12015.0,12069.0,0.0,0.0,424.0,416.0,1.9333,100.0,100.0,101.0,0.0,416.0,65.0,65.0,0.0,0.0393,6.7861,0.0134,0.0027,0.0,0.0,6.7861,0.0134,0.0027,0.0,0.0,1.9333,0.0
2021-04-01,21:00,HSGDBSC03,24370.0,24370_Chak No 8 Shundli Bhalwal Sargodha (3G-CII-4572),175.0,4370_Chak No 8 Shundli Bhalwal Sargodha (3G-CII-4572),JHUNG_CLUSTER_01_Rural,100%,0.0,75.0,0.0,130.0,0.0,272.0,105.0,108.0,0.0,56.0,2.9403,0.0,19252.0,19305.0,19299.0,19305.0,0.0,1.0,272.0,265.0,2.9403,100.0,121.0,127.0,0.0,265.0,74.0,75.0,0.0133,0.0662,19.9479,0.17600000000000002,0.0107,0.0027,0.0,19.9479,0.17600000000000002,0.0107,0.0027,0.0,2.9403,0.0
2021-04-01,21:00,HSGDBSC03,14370.0,14370_Chak No 8 Shundli Bhalwal Sargodha (3G-CII-4572),174.0,4370_Chak No 8 Shundli Bhalwal Sargodha (3G-CII-4572),JHUNG_CLUSTER_01_Rural,100%,0.0,79.0,0.0,92.0,0.0,434.0,28.0,30.0,0.0,13.0,3.2792,0.0,21395.0,22060.0,22013.0,22060.0,0.0,0.0,434.0,432.0,3.2792,100.0,220.0,221.0,0.0,432.0,79.0,79.0,0.0,0.0179,17.1061,0.0276,0.0031,0.0,0.0,17.1061,0.0276,0.0031,0.0,0.0,3.2792,0.0
2021-04-01,21:00,HSGDBSC03,32077.0,CII-2077-3_Deowal Sargodha,162.0,CII-2077_Deowal Sargodha,JHUNG_CLUSTER_01_Rural,100%,0.0,21.0,0.0,28.0,0.0,69.0,13.0,13.0,0.0,8.0,2.0417,0.0,14508.0,14667.0,14616.0,14667.0,0.0,1.0,69.0,69.0,2.0417,100.0,29.0,29.0,0.0,69.0,20.0,21.0,0.0,0.0,8.2064,0.0,0.0,0.0,0.0,8.2064,0.0,0.0,0.0,0.0,2.0417,0.0
2021-04-01,21:00,HSGDBSC03,22077.0,CII-2077-2_Deowal Sargodha,161.0,CII-2077_Deowal Sargodha,JHUNG_CLUSTER_01_Rural,100%,0.0,26.0,0.0,36.0,0.0,130.0,24.0,30.0,0.0,12.0,3.8333,0.0,26751.0,27220.0,26850.0,27220.0,0.0,1.0,130.0,119.0,3.8333,100.0,30.0,30.0,0.0,119.0,25.0,26.0,0.0,0.0,9.8343,0.0053,0.0,0.0,0.0,9.8343,0.0053,0.0,0.0,0.0,3.8333,0.0
2021-04-01,21:00,HSGDBSC03,12077.0,CII-2077-1_Deowal Sargodha,160.0,CII-2077_Deowal Sargodha,JHUNG_CLUSTER_01_Rural,100%,0.0,53.0,0.0,62.0,0.0,356.0,18.0,27.0,0.0,16.0,2.1542,0.0,14405.0,14866.0,14772.0,14866.0,0.0,0.0,356.0,352.0,2.1542,100.0,89.0,89.0,0.0,352.0,53.0,53.0,0.0,0.0,8.6693,0.0132,0.0,0.0,0.0,8.6693,0.0132,0.0,0.0,0.0,2.1542,0.0
2021-04-01,21:00,HSGDBSC03,12040.0,CII-2040-1_Faisal Colony Siraj Sargodha (3G-CII-3372),157.0,CII-2040_Faisal Colony Siraj Sargodha (3G-CII-3372),JHUNG_CLUSTER_01_Rural,100%,0.0,53.0,1.0,94.0,0.0,274.0,91.0,92.0,0.0,43.0,3.5764,1.0,22971.0,24148.0,23643.0,24148.0,0.0,2.0,274.0,267.0,3.5764,100.0,149.0,154.0,0.0,267.0,51.0,53.0,0.0,0.0,13.0535,0.0053,0.0,0.0,0.0,13.0535,0.0053,0.0,0.0,0.0,3.5764,1.0
2021-04-01,21:00,HSGDBSC03,35604.0,35604_Civil Lines Jail Road Sargodha (3G-CII-3366),153.0,5604_Civil Lines Jail Road Sargodha (3G-CII-3366),JHUNG_CLUSTER_01_Rural,100%,0.0,59.0,3.0,212.0,0.0,457.0,304.0,315.0,0.0,155.0,4.2639,3.0,26197.0,28391.0,27787.0,28391.0,0.0,2.0,457.0,451.0,4.2639,100.0,123.0,125.0,0.0,451.0,57.0,59.0,0.0,0.0486,5.4859,0.0,0.0027,0.0,0.0,5.4859,0.0,0.0027,0.0,0.0,4.2639,3.0
2021-04-01,21:00,HSGDBSC03,25604.0,25604_Civil Lines Jail Road Sargodha (3G-CII-3366),152.0,5604_Civil Lines Jail Road Sargodha (3G-CII-3366),JHUNG_CLUSTER_01_Rural,100%,0.0,110.0,4.0,215.0,0.0,1537.0,198.0,200.0,0.0,105.0,5.6208,4.0,35821.0,36548.0,35345.0,36548.0,0.0,0.0,1537.0,1532.0,5.6208,100.0,252.0,254.0,0.0,1532.0,110.0,110.0,0.0,0.1449,18.3504,0.0889,0.0268,0.0,0.0,18.3504,0.0889,0.0268,0.0,0.0,5.6208,4.0
2021-04-01,21:00,HSGDBSC03,25623.0,25623_Passport Office Sargodha (3G-CII-3371),149.0,5623_Passport Office Sargodha (3G-CII-3371),JHUNG_CLUSTER_01_Rural,100%,0.0,52.0,0.0,97.0,0.0,264.0,91.0,92.0,0.0,46.0,1.8569,0.0,11470.0,11652.0,11537.0,11652.0,0.0,0.0,264.0,258.0,1.8569,100.0,96.0,96.0,0.0,258.0,52.0,52.0,0.0236,0.0943,22.5722,0.0856,0.016,0.0054,0.0,22.5722,0.0856,0.016,0.0054,0.0,1.8569,0.0
2021-04-01,21:00,HSGDBSC03,35621.0,35621_Near Noori Gate Sargodha (3G-CII-3370),141.0,5621_Near Noori Gate Sargodha (3G-CII-3370),JHUNG_CLUSTER_01_Rural,100%,0.0,299.0,1.0,886.0,0.0,1027.0,1156.0,1179.0,0.0,590.0,17.0847,1.0,113851.0,115437.0,114994.0,115437.0,0.0,0.0,1027.0,1021.0,17.0847,100.0,650.0,654.0,0.0,1021.0,299.0,299.0,0.0,0.1725,24.1793,0.5129,0.0427,0.0,0.0,24.1793,0.5129,0.0427,0.0,0.0,17.0847,1.0
2021-04-01,21:00,HSGDBSC03,15623.0,15623_Passport Office Sargodha (3G-CII-3371),132.0,5623_Passport Office Sargodha (3G-CII-3371),JHUNG_CLUSTER_01_Rural,100%,0.0,58.0,3.0,90.0,0.0,138.0,63.0,63.0,0.0,32.0,2.0097,3.0,12928.0,13146.0,13066.0,13146.0,0.0,0.0,138.0,137.0,2.0097,100.0,71.0,71.0,0.0,137.0,58.0,58.0,0.0236,0.3179,22.3679,0.2698,0.0668,0.0054,0.0,22.3679,0.2698,0.0668,0.0054,0.0,2.0097,3.0
2021-04-01,21:00,HSGDBSC03,14702.0,14702_PTCL Exchange Iqbal Colony Sargodha (3G-CII-3355),13.0,4702_PTCL Exchange Iqbal Colony Sargodha (3G-CII-3355),JHUNG_CLUSTER_01_Rural,100%,0.0,37.0,2.0,49.0,0.0,137.0,26.0,26.0,0.0,12.0,2.0556,2.0,12575.0,13218.0,12990.0,13218.0,0.0,1.0,137.0,133.0,2.0556,100.0,48.0,52.0,0.0,133.0,36.0,37.0,0.0385,0.1156,6.8477,0.0829,0.0054,0.0027,0.0,6.8477,0.0829,0.0054,0.0027,0.0,2.0556,2.0
2021-04-01,21:00,HSGDBSC03,35618.0,35618_Istaqlalabad Sargodha (3G-CII-4025),124.0,5618_Istaqlalabad Sargodha (3G-CII-4025),JHUNG_CLUSTER_01_Rural,100%,0.0,43.0,1.0,72.0,0.0,343.0,60.0,117.0,0.0,30.0,1.5653,1.0,9481.0,9552.0,9442.0,9552.0,0.0,0.0,343.0,342.0,1.5653,100.0,80.0,81.0,0.0,342.0,43.0,43.0,0.0,0.0,28.1491,0.0401,0.0,0.0,0.0,28.1491,0.0401,0.0,0.0,0.0,1.5653,1.0
2021-04-01,21:00,HSGDBSC03,25618.0,25618_Istaqlalabad Sargodha (3G-CII-4025),123.0,5618_Istaqlalabad Sargodha (3G-CII-4025),JHUNG_CLUSTER_01_Rural,100%,0.0,169.0,6.0,236.0,0.0,1276.0,122.0,192.0,0.0,120.0,8.0681,6.0,47387.0,50632.0,48915.0,50632.0,1.0,5.0,1276.0,1228.0,8.0681,100.0,317.0,321.0,1.0,1228.0,165.0,169.0,0.0,0.0161,16.4839,0.07200000000000001,0.0027,0.0,0.0,16.4839,0.07200000000000001,0.0027,0.0,0.0,8.0681,6.0
2021-04-01,21:00,HSGDBSC03,15619.0,15619_Muhamdia Colony Sargodha (3G-CII-4026),119.0,5619_Muhamdia Colony Sargodha (3G-CII-4026),JHUNG_CLUSTER_01_Rural,100%,0.0,26.0,1.0,58.0,0.0,85.0,62.0,63.0,0.0,33.0,3.4597,1.0,24832.0,24942.0,24859.0,24942.0,0.0,1.0,85.0,85.0,3.4597,100.0,44.0,44.0,0.0,85.0,25.0,26.0,0.0,0.0356,7.465,0.0241,0.0027,0.0,0.0,7.465,0.0241,0.0027,0.0,0.0,3.4597,1.0
2021-04-01,21:00,HSGDBSC03,15618.0,15618_Istaqlalabad Sargodha (3G-CII-4025),118.0,5618_Istaqlalabad Sargodha (3G-CII-4025),JHUNG_CLUSTER_01_Rural,100%,0.0,299.0,4.0,1096.0,0.0,1082.0,1453.0,1469.0,0.0,802.0,23.2069,4.0,155544.0,158024.0,156933.0,158024.0,0.0,4.0,1082.0,1063.0,23.2069,100.0,815.0,828.0,0.0,1063.0,295.0,299.0,0.2938,1.1333,17.6279,1.2198,0.16,0.0373,0.0187,17.6279,1.2198,0.16,0.0373,0.0187,23.2069,4.0
2021-04-01,21:00,HSGDBSC03,35403.0,35403_Mateela Sargodha,115.0,5403_Mateela Sargodha,JHUNG_CLUSTER_01_Rural,100%,0.0,8.0,0.0,12.0,0.0,58.0,8.0,8.0,0.0,4.0,0.0944,0.0,511.0,512.0,512.0,512.0,0.0,0.0,58.0,58.0,0.0944,100.0,13.0,13.0,0.0,58.0,8.0,8.0,6.5485,14.734000000000002,2.4947,0.8122,0.3175,0.1614,0.0926,2.4947,0.8122,0.3175,0.1614,0.0926,0.0944,0.0
2021-04-01,21:00,HSGDBSC03,25403.0,25403_Mateela Sargodha,114.0,5403_Mateela Sargodha,JHUNG_CLUSTER_01_Rural,100%,0.0,24.0,0.0,31.0,0.0,142.0,13.0,13.0,0.0,7.0,1.2528,0.0,8818.0,8886.0,8885.0,8886.0,0.0,0.0,142.0,142.0,1.2528,100.0,93.0,93.0,0.0,142.0,24.0,24.0,0.0,0.0,7.6658,0.0027,0.0,0.0,0.0,7.6658,0.0027,0.0,0.0,0.0,1.2528,0.0
2021-04-01,21:00,HSGDBSC03,35612.0,35612_Baksh Colnoy Sargodha (3G-CII-3778),112.0,5612_Baksh Colnoy Sargodha (3G-CII-3778),JHUNG_CLUSTER_01_Rural,100%,0.0,80.0,4.0,193.0,0.0,278.0,214.0,218.0,0.0,115.0,4.575,4.0,29050.0,30383.0,30224.0,30383.0,2.0,5.0,278.0,273.0,4.575,100.0,136.0,136.0,2.0,273.0,77.0,80.0,0.0,0.0,14.6293,0.0027,0.0,0.0,0.0,14.6293,0.0027,0.0,0.0,0.0,4.575,4.0
2021-04-01,21:00,HSGDBSC03,15403.0,15403_Mateela Sargodha,111.0,5403_Mateela Sargodha,JHUNG_CLUSTER_01_Rural,100%,0.0,10.0,1.0,21.0,0.0,113.0,19.0,19.0,0.0,11.0,0.4639,1.0,3122.0,3276.0,3268.0,3276.0,0.0,0.0,113.0,109.0,0.4639,100.0,13.0,13.0,0.0,109.0,10.0,10.0,0.0,0.0,9.0661,0.0053,0.0,0.0,0.0,9.0661,0.0053,0.0,0.0,0.0,0.4639,1.0
2021-04-01,21:00,HSGDBSC03,35617.0,35617_Aziz Bhatti Town Sargodha (3G-CII-4024),108.0,5617_Aziz Bhatti Town Sargodha (3G-CII-4024),JHUNG_CLUSTER_01_Rural,100%,0.0,263.0,2.0,308.0,0.0,720.0,87.0,91.0,0.0,44.0,10.3181,2.0,67551.0,68859.0,68616.0,68859.0,1.0,2.0,720.0,707.0,10.3181,100.0,478.0,485.0,1.0,707.0,262.0,263.0,0.1601,0.6202,12.9796,0.2667,0.0613,0.0107,0.0107,12.9796,0.2667,0.0613,0.0107,0.0107,10.3181,2.0
2021-04-01,21:00,HSGDBSC03,15617.0,15617_Aziz Bhatti Town Sargodha (3G-CII-4024),106.0,5617_Aziz Bhatti Town Sargodha (3G-CII-4024),JHUNG_CLUSTER_01_Rural,100%,0.0,72.0,0.0,154.0,0.0,399.0,157.0,157.0,0.0,82.0,4.7361,0.0,32002.0,32183.0,32064.0,32183.0,0.0,0.0,399.0,397.0,4.7361,100.0,278.0,278.0,0.0,397.0,72.0,72.0,0.0,0.0237,11.039000000000001,0.2214,0.0027,0.0,0.0,11.039000000000001,0.2214,0.0027,0.0,0.0,4.7361,0.0
2021-04-01,21:00,HSGDBSC03,25616.0,25616_Johar Colony Sargodha (3G-CII-4023),104.0,5616_Johar Colony Sargodha (3G-CII-4023),JHUNG_CLUSTER_01_Rural,100%,0.0,85.0,0.0,107.0,0.0,513.0,39.0,39.0,0.0,23.0,3.3722,0.0,21158.0,21985.0,21907.0,21985.0,0.0,1.0,513.0,508.0,3.3722,100.0,121.0,124.0,0.0,508.0,84.0,85.0,0.0,0.0,6.1257,0.1604,0.0,0.0,0.0,6.1257,0.1604,0.0,0.0,0.0,3.3722,0.0
2021-04-01,21:00,HSGDBSC03,15616.0,15616_Johar Colony Sargodha (3G-CII-4023),103.0,5616_Johar Colony Sargodha (3G-CII-4023),JHUNG_CLUSTER_01_Rural,100%,0.0,116.0,2.0,134.0,0.0,512.0,42.0,43.0,0.0,19.0,6.5097,2.0,42651.0,43582.0,43083.0,43582.0,0.0,1.0,512.0,504.0,6.5097,100.0,166.0,171.0,0.0,504.0,115.0,116.0,0.0,0.0527,10.0209,0.1367,0.0054,0.0,0.0,10.0209,0.1367,0.0054,0.0,0.0,6.5097,2.0
2021-04-01,21:00,HSGDBSC03,14711.0,14711_Faisalabad Road Sargodha (3G-CII-4608),10.0,4711_Faisalabad Road Sargodha (3G-CII-4608),JHUNG_CLUSTER_01_Rural,100%,0.0,86.0,0.0,114.0,0.0,458.0,46.0,49.0,0.0,27.0,3.3778,0.0,19759.0,20995.0,20927.0,20995.0,0.0,0.0,458.0,397.0,3.3778,100.0,194.0,222.0,0.0,397.0,86.0,86.0,0.9006,3.9856,11.4508,1.9465,0.4305,0.0802,0.0455,11.4508,1.9465,0.4305,0.0802,0.0455,3.3778,0.0
2021-04-01,21:00,HSGDBSC02,35411.0,35411_Chak No 84 Jhang Road Sargodha,105.0,5411_Chak No 84 Jhang Road Sargodha,JHUNG_CLUSTER_01_Rural,100%,0.0,112.0,4.0,132.0,0.0,584.0,46.0,48.0,0.0,24.0,5.5,4.0,33100.0,34345.0,32568.0,34345.0,0.0,4.0,584.0,457.0,5.5,100.0,204.0,211.0,0.0,457.0,108.0,112.0,0.3397,1.1892,0.0,4.6164,0.0397,0.0159,0.0,0.0,4.6164,0.0397,0.0159,0.0,5.5,4.0
2021-04-01,21:00,HSGDBSC02,25411.0,25411_Chak No 84 Jhang Road Sargodha,104.0,5411_Chak No 84 Jhang Road Sargodha,JHUNG_CLUSTER_01_Rural,100%,0.0,51.0,0.0,440.0,0.0,611.0,702.0,726.0,0.0,391.0,4.3667,0.0,27899.0,28617.0,28183.0,28617.0,0.0,0.0,611.0,595.0,4.3667,100.0,123.0,127.0,0.0,595.0,51.0,51.0,0.0,0.0269,11.658,0.0031,0.0031,0.0,0.0,11.658,0.0031,0.0031,0.0,0.0,4.3667,0.0
2021-04-01,21:00,HSGDBSC02,15411.0,15411_Chak No 84 Jhang Road Sargodha,103.0,5411_Chak No 84 Jhang Road Sargodha,JHUNG_CLUSTER_01_Rural,100%,0.0,50.0,2.0,75.0,0.0,267.0,48.0,51.0,0.0,26.0,3.3403,2.0,22181.0,22706.0,22342.0,22706.0,0.0,0.0,267.0,265.0,3.3403,100.0,68.0,68.0,0.0,265.0,50.0,50.0,0.0,0.0,5.8915,0.127,0.0,0.0,0.0,5.8915,0.127,0.0,0.0,0.0,3.3403,2.0
2021-04-01,21:00,HSGDBSC03,32737.0,CII-2737-3_Block Y New Satellite Town Sargodha (3G-CII-2055),122.0,CII-2737_Block Y New Satellite Town Sargodha (3G-CII-2055),JHUNG_CLUSTER_01_Rural,100%,0.0,33.0,0.0,47.0,0.0,81.0,32.0,32.0,0.0,14.0,0.8792,0.0,5510.0,5524.0,5520.0,5524.0,0.0,0.0,81.0,72.0,0.8792,100.0,48.0,55.0,0.0,72.0,33.0,33.0,0.0,0.0464,15.0615,7.9333,0.0107,0.0,0.0,15.0615,7.9333,0.0107,0.0,0.0,0.8792,0.0
2021-04-01,21:00,HSGDBSC03,22737.0,CII-2737-2_Block Y New Satellite Town Sargodha (3G-CII-2055),117.0,CII-2737_Block Y New Satellite Town Sargodha (3G-CII-2055),JHUNG_CLUSTER_01_Rural,100%,0.0,48.0,0.0,56.0,0.0,239.0,18.0,18.0,0.0,8.0,2.3792,0.0,16336.0,16488.0,16478.0,16488.0,0.0,0.0,239.0,239.0,2.3792,100.0,122.0,122.0,0.0,239.0,48.0,48.0,0.0,0.0624,21.2707,0.0775,0.0133,0.0,0.0,21.2707,0.0775,0.0133,0.0,0.0,2.3792,0.0
2021-04-01,21:00,HSGDBSC03,12737.0,CII-2737-1_Block Y New Satellite Town Sargodha (3G-CII-2055),113.0,CII-2737_Block Y New Satellite Town Sargodha (3G-CII-2055),JHUNG_CLUSTER_01_Rural,100%,0.0,47.0,0.0,82.0,0.0,356.0,72.0,72.0,0.0,35.0,1.4694,0.0,9192.0,9215.0,9076.0,9215.0,0.0,0.0,356.0,325.0,1.4694,100.0,163.0,175.0,0.0,325.0,47.0,47.0,0.1456,0.631,19.584,2.256,0.1067,0.0293,0.0027,19.584,2.256,0.1067,0.0293,0.0027,1.4694,0.0
