Date,Time,GBSC,Cell CI,Cell Name,CellIndex,Site Name,Location,Integrity,_CallSetup TCH GOS(%)_N,_CallSetup TCH GOS(%)_D,_DCR_N,_DCR_D,_GOS-SDCCH(%)_N,_GOS-SDCCH(%)_D,_HSR%_N,_HSR%_D,_Mobility TCH GOS(%)_N,_Mobility TCH GOS(%)_D,_MTBD (Mean Time between Drop)_N,_MTBD (Mean Time between Drop)_D,_RxQual Index DL_1,_RxQual Index DL_2,_RxQual Index UL_1,_RxQual Index UL_2,CSSR_Non Blocking_1_N,CSSR_Non Blocking_2_N,CSSR_Non Blocking_1_D,CSSR_Non Blocking_2_D,GlobelTraffic,TCH Availability Rate,_cssr_Call Setup Indications (Circuit Service)_N_1,_Cssr_Channel Requests (Circuit Service)_D_1,_CSSR_Call Drops on SDCCH_N_2,_CSSR_Successful SDCCH Seizures_D_2,_CSSR_Successful TCH Seizures (Traffic Channel)_N_3,_CSSR_TCH Seizure Requests (Traffic Channel)_D_3,Interference Band Proportion (4~5)(%),Interference Band 345,Mean Number of TCH in Interference Band 1,Mean Number of TCH in Interference Band 2,Mean Number of TCH in Interference Band 3,Mean Number of TCH in Interference Band 4,Mean Number of TCH in Interference Band 5,Mean Number of TCH in Interference Band 1.1,Mean Number of TCH in Interference Band 2.1,Mean Number of TCH in Interference Band 3.1,Mean Number of TCH in Interference Band 4.1,Mean Number of TCH in Interference Band 5.1,K3014:Traffic Volume on TCH(Erl),CM33:Call Drops on Traffic Channel
2021-04-01,20:00,HLHRBSC12,27156.0,27156_Block E SUI Northern DHA Lahore-Z2 (3G-CI-4365),42.0,7156_Block E SUI Northern DHA Lahore-Z2 (3G-CI-4365),LAHORE_CLUSTER_07_Rural,100%,0.0,27.0,1.0,69.0,0.0,180.0,88.0,89.0,0.0,43.0,2.0292,1.0,13704.0,13724.0,13720.0,13724.0,2.0,2.0,180.0,173.0,2.0292,100.0,33.0,35.0,2.0,173.0,27.0,27.0,0.1982,4.1359,0.0027,9.0455,0.3717,0.016,0.0027,0.0027,9.0455,0.3717,0.016,0.0027,2.0292,1.0
2021-04-01,20:00,HLHRBSC12,31703.0,CI-1703-3_Block D PCHS Lahore-Z3 (3G-CI-1950),312.0,CI-1703_Block D PCHS Lahore-Z3 (3G-CI-1950),LAHORE_CLUSTER_07_Rural,100%,0.0,82.0,1.0,106.0,0.0,706.0,48.0,57.0,0.0,24.0,3.4389,1.0,21806.0,22004.0,21780.0,22004.0,0.0,0.0,706.0,695.0,3.4389,100.0,282.0,285.0,0.0,695.0,82.0,82.0,0.0,0.0,11.6532,0.24,0.0,0.0,0.0,11.6532,0.24,0.0,0.0,0.0,3.4389,1.0
2021-04-01,20:00,HLHRBSC12,21703.0,CI-1703-2_Block D PCHS Lahore-Z3 (3G-CI-1950),311.0,CI-1703_Block D PCHS Lahore-Z3 (3G-CI-1950),LAHORE_CLUSTER_07_Rural,100%,0.0,17.0,1.0,60.0,0.0,340.0,77.0,78.0,0.0,43.0,2.5764,1.0,17724.0,17768.0,17150.0,17768.0,0.0,0.0,340.0,323.0,2.5764,100.0,48.0,51.0,0.0,323.0,17.0,17.0,0.0162,0.4678,3.24,13.2133,0.0747,0.0027,0.0,3.24,13.2133,0.0747,0.0027,0.0,2.5764,1.0
2021-04-01,20:00,HLHRBSC12,11703.0,CI-1703-1_Block D PCHS Lahore-Z3 (3G-CI-1950),310.0,CI-1703_Block D PCHS Lahore-Z3 (3G-CI-1950),LAHORE_CLUSTER_07_Rural,100%,0.0,54.0,0.0,88.0,0.0,327.0,65.0,65.0,0.0,34.0,1.9514,0.0,12060.0,12060.0,12000.0,12060.0,0.0,0.0,327.0,320.0,1.9514,100.0,150.0,157.0,0.0,320.0,54.0,54.0,0.0,0.1809,11.2613,3.4772,0.0267,0.0,0.0,11.2613,3.4772,0.0267,0.0,0.0,1.9514,0.0
2021-04-01,20:00,HLHRBSC12,31618.0,CI-1618-3_Sector B Askari-11 (Gold) Lahore-Z2 (3G-CI-1862),283.0,CI-1618_Sector B Askari-11 (Gold) Lahore-Z2 (3G-CI-1862),LAHORE_CLUSTER_07_Rural,100%,0.0,192.0,1.0,263.0,0.0,1593.0,145.0,147.0,0.0,73.0,14.6361,1.0,94928.0,95852.0,95172.0,95852.0,0.0,4.0,1593.0,1518.0,14.6361,100.0,350.0,359.0,0.0,1518.0,188.0,192.0,0.0,0.0209,12.0958,0.6613,0.0027,0.0,0.0,12.0958,0.6613,0.0027,0.0,0.0,14.6361,1.0
2021-04-01,20:00,HLHRBSC12,21618.0,CI-1618-2_Sector B Askari-11 (Gold) Lahore-Z2 (3G-CI-1862),282.0,CI-1618_Sector B Askari-11 (Gold) Lahore-Z2 (3G-CI-1862),LAHORE_CLUSTER_07_Rural,100%,0.0,92.0,0.0,278.0,0.0,306.0,380.0,381.0,0.0,186.0,4.6472,0.0,29614.0,29692.0,29684.0,29692.0,0.0,0.0,306.0,299.0,4.6472,100.0,154.0,157.0,0.0,299.0,92.0,92.0,0.1129,1.4399,8.9229,0.3617,0.125,0.0106,0.0,8.9229,0.3617,0.125,0.0106,0.0,4.6472,0.0
2021-04-01,20:00,HLHRBSC12,11618.0,CI-1618-1_Sector B Askari-11 (Gold) Lahore-Z2 (3G-CI-1862),281.0,CI-1618_Sector B Askari-11 (Gold) Lahore-Z2 (3G-CI-1862),LAHORE_CLUSTER_07_Rural,100%,0.0,98.0,0.0,157.0,0.0,450.0,126.0,127.0,0.0,60.0,4.6292,0.0,29896.0,30110.0,29948.0,30110.0,0.0,1.0,450.0,450.0,4.6292,100.0,137.0,137.0,0.0,450.0,97.0,98.0,0.0,0.0,14.5467,0.1493,0.0,0.0,0.0,14.5467,0.1493,0.0,0.0,0.0,4.6292,0.0
2021-04-01,20:00,HLHRBSC12,47264.0,47264_Baidian Road (Gold) Lahore-Z2 (3G-CI-4794),280.0,7264_Baidian Road (Gold) Lahore-Z2 (3G-CI-4794),LAHORE_CLUSTER_07_Rural,100%,0.0,44.0,0.0,60.0,0.0,165.0,29.0,33.0,0.0,16.0,0.4153,0.0,1970.0,1984.0,1970.0,1984.0,0.0,0.0,165.0,155.0,0.4153,100.0,74.0,76.0,0.0,155.0,44.0,44.0,0.6764,3.1832,7.3639,5.614,0.336,0.0907,0.0,7.3639,5.614,0.336,0.0907,0.0,0.4153,0.0
2021-04-01,20:00,HLHRBSC12,37264.0,37264_Baidian Road (Gold) Lahore-Z2 (3G-CI-4794),21.0,7264_Baidian Road (Gold) Lahore-Z2 (3G-CI-4794),LAHORE_CLUSTER_07_Rural,100%,0.0,92.0,0.0,244.0,0.0,346.0,295.0,308.0,0.0,154.0,5.1028,0.0,32108.0,32316.0,32298.0,32316.0,0.0,1.0,346.0,343.0,5.1028,100.0,124.0,124.0,0.0,343.0,91.0,92.0,0.3282,0.5745,11.985,0.9678,0.0321,0.0428,0.0,11.985,0.9678,0.0321,0.0428,0.0,5.1028,0.0
2021-04-01,20:00,HLHRBSC12,23141.0,23141_Bandianwala Pull Lahore-Z3 (3G-CI-4241),209.0,3141_Bandianwala Pull Lahore-Z3 (3G-CI-4241),LAHORE_CLUSTER_07_Rural,100%,0.0,133.0,2.0,249.0,0.0,1563.0,229.0,236.0,0.0,117.0,6.5694,2.0,38908.0,39092.0,38924.0,39092.0,0.0,1.0,1563.0,1530.0,6.5694,100.0,509.0,515.0,0.0,1530.0,132.0,133.0,0.3681,3.7031,8.2695,2.2037,0.3627,0.0294,0.0107,8.2695,2.2037,0.3627,0.0294,0.0107,6.5694,2.0
2021-04-01,20:00,HLHRBSC12,27264.0,27264_Baidian Road (Gold) Lahore-Z2 (3G-CI-4794),20.0,7264_Baidian Road (Gold) Lahore-Z2 (3G-CI-4794),LAHORE_CLUSTER_07_Rural,100%,0.0,109.0,0.0,297.0,0.0,617.0,371.0,375.0,0.0,190.0,8.0944,0.0,52254.0,52576.0,52372.0,52574.0,0.0,1.0,617.0,603.0,8.0944,100.0,167.0,169.0,0.0,603.0,108.0,109.0,2.4547,4.2506,19.6525,2.1439,0.4088,0.2887,0.2701,19.6525,2.1439,0.4088,0.2887,0.2701,8.0944,0.0
2021-04-01,20:00,HLHRBSC12,17264.0,17264_Baidian Road (Gold) Lahore-Z2 (3G-CI-4794),19.0,7264_Baidian Road (Gold) Lahore-Z2 (3G-CI-4794),LAHORE_CLUSTER_07_Rural,100%,0.0,85.0,0.0,177.0,0.0,280.0,173.0,179.0,0.0,92.0,2.5125,0.0,14662.0,14708.0,14670.0,14708.0,1.0,1.0,280.0,275.0,2.5125,100.0,128.0,128.0,1.0,275.0,85.0,85.0,42.7234,62.3262,1.4587,2.0827,1.8427,1.76,2.256,1.4587,2.0827,1.8427,1.76,2.256,2.5125,0.0
2021-04-01,20:00,HLHRBSC12,31383.0,CI-1383-3_Village karbath Lahore-Z2 (3G-CI-1798),165.0,CI-1383_Village karbath Lahore-Z2 (3G-CI-1798),LAHORE_CLUSTER_07_Rural,100%,0.0,62.0,5.0,291.0,0.0,627.0,454.0,461.0,0.0,233.0,6.3903,5.0,41164.0,41278.0,41148.0,41278.0,0.0,4.0,627.0,623.0,6.3903,100.0,237.0,238.0,0.0,623.0,58.0,62.0,0.0179,0.0714,14.6607,0.2827,0.008,0.0027,0.0,14.6607,0.2827,0.008,0.0027,0.0,6.3903,5.0
2021-04-01,20:00,HLHRBSC12,21383.0,CI-1383-2_Village karbath Lahore-Z2 (3G-CI-1798),164.0,CI-1383_Village karbath Lahore-Z2 (3G-CI-1798),LAHORE_CLUSTER_07_Rural,100%,0.0,14.0,0.0,50.0,0.0,95.0,77.0,77.0,0.0,36.0,0.3694,0.0,2108.0,2140.0,2134.0,2140.0,0.0,0.0,95.0,90.0,0.3694,100.0,35.0,35.0,0.0,90.0,14.0,14.0,0.0,0.0,8.4893,0.0,0.0,0.0,0.0,8.4893,0.0,0.0,0.0,0.0,0.3694,0.0
2021-04-01,20:00,HLHRBSC12,11383.0,CI-1383-1_Village karbath Lahore-Z2 (3G-CI-1798),163.0,CI-1383_Village karbath Lahore-Z2 (3G-CI-1798),LAHORE_CLUSTER_07_Rural,100%,0.0,25.0,0.0,106.0,0.0,186.0,145.0,149.0,0.0,80.0,3.0792,0.0,18774.0,21082.0,21062.0,21082.0,0.0,0.0,186.0,178.0,3.0792,100.0,38.0,39.0,0.0,178.0,25.0,25.0,0.0,0.0,13.484000000000002,0.0481,0.0,0.0,0.0,13.484000000000002,0.0481,0.0,0.0,0.0,3.0792,0.0
2021-04-01,20:00,HLHRBSC12,31408.0,CI-1408-3_Thethar Lahore-Z2 (3G-CI-1803),159.0,CI-1408_Thethar Lahore-Z2 (3G-CI-1803),LAHORE_CLUSTER_07_Rural,100%,0.0,55.0,0.0,231.0,0.0,479.0,345.0,357.0,0.0,178.0,5.05,0.0,33374.0,33596.0,33568.0,33596.0,0.0,1.0,479.0,466.0,5.05,100.0,120.0,122.0,0.0,466.0,54.0,55.0,0.065,0.4877,7.7349,0.4104,0.0346,0.0053,0.0,7.7349,0.4104,0.0346,0.0053,0.0,5.05,0.0
2021-04-01,20:00,HLHRBSC12,21408.0,CI-1408-2_Thethar Lahore-Z2 (3G-CI-1803),158.0,CI-1408_Thethar Lahore-Z2 (3G-CI-1803),LAHORE_CLUSTER_07_Rural,100%,0.0,30.0,1.0,74.0,0.0,224.0,91.0,96.0,0.0,46.0,2.0611,1.0,13176.0,13222.0,12910.0,13222.0,1.0,3.0,224.0,217.0,2.0611,100.0,65.0,66.0,1.0,217.0,28.0,30.0,0.0,0.0,10.9486,0.008,0.0,0.0,0.0,10.9486,0.008,0.0,0.0,0.0,2.0611,1.0
2021-04-01,20:00,HLHRBSC12,11408.0,CI-1408-1_Thethar Lahore-Z2 (3G-CI-1803),157.0,CI-1408_Thethar Lahore-Z2 (3G-CI-1803),LAHORE_CLUSTER_07_Rural,100%,0.0,76.0,2.0,229.0,0.0,902.0,315.0,333.0,0.0,159.0,5.7056,2.0,36014.0,36732.0,36306.0,36732.0,0.0,5.0,902.0,835.0,5.7056,100.0,233.0,252.0,0.0,835.0,71.0,76.0,0.0337,0.7416,13.2861,2.4532,0.1123,0.0053,0.0,13.2861,2.4532,0.1123,0.0053,0.0,5.7056,2.0
2021-04-01,20:00,HLHRBSC12,21466.0,CI-1466-2_Punjab Society DHA (Gold) Lahore-Z3 (3G-CI-4351),150.0,CI-1466_Punjab Society DHA (Gold) Lahore-Z3 (3G-CI-4351),LAHORE_CLUSTER_07_Rural,100%,0.0,38.0,0.0,72.0,0.0,170.0,72.0,74.0,0.0,34.0,1.2667,0.0,7906.0,7948.0,7936.0,7948.0,0.0,0.0,170.0,167.0,1.2667,100.0,74.0,75.0,0.0,167.0,38.0,38.0,0.2314,2.039,8.6434,2.622,0.2079,0.0186,0.008,8.6434,2.622,0.2079,0.0186,0.008,1.2667,0.0
2021-04-01,20:00,HLHRBSC12,13739.0,13739_Heer Village Lahore-Z2 (3G-CI-1622),133.0,3739_Heer Village Lahore-Z2 (3G-CI-1622),LAHORE_CLUSTER_07_Rural,100%,0.0,54.0,0.0,153.0,0.0,155.0,185.0,197.0,0.0,99.0,4.0597,0.0,27464.0,27678.0,27624.0,27678.0,0.0,0.0,155.0,155.0,4.0597,100.0,101.0,101.0,0.0,155.0,54.0,54.0,0.0639,0.6596,12.1135,0.3141,0.0745,0.008,0.0,12.1135,0.3141,0.0745,0.008,0.0,4.0597,0.0
2021-04-01,20:00,HLHRBSC12,33739.0,33739_Heer Village Lahore-Z2 (3G-CI-1622),132.0,3739_Heer Village Lahore-Z2 (3G-CI-1622),LAHORE_CLUSTER_07_Rural,100%,0.0,13.0,2.0,64.0,0.0,231.0,102.0,107.0,0.0,53.0,1.1736,2.0,7530.0,7690.0,7514.0,7690.0,0.0,2.0,231.0,218.0,1.1736,100.0,50.0,55.0,0.0,218.0,11.0,13.0,0.0,0.0,7.632000000000001,0.0053,0.0,0.0,0.0,7.632000000000001,0.0053,0.0,0.0,0.0,1.1736,2.0
2021-04-01,20:00,HLHRBSC12,23739.0,23739_Heer Village Lahore-Z2 (3G-CI-1622),131.0,3739_Heer Village Lahore-Z2 (3G-CI-1622),LAHORE_CLUSTER_07_Rural,100%,0.0,65.0,0.0,100.0,0.0,428.0,70.0,70.0,0.0,36.0,2.2986,0.0,14476.0,14548.0,14534.0,14548.0,0.0,1.0,428.0,406.0,2.2986,100.0,150.0,151.0,0.0,406.0,64.0,65.0,0.0,0.022000000000000002,12.0114,0.1307,0.0027,0.0,0.0,12.0114,0.1307,0.0027,0.0,0.0,2.2986,0.0
2021-04-01,20:00,HLHRBSC12,37154.0,37154_State Life DHA (Gold) Lahore-Z2 (3G-CI-1020),101.0,7154_State Life DHA (Gold) Lahore-Z2 (3G-CI-1020),LAHORE_CLUSTER_07_Rural,100%,0.0,92.0,0.0,199.0,0.0,1068.0,201.0,212.0,0.0,108.0,8.8861,0.0,59702.0,60352.0,60286.0,60352.0,0.0,0.0,1068.0,1041.0,8.8861,100.0,238.0,238.0,0.0,1041.0,92.0,92.0,2.4941,23.5524,1.0321,8.392999999999999,2.5963,0.2513,0.0562,1.0321,8.392999999999999,2.5963,0.2513,0.0562,8.8861,0.0
2021-04-01,20:00,HLHRBSC12,27154.0,27154_State Life DHA (Gold) Lahore-Z2 (3G-CI-1020),100.0,7154_State Life DHA (Gold) Lahore-Z2 (3G-CI-1020),LAHORE_CLUSTER_07_Rural,100%,0.0,79.0,1.0,133.0,0.0,785.0,103.0,106.0,0.0,57.0,6.1431,1.0,40282.0,40410.0,40054.0,40410.0,0.0,2.0,785.0,726.0,6.1431,100.0,167.0,173.0,0.0,726.0,77.0,79.0,0.0727,5.1144,0.0,6.9789,0.3708,0.0054,0.0,0.0,6.9789,0.3708,0.0054,0.0,6.1431,1.0
2021-04-01,20:00,HLHRBSC10,31700.0,CI-1700-3_Kahna Lahore-Z3 (3G-CI-1947),64.0,CI-1700_Kahna Lahore-Z3 (3G-CI-1947),LAHORE_CLUSTER_07_Rural,100%,0.0,76.0,0.0,186.0,0.0,634.0,210.0,217.0,0.0,110.0,4.2486,0.0,26702.0,27188.0,27136.0,27188.0,5.0,5.0,634.0,609.0,4.2486,100.0,225.0,226.0,5.0,609.0,76.0,76.0,0.0,0.0,12.6213,0.0373,0.0,0.0,0.0,12.6213,0.0373,0.0,0.0,0.0,4.2486,0.0
2021-04-01,20:00,HLHRBSC10,21700.0,CI-1700-2_Kahna Lahore-Z3 (3G-CI-1947),63.0,CI-1700_Kahna Lahore-Z3 (3G-CI-1947),LAHORE_CLUSTER_07_Rural,100%,0.0,57.0,2.0,79.0,0.0,811.0,65.0,65.0,0.0,26.0,3.1972,2.0,19620.0,21448.0,21376.0,21448.0,0.0,4.0,811.0,789.0,3.1972,100.0,560.0,569.0,0.0,789.0,53.0,57.0,0.0142,0.0709,18.7551,0.134,0.0107,0.0027,0.0,18.7551,0.134,0.0107,0.0027,0.0,3.1972,2.0
2021-04-01,20:00,HLHRBSC10,11700.0,CI-1700-1_Kahna Lahore-Z3 (3G-CI-1947),62.0,CI-1700_Kahna Lahore-Z3 (3G-CI-1947),LAHORE_CLUSTER_07_Rural,100%,0.0,123.0,0.0,320.0,0.0,514.0,375.0,385.0,0.0,199.0,5.5819,0.0,32550.0,32816.0,32442.0,32816.0,4.0,4.0,514.0,493.0,5.5819,100.0,342.0,355.0,4.0,493.0,123.0,123.0,0.0169,0.8789,13.9806,1.6685,0.1361,0.0027,0.0,13.9806,1.6685,0.1361,0.0027,0.0,5.5819,0.0
2021-04-01,20:00,HLHRBSC10,27265.0,27265_Attari Pind Combined Fabrics Lahore-Z3 (3G-CI-4853),619.0,7265_Attari Pind Combined Fabrics Lahore-Z3 (3G-CI-4853),LAHORE_CLUSTER_07_Rural,100%,0.0,88.0,4.0,336.0,0.0,579.0,500.0,509.0,0.0,250.0,5.5153,4.0,32958.0,33858.0,33604.0,33858.0,2.0,3.0,579.0,557.0,5.5153,100.0,149.0,156.0,2.0,557.0,87.0,88.0,0.9994,4.5832,13.6501,1.1548,0.5561,0.1497,0.0054,13.6501,1.1548,0.5561,0.1497,0.0054,5.5153,4.0
2021-04-01,20:00,HLHRBSC10,17265.0,17265_Attari Pind Combined Fabrics Lahore-Z3 (3G-CI-4853),618.0,7265_Attari Pind Combined Fabrics Lahore-Z3 (3G-CI-4853),LAHORE_CLUSTER_07_Rural,100%,0.0,206.0,0.0,432.0,0.0,1089.0,439.0,456.0,0.0,225.0,6.2597,0.0,36342.0,37402.0,37302.0,37402.0,0.0,4.0,1089.0,1039.0,6.2597,100.0,416.0,428.0,0.0,1039.0,202.0,206.0,2.4396,15.6497,8.3376,22.8272,4.8807,0.456,0.4453,8.3376,22.8272,4.8807,0.456,0.4453,6.2597,0.0
2021-04-01,20:00,HLHRBSC10,37235.0,37235_Chandrah Pind Lahore-Z3 (3G-CI-1013),555.0,7235_Chandrah Pind Lahore-Z3 (3G-CI-1013),LAHORE_CLUSTER_07_Rural,100%,0.0,141.0,2.0,201.0,0.0,534.0,112.0,119.0,0.0,60.0,6.4014,2.0,40316.0,41194.0,40944.0,41194.0,0.0,0.0,534.0,519.0,6.4014,100.0,230.0,235.0,0.0,519.0,141.0,141.0,0.0,0.2169,8.4071,0.1678,0.0186,0.0,0.0,8.4071,0.1678,0.0186,0.0,0.0,6.4014,2.0
2021-04-01,20:00,HLHRBSC10,37726.0,37726_Rohi Nala Lahore-Z3 (3G-CI-1763),502.0,7726_Rohi Nala Lahore-Z3 (3G-CI-1763),LAHORE_CLUSTER_07_Rural,100%,0.0,88.0,0.0,188.0,0.0,219.0,196.0,198.0,0.0,100.0,3.8306,0.0,25018.0,25046.0,24976.0,25046.0,0.0,0.0,219.0,218.0,3.8306,100.0,138.0,138.0,0.0,218.0,88.0,88.0,0.1433,0.3582,3.1310000000000002,0.5882,0.008,0.0054,0.0,3.1310000000000002,0.5882,0.008,0.0054,0.0,3.8306,0.0
2021-04-01,20:00,HLHRBSC10,27726.0,27726_Rohi Nala Lahore-Z3 (3G-CI-1763),501.0,7726_Rohi Nala Lahore-Z3 (3G-CI-1763),LAHORE_CLUSTER_07_Rural,100%,0.0,152.0,1.0,218.0,0.0,460.0,127.0,132.0,0.0,67.0,6.0056,1.0,38042.0,38148.0,38110.0,38148.0,1.0,1.0,460.0,458.0,6.0056,100.0,210.0,210.0,1.0,458.0,152.0,152.0,0.0,0.0,5.8351,5.6266,0.0,0.0,0.0,5.8351,5.6266,0.0,0.0,0.0,6.0056,1.0
2021-04-01,20:00,HLHRBSC10,17726.0,17726_Rohi Nala Lahore-Z3 (3G-CI-1763),500.0,7726_Rohi Nala Lahore-Z3 (3G-CI-1763),LAHORE_CLUSTER_07_Rural,100%,0.0,68.0,2.0,219.0,0.0,424.0,280.0,297.0,0.0,154.0,4.4111,2.0,28264.0,28756.0,28690.0,28756.0,0.0,2.0,424.0,402.0,4.4111,100.0,108.0,117.0,0.0,402.0,66.0,68.0,0.0726,1.0399,9.9418,0.9913,0.1069,0.008,0.0,9.9418,0.9913,0.1069,0.008,0.0,4.4111,2.0
2021-04-01,20:00,HLHRBSC10,37190.0,37190_Gosha e Ahbab Society Lahore-Z3 (3G-CI-4852),37.0,7190_Gosha e Ahbab Society Lahore-Z3 (3G-CI-4852),LAHORE_CLUSTER_07_Rural,100%,0.0,78.0,4.0,204.0,0.0,293.0,235.0,247.0,0.0,125.0,2.8792,4.0,14766.0,15428.0,15188.0,15428.0,0.0,2.0,293.0,285.0,2.8792,100.0,136.0,138.0,0.0,285.0,76.0,78.0,0.2625,25.7874,0.0027,6.0455,2.0802,0.016,0.0054,0.0027,6.0455,2.0802,0.016,0.0054,2.8792,4.0
2021-04-01,20:00,HLHRBSC10,27190.0,27190_Gosha e Ahbab Society Lahore-Z3 (3G-CI-4852),36.0,7190_Gosha e Ahbab Society Lahore-Z3 (3G-CI-4852),LAHORE_CLUSTER_07_Rural,100%,0.0,51.0,1.0,154.0,0.0,171.0,197.0,199.0,0.0,103.0,1.8208,1.0,10516.0,10574.0,10554.0,10574.0,0.0,0.0,171.0,165.0,1.8208,100.0,128.0,131.0,0.0,165.0,51.0,51.0,0.4536,80.0655,0.0588,2.0562,8.4465,0.0401,0.008,0.0588,2.0562,8.4465,0.0401,0.008,1.8208,1.0
2021-04-01,20:00,HLHRBSC10,31647.0,CI-1647-3_Kacha Kahna Kacha Road Lahore-Z3 (3G-CI-1891),34.0,CI-1647_Kacha Kahna Kacha Road Lahore-Z3 (3G-CI-1891),LAHORE_CLUSTER_07_Rural,100%,0.0,99.0,1.0,165.0,0.0,703.0,126.0,129.0,0.0,67.0,4.0014,1.0,24892.0,25148.0,25086.0,25148.0,0.0,0.0,703.0,685.0,4.0014,100.0,177.0,179.0,0.0,685.0,99.0,99.0,0.0,0.0507,10.495999999999999,0.024,0.0053,0.0,0.0,10.495999999999999,0.024,0.0053,0.0,0.0,4.0014,1.0
2021-04-01,20:00,HLHRBSC10,17746.0,17746_Packaging Solutions Rohi Nala (Micro) Lahore-Z0,313.0,7746_Packaging Solutions Rohi Nala (Micro) Lahore-Z0,LAHORE_CLUSTER_07_Rural,100%,0.0,1.0,0.0,3.0,0.0,4.0,5.0,5.0,0.0,2.0,0.0944,0.0,642.0,642.0,636.0,642.0,0.0,0.0,4.0,4.0,0.0944,100.0,1.0,1.0,0.0,4.0,1.0,1.0,0.0,0.0,3.8989,0.0,0.0,0.0,0.0,3.8989,0.0,0.0,0.0,0.0,0.0944,0.0
2021-04-01,20:00,HLHRBSC10,31476.0,CI-1476-3_Kahna Nau Lahore-Z3 (3G-CI-1806),301.0,CI-1476_Kahna Nau Lahore-Z3 (3G-CI-1806),LAHORE_CLUSTER_07_Rural,100%,0.0,69.0,0.0,223.0,0.0,467.0,307.0,314.0,0.0,154.0,3.1875,0.0,18744.0,19358.0,18738.0,19358.0,1.0,1.0,467.0,447.0,3.1875,100.0,140.0,142.0,1.0,447.0,69.0,69.0,0.0,0.1156,11.3723,0.1223,0.0133,0.0,0.0,11.3723,0.1223,0.0133,0.0,0.0,3.1875,0.0
2021-04-01,20:00,HLHRBSC10,21476.0,CI-1476-2_Kahna Nau Lahore-Z3 (3G-CI-1806),294.0,CI-1476_Kahna Nau Lahore-Z3 (3G-CI-1806),LAHORE_CLUSTER_07_Rural,100%,0.0,127.0,4.0,215.0,0.0,1063.0,157.0,161.0,0.0,91.0,4.5153,4.0,27374.0,27958.0,27016.0,27958.0,0.0,3.0,1063.0,978.0,4.5153,100.0,559.0,570.0,0.0,978.0,124.0,127.0,29.9801,100.0,0.0,0.0,6.5707,2.8133,0.0,0.0,0.0,6.5707,2.8133,0.0,4.5153,4.0
2021-04-01,20:00,HLHRBSC10,11476.0,CI-1476-1_Kahna Nau Lahore-Z3 (3G-CI-1806),293.0,CI-1476_Kahna Nau Lahore-Z3 (3G-CI-1806),LAHORE_CLUSTER_07_Rural,100%,0.0,111.0,6.0,281.0,0.0,426.0,353.0,360.0,0.0,177.0,4.1472,6.0,24692.0,25052.0,24202.0,25052.0,1.0,8.0,426.0,410.0,4.1472,100.0,262.0,270.0,1.0,410.0,104.0,111.0,0.0546,3.5144,0.7943,8.6255,0.3378,0.0053,0.0,0.7943,8.6255,0.3378,0.0053,0.0,4.1472,6.0
2021-04-01,20:00,HLHRBSC10,21647.0,CI-1647-2_Kacha Kahna Kacha Road Lahore-Z3 (3G-CI-1891),24.0,CI-1647_Kacha Kahna Kacha Road Lahore-Z3 (3G-CI-1891),LAHORE_CLUSTER_07_Rural,100%,0.0,183.0,0.0,262.0,0.0,971.0,147.0,151.0,0.0,80.0,6.7194,0.0,39888.0,43178.0,43050.0,43178.0,0.0,2.0,971.0,943.0,6.7194,100.0,715.0,739.0,0.0,943.0,181.0,183.0,0.0242,0.0484,10.9893,0.0347,0.0027,0.0,0.0027,10.9893,0.0347,0.0027,0.0,0.0027,6.7194,0.0
2021-04-01,20:00,HLHRBSC10,11647.0,CI-1647-1_Kacha Kahna Kacha Road Lahore-Z3 (3G-CI-1891),23.0,CI-1647_Kacha Kahna Kacha Road Lahore-Z3 (3G-CI-1891),LAHORE_CLUSTER_07_Rural,100%,0.0,65.0,1.0,155.0,0.0,265.0,176.0,185.0,0.0,90.0,2.9417,1.0,18502.0,18748.0,18726.0,18748.0,0.0,0.0,265.0,258.0,2.9417,100.0,188.0,193.0,0.0,258.0,65.0,65.0,0.0,0.1365,9.5537,0.2246,0.0134,0.0,0.0,9.5537,0.2246,0.0134,0.0,0.0,2.9417,1.0
2021-04-01,20:00,HLHRBSC10,31642.0,CI-1642-3_Rehmat Colony Lahore-Z3 (3G-CI-1886),22.0,CI-1642_Rehmat Colony Lahore-Z3 (3G-CI-1886),LAHORE_CLUSTER_07_Rural,100%,0.0,52.0,0.0,161.0,0.0,172.0,198.0,203.0,0.0,112.0,1.6417,0.0,9172.0,9202.0,8840.0,9202.0,0.0,3.0,172.0,164.0,1.6417,100.0,114.0,122.0,0.0,164.0,49.0,52.0,0.0,0.0,9.9875,2.7913,0.0,0.0,0.0,9.9875,2.7913,0.0,0.0,0.0,1.6417,0.0
2021-04-01,20:00,HLHRBSC10,37301.0,37301_Industrial Area Ferozpur Road Lahore-Z3 (3G-CI-1670),211.0,7301_Industrial Area Ferozpur Road Lahore-Z3 (3G-CI-1670),LAHORE_CLUSTER_07_Rural,100%,0.0,266.0,5.0,390.0,0.0,730.0,243.0,254.0,0.0,133.0,12.2264,5.0,79428.0,80584.0,79366.0,80584.0,2.0,7.0,730.0,708.0,12.2264,100.0,458.0,471.0,2.0,708.0,261.0,266.0,69.3217,69.8249,3.8087,2.8391,0.1109,10.3307,4.9413,3.8087,2.8391,0.1109,10.3307,4.9413,12.2264,5.0
2021-04-01,20:00,HLHRBSC10,27301.0,27301_Industrial Area Ferozpur Road Lahore-Z3 (3G-CI-1670),209.0,7301_Industrial Area Ferozpur Road Lahore-Z3 (3G-CI-1670),LAHORE_CLUSTER_07_Rural,100%,0.0,183.0,3.0,302.0,0.0,729.0,247.0,256.0,0.0,126.0,5.7847,3.0,34988.0,35288.0,34778.0,35288.0,1.0,5.0,729.0,721.0,5.7847,100.0,347.0,347.0,1.0,721.0,179.0,183.0,19.0232,61.665,3.2319,1.8489,5.6516,2.117,0.4043,3.2319,1.8489,5.6516,2.117,0.4043,5.7847,3.0
2021-04-01,20:00,HLHRBSC10,21012.0,CI-1012-2_Nishtar Bazar Lahore-Z3 (3G-CI-4854),20.0,CI-1012_Nishtar Bazar Lahore-Z3 (3G-CI-4854),LAHORE_CLUSTER_07_Rural,100%,0.0,157.0,0.0,393.0,0.0,1075.0,459.0,461.0,0.0,236.0,15.5764,0.0,106220.0,106362.0,106210.0,106362.0,0.0,0.0,1075.0,1061.0,15.5764,100.0,495.0,502.0,0.0,1061.0,157.0,157.0,0.0,11.0531,2.6012,1.5786,0.5194,0.0,0.0,2.6012,1.5786,0.5194,0.0,0.0,15.5764,0.0
2021-04-01,20:00,HLHRBSC10,37321.0,37321_Gawala Colony Lahore-Z3 (3G-CI-1678),193.0,7321_Gawala Colony Lahore-Z3 (3G-CI-1678),LAHORE_CLUSTER_07_Rural,100%,0.0,31.0,0.0,71.0,0.0,287.0,75.0,79.0,0.0,39.0,1.1333,0.0,6478.0,6666.0,6664.0,6666.0,0.0,0.0,287.0,282.0,1.1333,100.0,56.0,56.0,0.0,282.0,31.0,31.0,0.0,0.0696,15.2486,0.0747,0.0107,0.0,0.0,15.2486,0.0747,0.0107,0.0,0.0,1.1333,0.0
2021-04-01,20:00,HLHRBSC10,27321.0,27321_Gawala Colony Lahore-Z3 (3G-CI-1678),192.0,7321_Gawala Colony Lahore-Z3 (3G-CI-1678),LAHORE_CLUSTER_07_Rural,100%,0.0,38.0,0.0,146.0,0.0,129.0,194.0,207.0,0.0,112.0,3.0889,0.0,19760.0,20140.0,20044.0,20140.0,0.0,0.0,129.0,128.0,3.0889,100.0,62.0,63.0,0.0,128.0,38.0,38.0,0.0443,1.2395,5.5573,0.392,0.07200000000000001,0.0027,0.0,5.5573,0.392,0.07200000000000001,0.0027,0.0,3.0889,0.0
2021-04-01,20:00,HLHRBSC10,21642.0,CI-1642-2_Rehmat Colony Lahore-Z3 (3G-CI-1886),19.0,CI-1642_Rehmat Colony Lahore-Z3 (3G-CI-1886),LAHORE_CLUSTER_07_Rural,100%,0.0,56.0,0.0,98.0,0.0,480.0,73.0,78.0,0.0,43.0,2.4431,0.0,16436.0,16492.0,16464.0,16492.0,0.0,0.0,480.0,469.0,2.4431,100.0,384.0,391.0,0.0,469.0,56.0,56.0,87.6412,100.0,0.0,0.0,1.4587,10.344000000000001,0.0,0.0,0.0,1.4587,10.344000000000001,0.0,2.4431,0.0
2021-04-01,20:00,HLHRBSC10,11642.0,CI-1642-1_Rehmat Colony Lahore-Z3 (3G-CI-1886),18.0,CI-1642_Rehmat Colony Lahore-Z3 (3G-CI-1886),LAHORE_CLUSTER_07_Rural,100%,0.0,93.0,0.0,170.0,0.0,327.0,162.0,167.0,0.0,80.0,3.0403,0.0,19054.0,19060.0,19052.0,19060.0,0.0,1.0,327.0,327.0,3.0403,100.0,150.0,150.0,0.0,327.0,92.0,93.0,0.0,0.0462,11.3176,0.2271,0.0053,0.0,0.0,11.3176,0.2271,0.0053,0.0,0.0,3.0403,0.0
2021-04-01,20:00,HLHRBSC10,37300.0,37300_Industrial Area Ferozpur Road Lahore-Z3 (3G-CI-1669),178.0,7300_Industrial Area Ferozpur Road Lahore-Z3 (3G-CI-1669),LAHORE_CLUSTER_07_Rural,100%,0.0,167.0,0.0,291.0,0.0,587.0,281.0,292.0,0.0,130.0,5.2792,0.0,31900.0,32366.0,32120.0,32366.0,0.0,2.0,587.0,581.0,5.2792,100.0,330.0,333.0,0.0,581.0,165.0,167.0,0.0154,0.2612,10.3006,6.9654,0.0426,0.0027,0.0,10.3006,6.9654,0.0426,0.0027,0.0,5.2792,0.0
2021-04-01,20:00,HLHRBSC10,27300.0,27300_Industrial Area Ferozpur Road Lahore-Z3 (3G-CI-1669),177.0,7300_Industrial Area Ferozpur Road Lahore-Z3 (3G-CI-1669),LAHORE_CLUSTER_07_Rural,100%,0.0,105.0,0.0,396.0,0.0,593.0,576.0,598.0,0.0,304.0,6.6,0.0,41372.0,41548.0,41254.0,41548.0,1.0,1.0,593.0,583.0,6.6,100.0,205.0,206.0,1.0,583.0,105.0,105.0,0.0,0.0228,11.362,0.3253,0.0027,0.0,0.0,11.362,0.3253,0.0027,0.0,0.0,6.6,0.0
2021-04-01,20:00,HLHRBSC10,33578.0,33578_Kanano Lahore-Z3 (3G-CI-1614),170.0,3578_Kanano Lahore-Z3 (3G-CI-1614),LAHORE_CLUSTER_07_Rural,100%,0.0,156.0,4.0,295.0,0.0,667.0,280.0,286.0,0.0,145.0,7.7167,4.0,48818.0,49546.0,48894.0,49546.0,3.0,9.0,667.0,657.0,7.7167,100.0,297.0,300.0,3.0,657.0,150.0,156.0,1.0709,3.5651,16.2353,2.7861,0.49200000000000005,0.1364,0.0749,16.2353,2.7861,0.49200000000000005,0.1364,0.0749,7.7167,4.0
2021-04-01,20:00,HLHRBSC10,23578.0,23578_Kanano Lahore-Z3 (3G-CI-1614),169.0,3578_Kanano Lahore-Z3 (3G-CI-1614),LAHORE_CLUSTER_07_Rural,100%,0.0,101.0,0.0,200.0,0.0,702.0,203.0,205.0,0.0,100.0,4.0569,0.0,25338.0,25714.0,25702.0,25714.0,2.0,2.0,702.0,691.0,4.0569,100.0,420.0,424.0,2.0,691.0,101.0,101.0,0.023,0.0922,11.4706,0.1123,0.008,0.0027,0.0,11.4706,0.1123,0.008,0.0027,0.0,4.0569,0.0
2021-04-01,20:00,HLHRBSC10,13578.0,13578_Kanano Lahore-Z3 (3G-CI-1614),168.0,3578_Kanano Lahore-Z3 (3G-CI-1614),LAHORE_CLUSTER_07_Rural,100%,0.0,367.0,0.0,605.0,0.0,1702.0,535.0,547.0,0.0,258.0,18.0819,0.0,118210.0,118640.0,117434.0,118640.0,0.0,16.0,1702.0,1664.0,18.0819,100.0,989.0,1012.0,0.0,1664.0,351.0,367.0,0.0723,0.3056,17.4102,1.0133,0.0431,0.0134,0.0,17.4102,1.0133,0.0431,0.0134,0.0,18.0819,0.0
2021-04-01,20:00,HLHRBSC10,31407.0,CI-1407-3_Bahler Lahore-Z3 (3G-CI-1802),164.0,CI-1407_Bahler Lahore-Z3 (3G-CI-1802),LAHORE_CLUSTER_07_Rural,100%,0.0,134.0,3.0,341.0,0.0,604.0,416.0,439.0,0.0,207.0,4.8403,3.0,28018.0,28242.0,27914.0,28242.0,5.0,5.0,604.0,564.0,4.8403,100.0,240.0,248.0,5.0,564.0,134.0,134.0,0.0,0.304,11.5802,0.6952,0.0374,0.0,0.0,11.5802,0.6952,0.0374,0.0,0.0,4.8403,3.0
2021-04-01,20:00,HLHRBSC10,21407.0,CI-1407-2_Bahler Lahore-Z3 (3G-CI-1802),163.0,CI-1407_Bahler Lahore-Z3 (3G-CI-1802),LAHORE_CLUSTER_07_Rural,100%,0.0,209.0,5.0,575.0,0.0,877.0,718.0,741.0,0.0,384.0,10.7431,5.0,66706.0,66948.0,66278.0,66948.0,5.0,5.0,877.0,813.0,10.7431,100.0,470.0,500.0,5.0,813.0,209.0,209.0,0.5539,4.6536,1.2701,3.3316,0.1979,0.0241,0.0027,1.2701,3.3316,0.1979,0.0241,0.0027,10.7431,5.0
2021-04-01,20:00,HLHRBSC10,11407.0,CI-1407-1_Bahler Lahore-Z3 (3G-CI-1802),162.0,CI-1407_Bahler Lahore-Z3 (3G-CI-1802),LAHORE_CLUSTER_07_Rural,100%,0.0,82.0,0.0,184.0,0.0,1042.0,211.0,220.0,0.0,107.0,6.0167,0.0,38946.0,39586.0,38936.0,39586.0,2.0,6.0,1042.0,1001.0,6.0167,100.0,148.0,154.0,2.0,1001.0,78.0,82.0,0.192,0.7996,7.4144,0.8797,0.0508,0.0161,0.0,7.4144,0.8797,0.0508,0.0161,0.0,6.0167,0.0
2021-04-01,20:00,HLHRBSC10,37168.0,37168_EIP Town Rohi Drain Lahore-Z3 (3G-CI-1650),124.0,7168_EIP Town Rohi Drain Lahore-Z3 (3G-CI-1650),LAHORE_CLUSTER_07_Rural,100%,0.0,44.0,0.0,138.0,0.0,767.0,189.0,192.0,0.0,94.0,3.0778,0.0,20152.0,20198.0,20066.0,20198.0,1.0,1.0,767.0,746.0,3.0778,100.0,114.0,118.0,1.0,746.0,44.0,44.0,0.21899999999999997,0.9849,15.6995,1.2269,0.1309,0.0294,0.008,15.6995,1.2269,0.1309,0.0294,0.008,3.0778,0.0
2021-04-01,20:00,HLHRBSC10,27168.0,27168_EIP Town Rohi Drain Lahore-Z3 (3G-CI-1650),123.0,7168_EIP Town Rohi Drain Lahore-Z3 (3G-CI-1650),LAHORE_CLUSTER_07_Rural,100%,0.0,56.0,0.0,104.0,0.0,255.0,94.0,97.0,0.0,54.0,1.925,0.0,12426.0,12530.0,12530.0,12530.0,1.0,6.0,255.0,238.0,1.925,100.0,109.0,112.0,1.0,238.0,51.0,56.0,0.7762,2.0514,8.7653,0.6559999999999999,0.1227,0.0453,0.0293,8.7653,0.6559999999999999,0.1227,0.0453,0.0293,1.925,0.0
2021-04-01,20:00,HLHRBSC10,17168.0,17168_EIP Town Rohi Drain Lahore-Z3 (3G-CI-1650),122.0,7168_EIP Town Rohi Drain Lahore-Z3 (3G-CI-1650),LAHORE_CLUSTER_07_Rural,100%,0.0,21.0,0.0,56.0,0.0,323.0,65.0,69.0,0.0,36.0,0.7986,0.0,4976.0,5012.0,5012.0,5012.0,1.0,2.0,323.0,312.0,0.7986,100.0,60.0,60.0,1.0,312.0,20.0,21.0,0.083,1.3688,1.9198,4.4385,0.0829,0.0054,0.0,1.9198,4.4385,0.0829,0.0054,0.0,0.7986,0.0
2021-04-01,20:00,HLHRBSC10,17725.0,17725_Stop Purana Thana Kahna Lahore-Z3 (3G-CI-1762),115.0,7725_Stop Purana Thana Kahna Lahore-Z3 (3G-CI-1762),LAHORE_CLUSTER_07_Rural,100%,0.0,91.0,1.0,185.0,0.0,507.0,184.0,186.0,0.0,95.0,2.1361,1.0,12856.0,12932.0,12898.0,12932.0,0.0,1.0,507.0,507.0,2.1361,100.0,417.0,417.0,0.0,507.0,90.0,91.0,0.0,0.3031,8.208,0.56,0.0267,0.0,0.0,8.208,0.56,0.0267,0.0,0.0,2.1361,1.0
2021-04-01,20:00,HLHRBSC10,37725.0,37725_Stop Purana Thana Kahna Lahore-Z3 (3G-CI-1762),114.0,7725_Stop Purana Thana Kahna Lahore-Z3 (3G-CI-1762),LAHORE_CLUSTER_07_Rural,100%,0.0,94.0,0.0,207.0,0.0,510.0,189.0,207.0,0.0,114.0,4.3167,0.0,27374.0,27668.0,27634.0,27668.0,3.0,3.0,510.0,490.0,4.3167,100.0,211.0,211.0,3.0,490.0,94.0,94.0,1.7908,5.4661,8.695,1.4369999999999998,0.3939,0.048,0.14400000000000002,8.695,1.4369999999999998,0.3939,0.048,0.14400000000000002,4.3167,0.0
2021-04-01,20:00,HLHRBSC10,27725.0,27725_Stop Purana Thana Kahna Lahore-Z3 (3G-CI-1762),113.0,7725_Stop Purana Thana Kahna Lahore-Z3 (3G-CI-1762),LAHORE_CLUSTER_07_Rural,100%,0.0,172.0,1.0,284.0,0.0,1177.0,216.0,217.0,0.0,114.0,12.5625,1.0,84174.0,84396.0,84018.0,84396.0,0.0,2.0,1177.0,1164.0,12.5625,100.0,298.0,303.0,0.0,1164.0,170.0,172.0,0.0271,0.0543,9.6053,0.23199999999999998,0.0027,0.0027,0.0,9.6053,0.23199999999999998,0.0027,0.0027,0.0,12.5625,1.0
2021-04-01,20:00,HLHRBSC10,37166.0,37166_Rohi Nala Lahore-Z3 (3G-CI-1649),109.0,7166_Rohi Nala Lahore-Z3 (3G-CI-1649),LAHORE_CLUSTER_07_Rural,100%,0.0,203.0,1.0,371.0,0.0,704.0,348.0,357.0,0.0,169.0,9.1167,1.0,58172.0,58702.0,58640.0,58702.0,2.0,3.0,704.0,683.0,9.1167,100.0,391.0,398.0,2.0,683.0,202.0,203.0,1.6534,4.5199,5.2058,4.0103,0.2767,0.0771,0.0825,5.2058,4.0103,0.2767,0.0771,0.0825,9.1167,1.0
2021-04-01,20:00,HLHRBSC10,27166.0,27166_Rohi Nala Lahore-Z3 (3G-CI-1649),108.0,7166_Rohi Nala Lahore-Z3 (3G-CI-1649),LAHORE_CLUSTER_07_Rural,100%,0.0,176.0,0.0,408.0,0.0,380.0,447.0,454.0,0.0,232.0,10.8361,0.0,57158.0,57338.0,56902.0,57338.0,0.0,0.0,380.0,379.0,10.8361,100.0,282.0,282.0,0.0,379.0,176.0,176.0,0.0246,0.0738,21.535999999999998,0.1467,0.0107,0.0027,0.0027,21.535999999999998,0.1467,0.0107,0.0027,0.0027,10.8361,0.0
2021-04-01,20:00,HLHRBSC10,33815.0,33815_Near Central Park (Gold) Lahore-Z3 (3G-CI-1625),104.0,3815_Near Central Park (Gold) Lahore-Z3 (3G-CI-1625),LAHORE_CLUSTER_07_Rural,100%,0.0,240.0,1.0,352.0,0.0,1842.0,218.0,222.0,0.0,116.0,24.5792,1.0,168528.0,169290.0,168786.0,169290.0,0.0,3.0,1842.0,1810.0,24.5792,100.0,367.0,377.0,0.0,1810.0,237.0,240.0,6.1232,8.6572,10.1395,0.2946,0.2895,0.3142,0.3853,10.1395,0.2946,0.2895,0.3142,0.3853,24.5792,1.0
2021-04-01,20:00,HLHRBSC10,23815.0,23815_Near Central Park (Gold) Lahore-Z3 (3G-CI-1625),103.0,3815_Near Central Park (Gold) Lahore-Z3 (3G-CI-1625),LAHORE_CLUSTER_07_Rural,100%,0.0,86.0,0.0,134.0,0.0,1057.0,94.0,95.0,0.0,48.0,7.0833,0.0,47180.0,47802.0,47266.0,47802.0,0.0,0.0,1057.0,1040.0,7.0833,100.0,159.0,161.0,0.0,1040.0,86.0,86.0,3.1295,5.1593,8.7655,0.2053,0.192,0.0267,0.2693,8.7655,0.2053,0.192,0.0267,0.2693,7.0833,0.0
2021-04-01,20:00,HLHRBSC10,13815.0,13815_Near Central Park (Gold) Lahore-Z3 (3G-CI-1625),102.0,3815_Near Central Park (Gold) Lahore-Z3 (3G-CI-1625),LAHORE_CLUSTER_07_Rural,100%,0.0,46.0,1.0,131.0,0.0,264.0,185.0,186.0,0.0,86.0,2.2403,1.0,14200.0,14236.0,14204.0,14236.0,0.0,1.0,264.0,260.0,2.2403,100.0,62.0,64.0,0.0,260.0,45.0,46.0,1.6874,5.8348,10.9131,1.1399,0.5309,0.2027,0.0133,10.9131,1.1399,0.5309,0.2027,0.0133,2.2403,1.0
2021-04-01,20:00,HLHRBSC12,43141.0,43141_Bandianwala Pull Lahore-Z3 (3G-CI-4241),340.0,3141_Bandianwala Pull Lahore-Z3 (3G-CI-4241),LAHORE_CLUSTER_07_Rural,100%,0.0,60.0,1.0,83.0,0.0,182.0,51.0,55.0,0.0,23.0,1.2069,1.0,6298.0,6650.0,6586.0,6650.0,0.0,0.0,182.0,176.0,1.2069,100.0,124.0,127.0,0.0,176.0,60.0,60.0,0.0,0.0,25.4814,0.0878,0.0,0.0,0.0,25.4814,0.0878,0.0,0.0,0.0,1.2069,1.0
2021-04-01,20:00,HKASBSC03,17627.0,17627_Jiya Bagga Lahore-Z3 (3G-CI-1747),234.0,7627_Jiya Bagga Lahore-Z3 (3G-CI-1747),LAHORE_CLUSTER_07_Rural,100%,0.0,45.0,0.0,75.0,0.0,867.0,69.0,73.0,0.0,32.0,1.8903,0.0,10176.0,10854.0,10580.0,10854.0,10.0,11.0,867.0,849.0,1.8903,100.0,74.0,75.0,10.0,849.0,44.0,45.0,0.0723,0.387,10.9121,0.2583,0.0353,0.0081,0.0,10.9121,0.2583,0.0353,0.0081,0.0,1.8903,0.0
2021-04-01,20:00,HKASBSC03,27627.0,27627_Jiya Bagga Lahore-Z3 (3G-CI-1747),233.0,7627_Jiya Bagga Lahore-Z3 (3G-CI-1747),LAHORE_CLUSTER_07_Rural,100%,0.0,48.0,0.0,134.0,0.0,649.0,180.0,203.0,0.0,89.0,1.6403,0.0,9136.0,9792.0,9490.0,9792.0,1.0,2.0,649.0,638.0,1.6403,100.0,94.0,96.0,1.0,638.0,47.0,48.0,0.0373,0.1493,6.91,0.2405,0.008,0.0027,0.0,6.91,0.2405,0.008,0.0027,0.0,1.6403,0.0
2021-04-01,20:00,HKASBSC03,37627.0,37627_Jiya Bagga Lahore-Z3 (3G-CI-1747),232.0,7627_Jiya Bagga Lahore-Z3 (3G-CI-1747),LAHORE_CLUSTER_07_Rural,100%,0.0,84.0,3.0,120.0,0.0,483.0,66.0,81.0,0.0,39.0,2.1556,3.0,11340.0,12050.0,11754.0,12050.0,0.0,1.0,483.0,475.0,2.1556,100.0,182.0,184.0,0.0,475.0,83.0,84.0,0.0,1.548,8.6101,1.7362,0.1627,0.0,0.0,8.6101,1.7362,0.1627,0.0,0.0,2.1556,3.0
