Date,Time,GBSC,Cell CI,Cell Name,CellIndex,Site Name,Location,Integrity,_CallSetup TCH GOS(%)_N,_CallSetup TCH GOS(%)_D,_DCR_N,_DCR_D,_GOS-SDCCH(%)_N,_GOS-SDCCH(%)_D,_HSR%_N,_HSR%_D,_Mobility TCH GOS(%)_N,_Mobility TCH GOS(%)_D,_MTBD (Mean Time between Drop)_N,_MTBD (Mean Time between Drop)_D,_RxQual Index DL_1,_RxQual Index DL_2,_RxQual Index UL_1,_RxQual Index UL_2,CSSR_Non Blocking_1_N,CSSR_Non Blocking_2_N,CSSR_Non Blocking_1_D,CSSR_Non Blocking_2_D,GlobelTraffic,TCH Availability Rate,_cssr_Call Setup Indications (Circuit Service)_N_1,_Cssr_Channel Requests (Circuit Service)_D_1,_CSSR_Call Drops on SDCCH_N_2,_CSSR_Successful SDCCH Seizures_D_2,_CSSR_Successful TCH Seizures (Traffic Channel)_N_3,_CSSR_TCH Seizure Requests (Traffic Channel)_D_3,Interference Band Proportion (4~5)(%),Interference Band 345,Mean Number of TCH in Interference Band 1,Mean Number of TCH in Interference Band 2,Mean Number of TCH in Interference Band 3,Mean Number of TCH in Interference Band 4,Mean Number of TCH in Interference Band 5,Mean Number of TCH in Interference Band 1.1,Mean Number of TCH in Interference Band 2.1,Mean Number of TCH in Interference Band 3.1,Mean Number of TCH in Interference Band 4.1,Mean Number of TCH in Interference Band 5.1,K3014:Traffic Volume on TCH(Erl),CM33:Call Drops on Traffic Channel
2021-04-01,20:00,HMWLBSC03,44311.0,44311_Iskandarabad Mianwali (3G-CII-4413),134.0,4311_Iskandarabad Mianwali (3G-CII-4413),DI_KHAN_CLUSTER_02_Rural,100%,0.0,297.0,1.0,440.0,0.0,608.0,275.0,277.0,0.0,144.0,7.7681,1.0,46331.0,47417.0,47368.0,47417.0,0.0,0.0,608.0,593.0,7.7681,100.0,468.0,483.0,0.0,593.0,297.0,297.0,0.0,0.0,12.7696,0.0,0.0,0.0,0.0,12.7696,0.0,0.0,0.0,0.0,7.7681,1.0
2021-04-01,20:00,HMWLBSC03,54301.0,54301_Janglaat Colony Mianwali (3G-CII-3761),129.0,4301_Janglaat Colony Mianwali (3G-CII-3761),DI_KHAN_CLUSTER_02_Rural,100%,0.0,13.0,0.0,41.0,0.0,92.0,53.0,56.0,0.0,28.0,0.5389,0.0,3487.0,3502.0,3498.0,3502.0,0.0,0.0,92.0,92.0,0.5389,100.0,47.0,47.0,0.0,92.0,13.0,13.0,2.7128,8.6112,7.9255,1.8404,0.6303,0.1942,0.0957,7.9255,1.8404,0.6303,0.1942,0.0957,0.5389,0.0
2021-04-01,20:00,HMWLBSC03,55771.0,55771_Officers Colony Mianwali (3G-CII-3759),128.0,5771_Officers Colony Mianwali (3G-CII-3759),DI_KHAN_CLUSTER_02_Rural,100%,0.0,13.0,0.0,64.0,0.0,203.0,87.0,87.0,0.0,51.0,1.8889,0.0,13243.0,13308.0,13191.0,13308.0,0.0,0.0,203.0,203.0,1.8889,100.0,54.0,54.0,0.0,203.0,13.0,13.0,0.0,0.0,11.8697,0.0585,0.0,0.0,0.0,11.8697,0.0585,0.0,0.0,0.0,1.8889,0.0
2021-04-01,20:00,HMWLBSC03,55770.0,55770_Khund De Wandi Mianwali (3G-CII-3757),127.0,5770_Khund De Wandi Mianwali (3G-CII-3757),DI_KHAN_CLUSTER_02_Rural,100%,0.0,109.0,0.0,344.0,0.0,344.0,431.0,432.0,0.0,235.0,7.1236,0.0,49146.0,49352.0,49017.0,49352.0,0.0,0.0,344.0,344.0,7.1236,100.0,268.0,270.0,0.0,344.0,109.0,109.0,0.7611,1.8381,4.4611,0.1561,0.0507,0.0358,0.0,4.4611,0.1561,0.0507,0.0358,0.0,7.1236,0.0
2021-04-01,20:00,HMWLBSC03,45770.0,45770_Khund De Wandi Mianwali (3G-CII-3757),126.0,5770_Khund De Wandi Mianwali (3G-CII-3757),DI_KHAN_CLUSTER_02_Rural,100%,0.0,258.0,4.0,693.0,0.0,972.0,834.0,844.0,0.0,440.0,12.7542,4.0,82635.0,83869.0,82407.0,83869.0,0.0,3.0,972.0,962.0,12.7542,100.0,762.0,767.0,0.0,962.0,255.0,258.0,0.9843,2.7673,1.1843,3.9604,0.0943,0.0521,0.0,1.1843,3.9604,0.0943,0.0521,0.0,12.7542,4.0
2021-04-01,20:00,HMWLBSC03,32666.0,CII-2666-3_Wata Khel Paka Mianwali (3G-CII-3765),125.0,CII-2666_Wata Khel Paka Mianwali (3G-CII-3765),DI_KHAN_CLUSTER_02_Rural,100%,0.0,120.0,0.0,275.0,0.0,564.0,305.0,311.0,0.0,157.0,7.9681,0.0,54785.0,55312.0,55298.0,55312.0,0.0,1.0,564.0,561.0,7.9681,100.0,276.0,276.0,0.0,561.0,119.0,120.0,0.0,0.0,16.1117,0.0346,0.0,0.0,0.0,16.1117,0.0346,0.0,0.0,0.0,7.9681,0.0
2021-04-01,20:00,HMWLBSC03,22666.0,CII-2666-2_Wata Khel Paka Mianwali (3G-CII-3765),124.0,CII-2666_Wata Khel Paka Mianwali (3G-CII-3765),DI_KHAN_CLUSTER_02_Rural,100%,0.0,373.0,3.0,711.0,0.0,1224.0,802.0,818.0,0.0,344.0,10.6417,3.0,66996.0,68353.0,68037.0,68353.0,0.0,4.0,1224.0,1217.0,10.6417,100.0,779.0,783.0,0.0,1217.0,369.0,373.0,1.4812,8.3057,8.0254,1.1942,0.6862,0.11699999999999999,0.0319,8.0254,1.1942,0.6862,0.11699999999999999,0.0319,10.6417,3.0
2021-04-01,20:00,HMWLBSC03,32567.0,CII-2567-3_Karimabad Mianwali (3G-CII-4186),122.0,CII-2567_Karimabad Mianwali (3G-CII-4186),DI_KHAN_CLUSTER_02_Rural,100%,0.0,972.0,7.0,1850.0,0.0,2269.0,1647.0,1709.0,0.0,880.0,55.3153,7.0,369468.0,376605.0,374735.0,376605.0,1.0,4.0,2269.0,2257.0,55.3153,100.0,1591.0,1598.0,1.0,2257.0,969.0,972.0,3.3204,11.5919,26.2698,8.0273,3.2088,0.9521,0.336,26.2698,8.0273,3.2088,0.9521,0.336,55.3153,7.0
2021-04-01,20:00,HMWLBSC03,22567.0,CII-2567-2_Karimabad Mianwali (3G-CII-4186),121.0,CII-2567_Karimabad Mianwali (3G-CII-4186),DI_KHAN_CLUSTER_02_Rural,100%,0.0,173.0,0.0,560.0,0.0,386.0,765.0,770.0,0.0,388.0,9.8236,0.0,65823.0,66101.0,65886.0,66101.0,0.0,0.0,386.0,380.0,9.8236,100.0,254.0,256.0,0.0,380.0,173.0,173.0,1.2767,3.3595,7.0045,0.7048,0.1662,0.0402,0.0617,7.0045,0.7048,0.1662,0.0402,0.0617,9.8236,0.0
2021-04-01,20:00,HMWLBSC03,12567.0,CII-2567-1_Karimabad Mianwali (3G-CII-4186),120.0,CII-2567_Karimabad Mianwali (3G-CII-4186),DI_KHAN_CLUSTER_02_Rural,100%,0.0,836.0,11.0,2167.0,0.0,3438.0,2482.0,2589.0,0.0,1333.0,70.5653,11.0,475819.0,487807.0,484713.0,487808.0,0.0,4.0,3438.0,3418.0,70.5653,100.0,2778.0,2791.0,0.0,3418.0,832.0,836.0,7.234,14.5851,19.3692,3.4376,1.9629,1.0042,0.9274,19.3692,3.4376,1.9629,1.0042,0.9274,70.5653,11.0
2021-04-01,20:00,HMWLBSC03,35772.0,35772_Mohallah Kohatian Wala Mianwali (3G-CII-3760),117.0,5772_Mohallah Kohatian Wala Mianwali (3G-CII-3760),DI_KHAN_CLUSTER_02_Rural,100%,0.0,55.0,1.0,200.0,0.0,164.0,280.0,280.0,0.0,145.0,2.9667,1.0,19536.0,19943.0,19713.0,19943.0,0.0,0.0,164.0,164.0,2.9667,100.0,128.0,128.0,0.0,164.0,55.0,55.0,0.0495,0.4198,21.1289,0.4116,0.0801,0.008,0.0027,21.1289,0.4116,0.0801,0.008,0.0027,2.9667,1.0
2021-04-01,20:00,HMWLBSC03,15772.0,15772_Mohallah Kohatian Wala Mianwali (3G-CII-3760),115.0,5772_Mohallah Kohatian Wala Mianwali (3G-CII-3760),DI_KHAN_CLUSTER_02_Rural,100%,0.0,407.0,0.0,707.0,0.0,920.0,592.0,592.0,0.0,302.0,20.0125,0.0,134046.0,134438.0,134149.0,134438.0,0.0,2.0,920.0,919.0,20.0125,100.0,633.0,634.0,0.0,919.0,405.0,407.0,0.2221,1.0762,21.1424,1.4569,0.1951,0.0481,0.0027,21.1424,1.4569,0.1951,0.0481,0.0027,20.0125,0.0
2021-04-01,20:00,HMWLBSC03,35188.0,35188_Kalabagh Road (Gold) Mianwali (3G-CII-4376),114.0,5188_Kalabagh Road (Gold) Mianwali (3G-CII-4376),DI_KHAN_CLUSTER_02_Rural,100%,0.0,1168.0,10.0,1826.0,0.0,3178.0,1165.0,1216.0,0.0,653.0,68.2472,10.0,450534.0,461648.0,458815.0,461648.0,0.0,12.0,3178.0,3157.0,68.2472,100.0,2640.0,2649.0,0.0,3157.0,1156.0,1168.0,0.1528,1.1981,22.4867,1.8688,0.2577,0.0243,0.0134,22.4867,1.8688,0.2577,0.0243,0.0134,68.2472,10.0
2021-04-01,20:00,HMWLBSC03,25188.0,25188_Kalabagh Road (Gold) Mianwali (3G-CII-4376),113.0,5188_Kalabagh Road (Gold) Mianwali (3G-CII-4376),DI_KHAN_CLUSTER_02_Rural,100%,0.0,423.0,1.0,864.0,0.0,785.0,851.0,861.0,0.0,441.0,19.2569,1.0,128130.0,129182.0,128905.0,129182.0,0.0,2.0,785.0,784.0,19.2569,100.0,677.0,677.0,0.0,784.0,421.0,423.0,0.6722,3.1396,6.6913,0.8317,0.1916,0.033,0.0193,6.6913,0.8317,0.1916,0.033,0.0193,19.2569,1.0
2021-04-01,20:00,HMWLBSC03,15188.0,15188_Kalabagh Road (Gold) Mianwali (3G-CII-4376),112.0,5188_Kalabagh Road (Gold) Mianwali (3G-CII-4376),DI_KHAN_CLUSTER_02_Rural,100%,0.0,881.0,16.0,2303.0,0.0,1768.0,2706.0,2827.0,0.0,1427.0,34.9111,16.0,216887.0,222507.0,220147.0,222507.0,1.0,15.0,1768.0,1754.0,34.9111,100.0,1364.0,1376.0,1.0,1754.0,867.0,881.0,4.2553,14.2773,17.1816,6.4322,2.7608,0.8086,0.3636,17.1816,6.4322,2.7608,0.8086,0.3636,34.9111,16.0
2021-04-01,20:00,HMWLBSC03,25771.0,25771_Officers Colony Mianwali (3G-CII-3759),110.0,5771_Officers Colony Mianwali (3G-CII-3759),DI_KHAN_CLUSTER_02_Rural,100%,0.0,22.0,1.0,59.0,0.0,94.0,70.0,73.0,0.0,38.0,1.7847,1.0,12203.0,12246.0,12238.0,12246.0,0.0,0.0,94.0,93.0,1.7847,100.0,38.0,39.0,0.0,93.0,22.0,22.0,0.0633,0.1899,8.2935,0.0931,0.0106,0.0027,0.0027,8.2935,0.0931,0.0106,0.0027,0.0027,1.7847,1.0
2021-04-01,20:00,HMWLBSC03,15771.0,15771_Officers Colony Mianwali (3G-CII-3759),109.0,5771_Officers Colony Mianwali (3G-CII-3759),DI_KHAN_CLUSTER_02_Rural,100%,0.0,57.0,2.0,88.0,0.0,444.0,63.0,71.0,0.0,37.0,2.4583,2.0,15581.0,16367.0,16222.0,16367.0,0.0,3.0,444.0,433.0,2.4583,100.0,150.0,159.0,0.0,433.0,54.0,57.0,0.1092,0.7642,6.6942,0.5585,0.0479,0.008,0.0,6.6942,0.5585,0.0479,0.008,0.0,2.4583,2.0
2021-04-01,20:00,HMWLBSC03,25770.0,25770_Khund De Wandi Mianwali (3G-CII-3757),104.0,5770_Khund De Wandi Mianwali (3G-CII-3757),DI_KHAN_CLUSTER_02_Rural,100%,0.0,21.0,2.0,308.0,0.0,276.0,495.0,510.0,0.0,291.0,4.7514,2.0,32090.0,33228.0,32941.0,33228.0,6.0,6.0,276.0,241.0,4.7514,100.0,39.0,42.0,6.0,241.0,21.0,21.0,0.2429,6.6398,1.7733,1.3013,0.2107,0.008,0.0,1.7733,1.3013,0.2107,0.008,0.0,4.7514,2.0
2021-04-01,20:00,HMWLBSC03,34313.0,34313_Mohalla Ameen Khan Mianwali (3G-CII-4220),102.0,4313_Mohalla Ameen Khan Mianwali (3G-CII-4220),DI_KHAN_CLUSTER_02_Rural,100%,0.0,322.0,3.0,531.0,0.0,1258.0,434.0,436.0,0.0,211.0,13.3375,3.0,85525.0,88078.0,86750.0,88078.0,0.0,2.0,1258.0,1248.0,13.3375,100.0,822.0,828.0,0.0,1248.0,320.0,322.0,0.0,0.0,26.5018,0.0429,0.0,0.0,0.0,26.5018,0.0429,0.0,0.0,0.0,13.3375,3.0
2021-04-01,20:00,HMWLBSC03,24313.0,24313_Mohalla Ameen Khan Mianwali (3G-CII-4220),101.0,4313_Mohalla Ameen Khan Mianwali (3G-CII-4220),DI_KHAN_CLUSTER_02_Rural,100%,0.0,290.0,4.0,401.0,0.0,770.0,223.0,224.0,0.0,112.0,13.6125,4.0,92083.0,93279.0,92537.0,93279.0,0.0,1.0,770.0,770.0,13.6125,100.0,541.0,541.0,0.0,770.0,289.0,290.0,0.0,0.0,26.4995,0.0374,0.0,0.0,0.0,26.4995,0.0374,0.0,0.0,0.0,13.6125,4.0
2021-04-01,20:00,HMWLBSC03,14313.0,14313_Mohalla Ameen Khan Mianwali (3G-CII-4220),100.0,4313_Mohalla Ameen Khan Mianwali (3G-CII-4220),DI_KHAN_CLUSTER_02_Rural,100%,0.0,179.0,3.0,305.0,0.0,505.0,293.0,301.0,0.0,147.0,9.0458,3.0,56222.0,58775.0,56709.0,58775.0,0.0,21.0,505.0,497.0,9.0458,100.0,312.0,317.0,0.0,497.0,158.0,179.0,0.0,0.0,10.4833,0.0107,0.0,0.0,0.0,10.4833,0.0107,0.0,0.0,0.0,9.0458,3.0
2021-04-01,20:00,HMWLBSC03,15770.0,15770_Khund De Wandi Mianwali (3G-CII-3757),99.0,5770_Khund De Wandi Mianwali (3G-CII-3757),DI_KHAN_CLUSTER_02_Rural,100%,0.0,76.0,1.0,384.0,0.0,533.0,554.0,567.0,0.0,308.0,4.9583,1.0,32865.0,33280.0,33152.0,33280.0,0.0,0.0,533.0,508.0,4.9583,100.0,148.0,160.0,0.0,508.0,76.0,76.0,0.7406,41.4069,0.0,2.3189,1.6094,0.0293,0.0,0.0,2.3189,1.6094,0.0293,0.0,4.9583,1.0
2021-04-01,20:00,HMWLBSC03,34308.0,34308_Eidgah Mianwali (3G-CII-3758),98.0,4308_Eidgah Mianwali (3G-CII-3758),DI_KHAN_CLUSTER_02_Rural,100%,0.0,161.0,2.0,285.0,0.0,468.0,289.0,289.0,0.0,124.0,5.5042,2.0,35398.0,35504.0,35482.0,35504.0,0.0,0.0,468.0,466.0,5.5042,100.0,369.0,370.0,0.0,466.0,161.0,161.0,0.0547,0.1367,19.3013,0.1947,0.016,0.0053,0.0053,19.3013,0.1947,0.016,0.0053,0.0053,5.5042,2.0
2021-04-01,20:00,HMWLBSC03,24308.0,24308_Eidgah Mianwali (3G-CII-3758),97.0,4308_Eidgah Mianwali (3G-CII-3758),DI_KHAN_CLUSTER_02_Rural,100%,0.0,109.0,0.0,196.0,0.0,249.0,156.0,158.0,0.0,87.0,4.9097,0.0,33229.0,33339.0,33321.0,33339.0,0.0,0.0,249.0,244.0,4.9097,100.0,165.0,165.0,0.0,244.0,109.0,109.0,0.0,0.0779,13.7018,0.1166,0.0108,0.0,0.0,13.7018,0.1166,0.0108,0.0,0.0,4.9097,0.0
2021-04-01,20:00,HMWLBSC03,35178.0,35178_Mooch Mianwali (3G-CII-4651),96.0,5178_Mooch Mianwali (3G-CII-4651),DI_KHAN_CLUSTER_02_Rural,100%,0.0,74.0,1.0,89.0,0.0,211.0,28.0,33.0,0.0,15.0,5.2889,1.0,35480.0,37394.0,37158.0,37394.0,0.0,0.0,211.0,210.0,5.2889,100.0,146.0,147.0,0.0,210.0,74.0,74.0,0.0,0.0,6.0899,0.0027,0.0,0.0,0.0,6.0899,0.0027,0.0,0.0,0.0,5.2889,1.0
2021-04-01,20:00,HMWLBSC03,25178.0,25178_Mooch Mianwali (3G-CII-4651),95.0,5178_Mooch Mianwali (3G-CII-4651),DI_KHAN_CLUSTER_02_Rural,100%,0.0,115.0,0.0,146.0,0.0,547.0,85.0,86.0,0.0,37.0,6.5597,0.0,43072.0,45082.0,44499.0,45082.0,0.0,6.0,547.0,541.0,6.5597,100.0,379.0,385.0,0.0,541.0,109.0,115.0,0.0,0.0,10.2115,0.0027,0.0,0.0,0.0,10.2115,0.0027,0.0,0.0,0.0,6.5597,0.0
2021-04-01,20:00,HMWLBSC03,15178.0,15178_Mooch Mianwali (3G-CII-4651),94.0,5178_Mooch Mianwali (3G-CII-4651),DI_KHAN_CLUSTER_02_Rural,100%,0.0,103.0,1.0,130.0,0.0,489.0,48.0,50.0,0.0,27.0,5.8847,1.0,40290.0,40808.0,40738.0,40808.0,1.0,1.0,489.0,474.0,5.8847,100.0,386.0,392.0,1.0,474.0,103.0,103.0,0.0,0.0,12.7627,0.0053,0.0,0.0,0.0,12.7627,0.0053,0.0,0.0,0.0,5.8847,1.0
2021-04-01,20:00,HMWLBSC03,14308.0,14308_Eidgah Mianwali (3G-CII-3758),93.0,4308_Eidgah Mianwali (3G-CII-3758),DI_KHAN_CLUSTER_02_Rural,100%,0.0,91.0,0.0,292.0,0.0,299.0,363.0,363.0,0.0,201.0,4.9861,0.0,32835.0,32900.0,32794.0,32900.0,0.0,1.0,299.0,298.0,4.9861,100.0,168.0,168.0,0.0,298.0,90.0,91.0,0.0,0.0814,12.6574,0.4373,0.0107,0.0,0.0,12.6574,0.4373,0.0107,0.0,0.0,4.9861,0.0
2021-04-01,20:00,HMWLBSC03,35180.0,35180_Kamar Mashani Mianwali (3G-CII-4652),89.0,5180_Kamar Mashani Mianwali (3G-CII-4652),DI_KHAN_CLUSTER_02_Rural,100%,0.0,57.0,1.0,115.0,0.0,206.0,105.0,106.0,0.0,59.0,3.6319,1.0,24115.0,24435.0,24097.0,24435.0,0.0,0.0,206.0,206.0,3.6319,100.0,107.0,107.0,0.0,206.0,57.0,57.0,0.0,0.0,10.5333,0.04,0.0,0.0,0.0,10.5333,0.04,0.0,0.0,0.0,3.6319,1.0
2021-04-01,20:00,HMWLBSC03,25180.0,25180_Kamar Mashani Mianwali (3G-CII-4652),88.0,5180_Kamar Mashani Mianwali (3G-CII-4652),DI_KHAN_CLUSTER_02_Rural,100%,0.0,212.0,8.0,252.0,0.0,629.0,124.0,128.0,0.0,62.0,8.1931,8.0,51055.0,54312.0,53795.0,54312.0,3.0,25.0,629.0,626.0,8.1931,100.0,395.0,398.0,3.0,626.0,190.0,212.0,0.0788,0.1181,20.1906,0.0798,0.008,0.016,0.0,20.1906,0.0798,0.008,0.016,0.0,8.1931,8.0
2021-04-01,20:00,HMWLBSC03,15180.0,15180_Kamar Mashani Mianwali (3G-CII-4652),87.0,5180_Kamar Mashani Mianwali (3G-CII-4652),DI_KHAN_CLUSTER_02_Rural,100%,0.0,23.0,0.0,43.0,0.0,124.0,40.0,40.0,0.0,20.0,0.8514,0.0,5703.0,5715.0,5714.0,5715.0,0.0,0.0,124.0,122.0,0.8514,100.0,62.0,62.0,0.0,122.0,23.0,23.0,0.0,0.0,10.8001,0.016,0.0,0.0,0.0,10.8001,0.016,0.0,0.0,0.0,0.8514,0.0
2021-04-01,20:00,HMWLBSC03,34316.0,34316_Isa Khel Mianwali,86.0,4316_Isa Khel Mianwali,DI_KHAN_CLUSTER_02_Rural,100%,0.0,29.0,3.0,128.0,0.0,105.0,164.0,179.0,0.0,99.0,4.1,3.0,28461.0,29409.0,29356.0,29409.0,0.0,0.0,105.0,104.0,4.1,100.0,50.0,50.0,0.0,104.0,29.0,29.0,0.0374,0.1122,7.0825,0.0213,0.0053,0.0,0.0027,7.0825,0.0213,0.0053,0.0,0.0027,4.1,3.0
2021-04-01,20:00,HMWLBSC03,24316.0,24316_Isa Khel Mianwali,85.0,4316_Isa Khel Mianwali,DI_KHAN_CLUSTER_02_Rural,100%,0.0,46.0,1.0,93.0,0.0,94.0,89.0,91.0,0.0,47.0,2.1681,1.0,14267.0,14533.0,14398.0,14533.0,1.0,1.0,94.0,94.0,2.1681,100.0,78.0,78.0,1.0,94.0,46.0,46.0,0.0281,0.0843,9.4773,0.0027,0.0053,0.0027,0.0,9.4773,0.0027,0.0053,0.0027,0.0,2.1681,1.0
2021-04-01,20:00,HMWLBSC03,14316.0,14316_Isa Khel Mianwali,84.0,4316_Isa Khel Mianwali,DI_KHAN_CLUSTER_02_Rural,100%,0.0,89.0,0.0,245.0,0.0,219.0,298.0,301.0,0.0,156.0,4.9292,0.0,33555.0,33793.0,33600.0,33793.0,0.0,0.0,219.0,219.0,4.9292,100.0,163.0,163.0,0.0,219.0,89.0,89.0,0.1317,0.1756,11.8886,0.2076,0.0053,0.0053,0.0106,11.8886,0.2076,0.0053,0.0053,0.0106,4.9292,0.0
2021-04-01,20:00,HMWLBSC03,34307.0,34307_PAF Base Colony Mianwali (3G-CII-3763),74.0,4307_PAF Base Colony Mianwali (3G-CII-3763),DI_KHAN_CLUSTER_02_Rural,100%,0.0,817.0,3.0,1115.0,0.0,4697.0,628.0,650.0,0.0,276.0,35.6792,3.0,227723.0,232988.0,231219.0,232988.0,0.0,2.0,4697.0,4665.0,35.6792,100.0,1724.0,1737.0,0.0,4665.0,815.0,817.0,0.1048,0.5223,27.299,0.8522,0.1182,0.027000000000000003,0.0027,27.299,0.8522,0.1182,0.027000000000000003,0.0027,35.6792,3.0
2021-04-01,20:00,HMWLBSC03,24307.0,24307_PAF Base Colony Mianwali (3G-CII-3763),73.0,4307_PAF Base Colony Mianwali (3G-CII-3763),DI_KHAN_CLUSTER_02_Rural,100%,0.0,148.0,0.0,211.0,0.0,529.0,129.0,135.0,0.0,65.0,8.0986,0.0,54632.0,55669.0,55257.0,55669.0,0.0,2.0,529.0,527.0,8.0986,100.0,319.0,320.0,0.0,527.0,146.0,148.0,0.0,0.0169,15.7546,0.1146,0.0027,0.0,0.0,15.7546,0.1146,0.0027,0.0,0.0,8.0986,0.0
2021-04-01,20:00,HMWLBSC03,14307.0,14307_PAF Base Colony Mianwali (3G-CII-3763),72.0,4307_PAF Base Colony Mianwali (3G-CII-3763),DI_KHAN_CLUSTER_02_Rural,100%,0.0,384.0,1.0,650.0,0.0,2487.0,532.0,544.0,0.0,269.0,21.9333,1.0,146379.0,148144.0,147053.0,148144.0,1.0,3.0,2487.0,2473.0,21.9333,100.0,809.0,825.0,1.0,2473.0,382.0,384.0,0.1971,0.4329,6.7935,0.0628,0.0162,0.0,0.0136,6.7935,0.0628,0.0162,0.0,0.0136,21.9333,1.0
2021-04-01,20:00,HMWLBSC03,35182.0,35182_Sultan Khail Mianwali,68.0,5182_Sultan Khail Mianwali,DI_KHAN_CLUSTER_02_Rural,100%,0.0,121.0,1.0,152.0,0.0,361.0,67.0,71.0,0.0,33.0,8.7472,1.0,60903.0,61740.0,61284.0,61740.0,0.0,1.0,361.0,356.0,8.7472,100.0,264.0,268.0,0.0,356.0,120.0,121.0,0.0,0.0,16.1337,0.0,0.0,0.0,0.0,16.1337,0.0,0.0,0.0,0.0,8.7472,1.0
2021-04-01,20:00,HMWLBSC03,25182.0,25182_Sultan Khail Mianwali,67.0,5182_Sultan Khail Mianwali,DI_KHAN_CLUSTER_02_Rural,100%,0.0,138.0,4.0,176.0,0.0,445.0,72.0,75.0,0.0,37.0,9.8431,4.0,65422.0,69111.0,67800.0,69111.0,1.0,1.0,445.0,436.0,9.8431,100.0,319.0,327.0,1.0,436.0,138.0,138.0,0.0186,0.0186,14.3382,0.0,0.0,0.0027,0.0,14.3382,0.0,0.0,0.0027,0.0,9.8431,4.0
2021-04-01,20:00,HMWLBSC03,15182.0,15182_Sultan Khail Mianwali,66.0,5182_Sultan Khail Mianwali,DI_KHAN_CLUSTER_02_Rural,100%,0.0,221.0,4.0,252.0,0.0,637.0,22.0,26.0,0.0,23.0,18.2611,4.0,107984.0,117675.0,115068.0,117675.0,5.0,20.0,637.0,604.0,18.2611,100.0,347.0,369.0,5.0,604.0,206.0,221.0,0.0159,0.0478,16.7889,0.0214,0.0054,0.0,0.0027,16.7889,0.0214,0.0054,0.0,0.0027,18.2611,4.0
2021-04-01,20:00,HMWLBSC03,25774.0,25774_Mohallah Yateem Khana Mianwali (3G-CII-4507),58.0,5774_Mohallah Yateem Khana Mianwali (3G-CII-4507),DI_KHAN_CLUSTER_02_Rural,100%,0.0,124.0,2.0,562.0,0.0,875.0,818.0,834.0,0.0,441.0,8.375,2.0,53856.0,55374.0,54868.0,55374.0,0.0,0.0,875.0,853.0,8.375,100.0,276.0,288.0,0.0,853.0,124.0,124.0,0.0552,0.5148,13.7368,0.6922,0.0667,0.008,0.0,13.7368,0.6922,0.0667,0.008,0.0,8.375,2.0
2021-04-01,20:00,HMWLBSC03,35177.0,35177_Rokhari Mianwali (3G-CII-1000),56.0,5177_Rokhari Mianwali (3G-CII-1000),DI_KHAN_CLUSTER_02_Rural,100%,0.0,88.0,0.0,168.0,0.0,569.0,161.0,161.0,0.0,80.0,4.9972,0.0,31820.0,33842.0,33656.0,33842.0,2.0,3.0,569.0,564.0,4.9972,100.0,358.0,361.0,2.0,564.0,87.0,88.0,0.1605,0.7849,14.6633,0.1708,0.0934,0.0133,0.0107,14.6633,0.1708,0.0934,0.0133,0.0107,4.9972,0.0
2021-04-01,20:00,HMWLBSC03,25177.0,25177_Rokhari Mianwali (3G-CII-1000),55.0,5177_Rokhari Mianwali (3G-CII-1000),DI_KHAN_CLUSTER_02_Rural,100%,0.0,175.0,1.0,243.0,0.0,688.0,121.0,121.0,0.0,68.0,6.5347,1.0,42444.0,44265.0,44191.0,44265.0,0.0,3.0,688.0,678.0,6.5347,100.0,321.0,324.0,0.0,678.0,172.0,175.0,0.0,0.0,3.7349,0.0088,0.0,0.0,0.0,3.7349,0.0088,0.0,0.0,0.0,6.5347,1.0
2021-04-01,20:00,HMWLBSC03,15177.0,15177_Rokhari Mianwali (3G-CII-1000),54.0,5177_Rokhari Mianwali (3G-CII-1000),DI_KHAN_CLUSTER_02_Rural,100%,0.0,80.0,2.0,139.0,0.0,233.0,110.0,111.0,0.0,59.0,3.7972,2.0,23380.0,25018.0,24809.0,25018.0,1.0,2.0,233.0,231.0,3.7972,100.0,124.0,125.0,1.0,231.0,79.0,80.0,0.0,0.0,11.6059,0.0563,0.0,0.0,0.0,11.6059,0.0563,0.0,0.0,0.0,3.7972,2.0
2021-04-01,20:00,HMWLBSC03,24301.0,24301_Janglaat Colony Mianwali (3G-CII-3761),52.0,4301_Janglaat Colony Mianwali (3G-CII-3761),DI_KHAN_CLUSTER_02_Rural,100%,0.0,4.0,0.0,14.0,0.0,19.0,21.0,21.0,0.0,10.0,0.0958,0.0,546.0,565.0,556.0,565.0,0.0,0.0,19.0,19.0,0.0958,100.0,7.0,7.0,0.0,19.0,4.0,4.0,0.7586,2.6666,10.544,0.7467,0.2213,0.0587,0.0293,10.544,0.7467,0.2213,0.0587,0.0293,0.0958,0.0
2021-04-01,20:00,HMWLBSC03,14301.0,14301_Janglaat Colony Mianwali (3G-CII-3761),51.0,4301_Janglaat Colony Mianwali (3G-CII-3761),DI_KHAN_CLUSTER_02_Rural,100%,0.0,244.0,0.0,411.0,0.0,815.0,402.0,406.0,3.0,172.0,9.1556,0.0,56674.0,57630.0,57317.0,57630.0,2.0,4.0,815.0,814.0,9.1556,100.0,476.0,476.0,2.0,814.0,242.0,244.0,0.0491,0.42200000000000004,26.5344,0.5935,0.1016,0.0134,0.0,26.5344,0.5935,0.1016,0.0134,0.0,9.1556,0.0
2021-04-01,20:00,HMWLBSC03,32082.0,CII-2082-3_Kalur Shareef Mianwali,50.0,CII-2082_Kalur Shareef Mianwali,DI_KHAN_CLUSTER_02_Rural,100%,0.0,186.0,8.0,259.0,0.0,657.0,156.0,160.0,0.0,80.0,12.3792,8.0,79969.0,82979.0,80869.0,82979.0,0.0,5.0,657.0,652.0,12.3792,100.0,311.0,315.0,0.0,652.0,181.0,186.0,0.0143,84.5297,2.8278,0.037000000000000005,15.6508,0.0,0.0027,2.8278,0.037000000000000005,15.6508,0.0,0.0027,12.3792,8.0
2021-04-01,20:00,HMWLBSC03,22082.0,CII-2082-2_Kalur Shareef Mianwali,49.0,CII-2082_Kalur Shareef Mianwali,DI_KHAN_CLUSTER_02_Rural,100%,0.0,114.0,1.0,177.0,0.0,451.0,121.0,123.0,0.0,62.0,7.1667,1.0,48551.0,50400.0,50182.0,50400.0,0.0,2.0,451.0,444.0,7.1667,100.0,193.0,198.0,0.0,444.0,112.0,114.0,0.0,0.0468,11.9499,0.0188,0.0056,0.0,0.0,11.9499,0.0188,0.0056,0.0,0.0,7.1667,1.0
2021-04-01,20:00,HMWLBSC03,12082.0,CII-2082-1_Kalur Shareef Mianwali,48.0,CII-2082_Kalur Shareef Mianwali,DI_KHAN_CLUSTER_02_Rural,100%,0.0,161.0,3.0,203.0,0.0,603.0,75.0,81.0,0.0,36.0,8.5028,3.0,54194.0,56588.0,55388.0,56588.0,3.0,3.0,603.0,589.0,8.5028,100.0,256.0,266.0,3.0,589.0,161.0,161.0,0.0,0.0,22.8439,0.0238,0.0,0.0,0.0,22.8439,0.0238,0.0,0.0,0.0,8.5028,3.0
2021-04-01,20:00,HMWLBSC03,34302.0,34302_Main City Mianwali (3G-CII-3762),44.0,4302_Main City Mianwali (3G-CII-3762),DI_KHAN_CLUSTER_02_Rural,100%,0.0,184.0,0.0,382.0,0.0,651.0,421.0,424.0,0.0,198.0,6.5319,0.0,41534.0,42082.0,41840.0,42082.0,0.0,0.0,651.0,650.0,6.5319,100.0,384.0,384.0,0.0,650.0,184.0,184.0,0.3003,1.6514,8.2729,0.4035,0.1192,0.0166,0.0099,8.2729,0.4035,0.1192,0.0166,0.0099,6.5319,0.0
2021-04-01,20:00,HMWLBSC03,14302.0,14302_Main City Mianwali (3G-CII-3762),42.0,4302_Main City Mianwali (3G-CII-3762),DI_KHAN_CLUSTER_02_Rural,100%,0.0,249.0,0.0,456.0,0.0,1120.0,421.0,423.0,0.0,209.0,11.6069,0.0,76634.0,77112.0,76789.0,77112.0,0.0,1.0,1120.0,1112.0,11.6069,100.0,760.0,760.0,0.0,1112.0,248.0,249.0,0.0289,1.6195,26.822,0.4648,0.4412,0.0054,0.0027,26.822,0.4648,0.4412,0.0054,0.0027,11.6069,0.0
2021-04-01,20:00,HMWLBSC03,35775.0,35775_Mohalla Miana Mianwali (3G-CII-4508),41.0,5775_Mohalla Miana Mianwali (3G-CII-4508),DI_KHAN_CLUSTER_02_Rural,100%,0.0,248.0,2.0,492.0,0.0,926.0,470.0,472.0,0.0,244.0,10.4486,2.0,68814.0,69366.0,69009.0,69366.0,3.0,3.0,926.0,921.0,10.4486,100.0,573.0,578.0,3.0,921.0,248.0,248.0,0.0,0.2836,14.0408,0.3985,0.0411,0.0,0.0,14.0408,0.3985,0.0411,0.0,0.0,10.4486,2.0
2021-04-01,20:00,HMWLBSC03,15775.0,15775_Mohalla Miana Mianwali (3G-CII-4508),39.0,5775_Mohalla Miana Mianwali (3G-CII-4508),DI_KHAN_CLUSTER_02_Rural,100%,0.0,221.0,2.0,388.0,0.0,552.0,373.0,374.0,0.0,169.0,7.2042,2.0,45648.0,45708.0,45505.0,45708.0,0.0,2.0,552.0,552.0,7.2042,100.0,351.0,351.0,0.0,552.0,219.0,221.0,1.2528,5.1011,16.1183,3.1713,0.7822,0.1853,0.0694,16.1183,3.1713,0.7822,0.1853,0.0694,7.2042,2.0
2021-04-01,20:00,HMWLBSC03,35185.0,35185_Kala Bagh (Gold) Mianwali (3G-CII-4358),29.0,5185_Kala Bagh (Gold) Mianwali (3G-CII-4358),DI_KHAN_CLUSTER_02_Rural,100%,0.0,472.0,3.0,1087.0,0.0,976.0,1232.0,1263.0,0.0,621.0,15.3083,3.0,96635.0,97519.0,97213.0,97519.0,1.0,5.0,976.0,963.0,15.3083,100.0,796.0,807.0,1.0,963.0,468.0,472.0,1.0838,3.8044,13.8279,2.1478,0.4518,0.1069,0.0731,13.8279,2.1478,0.4518,0.1069,0.0731,15.3083,3.0
2021-04-01,20:00,HMWLBSC03,25185.0,25185_Kala Bagh (Gold) Mianwali (3G-CII-4358),28.0,5185_Kala Bagh (Gold) Mianwali (3G-CII-4358),DI_KHAN_CLUSTER_02_Rural,100%,0.0,1080.0,15.0,1293.0,0.0,2200.0,490.0,506.0,1.0,237.0,40.9139,15.0,256218.0,260319.0,254648.0,260319.0,5.0,25.0,2200.0,2162.0,40.9139,100.0,1621.0,1647.0,5.0,2162.0,1060.0,1080.0,0.8121,2.8959,24.8074,2.3662,0.5831,0.1791,0.0481,24.8074,2.3662,0.5831,0.1791,0.0481,40.9139,15.0
2021-04-01,20:00,HMWLBSC03,34311.0,34311_Iskandarabad Mianwali (3G-CII-4413),24.0,4311_Iskandarabad Mianwali (3G-CII-4413),DI_KHAN_CLUSTER_02_Rural,100%,0.0,309.0,6.0,404.0,0.0,855.0,183.0,189.0,1.0,102.0,13.4236,6.0,86344.0,89196.0,87951.0,89196.0,1.0,5.0,855.0,847.0,13.4236,100.0,608.0,613.0,1.0,847.0,305.0,309.0,0.0,0.0118,22.6682,0.024,0.0027,0.0,0.0,22.6682,0.024,0.0027,0.0,0.0,13.4236,6.0
2021-04-01,20:00,HMWLBSC03,24311.0,24311_Iskandarabad Mianwali (3G-CII-4413),23.0,4311_Iskandarabad Mianwali (3G-CII-4413),DI_KHAN_CLUSTER_02_Rural,100%,0.0,112.0,1.0,235.0,0.0,326.0,252.0,253.0,0.0,123.0,5.925,1.0,39017.0,39655.0,39546.0,39655.0,0.0,0.0,326.0,326.0,5.925,100.0,251.0,251.0,0.0,326.0,112.0,112.0,0.0,0.0,6.6434,0.0,0.0,0.0,0.0,6.6434,0.0,0.0,0.0,0.0,5.925,1.0
2021-04-01,20:00,HMWLBSC03,14311.0,14311_Iskandarabad Mianwali (3G-CII-4413),22.0,4311_Iskandarabad Mianwali (3G-CII-4413),DI_KHAN_CLUSTER_02_Rural,100%,0.0,175.0,3.0,249.0,0.0,383.0,130.0,133.0,0.0,75.0,8.6847,3.0,57020.0,57709.0,57270.0,57709.0,0.0,1.0,383.0,367.0,8.6847,100.0,239.0,244.0,0.0,367.0,174.0,175.0,0.0,0.3767,9.6699,0.2246,0.0374,0.0,0.0,9.6699,0.2246,0.0374,0.0,0.0,8.6847,3.0
2021-04-01,20:00,HMWLBSC03,15185.0,15185_Kala Bagh (Gold) Mianwali (3G-CII-4358),18.0,5185_Kala Bagh (Gold) Mianwali (3G-CII-4358),DI_KHAN_CLUSTER_02_Rural,100%,0.0,1463.0,7.0,1921.0,0.0,4564.0,914.0,939.0,0.0,466.0,51.1194,7.0,323097.0,331313.0,330020.0,331313.0,2.0,7.0,4564.0,4533.0,51.1194,100.0,3958.0,3974.0,2.0,4533.0,1458.0,1463.0,2.9084,4.6237,24.4301,0.9608,0.4567,0.3677,0.4066,24.4301,0.9608,0.4567,0.3677,0.4066,51.1194,7.0
2021-04-01,20:00,HMWLBSC03,34312.0,34312_Kot Chandna Mianwali (3G-CII-4253),17.0,4312_Kot Chandna Mianwali (3G-CII-4253),DI_KHAN_CLUSTER_02_Rural,100%,0.0,672.0,4.0,1151.0,0.0,1838.0,1013.0,1040.0,0.0,493.0,36.2306,4.0,240457.0,246952.0,245005.0,246952.0,2.0,12.0,1838.0,1798.0,36.2306,100.0,1295.0,1319.0,2.0,1798.0,662.0,672.0,0.0519,0.0692,15.4924,0.0482,0.0027,0.0027,0.0054,15.4924,0.0482,0.0027,0.0027,0.0054,36.2306,4.0
2021-04-01,20:00,HMWLBSC03,24312.0,24312_Kot Chandna Mianwali (3G-CII-4253),16.0,4312_Kot Chandna Mianwali (3G-CII-4253),DI_KHAN_CLUSTER_02_Rural,100%,0.0,415.0,3.0,508.0,0.0,863.0,215.0,221.0,0.0,98.0,23.1889,3.0,155712.0,159589.0,158392.0,159589.0,0.0,4.0,863.0,847.0,23.1889,100.0,648.0,661.0,0.0,847.0,411.0,415.0,0.0,0.0323,8.2233,0.0427,0.0027,0.0,0.0,8.2233,0.0427,0.0027,0.0,0.0,23.1889,3.0
2021-04-01,20:00,HMWLBSC03,14312.0,14312_Kot Chandna Mianwali (3G-CII-4253),15.0,4312_Kot Chandna Mianwali (3G-CII-4253),DI_KHAN_CLUSTER_02_Rural,100%,0.0,337.0,4.0,592.0,0.0,610.0,500.0,513.0,0.0,259.0,16.3569,4.0,109208.0,110649.0,110049.0,110649.0,1.0,4.0,610.0,609.0,16.3569,100.0,481.0,482.0,1.0,609.0,334.0,337.0,0.2748,1.2903,34.2177,2.2731,0.3754,0.0959,0.0056,34.2177,2.2731,0.3754,0.0959,0.0056,16.3569,4.0
2021-04-01,20:00,HMWLBSC03,34304.0,34304_Mohallah Ghazni Khail Mianwali (3G-CII-4565),14.0,4304_Mohallah Ghazni Khail Mianwali (3G-CII-4565),DI_KHAN_CLUSTER_02_Rural,100%,0.0,135.0,2.0,177.0,0.0,366.0,82.0,84.0,0.0,42.0,8.7972,2.0,58972.0,60537.0,60145.0,60537.0,0.0,0.0,366.0,365.0,8.7972,100.0,196.0,197.0,0.0,365.0,135.0,135.0,0.0,0.0,3.6557,0.0548,0.0,0.0,0.0,3.6557,0.0548,0.0,0.0,0.0,8.7972,2.0
2021-04-01,20:00,HMWLBSC03,24304.0,24304_Mohallah Ghazni Khail Mianwali (3G-CII-4565),13.0,4304_Mohallah Ghazni Khail Mianwali (3G-CII-4565),DI_KHAN_CLUSTER_02_Rural,100%,0.0,42.0,0.0,73.0,0.0,219.0,57.0,59.0,0.0,31.0,1.4556,0.0,9473.0,9602.0,9601.0,9602.0,0.0,0.0,219.0,218.0,1.4556,100.0,161.0,162.0,0.0,218.0,42.0,42.0,0.055,0.2201,9.6117,0.0346,0.016,0.0053,0.0,9.6117,0.0346,0.016,0.0053,0.0,1.4556,0.0
2021-04-01,20:00,HMWLBSC03,14304.0,14304_Mohallah Ghazni Khail Mianwali (3G-CII-4565),12.0,4304_Mohallah Ghazni Khail Mianwali (3G-CII-4565),DI_KHAN_CLUSTER_02_Rural,100%,0.0,321.0,2.0,397.0,0.0,1037.0,172.0,182.0,0.0,78.0,15.6653,2.0,100859.0,104708.0,103820.0,104708.0,4.0,5.0,1037.0,1003.0,15.6653,100.0,584.0,589.0,4.0,1003.0,320.0,321.0,0.0,0.0098,27.2192,0.1599,0.0027,0.0,0.0,27.2192,0.1599,0.0027,0.0,0.0,15.6653,2.0
2021-04-01,20:00,HMWLBSC03,35186.0,35186_Tarag Sharef Qamar Meshani Mianwali (3G-CII-4166),11.0,5186_Tarag Sharef Qamar Meshani Mianwali (3G-CII-4166),DI_KHAN_CLUSTER_02_Rural,100%,0.0,311.0,15.0,388.0,0.0,1018.0,157.0,163.0,0.0,79.0,17.5097,15.0,113630.0,118260.0,117065.0,118260.0,1.0,4.0,1018.0,942.0,17.5097,100.0,594.0,600.0,1.0,942.0,308.0,311.0,0.0,0.0318,25.0498,0.08800000000000001,0.008,0.0,0.0,25.0498,0.08800000000000001,0.008,0.0,0.0,17.5097,15.0
2021-04-01,20:00,HMWLBSC03,25186.0,25186_Tarag Sharef Qamar Meshani Mianwali (3G-CII-4166),10.0,5186_Tarag Sharef Qamar Meshani Mianwali (3G-CII-4166),DI_KHAN_CLUSTER_02_Rural,100%,0.0,177.0,0.0,235.0,0.0,558.0,106.0,117.0,0.0,58.0,6.9083,0.0,45062.0,45849.0,45561.0,45849.0,0.0,0.0,558.0,492.0,6.9083,100.0,339.0,340.0,0.0,492.0,177.0,177.0,0.0,0.0,23.8222,0.0587,0.0,0.0,0.0,23.8222,0.0587,0.0,0.0,0.0,6.9083,0.0
2021-04-01,20:00,HMWLBSC03,15186.0,15186_Tarag Sharef Qamar Meshani Mianwali (3G-CII-4166),9.0,5186_Tarag Sharef Qamar Meshani Mianwali (3G-CII-4166),DI_KHAN_CLUSTER_02_Rural,100%,0.0,192.0,5.0,216.0,0.0,752.0,63.0,65.0,0.0,25.0,9.3083,5.0,61247.0,64000.0,63621.0,64000.0,4.0,5.0,752.0,672.0,9.3083,100.0,465.0,483.0,4.0,672.0,191.0,192.0,0.0,0.0359,14.8169,0.0695,0.0054,0.0,0.0,14.8169,0.0695,0.0054,0.0,0.0,9.3083,5.0
2021-04-01,20:00,HMWLBSC03,35175.0,35175_Pai Khel Mianwali (3G-CII-4650),8.0,5175_Pai Khel Mianwali (3G-CII-4650),DI_KHAN_CLUSTER_02_Rural,100%,0.0,105.0,0.0,143.0,0.0,331.0,76.0,77.0,0.0,38.0,5.1861,0.0,34524.0,35389.0,35145.0,35389.0,0.0,0.0,331.0,327.0,5.1861,100.0,258.0,262.0,0.0,327.0,105.0,105.0,0.0,0.0,14.877,0.0187,0.0,0.0,0.0,14.877,0.0187,0.0,0.0,0.0,5.1861,0.0
2021-04-01,20:00,HMWLBSC03,25175.0,25175_Pai Khel Mianwali (3G-CII-4650),7.0,5175_Pai Khel Mianwali (3G-CII-4650),DI_KHAN_CLUSTER_02_Rural,100%,0.0,82.0,0.0,100.0,0.0,244.0,39.0,40.0,0.0,18.0,4.3486,0.0,29108.0,29620.0,29538.0,29620.0,0.0,0.0,244.0,244.0,4.3486,100.0,202.0,202.0,0.0,244.0,82.0,82.0,0.2458,2.458,4.4267,1.9227,0.14400000000000002,0.0107,0.0053,4.4267,1.9227,0.14400000000000002,0.0107,0.0053,4.3486,0.0
2021-04-01,20:00,HMWLBSC03,15175.0,15175_Pai Khel Mianwali (3G-CII-4650),6.0,5175_Pai Khel Mianwali (3G-CII-4650),DI_KHAN_CLUSTER_02_Rural,100%,0.0,123.0,4.0,145.0,0.0,296.0,43.0,44.0,0.0,22.0,3.8458,4.0,21717.0,22465.0,21698.0,22466.0,0.0,0.0,296.0,290.0,3.8458,100.0,210.0,214.0,0.0,290.0,123.0,123.0,0.0,0.5264,8.1524,0.4385,0.0455,0.0,0.0,8.1524,0.4385,0.0455,0.0,0.0,3.8458,4.0
2021-04-01,20:00,HMWLBSC03,34310.0,34310_Kalabagh District Mianwali (3G-CII-4567),5.0,4310_Kalabagh District Mianwali (3G-CII-4567),DI_KHAN_CLUSTER_02_Rural,100%,0.0,946.0,13.0,1987.0,0.0,2768.0,2155.0,2263.0,1.0,1056.0,47.0014,13.0,298422.0,311623.0,307322.0,311623.0,1.0,9.0,2768.0,2725.0,47.0014,100.0,2229.0,2257.0,1.0,2725.0,938.0,946.0,1.1172,5.7654,10.8013,2.7554,0.6687,0.1179,0.0428,10.8013,2.7554,0.6687,0.1179,0.0428,47.0014,13.0
2021-04-01,20:00,HMWLBSC03,34303.0,34303_Khawaja Sharifabad Mianwali,4.0,4303_Khawaja Sharifabad Mianwali,DI_KHAN_CLUSTER_02_Rural,100%,0.0,155.0,4.0,189.0,0.0,672.0,73.0,73.0,0.0,37.0,7.1597,4.0,46820.0,47911.0,47675.0,47911.0,0.0,3.0,672.0,663.0,7.1597,100.0,426.0,430.0,0.0,663.0,152.0,155.0,0.0,0.0449,11.808,0.048,0.0053,0.0,0.0,11.808,0.048,0.0053,0.0,0.0,7.1597,4.0
2021-04-01,20:00,HMWLBSC03,24303.0,24303_Khawaja Sharifabad Mianwali,3.0,4303_Khawaja Sharifabad Mianwali,DI_KHAN_CLUSTER_02_Rural,100%,0.0,160.0,8.0,197.0,0.0,596.0,58.0,60.0,0.0,35.0,15.6931,8.0,103575.0,110524.0,109453.0,110524.0,0.0,2.0,596.0,586.0,15.6931,100.0,347.0,355.0,0.0,586.0,158.0,160.0,0.0,0.114,4.6551,0.0321,0.0054,0.0,0.0,4.6551,0.0321,0.0054,0.0,0.0,15.6931,8.0
2021-04-01,20:00,HMWLBSC03,14303.0,14303_Khawaja Sharifabad Mianwali,2.0,4303_Khawaja Sharifabad Mianwali,DI_KHAN_CLUSTER_02_Rural,100%,0.0,58.0,1.0,83.0,0.0,206.0,51.0,51.0,0.0,25.0,1.7458,1.0,10462.0,11069.0,10919.0,11069.0,1.0,1.0,206.0,203.0,1.7458,100.0,129.0,129.0,1.0,203.0,58.0,58.0,0.0,0.2144,8.1979,0.5161,0.0187,0.0,0.0,8.1979,0.5161,0.0187,0.0,0.0,1.7458,1.0
2021-04-01,20:00,HMWLBSC03,24310.0,24310_Kalabagh District Mianwali (3G-CII-4567),1.0,4310_Kalabagh District Mianwali (3G-CII-4567),DI_KHAN_CLUSTER_02_Rural,100%,0.0,54.0,1.0,139.0,0.0,79.0,144.0,151.0,0.0,87.0,1.2333,1.0,7085.0,7204.0,7201.0,7204.0,0.0,0.0,79.0,79.0,1.2333,100.0,63.0,63.0,0.0,79.0,54.0,54.0,0.4206,1.1044,9.7556,0.2776,0.0694,0.0347,0.008,9.7556,0.2776,0.0694,0.0347,0.008,1.2333,1.0
2021-04-01,20:00,HMWLBSC03,14310.0,14310_Kalabagh District Mianwali (3G-CII-4567),0.0,4310_Kalabagh District Mianwali (3G-CII-4567),DI_KHAN_CLUSTER_02_Rural,100%,0.0,573.0,4.0,1395.0,0.0,1176.0,1625.0,1656.0,0.0,829.0,22.6722,4.0,146349.0,147586.0,147232.0,147586.0,0.0,0.0,1176.0,1153.0,22.6722,100.0,920.0,939.0,0.0,1153.0,573.0,573.0,4.2053,14.1186,15.2789,4.9484,2.3349,0.6302,0.3602,15.2789,4.9484,2.3349,0.6302,0.3602,22.6722,4.0
2021-04-01,20:00,HDIKBSC02,35130.0,35130_Tiba Niana Bhakkar (3G-CII-4643),129.0,5130_Tiba Niana Bhakkar (3G-CII-4643),DI_KHAN_CLUSTER_02_Rural,100%,0.0,129.0,0.0,213.0,0.0,596.0,165.0,169.0,0.0,88.0,3.7375,0.0,21875.0,23399.0,23327.0,23399.0,2.0,6.0,596.0,570.0,3.7375,100.0,334.0,346.0,2.0,570.0,125.0,129.0,0.0,0.0,43.61,0.0215,0.0,0.0,0.0,43.61,0.0215,0.0,0.0,0.0,3.7375,0.0
2021-04-01,20:00,HDIKBSC02,25130.0,25130_Tiba Niana Bhakkar (3G-CII-4643),128.0,5130_Tiba Niana Bhakkar (3G-CII-4643),DI_KHAN_CLUSTER_02_Rural,100%,0.0,71.0,1.0,112.0,0.0,254.0,77.0,78.0,0.0,43.0,2.6861,1.0,16142.0,17497.0,17155.0,17497.0,0.0,1.0,254.0,241.0,2.6861,100.0,103.0,104.0,0.0,241.0,70.0,71.0,0.0,0.1964,7.8743,0.2754,0.016,0.0,0.0,7.8743,0.2754,0.016,0.0,0.0,2.6861,1.0
2021-04-01,20:00,HDIKBSC02,15130.0,15130_Tiba Niana Bhakkar (3G-CII-4643),127.0,5130_Tiba Niana Bhakkar (3G-CII-4643),DI_KHAN_CLUSTER_02_Rural,100%,0.0,171.0,2.0,284.0,0.0,1391.0,223.0,228.0,0.0,114.0,6.1847,2.0,39683.0,40221.0,40006.0,40221.0,3.0,4.0,1391.0,1370.0,6.1847,100.0,875.0,878.0,3.0,1370.0,170.0,171.0,0.0,0.0,11.4853,0.0187,0.0,0.0,0.0,11.4853,0.0187,0.0,0.0,0.0,6.1847,2.0
2021-04-01,20:00,HDIKBSC03,26907.0,26907_Dahotra Adda DI Khan (3G-CII-4070),9.0,6907_Dahotra Adda DI Khan (3G-CII-4070),DI_KHAN_CLUSTER_02_Rural,100%,0.0,230.0,8.0,312.0,2.0,2350.0,125.0,140.0,0.0,80.0,8.8014,8.0,48776.0,55309.0,54167.0,55309.0,2.0,5.0,2348.0,2330.0,8.8014,100.0,383.0,390.0,2.0,2330.0,227.0,230.0,0.0,0.0,7.2146,0.0501,0.0,0.0,0.0,7.2146,0.0501,0.0,0.0,0.0,8.8014,8.0
2021-04-01,20:00,HDIKBSC03,16907.0,16907_Dahotra Adda DI Khan (3G-CII-4070),8.0,6907_Dahotra Adda DI Khan (3G-CII-4070),DI_KHAN_CLUSTER_02_Rural,100%,0.0,131.0,2.0,222.0,0.0,575.0,168.0,170.0,0.0,90.0,7.3417,2.0,49431.0,50564.0,50064.0,50564.0,0.0,0.0,575.0,561.0,7.3417,100.0,235.0,242.0,0.0,561.0,131.0,131.0,0.1109,0.1109,5.008,0.028999999999999998,0.0,0.0056,0.0,5.008,0.028999999999999998,0.0,0.0056,0.0,7.3417,2.0
2021-04-01,20:00,HDIKBSC03,35145.0,35145_Tanki Road DI Khan (3G-CII-4001),77.0,5145_Tanki Road DI Khan (3G-CII-4001),DI_KHAN_CLUSTER_02_Rural,100%,1.0,303.0,17.0,549.0,6.0,3453.0,370.0,455.0,0.0,257.0,16.2042,17.0,99922.0,107854.0,107114.0,107855.0,1.0,12.0,3447.0,3254.0,16.2042,100.0,579.0,631.0,1.0,3254.0,291.0,303.0,0.0482,0.1925,5.7268,0.0333,0.0083,0.0028,0.0,5.7268,0.0333,0.0083,0.0028,0.0,16.2042,17.0
2021-04-01,20:00,HDIKBSC03,25145.0,25145_Tanki Road DI Khan (3G-CII-4001),76.0,5145_Tanki Road DI Khan (3G-CII-4001),DI_KHAN_CLUSTER_02_Rural,100%,0.0,256.0,0.0,382.0,0.0,886.0,250.0,251.0,0.0,127.0,12.8472,0.0,87974.0,88519.0,88345.0,88519.0,1.0,2.0,886.0,870.0,12.8472,100.0,417.0,417.0,1.0,870.0,255.0,256.0,0.0662,0.0662,3.9746,0.0392,0.0,0.0,0.0027,3.9746,0.0392,0.0,0.0,0.0027,12.8472,0.0
2021-04-01,20:00,HDIKBSC03,15145.0,15145_Tanki Road DI Khan (3G-CII-4001),75.0,5145_Tanki Road DI Khan (3G-CII-4001),DI_KHAN_CLUSTER_02_Rural,100%,0.0,70.0,0.0,92.0,0.0,202.0,44.0,44.0,0.0,22.0,6.0833,0.0,42343.0,42869.0,42859.0,42869.0,0.0,0.0,202.0,202.0,6.0833,100.0,130.0,130.0,0.0,202.0,70.0,70.0,0.0,0.0532,5.1142,0.0746,0.0028,0.0,0.0,5.1142,0.0746,0.0028,0.0,0.0,6.0833,0.0
2021-04-01,20:00,HDIKBSC03,35146.0,35146_Ada Kech DI Khan (3G-CII-4002),32.0,5146_Ada Kech DI Khan (3G-CII-4002),DI_KHAN_CLUSTER_02_Rural,100%,5.0,1251.0,22.0,1647.0,0.0,6704.0,827.0,1013.0,3.0,450.0,48.5819,22.0,277584.0,309699.0,299042.0,309700.0,12.0,54.0,6704.0,6472.0,48.5819,100.0,1815.0,1888.0,12.0,6472.0,1204.0,1251.0,0.024,0.0976,22.9904,0.3152,0.0172,0.0056,0.0,22.9904,0.3152,0.0172,0.0056,0.0,48.5819,22.0
2021-04-01,20:00,HDIKBSC03,25146.0,25146_Ada Kech DI Khan (3G-CII-4002),31.0,5146_Ada Kech DI Khan (3G-CII-4002),DI_KHAN_CLUSTER_02_Rural,100%,0.0,162.0,0.0,258.0,0.0,477.0,176.0,183.0,0.0,99.0,9.5653,0.0,63462.0,65377.0,64979.0,65377.0,0.0,1.0,477.0,468.0,9.5653,100.0,225.0,228.0,0.0,468.0,161.0,162.0,0.5019,1.0597,4.8206,0.0801,0.0276,0.0166,0.0083,4.8206,0.0801,0.0276,0.0166,0.0083,9.5653,0.0
2021-04-01,20:00,HDIKBSC03,32068.0,CII-2068-3_Kut Jai Pahar Pur DI Khan (3G-CII-1012),309.0,CII-2068_Kut Jai Pahar Pur DI Khan (3G-CII-1012),DI_KHAN_CLUSTER_02_Rural,100%,0.0,175.0,4.0,317.0,0.0,535.0,286.0,286.0,0.0,146.0,9.1083,4.0,58565.0,59703.0,58585.0,59703.0,1.0,5.0,535.0,518.0,9.1083,100.0,334.0,343.0,1.0,518.0,171.0,175.0,0.0,0.0,6.7525,0.0,0.0,0.0,0.0,6.7525,0.0,0.0,0.0,0.0,9.1083,4.0
2021-04-01,20:00,HDIKBSC03,22068.0,CII-2068-2_Kut Jai Pahar Pur DI Khan (3G-CII-1012),308.0,CII-2068_Kut Jai Pahar Pur DI Khan (3G-CII-1012),DI_KHAN_CLUSTER_02_Rural,100%,0.0,82.0,0.0,242.0,0.0,352.0,319.0,323.0,0.0,162.0,4.2097,0.0,28105.0,28589.0,28528.0,28589.0,0.0,2.0,352.0,348.0,4.2097,100.0,112.0,113.0,0.0,348.0,80.0,82.0,0.0,0.0,5.9733,0.0107,0.0,0.0,0.0,5.9733,0.0107,0.0,0.0,0.0,4.2097,0.0
2021-04-01,20:00,HDIKBSC03,12068.0,CII-2068-1_Kut Jai Pahar Pur DI Khan (3G-CII-1012),307.0,CII-2068_Kut Jai Pahar Pur DI Khan (3G-CII-1012),DI_KHAN_CLUSTER_02_Rural,100%,0.0,83.0,0.0,230.0,0.0,426.0,286.0,293.0,0.0,149.0,6.4083,0.0,42875.0,44501.0,43864.0,44501.0,0.0,1.0,426.0,422.0,6.4083,100.0,163.0,163.0,0.0,422.0,82.0,83.0,0.0739,0.0739,3.6091,0.0027,0.0,0.0,0.0027,3.6091,0.0027,0.0,0.0,0.0027,6.4083,0.0
2021-04-01,20:00,HDIKBSC03,15146.0,15146_Ada Kech DI Khan (3G-CII-4002),30.0,5146_Ada Kech DI Khan (3G-CII-4002),DI_KHAN_CLUSTER_02_Rural,100%,0.0,121.0,6.0,180.0,0.0,642.0,121.0,134.0,0.0,61.0,3.8361,6.0,22363.0,24095.0,23568.0,24095.0,0.0,4.0,642.0,628.0,3.8361,100.0,183.0,186.0,0.0,628.0,117.0,121.0,0.0,0.0357,7.4667,0.016,0.0027,0.0,0.0,7.4667,0.016,0.0027,0.0,0.0,3.8361,6.0
2021-04-01,20:00,HDIKBSC03,12503.0,CII-2503-1_Kot Awan DI Khan (3G-CII-4093),23.0,CII-2503_Kot Awan DI Khan (3G-CII-4093),DI_KHAN_CLUSTER_02_Rural,100%,0.0,275.0,8.0,512.0,1.0,2927.0,459.0,482.0,0.0,242.0,14.9264,8.0,96596.0,100670.0,99395.0,100670.0,1.0,4.0,2926.0,2883.0,14.9264,100.0,527.0,540.0,1.0,2883.0,272.0,275.0,0.0,0.0,4.4323,0.0368,0.0,0.0,0.0,4.4323,0.0368,0.0,0.0,0.0,14.9264,8.0
2021-04-01,20:00,HDIKBSC03,32503.0,CII-2503-3_Kot Awan DI Khan (3G-CII-4093),205.0,CII-2503_Kot Awan DI Khan (3G-CII-4093),DI_KHAN_CLUSTER_02_Rural,100%,2.0,322.0,11.0,662.0,0.0,4051.0,676.0,693.0,1.0,351.0,15.8431,11.0,96232.0,103794.0,100586.0,103794.0,3.0,13.0,4051.0,4026.0,15.8431,100.0,570.0,581.0,3.0,4026.0,310.0,322.0,0.0,0.0835,3.1544,0.0416,0.0027,0.0,0.0,3.1544,0.0416,0.0027,0.0,0.0,15.8431,11.0
2021-04-01,20:00,HDIKBSC03,22503.0,CII-2503-2_Kot Awan DI Khan (3G-CII-4093),204.0,CII-2503_Kot Awan DI Khan (3G-CII-4093),DI_KHAN_CLUSTER_02_Rural,100%,0.0,248.0,2.0,640.0,0.0,4365.0,764.0,782.0,0.0,392.0,10.4319,2.0,63563.0,66010.0,65249.0,66010.0,0.0,1.0,4365.0,4344.0,10.4319,100.0,434.0,437.0,0.0,4344.0,247.0,248.0,0.0,0.0,10.3729,0.0401,0.0,0.0,0.0,10.3729,0.0401,0.0,0.0,0.0,10.4319,2.0
2021-04-01,20:00,HDIKBSC03,32505.0,CII-2505-3_Roari DI Khan,197.0,CII-2505_Roari DI Khan,DI_KHAN_CLUSTER_02_Rural,100%,0.0,68.0,1.0,127.0,0.0,157.0,117.0,210.0,0.0,152.0,3.1722,1.0,21386.0,21493.0,21372.0,21493.0,0.0,3.0,157.0,157.0,3.1722,100.0,88.0,88.0,0.0,157.0,65.0,68.0,0.0,0.0846,6.2846,0.0,0.0053,0.0,0.0,6.2846,0.0,0.0053,0.0,0.0,3.1722,1.0
2021-04-01,20:00,HDIKBSC03,22505.0,CII-2505-2_Roari DI Khan,196.0,CII-2505_Roari DI Khan,DI_KHAN_CLUSTER_02_Rural,100%,0.0,10.0,0.0,52.0,0.0,98.0,85.0,86.0,0.0,42.0,0.2639,0.0,1724.0,1737.0,1735.0,1737.0,0.0,0.0,98.0,86.0,0.2639,100.0,16.0,16.0,0.0,86.0,10.0,10.0,0.3335,0.3574,11.0851,0.0399,0.0027,0.0186,0.0186,11.0851,0.0399,0.0027,0.0186,0.0186,0.2639,0.0
2021-04-01,20:00,HDIKBSC03,12505.0,CII-2505-1_Roari DI Khan,195.0,CII-2505_Roari DI Khan,DI_KHAN_CLUSTER_02_Rural,100%,0.0,353.0,9.0,352.0,0.0,2211.0,15.0,107.0,0.0,9.0,14.3069,9.0,80940.0,84826.0,78462.0,84826.0,0.0,10.0,2211.0,2151.0,14.3069,100.0,636.0,655.0,0.0,2151.0,343.0,353.0,0.0,1.1429,7.2976,0.2063,0.0868,0.0,0.0,7.2976,0.2063,0.0868,0.0,0.0,14.3069,9.0
2021-04-01,20:00,HDIKBSC03,32504.0,CII-2504-3_Bandkori DI Khan (3G-CII-4094),194.0,CII-2504_Bandkori DI Khan (3G-CII-4094),DI_KHAN_CLUSTER_02_Rural,100%,1.0,332.0,24.0,902.0,1.0,2259.0,887.0,1050.0,1.0,605.0,15.3167,24.0,84561.0,97179.0,94192.0,97180.0,1.0,23.0,2258.0,2168.0,15.3167,100.0,444.0,463.0,1.0,2168.0,309.0,332.0,0.0,0.0637,4.1888,0.0027,0.0027,0.0,0.0,4.1888,0.0027,0.0027,0.0,0.0,15.3167,24.0
2021-04-01,20:00,HDIKBSC03,22504.0,CII-2504-2_Bandkori DI Khan (3G-CII-4094),193.0,CII-2504_Bandkori DI Khan (3G-CII-4094),DI_KHAN_CLUSTER_02_Rural,100%,0.0,92.0,1.0,155.0,0.0,253.0,123.0,128.0,0.0,64.0,4.8014,1.0,31789.0,32515.0,32394.0,32515.0,0.0,1.0,253.0,246.0,4.8014,100.0,163.0,166.0,0.0,246.0,91.0,92.0,0.0377,0.6484,6.7416,0.2889,0.0432,0.0027,0.0,6.7416,0.2889,0.0432,0.0027,0.0,4.8014,1.0
2021-04-01,20:00,HDIKBSC03,12504.0,CII-2504-1_Bandkori DI Khan (3G-CII-4094),192.0,CII-2504_Bandkori DI Khan (3G-CII-4094),DI_KHAN_CLUSTER_02_Rural,100%,0.0,127.0,0.0,198.0,0.0,402.0,144.0,149.0,0.0,72.0,5.2181,0.0,33003.0,35124.0,34979.0,35124.0,0.0,1.0,402.0,395.0,5.2181,100.0,317.0,321.0,0.0,395.0,126.0,127.0,0.0814,0.6106,6.4622,0.0588,0.0347,0.0027,0.0027,6.4622,0.0588,0.0347,0.0027,0.0027,5.2181,0.0
2021-04-01,20:00,HDIKBSC03,32069.0,CII-2069-3_Panyala DI Khan (3G-CII-4085),191.0,CII-2069_Panyala DI Khan (3G-CII-4085),DI_KHAN_CLUSTER_02_Rural,100%,0.0,136.0,6.0,138.0,0.0,1350.0,10.0,10.0,0.0,6.0,7.1667,6.0,42000.0,46347.0,45115.0,46347.0,0.0,7.0,1350.0,1202.0,7.1667,100.0,208.0,240.0,0.0,1202.0,129.0,136.0,0.5763,0.5763,4.1355,0.0053,0.0,0.0053,0.0187,4.1355,0.0053,0.0,0.0053,0.0187,7.1667,6.0
2021-04-01,20:00,HDIKBSC03,22069.0,CII-2069-2_Panyala DI Khan (3G-CII-4085),190.0,CII-2069_Panyala DI Khan (3G-CII-4085),DI_KHAN_CLUSTER_02_Rural,100%,0.0,61.0,2.0,84.0,0.0,379.0,48.0,53.0,0.0,24.0,1.5875,2.0,8787.0,9890.0,9542.0,9890.0,0.0,1.0,379.0,356.0,1.5875,100.0,93.0,94.0,0.0,356.0,60.0,61.0,0.0,0.0,7.156000000000001,0.0106,0.0,0.0,0.0,7.156000000000001,0.0106,0.0,0.0,0.0,1.5875,2.0
2021-04-01,20:00,HDIKBSC03,12069.0,CII-2069-1_Panyala DI Khan (3G-CII-4085),189.0,CII-2069_Panyala DI Khan (3G-CII-4085),DI_KHAN_CLUSTER_02_Rural,100%,0.0,34.0,0.0,62.0,0.0,367.0,49.0,54.0,0.0,29.0,0.9514,0.0,4318.0,5023.0,4927.0,5023.0,2.0,2.0,367.0,348.0,0.9514,100.0,57.0,58.0,2.0,348.0,34.0,34.0,0.0,0.0,9.3493,0.016,0.0,0.0,0.0,9.3493,0.016,0.0,0.0,0.0,0.9514,0.0
2021-04-01,20:00,HDIKBSC03,36914.0,36914_Kat Garh Chashma Road DI Khan,123.0,6914_Kat Garh Chashma Road DI Khan,DI_KHAN_CLUSTER_02_Rural,100%,0.0,105.0,9.0,157.0,0.0,409.0,116.0,118.0,0.0,54.0,3.3556,9.0,19732.0,20373.0,19443.0,20373.0,4.0,7.0,409.0,390.0,3.3556,100.0,171.0,178.0,4.0,390.0,102.0,105.0,0.0,0.0,12.1058,0.037000000000000005,0.0,0.0,0.0,12.1058,0.037000000000000005,0.0,0.0,0.0,3.3556,9.0
2021-04-01,20:00,HDIKBSC03,26914.0,26914_Kat Garh Chashma Road DI Khan,122.0,6914_Kat Garh Chashma Road DI Khan,DI_KHAN_CLUSTER_02_Rural,100%,0.0,215.0,3.0,364.0,0.0,664.0,298.0,303.0,0.0,150.0,15.3486,3.0,105758.0,107946.0,106407.0,107946.0,0.0,1.0,664.0,660.0,15.3486,100.0,400.0,400.0,0.0,660.0,214.0,215.0,0.0,0.0,5.7297,0.0058,0.0,0.0,0.0,5.7297,0.0058,0.0,0.0,0.0,15.3486,3.0
2021-04-01,20:00,HDIKBSC03,16914.0,16914_Kat Garh Chashma Road DI Khan,121.0,6914_Kat Garh Chashma Road DI Khan,DI_KHAN_CLUSTER_02_Rural,100%,0.0,33.0,0.0,46.0,0.0,139.0,21.0,21.0,0.0,13.0,3.8972,0.0,28043.0,28208.0,28066.0,28208.0,0.0,0.0,139.0,139.0,3.8972,100.0,77.0,77.0,0.0,139.0,33.0,33.0,0.0,0.0,8.032,0.0293,0.0,0.0,0.0,8.032,0.0293,0.0,0.0,0.0,3.8972,0.0
2021-04-01,20:00,HDIKBSC03,36913.0,36913_Main Rang Pur Adda Chashma Road DI Khan (3G-CII-4699),120.0,6913_Main Rang Pur Adda Chashma Road DI Khan (3G-CII-4699),DI_KHAN_CLUSTER_02_Rural,100%,0.0,230.0,9.0,360.0,0.0,692.0,233.0,256.0,0.0,133.0,6.5528,9.0,41361.0,42941.0,42483.0,42941.0,3.0,5.0,692.0,661.0,6.5528,100.0,315.0,323.0,3.0,661.0,228.0,230.0,0.0,0.0,11.6252,0.0027,0.0,0.0,0.0,11.6252,0.0027,0.0,0.0,0.0,6.5528,9.0
2021-04-01,20:00,HDIKBSC03,26913.0,26913_Main Rang Pur Adda Chashma Road DI Khan (3G-CII-4699),107.0,6913_Main Rang Pur Adda Chashma Road DI Khan (3G-CII-4699),DI_KHAN_CLUSTER_02_Rural,100%,0.0,147.0,4.0,303.0,0.0,1076.0,316.0,326.0,0.0,157.0,7.4639,4.0,47795.0,49728.0,49400.0,49728.0,0.0,3.0,1076.0,1050.0,7.4639,100.0,341.0,346.0,0.0,1050.0,144.0,147.0,0.0,0.0,7.7679,0.1573,0.0,0.0,0.0,7.7679,0.1573,0.0,0.0,0.0,7.4639,4.0
2021-04-01,20:00,HDIKBSC03,36907.0,36907_Dahotra Adda DI Khan (3G-CII-4070),10.0,6907_Dahotra Adda DI Khan (3G-CII-4070),DI_KHAN_CLUSTER_02_Rural,100%,0.0,138.0,5.0,392.0,0.0,1469.0,480.0,522.0,0.0,260.0,5.5639,5.0,32463.0,34765.0,33822.0,34765.0,0.0,6.0,1469.0,1431.0,5.5639,100.0,235.0,247.0,0.0,1431.0,132.0,138.0,0.0,0.0,4.2696,0.0402,0.0,0.0,0.0,4.2696,0.0402,0.0,0.0,0.0,5.5639,5.0
2021-04-01,20:00,HDIKBSC03,16913.0,16913_Main Rang Pur Adda Chashma Road DI Khan (3G-CII-4699),1.0,6913_Main Rang Pur Adda Chashma Road DI Khan (3G-CII-4699),DI_KHAN_CLUSTER_02_Rural,100%,0.0,160.0,2.0,223.0,0.0,706.0,126.0,134.0,0.0,65.0,13.9097,2.0,96881.0,97721.0,97186.0,97721.0,0.0,1.0,706.0,701.0,13.9097,100.0,298.0,299.0,0.0,701.0,159.0,160.0,0.0,0.0,3.8067,0.0716,0.0,0.0,0.0,3.8067,0.0716,0.0,0.0,0.0,13.9097,2.0
2021-04-01,20:00,HMWLBSC03,32732.0,CII-2732-3_Tur Mianwali (3G-CII-2050),144.0,CII-2732_Tur Mianwali (3G-CII-2050),DI_KHAN_CLUSTER_02_Rural,100%,0.0,41.0,0.0,67.0,0.0,272.0,54.0,55.0,0.0,27.0,2.2111,0.0,14613.0,14759.0,14637.0,14759.0,0.0,1.0,272.0,268.0,2.2111,100.0,179.0,180.0,0.0,268.0,40.0,41.0,0.0,0.0622,21.3573,0.0747,0.0133,0.0,0.0,21.3573,0.0747,0.0133,0.0,0.0,2.2111,0.0
2021-04-01,20:00,HMWLBSC03,22732.0,CII-2732-2_Tur Mianwali (3G-CII-2050),143.0,CII-2732_Tur Mianwali (3G-CII-2050),DI_KHAN_CLUSTER_02_Rural,100%,0.0,177.0,3.0,290.0,0.0,1373.0,244.0,249.0,0.0,118.0,9.7403,3.0,64628.0,65506.0,64980.0,65506.0,0.0,5.0,1373.0,1353.0,9.7403,100.0,399.0,407.0,0.0,1353.0,172.0,177.0,0.0,0.2807,17.8587,0.14400000000000002,0.0507,0.0,0.0,17.8587,0.14400000000000002,0.0507,0.0,0.0,9.7403,3.0
2021-04-01,20:00,HMWLBSC03,12732.0,CII-2732-1_Tur Mianwali (3G-CII-2050),142.0,CII-2732_Tur Mianwali (3G-CII-2050),DI_KHAN_CLUSTER_02_Rural,100%,0.0,102.0,0.0,166.0,0.0,705.0,135.0,136.0,0.0,67.0,6.3083,0.0,40592.0,41806.0,41678.0,41806.0,0.0,3.0,705.0,694.0,6.3083,100.0,263.0,268.0,0.0,694.0,99.0,102.0,0.0,0.0141,18.8487,0.0267,0.0027,0.0,0.0,18.8487,0.0267,0.0027,0.0,0.0,6.3083,0.0
2021-04-01,20:00,HMWLBSC04,16943.0,16943_Head Pakka Mianwali,91.0,6943_Head Pakka Mianwali,DI_KHAN_CLUSTER_02_Rural,100%,0.0,162.0,1.0,317.0,0.0,2222.0,309.0,324.0,0.0,159.0,8.9194,1.0,58399.0,60722.0,59617.0,60722.0,2.0,3.0,2222.0,2183.0,8.9194,100.0,569.0,573.0,2.0,2183.0,161.0,162.0,0.0,1.3995,17.5265,1.123,0.2647,0.0,0.0,17.5265,1.123,0.2647,0.0,0.0,8.9194,1.0
2021-04-01,20:00,HMWLBSC04,26943.0,26943_Head Pakka Mianwali,90.0,6943_Head Pakka Mianwali,DI_KHAN_CLUSTER_02_Rural,100%,0.0,97.0,2.0,114.0,0.0,572.0,37.0,38.0,0.0,17.0,4.0458,2.0,23241.0,25780.0,25543.0,25780.0,4.0,6.0,572.0,555.0,4.0458,100.0,145.0,145.0,4.0,555.0,95.0,97.0,0.0,0.078,13.6925,0.008,0.0107,0.0,0.0,13.6925,0.008,0.0107,0.0,0.0,4.0458,2.0
2021-04-01,20:00,HMWLBSC04,26948.0,26948_Hafiz Wala Mianwali,9.0,6948_Hafiz Wala Mianwali,DI_KHAN_CLUSTER_02_Rural,100%,0.0,45.0,2.0,55.0,0.0,231.0,21.0,21.0,0.0,10.0,1.2958,2.0,7993.0,8199.0,7946.0,8199.0,0.0,0.0,231.0,230.0,1.2958,100.0,110.0,110.0,0.0,230.0,45.0,45.0,0.0,0.0424,12.4016,0.141,0.0053,0.0,0.0,12.4016,0.141,0.0053,0.0,0.0,1.2958,2.0
2021-04-01,20:00,HMWLBSC04,36943.0,36943_Head Pakka Mianwali,89.0,6943_Head Pakka Mianwali,DI_KHAN_CLUSTER_02_Rural,100%,0.0,110.0,3.0,154.0,0.0,605.0,97.0,100.0,0.0,49.0,4.0389,3.0,24821.0,25887.0,25303.0,25887.0,1.0,7.0,605.0,601.0,4.0389,100.0,176.0,177.0,1.0,601.0,104.0,110.0,0.0994,0.6954,4.5107,0.8342,0.0321,0.0054,0.0,4.5107,0.8342,0.0321,0.0054,0.0,4.0389,3.0
2021-04-01,20:00,HMWLBSC04,35162.0,35162_Moza Bakhra Mianwali,85.0,5162_Moza Bakhra Mianwali,DI_KHAN_CLUSTER_02_Rural,100%,0.0,73.0,5.0,98.0,0.0,192.0,57.0,59.0,0.0,25.0,3.7931,5.0,24823.0,25187.0,23656.0,25187.0,0.0,0.0,192.0,188.0,3.7931,100.0,139.0,142.0,0.0,188.0,73.0,73.0,0.0731,0.0731,7.2692,0.0267,0.0,0.0027,0.0027,7.2692,0.0267,0.0,0.0027,0.0027,3.7931,5.0
2021-04-01,20:00,HMWLBSC04,25162.0,25162_Moza Bakhra Mianwali,84.0,5162_Moza Bakhra Mianwali,DI_KHAN_CLUSTER_02_Rural,100%,0.0,228.0,8.0,329.0,1.0,1061.0,240.0,249.0,0.0,105.0,8.1083,8.0,45462.0,48517.0,46672.0,48517.0,2.0,7.0,1060.0,1007.0,8.1083,100.0,500.0,541.0,2.0,1007.0,223.0,228.0,0.4239,0.636,2.2801,0.0757,0.005,0.0,0.0101,2.2801,0.0757,0.005,0.0,0.0101,8.1083,8.0
2021-04-01,20:00,HMWLBSC04,15162.0,15162_Moza Bakhra Mianwali,83.0,5162_Moza Bakhra Mianwali,DI_KHAN_CLUSTER_02_Rural,100%,0.0,39.0,1.0,57.0,0.0,458.0,29.0,30.0,0.0,18.0,1.2083,1.0,5928.0,6909.0,6304.0,6909.0,1.0,1.0,458.0,446.0,1.2083,100.0,69.0,71.0,1.0,446.0,39.0,39.0,0.4522,9.6159,4.1491,2.2594,0.6497,0.0294,0.0027,4.1491,2.2594,0.6497,0.0294,0.0027,1.2083,1.0
2021-04-01,20:00,HMWLBSC04,16948.0,16948_Hafiz Wala Mianwali,8.0,6948_Hafiz Wala Mianwali,DI_KHAN_CLUSTER_02_Rural,100%,0.0,67.0,4.0,92.0,0.0,335.0,47.0,52.0,0.0,25.0,3.3333,4.0,20083.0,21218.0,20284.0,21218.0,0.0,0.0,335.0,327.0,3.3333,100.0,121.0,127.0,0.0,327.0,67.0,67.0,0.0269,0.0269,9.4069,0.4947,0.0,0.0027,0.0,9.4069,0.4947,0.0,0.0027,0.0,3.3333,4.0
2021-04-01,20:00,HMWLBSC04,35139.0,35139_Jhambar Mianwali,79.0,5139_Jhambar Mianwali,DI_KHAN_CLUSTER_02_Rural,100%,0.0,56.0,3.0,103.0,0.0,449.0,75.0,85.0,0.0,47.0,4.1986,3.0,27979.0,28928.0,28664.0,28928.0,0.0,0.0,449.0,442.0,4.1986,100.0,96.0,97.0,0.0,442.0,56.0,56.0,0.0575,0.0766,13.8171,0.096,0.0027,0.008,0.0,13.8171,0.096,0.0027,0.008,0.0,4.1986,3.0
2021-04-01,20:00,HMWLBSC04,25139.0,25139_Jhambar Mianwali,78.0,5139_Jhambar Mianwali,DI_KHAN_CLUSTER_02_Rural,100%,0.0,22.0,0.0,24.0,0.0,134.0,10.0,10.0,0.0,2.0,1.0569,0.0,7015.0,7162.0,7151.0,7162.0,0.0,0.0,134.0,134.0,1.0569,100.0,41.0,41.0,0.0,134.0,22.0,22.0,0.0,0.0301,8.863999999999999,0.0,0.0027,0.0,0.0,8.863999999999999,0.0,0.0027,0.0,0.0,1.0569,0.0
2021-04-01,20:00,HMWLBSC04,15139.0,15139_Jhambar Mianwali,77.0,5139_Jhambar Mianwali,DI_KHAN_CLUSTER_02_Rural,100%,0.0,75.0,3.0,83.0,0.0,343.0,13.0,13.0,0.0,8.0,3.1889,3.0,20771.0,21093.0,20876.0,21093.0,0.0,0.0,343.0,343.0,3.1889,100.0,138.0,138.0,0.0,343.0,75.0,75.0,0.0122,0.6854,21.0123,0.6601,0.1469,0.0,0.0027,21.0123,0.6601,0.1469,0.0,0.0027,3.1889,3.0
2021-04-01,20:00,HMWLBSC04,35161.0,35161_Johrha Wala Mianwali (3G-CII-4645),76.0,5161_Johrha Wala Mianwali (3G-CII-4645),DI_KHAN_CLUSTER_02_Rural,100%,0.0,2.0,0.0,11.0,0.0,22.0,15.0,16.0,0.0,9.0,0.0375,0.0,222.0,254.0,254.0,254.0,0.0,0.0,22.0,21.0,0.0375,100.0,3.0,3.0,0.0,21.0,2.0,2.0,0.0,0.1356,11.6995,0.0532,0.016,0.0,0.0,11.6995,0.0532,0.016,0.0,0.0,0.0375,0.0
2021-04-01,20:00,HMWLBSC04,25161.0,25161_Johrha Wala Mianwali (3G-CII-4645),75.0,5161_Johrha Wala Mianwali (3G-CII-4645),DI_KHAN_CLUSTER_02_Rural,100%,0.0,53.0,0.0,57.0,0.0,145.0,5.0,5.0,0.0,4.0,2.6819,0.0,18433.0,18713.0,18702.0,18713.0,0.0,0.0,145.0,145.0,2.6819,100.0,97.0,97.0,0.0,145.0,53.0,53.0,0.0,0.0,9.1383,0.0186,0.0,0.0,0.0,9.1383,0.0186,0.0,0.0,0.0,2.6819,0.0
2021-04-01,20:00,HMWLBSC04,15161.0,15161_Johrha Wala Mianwali (3G-CII-4645),74.0,5161_Johrha Wala Mianwali (3G-CII-4645),DI_KHAN_CLUSTER_02_Rural,100%,0.0,252.0,8.0,379.0,0.0,1032.0,212.0,225.0,0.0,125.0,15.8472,8.0,102336.0,107995.0,106810.0,107995.0,1.0,3.0,1032.0,1015.0,15.8472,100.0,521.0,535.0,1.0,1015.0,250.0,252.0,1.7094,2.5839999999999996,25.6226,0.4471,0.2341,0.1888,0.2686,25.6226,0.4471,0.2341,0.1888,0.2686,15.8472,8.0
2021-04-01,20:00,HMWLBSC04,35160.0,35160_Chak No 1 DB Mianwali,70.0,5160_Chak No 1 DB Mianwali,DI_KHAN_CLUSTER_02_Rural,100%,0.0,80.0,1.0,110.0,0.0,529.0,61.0,62.0,0.0,33.0,4.6097,1.0,30179.0,31659.0,30978.0,31659.0,0.0,2.0,529.0,526.0,4.6097,100.0,237.0,237.0,0.0,526.0,78.0,80.0,0.0708,0.3896,7.1068,0.4093,0.0241,0.0027,0.0027,7.1068,0.4093,0.0241,0.0027,0.0027,4.6097,1.0
2021-04-01,20:00,HMWLBSC04,36906.0,36906_Blot Sharif DI Khan (3G-CII-4698),7.0,6906_Blot Sharif DI Khan (3G-CII-4698),DI_KHAN_CLUSTER_02_Rural,100%,0.0,258.0,1.0,281.0,0.0,692.0,44.0,47.0,0.0,24.0,9.9181,1.0,62518.0,64466.0,64200.0,64466.0,0.0,1.0,692.0,687.0,9.9181,100.0,435.0,437.0,0.0,687.0,257.0,258.0,0.0,0.0472,11.7615,0.0812,0.0056,0.0,0.0,11.7615,0.0812,0.0056,0.0,0.0,9.9181,1.0
2021-04-01,20:00,HMWLBSC04,25160.0,25160_Chak No 1 DB Mianwali,69.0,5160_Chak No 1 DB Mianwali,DI_KHAN_CLUSTER_02_Rural,100%,0.0,149.0,1.0,166.0,0.0,787.0,36.0,37.0,0.0,18.0,5.2111,1.0,32886.0,33844.0,32924.0,33844.0,1.0,2.0,787.0,776.0,5.2111,100.0,289.0,289.0,1.0,776.0,148.0,149.0,0.0962,3.5148,3.1067,2.2512,0.1898,0.0027,0.0027,3.1067,2.2512,0.1898,0.0027,0.0027,5.2111,1.0
2021-04-01,20:00,HMWLBSC04,15160.0,15160_Chak No 1 DB Mianwali,68.0,5160_Chak No 1 DB Mianwali,DI_KHAN_CLUSTER_02_Rural,100%,0.0,58.0,1.0,78.0,0.0,314.0,43.0,43.0,0.0,24.0,2.7292,1.0,16788.0,18401.0,18191.0,18401.0,1.0,5.0,314.0,313.0,2.7292,100.0,88.0,88.0,1.0,313.0,54.0,58.0,0.9206,2.0317,7.7888,0.4626,0.0936,0.0749,0.0027,7.7888,0.4626,0.0936,0.0749,0.0027,2.7292,1.0
2021-04-01,20:00,HMWLBSC04,36944.0,36944_Chandni Chowk Bhakkar,67.0,6944_Chandni Chowk Bhakkar,DI_KHAN_CLUSTER_02_Rural,100%,0.0,73.0,0.0,106.0,0.0,167.0,58.0,58.0,0.0,33.0,3.6653,0.0,24144.0,24750.0,24733.0,24751.0,0.0,0.0,167.0,167.0,3.6653,100.0,126.0,126.0,0.0,167.0,73.0,73.0,0.0,0.0,15.1067,0.0053,0.0,0.0,0.0,15.1067,0.0053,0.0,0.0,0.0,3.6653,0.0
2021-04-01,20:00,HMWLBSC04,26944.0,26944_Chandni Chowk Bhakkar,66.0,6944_Chandni Chowk Bhakkar,DI_KHAN_CLUSTER_02_Rural,100%,0.0,57.0,0.0,59.0,0.0,133.0,6.0,6.0,0.0,2.0,0.9028,0.0,3029.0,3061.0,3061.0,3061.0,0.0,0.0,133.0,130.0,0.9028,100.0,78.0,80.0,0.0,130.0,57.0,57.0,0.0,0.0,10.8987,0.04,0.0,0.0,0.0,10.8987,0.04,0.0,0.0,0.0,0.9028,0.0
2021-04-01,20:00,HMWLBSC04,16944.0,16944_Chandni Chowk Bhakkar,65.0,6944_Chandni Chowk Bhakkar,DI_KHAN_CLUSTER_02_Rural,100%,0.0,57.0,0.0,64.0,0.0,245.0,14.0,14.0,0.0,6.0,3.6861,0.0,24543.0,25445.0,25323.0,25445.0,0.0,0.0,245.0,245.0,3.6861,100.0,93.0,93.0,0.0,245.0,57.0,57.0,0.0,0.0,5.4987,0.0027,0.0,0.0,0.0,5.4987,0.0027,0.0,0.0,0.0,3.6861,0.0
2021-04-01,20:00,HMWLBSC04,36908.0,36908_Haitoo Bhakkar,64.0,6908_Haitoo Bhakkar,DI_KHAN_CLUSTER_02_Rural,100%,0.0,30.0,2.0,45.0,0.0,268.0,24.0,28.0,0.0,16.0,1.1194,2.0,6166.0,6820.0,6696.0,6820.0,0.0,1.0,268.0,250.0,1.1194,100.0,57.0,64.0,0.0,250.0,29.0,30.0,0.0,0.0,7.4291,0.008,0.0,0.0,0.0,7.4291,0.008,0.0,0.0,0.0,1.1194,2.0
2021-04-01,20:00,HMWLBSC04,26908.0,26908_Haitoo Bhakkar,63.0,6908_Haitoo Bhakkar,DI_KHAN_CLUSTER_02_Rural,100%,0.0,41.0,2.0,63.0,0.0,117.0,40.0,40.0,0.0,22.0,1.6083,2.0,10516.0,11020.0,10884.0,11020.0,0.0,0.0,117.0,117.0,1.6083,100.0,71.0,71.0,0.0,117.0,41.0,41.0,0.0,0.0,9.6087,0.0,0.0,0.0,0.0,9.6087,0.0,0.0,0.0,0.0,1.6083,2.0
2021-04-01,20:00,HMWLBSC04,16908.0,16908_Haitoo Bhakkar,62.0,6908_Haitoo Bhakkar,DI_KHAN_CLUSTER_02_Rural,100%,0.0,37.0,0.0,37.0,0.0,122.0,4.0,4.0,0.0,2.0,1.0028,0.0,6062.0,6279.0,6179.0,6279.0,0.0,2.0,122.0,121.0,1.0028,100.0,75.0,76.0,0.0,121.0,35.0,37.0,0.0,0.0,9.7808,0.0989,0.0,0.0,0.0,9.7808,0.0989,0.0,0.0,0.0,1.0028,0.0
2021-04-01,20:00,HMWLBSC04,35156.0,35156_Sumblanwala Mianwali (3G-CII-4203),61.0,5156_Sumblanwala Mianwali (3G-CII-4203),DI_KHAN_CLUSTER_02_Rural,100%,0.0,315.0,5.0,518.0,0.0,1085.0,416.0,434.0,0.0,205.0,10.8375,5.0,68931.0,70677.0,70263.0,70677.0,2.0,3.0,1085.0,1070.0,10.8375,100.0,630.0,635.0,2.0,1070.0,314.0,315.0,0.2382,0.7318,15.1296,0.3883,0.0772,0.0319,0.0053,15.1296,0.3883,0.0772,0.0319,0.0053,10.8375,5.0
2021-04-01,20:00,HMWLBSC04,25156.0,25156_Sumblanwala Mianwali (3G-CII-4203),60.0,5156_Sumblanwala Mianwali (3G-CII-4203),DI_KHAN_CLUSTER_02_Rural,100%,0.0,352.0,2.0,889.0,0.0,1836.0,1117.0,1126.0,0.0,540.0,12.3542,2.0,77506.0,77814.0,77287.0,77814.0,0.0,1.0,1836.0,1834.0,12.3542,100.0,1612.0,1613.0,0.0,1834.0,351.0,352.0,0.3239,1.8198,23.8857,2.1099,0.3961,0.0697,0.0161,23.8857,2.1099,0.3961,0.0697,0.0161,12.3542,2.0
2021-04-01,20:00,HMWLBSC04,26906.0,26906_Blot Sharif DI Khan (3G-CII-4698),6.0,6906_Blot Sharif DI Khan (3G-CII-4698),DI_KHAN_CLUSTER_02_Rural,100%,0.0,100.0,2.0,140.0,0.0,405.0,82.0,88.0,0.0,41.0,5.7611,2.0,37997.0,39140.0,38553.0,39140.0,0.0,1.0,405.0,393.0,5.7611,100.0,205.0,206.0,0.0,393.0,99.0,100.0,0.0,0.6432,6.5162,0.1092,0.0429,0.0,0.0,6.5162,0.1092,0.0429,0.0,0.0,5.7611,2.0
2021-04-01,20:00,HMWLBSC04,15156.0,15156_Sumblanwala Mianwali (3G-CII-4203),59.0,5156_Sumblanwala Mianwali (3G-CII-4203),DI_KHAN_CLUSTER_02_Rural,100%,0.0,292.0,2.0,498.0,0.0,951.0,413.0,418.0,0.0,208.0,11.325,2.0,72409.0,72603.0,72271.0,72603.0,0.0,1.0,951.0,943.0,11.325,100.0,636.0,636.0,0.0,943.0,291.0,292.0,0.2273,0.7333,21.0192,0.6105,0.1103,0.0495,0.0,21.0192,0.6105,0.1103,0.0495,0.0,11.325,2.0
2021-04-01,20:00,HMWLBSC04,34366.0,34366_Mohallah Naqsh Bandi Kundian Mianwali (3G-CII-1029),55.0,4366_Mohallah Naqsh Bandi Kundian Mianwali (3G-CII-1029),DI_KHAN_CLUSTER_02_Rural,100%,0.0,61.0,0.0,108.0,0.0,227.0,97.0,99.0,0.0,47.0,2.1333,0.0,14057.0,14105.0,14101.0,14105.0,0.0,0.0,227.0,223.0,2.1333,100.0,149.0,151.0,0.0,223.0,61.0,61.0,0.3521,0.8936,9.3493,0.4107,0.0533,0.0347,0.0,9.3493,0.4107,0.0533,0.0347,0.0,2.1333,0.0
2021-04-01,20:00,HMWLBSC04,24366.0,24366_Mohallah Naqsh Bandi Kundian Mianwali (3G-CII-1029),54.0,4366_Mohallah Naqsh Bandi Kundian Mianwali (3G-CII-1029),DI_KHAN_CLUSTER_02_Rural,100%,0.0,259.0,1.0,440.0,0.0,546.0,346.0,354.0,0.0,181.0,9.3931,1.0,60217.0,60775.0,60523.0,60775.0,0.0,0.0,546.0,542.0,9.3931,100.0,474.0,477.0,0.0,542.0,259.0,259.0,0.5903,1.3894,21.94,0.8336,0.1846,0.1256,0.0107,21.94,0.8336,0.1846,0.1256,0.0107,9.3931,1.0
2021-04-01,20:00,HMWLBSC04,14366.0,14366_Mohallah Naqsh Bandi Kundian Mianwali (3G-CII-1029),53.0,4366_Mohallah Naqsh Bandi Kundian Mianwali (3G-CII-1029),DI_KHAN_CLUSTER_02_Rural,100%,0.0,185.0,3.0,338.0,0.0,528.0,310.0,313.0,0.0,152.0,6.3528,3.0,41076.0,41148.0,41109.0,41148.0,0.0,1.0,528.0,526.0,6.3528,100.0,425.0,426.0,0.0,526.0,184.0,185.0,0.4927,3.9896,17.4924,3.8136,0.7759999999999999,0.08800000000000001,0.0213,17.4924,3.8136,0.7759999999999999,0.08800000000000001,0.0213,6.3528,3.0
2021-04-01,20:00,HMWLBSC04,16906.0,16906_Blot Sharif DI Khan (3G-CII-4698),5.0,6906_Blot Sharif DI Khan (3G-CII-4698),DI_KHAN_CLUSTER_02_Rural,100%,0.0,213.0,1.0,258.0,0.0,823.0,99.0,101.0,0.0,50.0,8.6764,1.0,57170.0,59419.0,58990.0,59419.0,0.0,3.0,823.0,807.0,8.6764,100.0,649.0,661.0,0.0,807.0,210.0,213.0,0.0,0.0,20.6628,0.0155,0.0,0.0,0.0,20.6628,0.0155,0.0,0.0,0.0,8.6764,1.0
2021-04-01,20:00,HMWLBSC04,24365.0,24365_Kundian Mianwali (3G-CII-4195),49.0,4365_Kundian Mianwali (3G-CII-4195),DI_KHAN_CLUSTER_02_Rural,100%,2.0,324.0,2.0,603.0,0.0,927.0,549.0,551.0,13.0,295.0,12.6222,2.0,81611.0,82174.0,81463.0,82174.0,0.0,1.0,927.0,913.0,12.6222,100.0,704.0,706.0,0.0,913.0,321.0,324.0,3.0172,11.2542,28.7257,5.6417,3.1898,0.9599,0.2086,28.7257,5.6417,3.1898,0.9599,0.2086,12.6222,2.0
2021-04-01,20:00,HMWLBSC04,14365.0,14365_Kundian Mianwali (3G-CII-4195),48.0,4365_Kundian Mianwali (3G-CII-4195),DI_KHAN_CLUSTER_02_Rural,100%,0.0,440.0,2.0,746.0,0.0,1455.0,595.0,615.0,0.0,309.0,16.4833,2.0,106726.0,107806.0,107311.0,107806.0,0.0,2.0,1455.0,1452.0,16.4833,100.0,1028.0,1030.0,0.0,1452.0,438.0,440.0,0.168,0.7168,23.0785,0.6203,0.131,0.0214,0.0187,23.0785,0.6203,0.131,0.0214,0.0187,16.4833,2.0
2021-04-01,20:00,HMWLBSC04,34365.0,34365_Kundian Mianwali (3G-CII-4195),47.0,4365_Kundian Mianwali (3G-CII-4195),DI_KHAN_CLUSTER_02_Rural,100%,0.0,222.0,0.0,429.0,0.0,724.0,422.0,424.0,0.0,208.0,7.4028,0.0,47299.0,47561.0,47257.0,47561.0,0.0,0.0,724.0,715.0,7.4028,100.0,513.0,513.0,0.0,715.0,222.0,222.0,2.7891,10.1613,14.864,2.2293,1.4027,0.3653,0.1653,14.864,2.2293,1.4027,0.3653,0.1653,7.4028,0.0
2021-04-01,20:00,HMWLBSC04,35496.0,35496_Mahibal Sharif Bhakkar,46.0,5496_Mahibal Sharif Bhakkar,DI_KHAN_CLUSTER_02_Rural,100%,0.0,41.0,0.0,55.0,0.0,274.0,19.0,27.0,0.0,15.0,3.0611,0.0,21160.0,21194.0,21191.0,21194.0,0.0,0.0,274.0,274.0,3.0611,100.0,169.0,169.0,0.0,274.0,41.0,41.0,0.0,0.0342,7.7893,0.0053,0.0027,0.0,0.0,7.7893,0.0053,0.0027,0.0,0.0,3.0611,0.0
2021-04-01,20:00,HMWLBSC04,25496.0,25496_Mahibal Sharif Bhakkar,45.0,5496_Mahibal Sharif Bhakkar,DI_KHAN_CLUSTER_02_Rural,100%,0.0,95.0,0.0,155.0,0.0,817.0,116.0,122.0,0.0,62.0,5.4181,0.0,35426.0,35853.0,35549.0,35853.0,0.0,0.0,817.0,803.0,5.4181,100.0,323.0,323.0,0.0,803.0,95.0,95.0,0.0,0.0,14.1015,0.0722,0.0,0.0,0.0,14.1015,0.0722,0.0,0.0,0.0,5.4181,0.0
2021-04-01,20:00,HMWLBSC04,15496.0,15496_Mahibal Sharif Bhakkar,44.0,5496_Mahibal Sharif Bhakkar,DI_KHAN_CLUSTER_02_Rural,100%,0.0,47.0,4.0,55.0,0.0,206.0,16.0,16.0,0.0,8.0,1.5931,4.0,9790.0,10065.0,9807.0,10065.0,0.0,0.0,206.0,204.0,1.5931,100.0,108.0,109.0,0.0,204.0,47.0,47.0,0.0,0.0,8.2373,0.0213,0.0,0.0,0.0,8.2373,0.0213,0.0,0.0,0.0,1.5931,4.0
2021-04-01,20:00,HMWLBSC04,35495.0,35495_Ghareeb Abad Mianwali,40.0,5495_Ghareeb Abad Mianwali,DI_KHAN_CLUSTER_02_Rural,100%,0.0,124.0,1.0,162.0,0.0,586.0,78.0,79.0,0.0,39.0,6.2792,1.0,41379.0,42474.0,42101.0,42474.0,2.0,3.0,586.0,584.0,6.2792,100.0,259.0,260.0,2.0,584.0,123.0,124.0,0.0628,0.157,8.4217,0.0319,0.008,0.0027,0.0027,8.4217,0.0319,0.008,0.0027,0.0027,6.2792,1.0
2021-04-01,20:00,HMWLBSC04,35150.0,35150_Kaloor Kot Bhakkar (3G-CII-4146),4.0,5150_Kaloor Kot Bhakkar (3G-CII-4146),DI_KHAN_CLUSTER_02_Rural,100%,0.0,194.0,0.0,276.0,0.0,689.0,161.0,171.0,0.0,82.0,12.8264,0.0,85582.0,87394.0,86313.0,87394.0,0.0,0.0,689.0,683.0,12.8264,100.0,365.0,366.0,0.0,683.0,194.0,194.0,0.1605,0.5242,24.2968,0.5399,0.0908,0.0374,0.0027,24.2968,0.5399,0.0908,0.0374,0.0027,12.8264,0.0
2021-04-01,20:00,HMWLBSC04,25495.0,25495_Ghareeb Abad Mianwali,39.0,5495_Ghareeb Abad Mianwali,DI_KHAN_CLUSTER_02_Rural,100%,0.0,107.0,1.0,136.0,0.0,587.0,59.0,59.0,0.0,29.0,3.2208,1.0,20044.0,20239.0,20143.0,20239.0,0.0,0.0,587.0,580.0,3.2208,100.0,247.0,249.0,0.0,580.0,107.0,107.0,0.0,0.0591,13.0405,0.4191,0.008,0.0,0.0,13.0405,0.4191,0.008,0.0,0.0,3.2208,1.0
2021-04-01,20:00,HMWLBSC04,15495.0,15495_Ghareeb Abad Mianwali,38.0,5495_Ghareeb Abad Mianwali,DI_KHAN_CLUSTER_02_Rural,100%,0.0,62.0,0.0,100.0,0.0,320.0,79.0,79.0,0.0,38.0,2.4611,0.0,16434.0,16524.0,16410.0,16524.0,1.0,1.0,320.0,318.0,2.4611,100.0,182.0,182.0,1.0,318.0,62.0,62.0,3.0368,5.3425,14.3166,1.037,0.374,0.2332,0.2594,14.3166,1.037,0.374,0.2332,0.2594,2.4611,0.0
2021-04-01,20:00,HMWLBSC04,36946.0,36946_Adda Fazil Mianwali Bhakkar,37.0,6946_Adda Fazil Mianwali Bhakkar,DI_KHAN_CLUSTER_02_Rural,100%,0.0,58.0,2.0,83.0,0.0,139.0,54.0,55.0,0.0,25.0,2.4097,2.0,15587.0,15714.0,15573.0,15714.0,0.0,0.0,139.0,133.0,2.4097,100.0,103.0,103.0,0.0,133.0,58.0,58.0,0.0314,0.0314,8.4628,0.0,0.0,0.0,0.0027,8.4628,0.0,0.0,0.0,0.0027,2.4097,2.0
2021-04-01,20:00,HMWLBSC04,26946.0,26946_Adda Fazil Mianwali Bhakkar,36.0,6946_Adda Fazil Mianwali Bhakkar,DI_KHAN_CLUSTER_02_Rural,100%,0.0,62.0,2.0,106.0,0.0,244.0,81.0,83.0,0.0,44.0,3.4806,2.0,22809.0,23486.0,22619.0,23486.0,0.0,0.0,244.0,244.0,3.4806,100.0,106.0,106.0,0.0,244.0,62.0,62.0,0.0,0.0,7.3032,0.0053,0.0,0.0,0.0,7.3032,0.0053,0.0,0.0,0.0,3.4806,2.0
2021-04-01,20:00,HMWLBSC04,16946.0,16946_Adda Fazil Mianwali Bhakkar,35.0,6946_Adda Fazil Mianwali Bhakkar,DI_KHAN_CLUSTER_02_Rural,100%,0.0,97.0,0.0,151.0,0.0,184.0,111.0,112.0,0.0,54.0,3.7417,0.0,24368.0,24606.0,24274.0,24606.0,0.0,0.0,184.0,183.0,3.7417,100.0,147.0,147.0,0.0,183.0,97.0,97.0,0.0,0.0,4.0067,0.0,0.0,0.0,0.0,4.0067,0.0,0.0,0.0,0.0,3.7417,0.0
2021-04-01,20:00,HMWLBSC04,36942.0,36942_Harnoli Mianwali (3G-CII-4705),34.0,6942_Harnoli Mianwali (3G-CII-4705),DI_KHAN_CLUSTER_02_Rural,100%,0.0,198.0,1.0,258.0,0.0,684.0,117.0,127.0,0.0,64.0,7.3194,1.0,43058.0,45798.0,45468.0,45798.0,0.0,5.0,684.0,674.0,7.3194,100.0,487.0,492.0,0.0,674.0,193.0,198.0,0.2354,0.5832,4.6417,0.3253,0.0174,0.0088,0.0029,4.6417,0.3253,0.0174,0.0088,0.0029,7.3194,1.0
2021-04-01,20:00,HMWLBSC04,26942.0,26942_Harnoli Mianwali (3G-CII-4705),33.0,6942_Harnoli Mianwali (3G-CII-4705),DI_KHAN_CLUSTER_02_Rural,100%,0.0,18.0,1.0,33.0,0.0,106.0,27.0,29.0,0.0,15.0,0.3417,1.0,1237.0,1923.0,1921.0,1923.0,0.0,0.0,106.0,103.0,0.3417,100.0,69.0,70.0,0.0,103.0,18.0,18.0,0.1384,0.4844,11.1029,0.4027,0.04,0.0133,0.0027,11.1029,0.4027,0.04,0.0133,0.0027,0.3417,1.0
2021-04-01,20:00,HMWLBSC04,16942.0,16942_Harnoli Mianwali (3G-CII-4705),32.0,6942_Harnoli Mianwali (3G-CII-4705),DI_KHAN_CLUSTER_02_Rural,100%,0.0,91.0,0.0,126.0,0.0,421.0,71.0,73.0,0.0,35.0,5.3986,0.0,36387.0,36549.0,36502.0,36549.0,0.0,0.0,421.0,417.0,5.3986,100.0,261.0,263.0,0.0,417.0,91.0,91.0,0.0,0.1468,16.215999999999998,0.1067,0.024,0.0,0.0,16.215999999999998,0.1067,0.024,0.0,0.0,5.3986,0.0
2021-04-01,20:00,HMWLBSC04,25150.0,25150_Kaloor Kot Bhakkar (3G-CII-4146),3.0,5150_Kaloor Kot Bhakkar (3G-CII-4146),DI_KHAN_CLUSTER_02_Rural,100%,0.0,93.0,1.0,174.0,0.0,467.0,160.0,165.0,0.0,83.0,4.5931,1.0,30666.0,31246.0,30811.0,31246.0,1.0,2.0,467.0,460.0,4.5931,100.0,192.0,195.0,1.0,460.0,92.0,93.0,0.1856,1.7716,14.9171,0.608,0.2507,0.0267,0.0027,14.9171,0.608,0.2507,0.0267,0.0027,4.5931,1.0
2021-04-01,20:00,HMWLBSC04,34338.0,34338_Nasirabad Kundian Chashma (Gold) Mianwali (3G-CII-4381),25.0,4338_Nasirabad Kundian Chashma (Gold) Mianwali (3G-CII-4381),DI_KHAN_CLUSTER_02_Rural,100%,0.0,508.0,2.0,860.0,0.0,1426.0,712.0,722.0,0.0,356.0,21.6639,2.0,141310.0,142397.0,141846.0,142397.0,1.0,3.0,1426.0,1420.0,21.6639,100.0,977.0,982.0,1.0,1420.0,506.0,508.0,0.0438,0.2854,23.6967,0.575,0.0588,0.0107,0.0,23.6967,0.575,0.0588,0.0107,0.0,21.6639,2.0
2021-04-01,20:00,HMWLBSC04,24338.0,24338_Nasirabad Kundian Chashma (Gold) Mianwali (3G-CII-4381),24.0,4338_Nasirabad Kundian Chashma (Gold) Mianwali (3G-CII-4381),DI_KHAN_CLUSTER_02_Rural,100%,103.0,774.0,7.0,1091.0,0.0,2860.0,900.0,914.0,0.0,452.0,30.4222,7.0,190186.0,199890.0,197668.0,199890.0,0.0,30.0,2860.0,2827.0,30.4222,100.0,1563.0,1580.0,0.0,2827.0,641.0,774.0,2.0645,7.1492,38.887,4.4110000000000005,2.3711,0.6827,0.28,38.887,4.4110000000000005,2.3711,0.6827,0.28,30.4222,7.0
2021-04-01,20:00,HMWLBSC04,14338.0,14338_Nasirabad Kundian Chashma (Gold) Mianwali (3G-CII-4381),23.0,4338_Nasirabad Kundian Chashma (Gold) Mianwali (3G-CII-4381),DI_KHAN_CLUSTER_02_Rural,100%,0.0,134.0,0.0,198.0,0.0,239.0,126.0,128.0,0.0,64.0,4.1222,0.0,26225.0,26300.0,26289.0,26300.0,0.0,0.0,239.0,239.0,4.1222,100.0,212.0,212.0,0.0,239.0,134.0,134.0,0.0482,0.2408,10.9545,0.1257,0.0214,0.0054,0.0,10.9545,0.1257,0.0214,0.0054,0.0,4.1222,0.0
2021-04-01,20:00,HMWLBSC04,35497.0,35497_Rodi Village Bhakkar,22.0,5497_Rodi Village Bhakkar,DI_KHAN_CLUSTER_02_Rural,100%,0.0,30.0,0.0,43.0,0.0,169.0,24.0,24.0,0.0,13.0,1.9972,0.0,13615.0,13665.0,13622.0,13665.0,0.0,0.0,169.0,167.0,1.9972,100.0,95.0,97.0,0.0,167.0,30.0,30.0,0.0,0.0,15.877,0.0,0.0,0.0,0.0,15.877,0.0,0.0,0.0,0.0,1.9972,0.0
2021-04-01,20:00,HMWLBSC04,25497.0,25497_Rodi Village Bhakkar,21.0,5497_Rodi Village Bhakkar,DI_KHAN_CLUSTER_02_Rural,100%,0.0,37.0,0.0,50.0,0.0,109.0,28.0,28.0,0.0,13.0,3.1583,0.0,21900.0,22127.0,22093.0,22127.0,0.0,0.0,109.0,108.0,3.1583,100.0,74.0,74.0,0.0,108.0,37.0,37.0,0.0,0.0,7.7326,0.0267,0.0,0.0,0.0,7.7326,0.0267,0.0,0.0,0.0,3.1583,0.0
2021-04-01,20:00,HMWLBSC04,15497.0,15497_Rodi Village Bhakkar,20.0,5497_Rodi Village Bhakkar,DI_KHAN_CLUSTER_02_Rural,100%,0.0,28.0,2.0,56.0,0.0,120.0,57.0,57.0,0.0,28.0,1.8153,2.0,9817.0,11830.0,10918.0,11830.0,0.0,0.0,120.0,119.0,1.8153,100.0,57.0,58.0,0.0,119.0,28.0,28.0,0.35,0.7501,15.245999999999999,0.6738,0.0642,0.0401,0.016,15.245999999999999,0.6738,0.0642,0.0401,0.016,1.8153,2.0
2021-04-01,20:00,HMWLBSC04,15150.0,15150_Kaloor Kot Bhakkar (3G-CII-4146),2.0,5150_Kaloor Kot Bhakkar (3G-CII-4146),DI_KHAN_CLUSTER_02_Rural,100%,0.0,43.0,0.0,94.0,0.0,158.0,106.0,106.0,0.0,51.0,2.4917,0.0,16949.0,17036.0,16944.0,17036.0,0.0,0.0,158.0,158.0,2.4917,100.0,110.0,110.0,0.0,158.0,43.0,43.0,0.0268,0.1074,18.4064,1.4706,0.016,0.0027,0.0027,18.4064,1.4706,0.016,0.0027,0.0027,2.4917,0.0
2021-04-01,20:00,HMWLBSC04,34339.0,34339_Chashma Power Plant (Gold) Mianwali (3G-CII-3828),19.0,4339_Chashma Power Plant (Gold) Mianwali (3G-CII-3828),DI_KHAN_CLUSTER_02_Rural,100%,0.0,1262.0,4.0,1757.0,0.0,4161.0,936.0,952.0,4.0,502.0,57.7389,4.0,335426.0,340634.0,338300.0,340634.0,1.0,7.0,4161.0,4149.0,57.7389,100.0,2441.0,2447.0,1.0,4149.0,1256.0,1262.0,0.6094,2.0715,60.8915,4.3497,0.9740000000000001,0.3126,0.0934,60.8915,4.3497,0.9740000000000001,0.3126,0.0934,57.7389,4.0
2021-04-01,20:00,HMWLBSC04,24339.0,24339_Chashma Power Plant (Gold) Mianwali (3G-CII-3828),18.0,4339_Chashma Power Plant (Gold) Mianwali (3G-CII-3828),DI_KHAN_CLUSTER_02_Rural,100%,0.0,243.0,2.0,381.0,0.0,772.0,301.0,307.0,0.0,153.0,9.1792,2.0,56786.0,58222.0,58204.0,58222.0,2.0,15.0,772.0,769.0,9.1792,100.0,530.0,531.0,2.0,769.0,230.0,243.0,0.2561,0.7043,29.7978,3.286,0.1493,0.0693,0.016,29.7978,3.286,0.1493,0.0693,0.016,9.1792,2.0
2021-04-01,20:00,HMWLBSC04,22585.0,CII-2585-2_Sadiqui Bazar Mianwali (3G-CII-4232),17.0,CII-2585_Sadiqui Bazar Mianwali (3G-CII-4232),DI_KHAN_CLUSTER_02_Rural,100%,0.0,408.0,0.0,761.0,0.0,2439.0,760.0,765.0,0.0,354.0,8.575,0.0,50693.0,50892.0,50643.0,50892.0,0.0,1.0,2439.0,2436.0,8.575,100.0,2201.0,2202.0,0.0,2436.0,407.0,408.0,0.0464,0.1161,22.798000000000002,0.1333,0.016,0.008,0.0027,22.798000000000002,0.1333,0.016,0.008,0.0027,8.575,0.0
2021-04-01,20:00,HMWLBSC04,35155.0,35155_Liaqat Abad Mianwali (3G-CII-4309),16.0,5155_Liaqat Abad Mianwali (3G-CII-4309),DI_KHAN_CLUSTER_02_Rural,100%,0.0,214.0,4.0,311.0,0.0,702.0,197.0,200.0,0.0,99.0,10.1847,4.0,64074.0,66839.0,65440.0,66839.0,0.0,2.0,702.0,694.0,10.1847,100.0,517.0,523.0,0.0,694.0,212.0,214.0,0.0136,0.1898,22.892,0.079,0.0406,0.0031,0.0,22.892,0.079,0.0406,0.0031,0.0,10.1847,4.0
2021-04-01,20:00,HMWLBSC04,25155.0,25155_Liaqat Abad Mianwali (3G-CII-4309),15.0,5155_Liaqat Abad Mianwali (3G-CII-4309),DI_KHAN_CLUSTER_02_Rural,100%,0.0,52.0,0.0,115.0,0.0,259.0,122.0,122.0,0.0,63.0,4.8444,0.0,34619.0,34692.0,34672.0,34692.0,0.0,0.0,259.0,259.0,4.8444,100.0,217.0,217.0,0.0,259.0,52.0,52.0,0.0,0.2147,7.3013,0.136,0.016,0.0,0.0,7.3013,0.136,0.016,0.0,0.0,4.8444,0.0
2021-04-01,20:00,HMWLBSC04,15155.0,15155_Liaqat Abad Mianwali (3G-CII-4309),14.0,5155_Liaqat Abad Mianwali (3G-CII-4309),DI_KHAN_CLUSTER_02_Rural,100%,0.0,125.0,1.0,189.0,0.0,465.0,113.0,116.0,0.0,63.0,7.9514,1.0,55123.0,55614.0,55372.0,55614.0,0.0,0.0,465.0,464.0,7.9514,100.0,275.0,276.0,0.0,464.0,125.0,125.0,0.0,0.0542,14.6965,0.0613,0.008,0.0,0.0,14.6965,0.0613,0.008,0.0,0.0,7.9514,1.0
2021-04-01,20:00,HMWLBSC04,36948.0,36948_Hafiz Wala Mianwali,10.0,6948_Hafiz Wala Mianwali,DI_KHAN_CLUSTER_02_Rural,100%,0.0,59.0,0.0,84.0,0.0,299.0,51.0,51.0,0.0,25.0,2.8181,0.0,19390.0,19490.0,19396.0,19490.0,0.0,0.0,299.0,298.0,2.8181,100.0,93.0,93.0,0.0,298.0,59.0,59.0,0.0,0.9359,10.9388,2.5745,0.1277,0.0,0.0,10.9388,2.5745,0.1277,0.0,0.0,2.8181,0.0
2021-04-01,20:00,HMWLBSC04,14339.0,14339_Chashma Power Plant (Gold) Mianwali (3G-CII-3828),0.0,4339_Chashma Power Plant (Gold) Mianwali (3G-CII-3828),DI_KHAN_CLUSTER_02_Rural,100%,0.0,131.0,3.0,360.0,0.0,329.0,447.0,450.0,0.0,229.0,6.8222,3.0,44211.0,44734.0,44516.0,44734.0,0.0,0.0,329.0,327.0,6.8222,100.0,217.0,217.0,0.0,327.0,131.0,131.0,0.0694,0.2602,15.140999999999998,0.1516,0.0293,0.0053,0.0053,15.140999999999998,0.1516,0.0293,0.0053,0.0053,6.8222,3.0
