Status*,Notes,Technology,KPI_List
Assigned,"['Cell KPI Degraded', ' Cell=Ctttt', 'Site =CXtttt', ' BSC =CBttt', ' Vendor =Ericsson', ' Region =CHI', ' Issue = Operational', ' Degraded KPI = CSSR,TCH_Availabality', ' CSSR=0, TCH_Cong=0, SD_Cong =0, SD_Drop = 0, CDR =0,TCH Ava =0']",2G,"CSSR,TCH_Availabality"
Assigned,"['Cell KPI Degraded', ' Cell=Ctttt', 'Site =CXtttt', ' BSC =CBttt', ' Vendor =Ericsson', ' Region =CHI', ' Region =CHITTAGONG SOUTH', ' Issue = Operational', ' Degraded KPI = CSSR,TCH_Availabality', ' CSSR=0, TCH_Cong=0, SD_Cong =0, SD_Drop = 0, CDR =0,TCH Ava =0']",2G,"CSSR,TCH_Availabality"
Assigned,"['Cell KPI Degraded', ' Cell=Ctttt', 'Site =CXtttt', ' BSC =CBttt', ' Vendor =Ericsson', ' Region =CHI', '', ' Issue=Quality', ' Degraded KPI=TASR,CDR,SD_Drop', ' TCH Availability=110', '9, SD_Cong=0, SD_Drop Rate=4', '93, TASR=88', '28, CDR=4', '37, TCH Cong=0, Traffic=34', '13, No of Call Drop=83, No of SD Drop=297', ' Degraded Index=Accessibility,Retainability', ' As of 01-JUN-21']",2G,"TASR,CDR,SD_Drop"
Assigned,"['Cell KPI Degraded', ' Cell=Ctttt', 'Site =CXtttt', ' BSC =CBttt', ' Vendor =Ericsson', ' Region =CHI', '', ' Issue=Operational', ' Degraded KPI=TASR,TCH_Cong,SD_Cong', ' TCH Availability=20, SD_Cong=9', '36, SD_Drop Rate=', '55, TASR=22', '44, CDR=1', '99, TCH Cong=70', '08, Traffic=4', '36, No of Call Drop=3, No of SD Drop=14', ' Degraded Index=Accessibility', ' As of 30-MAY-21']",2G,"TASR,TCH_Cong,SD_Cong"
Assigned,"['Cell KPI Degraded', ' Cell=Ctttt', 'Site =CXtttt', ' BSC =CBttt', ' Vendor =Ericsson', ' Region =CHI', '', ' Issue=Quality', ' Degraded KPI=TASR,SD_Drop', ' TCH Availability=99', '91, SD_Cong=0, SD_Drop Rate=2', '98, TASR=92', '56, CDR=2', '23, TCH Cong=0, Traffic=49', '53, No of Call Drop=56, No of SD Drop=211', ' Degraded Index=Accessibility', ' As of 09-JUN-21']",2G,"TASR,SD_Drop"
Assigned,"['SCell KPI Degraded', ' Cell=Ctttt', 'Site =CXtttt', ' BSC =CBttt', ' Vendor =Ericsson', ' Region =CHI', ' Degraded KPI = TASR,SDDR', ' TCH Assignment SR (%) =1', '5, Call Drop Rate (%)  =0, TCH Congestion (%)  =0, SDCCH Drop Rate (%)  =27', '75, SDCCH Congestion (%)  =0, as of 08-Jun 16:00']",2G,"TASR,SDDR"
Assigned,"['Cell KPI Degraded', ' Cell=Ctttt', 'Site =CXtttt', ' BSC =CBttt', ' Vendor =Ericsson', ' Region =CHI', ' Issue=Quality', ' Degraded KPI = SD_Drop', ' TCH Availability=102', '24, SD_Cong=0, SD_Drop Rate=2', '08, TASR=97', '43, CDR=', '73, TCH Cong=0, Traffic=15', '49, No of Call Drop=5, No of SD Drop=46', ' Degraded Index=Accessibility', ' As of 09-JUN-21']",2G,SD_Drop
Assigned,"['Cell KPI Degraded', ' Cell=Ctttt', 'Site =CXtttt', ' BSC =CBttt', ' Vendor =Ericsson', ' Region =CHI', ' Issue=Quality', ' Degraded KPI=SD_Drop', ' TCH Availability=99', '98, SD_Cong=', '38, SD_Drop Rate=2', '06, TASR=93', '07, CDR=', '7, TCH Cong=0, Traffic=22', '93, No of Call Drop=6, No of SD Drop=101', ' Degraded Index=Accessibility', ' As of 09-JUN-21']",2G,SD_Drop
Assigned,"['Cell KPI Degraded', ' Cell=Ctttt', 'Site =CXtttt', ' BSC =CBttt', ' Vendor =Ericsson', ' Region =CHI', ' Degraded KPI = TCH_Cong', ' TCH Assignment SR (%) =24', '6, Call Drop Rate (%)  =1', '78, TCH Congestion (%)  =68', '9, SDCCH Drop Rate (%)  =2', '11, SDCCH Congestion (%)  =33', '83, as of 10-Jun 16:00']",2G,TCH_Cong
